<?xml version="1.0" encoding="UTF-8"?>
<gpx creator="StravaGPX" version="1.1" xmlns="http://www.topografix.com/GPX/1/1" xmlns:xsi="http://www.w3.org/2001/XMLSchema-instance" xsi:schemaLocation="http://www.topografix.com/GPX/1/1 http://www.topografix.com/GPX/1/1/gpx.xsd">
 <metadata>
  <time>2026-05-25T15:19:19Z</time>
 </metadata>
 <trk>
  <name>Kończyce i okolica</name>
  <type>cycling</type>
  <trkseg>
   <trkpt lat="49.8576580" lon="18.6293420">
    <ele>243.2</ele>
    <time>2026-05-25T15:19:19Z</time>
   </trkpt>
   <trkpt lat="49.8576580" lon="18.6293420">
    <ele>243.2</ele>
    <time>2026-05-25T15:19:20Z</time>
   </trkpt>
   <trkpt lat="49.8576580" lon="18.6293420">
    <ele>243.4</ele>
    <time>2026-05-25T15:19:21Z</time>
   </trkpt>
   <trkpt lat="49.8577110" lon="18.6295120">
    <ele>243.6</ele>
    <time>2026-05-25T15:19:26Z</time>
   </trkpt>
   <trkpt lat="49.8577690" lon="18.6294890">
    <ele>243.6</ele>
    <time>2026-05-25T15:19:28Z</time>
   </trkpt>
   <trkpt lat="49.8578320" lon="18.6295320">
    <ele>243.6</ele>
    <time>2026-05-25T15:19:30Z</time>
   </trkpt>
   <trkpt lat="49.8578780" lon="18.6296130">
    <ele>243.6</ele>
    <time>2026-05-25T15:19:34Z</time>
   </trkpt>
   <trkpt lat="49.8579040" lon="18.6296180">
    <ele>243.4</ele>
    <time>2026-05-25T15:19:35Z</time>
   </trkpt>
   <trkpt lat="49.8579280" lon="18.6296140">
    <ele>243.4</ele>
    <time>2026-05-25T15:19:36Z</time>
   </trkpt>
   <trkpt lat="49.8580650" lon="18.6295630">
    <ele>242.4</ele>
    <time>2026-05-25T15:19:39Z</time>
   </trkpt>
   <trkpt lat="49.8581130" lon="18.6295450">
    <ele>242.4</ele>
    <time>2026-05-25T15:19:40Z</time>
   </trkpt>
   <trkpt lat="49.8581890" lon="18.6295100">
    <ele>242.0</ele>
    <time>2026-05-25T15:19:42Z</time>
   </trkpt>
   <trkpt lat="49.8582600" lon="18.6294810">
    <ele>242.0</ele>
    <time>2026-05-25T15:19:44Z</time>
   </trkpt>
   <trkpt lat="49.8586400" lon="18.6293590">
    <ele>242.0</ele>
    <time>2026-05-25T15:19:53Z</time>
   </trkpt>
   <trkpt lat="49.8586750" lon="18.6293320">
    <ele>242.0</ele>
    <time>2026-05-25T15:19:54Z</time>
   </trkpt>
   <trkpt lat="49.8587020" lon="18.6292850">
    <ele>242.0</ele>
    <time>2026-05-25T15:19:55Z</time>
   </trkpt>
   <trkpt lat="49.8587120" lon="18.6292330">
    <ele>242.0</ele>
    <time>2026-05-25T15:19:56Z</time>
   </trkpt>
   <trkpt lat="49.8587410" lon="18.6290330">
    <ele>241.8</ele>
    <time>2026-05-25T15:20:00Z</time>
   </trkpt>
   <trkpt lat="49.8587150" lon="18.6289090">
    <ele>242.0</ele>
    <time>2026-05-25T15:20:02Z</time>
   </trkpt>
   <trkpt lat="49.8586570" lon="18.6286240">
    <ele>242.2</ele>
    <time>2026-05-25T15:20:07Z</time>
   </trkpt>
   <trkpt lat="49.8586120" lon="18.6283990">
    <ele>243.6</ele>
    <time>2026-05-25T15:20:11Z</time>
   </trkpt>
   <trkpt lat="49.8585830" lon="18.6282800">
    <ele>245.0</ele>
    <time>2026-05-25T15:20:13Z</time>
   </trkpt>
   <trkpt lat="49.8585720" lon="18.6282260">
    <ele>245.0</ele>
    <time>2026-05-25T15:20:14Z</time>
   </trkpt>
   <trkpt lat="49.8585280" lon="18.6280280">
    <ele>246.2</ele>
    <time>2026-05-25T15:20:19Z</time>
   </trkpt>
   <trkpt lat="49.8584630" lon="18.6277770">
    <ele>247.2</ele>
    <time>2026-05-25T15:20:26Z</time>
   </trkpt>
   <trkpt lat="49.8584540" lon="18.6277470">
    <ele>247.4</ele>
    <time>2026-05-25T15:20:27Z</time>
   </trkpt>
   <trkpt lat="49.8584380" lon="18.6276600">
    <ele>248.0</ele>
    <time>2026-05-25T15:20:30Z</time>
   </trkpt>
   <trkpt lat="49.8584300" lon="18.6276290">
    <ele>248.4</ele>
    <time>2026-05-25T15:20:31Z</time>
   </trkpt>
   <trkpt lat="49.8584120" lon="18.6275610">
    <ele>249.0</ele>
    <time>2026-05-25T15:20:33Z</time>
   </trkpt>
   <trkpt lat="49.8583860" lon="18.6274640">
    <ele>249.4</ele>
    <time>2026-05-25T15:20:36Z</time>
   </trkpt>
   <trkpt lat="49.8583760" lon="18.6274290">
    <ele>249.4</ele>
    <time>2026-05-25T15:20:37Z</time>
   </trkpt>
   <trkpt lat="49.8583310" lon="18.6272520">
    <ele>250.6</ele>
    <time>2026-05-25T15:20:42Z</time>
   </trkpt>
   <trkpt lat="49.8583240" lon="18.6272180">
    <ele>250.8</ele>
    <time>2026-05-25T15:20:43Z</time>
   </trkpt>
   <trkpt lat="49.8582380" lon="18.6268640">
    <ele>251.2</ele>
    <time>2026-05-25T15:20:52Z</time>
   </trkpt>
   <trkpt lat="49.8582050" lon="18.6267270">
    <ele>251.4</ele>
    <time>2026-05-25T15:20:55Z</time>
   </trkpt>
   <trkpt lat="49.8581900" lon="18.6266310">
    <ele>251.6</ele>
    <time>2026-05-25T15:20:57Z</time>
   </trkpt>
   <trkpt lat="49.8581740" lon="18.6265800">
    <ele>251.6</ele>
    <time>2026-05-25T15:20:58Z</time>
   </trkpt>
   <trkpt lat="49.8581100" lon="18.6263350">
    <ele>251.8</ele>
    <time>2026-05-25T15:21:03Z</time>
   </trkpt>
   <trkpt lat="49.8580870" lon="18.6262430">
    <ele>252.0</ele>
    <time>2026-05-25T15:21:05Z</time>
   </trkpt>
   <trkpt lat="49.8580580" lon="18.6261230">
    <ele>252.8</ele>
    <time>2026-05-25T15:21:08Z</time>
   </trkpt>
   <trkpt lat="49.8580420" lon="18.6260570">
    <ele>253.0</ele>
    <time>2026-05-25T15:21:10Z</time>
   </trkpt>
   <trkpt lat="49.8580340" lon="18.6260240">
    <ele>253.6</ele>
    <time>2026-05-25T15:21:11Z</time>
   </trkpt>
   <trkpt lat="49.8580250" lon="18.6259920">
    <ele>253.8</ele>
    <time>2026-05-25T15:21:12Z</time>
   </trkpt>
   <trkpt lat="49.8580050" lon="18.6259230">
    <ele>254.4</ele>
    <time>2026-05-25T15:21:15Z</time>
   </trkpt>
   <trkpt lat="49.8579830" lon="18.6257720">
    <ele>255.0</ele>
    <time>2026-05-25T15:21:20Z</time>
   </trkpt>
   <trkpt lat="49.8579760" lon="18.6257450">
    <ele>255.0</ele>
    <time>2026-05-25T15:21:21Z</time>
   </trkpt>
   <trkpt lat="49.8579330" lon="18.6255820">
    <ele>255.6</ele>
    <time>2026-05-25T15:21:27Z</time>
   </trkpt>
   <trkpt lat="49.8579140" lon="18.6255010">
    <ele>256.0</ele>
    <time>2026-05-25T15:21:30Z</time>
   </trkpt>
   <trkpt lat="49.8578530" lon="18.6252760">
    <ele>256.8</ele>
    <time>2026-05-25T15:21:39Z</time>
   </trkpt>
   <trkpt lat="49.8578330" lon="18.6251760">
    <ele>257.0</ele>
    <time>2026-05-25T15:21:43Z</time>
   </trkpt>
   <trkpt lat="49.8577960" lon="18.6250270">
    <ele>257.6</ele>
    <time>2026-05-25T15:21:49Z</time>
   </trkpt>
   <trkpt lat="49.8577720" lon="18.6249230">
    <ele>257.8</ele>
    <time>2026-05-25T15:21:53Z</time>
   </trkpt>
   <trkpt lat="49.8577360" lon="18.6247830">
    <ele>258.2</ele>
    <time>2026-05-25T15:21:59Z</time>
   </trkpt>
   <trkpt lat="49.8576690" lon="18.6245320">
    <ele>259.0</ele>
    <time>2026-05-25T15:22:09Z</time>
   </trkpt>
   <trkpt lat="49.8576620" lon="18.6245050">
    <ele>259.2</ele>
    <time>2026-05-25T15:22:10Z</time>
   </trkpt>
   <trkpt lat="49.8576090" lon="18.6242900">
    <ele>260.0</ele>
    <time>2026-05-25T15:22:18Z</time>
   </trkpt>
   <trkpt lat="49.8575890" lon="18.6241820">
    <ele>260.2</ele>
    <time>2026-05-25T15:22:22Z</time>
   </trkpt>
   <trkpt lat="49.8575660" lon="18.6240820">
    <ele>260.6</ele>
    <time>2026-05-25T15:22:26Z</time>
   </trkpt>
   <trkpt lat="49.8575340" lon="18.6239280">
    <ele>261.2</ele>
    <time>2026-05-25T15:22:32Z</time>
   </trkpt>
   <trkpt lat="49.8575110" lon="18.6238050">
    <ele>261.6</ele>
    <time>2026-05-25T15:22:37Z</time>
   </trkpt>
   <trkpt lat="49.8574710" lon="18.6236170">
    <ele>262.4</ele>
    <time>2026-05-25T15:22:45Z</time>
   </trkpt>
   <trkpt lat="49.8574650" lon="18.6235730">
    <ele>262.6</ele>
    <time>2026-05-25T15:22:47Z</time>
   </trkpt>
   <trkpt lat="49.8574350" lon="18.6234510">
    <ele>263.2</ele>
    <time>2026-05-25T15:22:52Z</time>
   </trkpt>
   <trkpt lat="49.8574070" lon="18.6233320">
    <ele>263.6</ele>
    <time>2026-05-25T15:22:57Z</time>
   </trkpt>
   <trkpt lat="49.8574020" lon="18.6233090">
    <ele>263.6</ele>
    <time>2026-05-25T15:22:58Z</time>
   </trkpt>
   <trkpt lat="49.8573460" lon="18.6230140">
    <ele>264.4</ele>
    <time>2026-05-25T15:23:10Z</time>
   </trkpt>
   <trkpt lat="49.8573410" lon="18.6229940">
    <ele>264.6</ele>
    <time>2026-05-25T15:23:11Z</time>
   </trkpt>
   <trkpt lat="49.8573000" lon="18.6227850">
    <ele>265.4</ele>
    <time>2026-05-25T15:23:20Z</time>
   </trkpt>
   <trkpt lat="49.8572700" lon="18.6226250">
    <ele>265.6</ele>
    <time>2026-05-25T15:23:26Z</time>
   </trkpt>
   <trkpt lat="49.8572500" lon="18.6225000">
    <ele>265.6</ele>
    <time>2026-05-25T15:23:31Z</time>
   </trkpt>
   <trkpt lat="49.8572340" lon="18.6223680">
    <ele>266.2</ele>
    <time>2026-05-25T15:23:35Z</time>
   </trkpt>
   <trkpt lat="49.8572120" lon="18.6222730">
    <ele>266.6</ele>
    <time>2026-05-25T15:23:38Z</time>
   </trkpt>
   <trkpt lat="49.8571890" lon="18.6221390">
    <ele>266.6</ele>
    <time>2026-05-25T15:23:42Z</time>
   </trkpt>
   <trkpt lat="49.8571520" lon="18.6218700">
    <ele>266.8</ele>
    <time>2026-05-25T15:23:51Z</time>
   </trkpt>
   <trkpt lat="49.8571280" lon="18.6216940">
    <ele>267.6</ele>
    <time>2026-05-25T15:23:58Z</time>
   </trkpt>
   <trkpt lat="49.8571260" lon="18.6216700">
    <ele>267.6</ele>
    <time>2026-05-25T15:23:59Z</time>
   </trkpt>
   <trkpt lat="49.8571220" lon="18.6216450">
    <ele>267.6</ele>
    <time>2026-05-25T15:24:00Z</time>
   </trkpt>
   <trkpt lat="49.8570910" lon="18.6214510">
    <ele>268.6</ele>
    <time>2026-05-25T15:24:08Z</time>
   </trkpt>
   <trkpt lat="49.8570900" lon="18.6214270">
    <ele>268.6</ele>
    <time>2026-05-25T15:24:09Z</time>
   </trkpt>
   <trkpt lat="49.8570860" lon="18.6214020">
    <ele>268.6</ele>
    <time>2026-05-25T15:24:10Z</time>
   </trkpt>
   <trkpt lat="49.8570510" lon="18.6212310">
    <ele>268.8</ele>
    <time>2026-05-25T15:24:17Z</time>
   </trkpt>
   <trkpt lat="49.8570420" lon="18.6211550">
    <ele>269.0</ele>
    <time>2026-05-25T15:24:20Z</time>
   </trkpt>
   <trkpt lat="49.8570270" lon="18.6210880">
    <ele>269.2</ele>
    <time>2026-05-25T15:24:23Z</time>
   </trkpt>
   <trkpt lat="49.8570010" lon="18.6208890">
    <ele>269.4</ele>
    <time>2026-05-25T15:24:31Z</time>
   </trkpt>
   <trkpt lat="49.8569950" lon="18.6208390">
    <ele>269.4</ele>
    <time>2026-05-25T15:24:33Z</time>
   </trkpt>
   <trkpt lat="49.8569710" lon="18.6206690">
    <ele>269.6</ele>
    <time>2026-05-25T15:24:39Z</time>
   </trkpt>
   <trkpt lat="49.8569600" lon="18.6206140">
    <ele>269.6</ele>
    <time>2026-05-25T15:24:41Z</time>
   </trkpt>
   <trkpt lat="49.8569470" lon="18.6205310">
    <ele>269.8</ele>
    <time>2026-05-25T15:24:44Z</time>
   </trkpt>
   <trkpt lat="49.8569360" lon="18.6204770">
    <ele>269.8</ele>
    <time>2026-05-25T15:24:46Z</time>
   </trkpt>
   <trkpt lat="49.8569040" lon="18.6202800">
    <ele>270.0</ele>
    <time>2026-05-25T15:24:53Z</time>
   </trkpt>
   <trkpt lat="49.8568550" lon="18.6199350">
    <ele>270.6</ele>
    <time>2026-05-25T15:25:05Z</time>
   </trkpt>
   <trkpt lat="49.8568440" lon="18.6198750">
    <ele>270.6</ele>
    <time>2026-05-25T15:25:07Z</time>
   </trkpt>
   <trkpt lat="49.8568150" lon="18.6196290">
    <ele>271.0</ele>
    <time>2026-05-25T15:25:15Z</time>
   </trkpt>
   <trkpt lat="49.8568100" lon="18.6195960">
    <ele>271.2</ele>
    <time>2026-05-25T15:25:16Z</time>
   </trkpt>
   <trkpt lat="49.8567580" lon="18.6192630">
    <ele>271.4</ele>
    <time>2026-05-25T15:25:27Z</time>
   </trkpt>
   <trkpt lat="49.8567400" lon="18.6191140">
    <ele>271.6</ele>
    <time>2026-05-25T15:25:32Z</time>
   </trkpt>
   <trkpt lat="49.8566990" lon="18.6188440">
    <ele>272.2</ele>
    <time>2026-05-25T15:25:41Z</time>
   </trkpt>
   <trkpt lat="49.8566820" lon="18.6187280">
    <ele>272.4</ele>
    <time>2026-05-25T15:25:45Z</time>
   </trkpt>
   <trkpt lat="49.8566580" lon="18.6186110">
    <ele>272.4</ele>
    <time>2026-05-25T15:25:49Z</time>
   </trkpt>
   <trkpt lat="49.8566550" lon="18.6185830">
    <ele>272.4</ele>
    <time>2026-05-25T15:25:50Z</time>
   </trkpt>
   <trkpt lat="49.8566350" lon="18.6184480">
    <ele>272.6</ele>
    <time>2026-05-25T15:25:55Z</time>
   </trkpt>
   <trkpt lat="49.8566250" lon="18.6183940">
    <ele>272.6</ele>
    <time>2026-05-25T15:25:57Z</time>
   </trkpt>
   <trkpt lat="49.8566100" lon="18.6183050">
    <ele>272.8</ele>
    <time>2026-05-25T15:26:00Z</time>
   </trkpt>
   <trkpt lat="49.8565580" lon="18.6180210">
    <ele>273.0</ele>
    <time>2026-05-25T15:26:10Z</time>
   </trkpt>
   <trkpt lat="49.8564950" lon="18.6177290">
    <ele>273.2</ele>
    <time>2026-05-25T15:26:20Z</time>
   </trkpt>
   <trkpt lat="49.8564600" lon="18.6175950">
    <ele>273.6</ele>
    <time>2026-05-25T15:26:25Z</time>
   </trkpt>
   <trkpt lat="49.8564300" lon="18.6174830">
    <ele>274.0</ele>
    <time>2026-05-25T15:26:29Z</time>
   </trkpt>
   <trkpt lat="49.8563440" lon="18.6172000">
    <ele>274.2</ele>
    <time>2026-05-25T15:26:39Z</time>
   </trkpt>
   <trkpt lat="49.8562720" lon="18.6169650">
    <ele>274.2</ele>
    <time>2026-05-25T15:26:48Z</time>
   </trkpt>
   <trkpt lat="49.8562550" lon="18.6169070">
    <ele>274.2</ele>
    <time>2026-05-25T15:26:50Z</time>
   </trkpt>
   <trkpt lat="49.8561750" lon="18.6166050">
    <ele>274.2</ele>
    <time>2026-05-25T15:27:01Z</time>
   </trkpt>
   <trkpt lat="49.8560960" lon="18.6163250">
    <ele>274.2</ele>
    <time>2026-05-25T15:27:11Z</time>
   </trkpt>
   <trkpt lat="49.8560310" lon="18.6160210">
    <ele>274.4</ele>
    <time>2026-05-25T15:27:21Z</time>
   </trkpt>
   <trkpt lat="49.8560090" lon="18.6157440">
    <ele>274.4</ele>
    <time>2026-05-25T15:27:30Z</time>
   </trkpt>
   <trkpt lat="49.8560050" lon="18.6155660">
    <ele>274.8</ele>
    <time>2026-05-25T15:27:36Z</time>
   </trkpt>
   <trkpt lat="49.8560030" lon="18.6154760">
    <ele>275.0</ele>
    <time>2026-05-25T15:27:39Z</time>
   </trkpt>
   <trkpt lat="49.8560140" lon="18.6153050">
    <ele>274.8</ele>
    <time>2026-05-25T15:27:45Z</time>
   </trkpt>
   <trkpt lat="49.8560250" lon="18.6151100">
    <ele>274.8</ele>
    <time>2026-05-25T15:27:52Z</time>
   </trkpt>
   <trkpt lat="49.8560300" lon="18.6149380">
    <ele>275.2</ele>
    <time>2026-05-25T15:27:58Z</time>
   </trkpt>
   <trkpt lat="49.8560330" lon="18.6148280">
    <ele>275.6</ele>
    <time>2026-05-25T15:28:02Z</time>
   </trkpt>
   <trkpt lat="49.8560460" lon="18.6147210">
    <ele>275.8</ele>
    <time>2026-05-25T15:28:06Z</time>
   </trkpt>
   <trkpt lat="49.8560520" lon="18.6146410">
    <ele>275.6</ele>
    <time>2026-05-25T15:28:09Z</time>
   </trkpt>
   <trkpt lat="49.8560540" lon="18.6145920">
    <ele>275.8</ele>
    <time>2026-05-25T15:28:11Z</time>
   </trkpt>
   <trkpt lat="49.8560750" lon="18.6143420">
    <ele>276.2</ele>
    <time>2026-05-25T15:28:20Z</time>
   </trkpt>
   <trkpt lat="49.8560810" lon="18.6143250">
    <ele>276.2</ele>
    <time>2026-05-25T15:28:21Z</time>
   </trkpt>
   <trkpt lat="49.8560910" lon="18.6142810">
    <ele>276.2</ele>
    <time>2026-05-25T15:28:23Z</time>
   </trkpt>
   <trkpt lat="49.8561010" lon="18.6141540">
    <ele>276.4</ele>
    <time>2026-05-25T15:28:27Z</time>
   </trkpt>
   <trkpt lat="49.8561080" lon="18.6140620">
    <ele>276.4</ele>
    <time>2026-05-25T15:28:30Z</time>
   </trkpt>
   <trkpt lat="49.8561290" lon="18.6138540">
    <ele>276.6</ele>
    <time>2026-05-25T15:28:37Z</time>
   </trkpt>
   <trkpt lat="49.8561390" lon="18.6137050">
    <ele>276.8</ele>
    <time>2026-05-25T15:28:42Z</time>
   </trkpt>
   <trkpt lat="49.8561530" lon="18.6135900">
    <ele>276.8</ele>
    <time>2026-05-25T15:28:46Z</time>
   </trkpt>
   <trkpt lat="49.8561660" lon="18.6135120">
    <ele>277.0</ele>
    <time>2026-05-25T15:28:49Z</time>
   </trkpt>
   <trkpt lat="49.8561860" lon="18.6133460">
    <ele>277.6</ele>
    <time>2026-05-25T15:28:55Z</time>
   </trkpt>
   <trkpt lat="49.8562020" lon="18.6132730">
    <ele>277.8</ele>
    <time>2026-05-25T15:28:58Z</time>
   </trkpt>
   <trkpt lat="49.8562240" lon="18.6131210">
    <ele>278.4</ele>
    <time>2026-05-25T15:29:04Z</time>
   </trkpt>
   <trkpt lat="49.8562350" lon="18.6130450">
    <ele>279.0</ele>
    <time>2026-05-25T15:29:07Z</time>
   </trkpt>
   <trkpt lat="49.8562340" lon="18.6130050">
    <ele>279.2</ele>
    <time>2026-05-25T15:29:09Z</time>
   </trkpt>
   <trkpt lat="49.8562360" lon="18.6129630">
    <ele>279.2</ele>
    <time>2026-05-25T15:29:11Z</time>
   </trkpt>
   <trkpt lat="49.8562470" lon="18.6128930">
    <ele>279.4</ele>
    <time>2026-05-25T15:29:14Z</time>
   </trkpt>
   <trkpt lat="49.8562650" lon="18.6128280">
    <ele>279.6</ele>
    <time>2026-05-25T15:29:17Z</time>
   </trkpt>
   <trkpt lat="49.8562910" lon="18.6127550">
    <ele>279.6</ele>
    <time>2026-05-25T15:29:21Z</time>
   </trkpt>
   <trkpt lat="49.8563110" lon="18.6126750">
    <ele>279.8</ele>
    <time>2026-05-25T15:29:25Z</time>
   </trkpt>
   <trkpt lat="49.8563270" lon="18.6125990">
    <ele>280.0</ele>
    <time>2026-05-25T15:29:28Z</time>
   </trkpt>
   <trkpt lat="49.8563690" lon="18.6124370">
    <ele>280.0</ele>
    <time>2026-05-25T15:29:35Z</time>
   </trkpt>
   <trkpt lat="49.8563830" lon="18.6123890">
    <ele>280.0</ele>
    <time>2026-05-25T15:29:37Z</time>
   </trkpt>
   <trkpt lat="49.8563930" lon="18.6123530">
    <ele>280.0</ele>
    <time>2026-05-25T15:29:39Z</time>
   </trkpt>
   <trkpt lat="49.8564210" lon="18.6122390">
    <ele>280.8</ele>
    <time>2026-05-25T15:29:44Z</time>
   </trkpt>
   <trkpt lat="49.8564510" lon="18.6121140">
    <ele>281.2</ele>
    <time>2026-05-25T15:29:50Z</time>
   </trkpt>
   <trkpt lat="49.8564690" lon="18.6120510">
    <ele>281.4</ele>
    <time>2026-05-25T15:29:53Z</time>
   </trkpt>
   <trkpt lat="49.8564650" lon="18.6119950">
    <ele>281.6</ele>
    <time>2026-05-25T15:29:55Z</time>
   </trkpt>
   <trkpt lat="49.8565080" lon="18.6118070">
    <ele>281.8</ele>
    <time>2026-05-25T15:30:02Z</time>
   </trkpt>
   <trkpt lat="49.8565550" lon="18.6117110">
    <ele>282.4</ele>
    <time>2026-05-25T15:30:07Z</time>
   </trkpt>
   <trkpt lat="49.8565610" lon="18.6116870">
    <ele>282.4</ele>
    <time>2026-05-25T15:30:08Z</time>
   </trkpt>
   <trkpt lat="49.8565920" lon="18.6115750">
    <ele>282.6</ele>
    <time>2026-05-25T15:30:13Z</time>
   </trkpt>
   <trkpt lat="49.8566160" lon="18.6114890">
    <ele>282.8</ele>
    <time>2026-05-25T15:30:17Z</time>
   </trkpt>
   <trkpt lat="49.8566440" lon="18.6113950">
    <ele>283.4</ele>
    <time>2026-05-25T15:30:21Z</time>
   </trkpt>
   <trkpt lat="49.8566560" lon="18.6113390">
    <ele>283.6</ele>
    <time>2026-05-25T15:30:24Z</time>
   </trkpt>
   <trkpt lat="49.8566910" lon="18.6111960">
    <ele>284.4</ele>
    <time>2026-05-25T15:30:32Z</time>
   </trkpt>
   <trkpt lat="49.8567240" lon="18.6110650">
    <ele>285.0</ele>
    <time>2026-05-25T15:30:39Z</time>
   </trkpt>
   <trkpt lat="49.8567350" lon="18.6110120">
    <ele>285.6</ele>
    <time>2026-05-25T15:30:42Z</time>
   </trkpt>
   <trkpt lat="49.8567430" lon="18.6109750">
    <ele>285.8</ele>
    <time>2026-05-25T15:30:44Z</time>
   </trkpt>
   <trkpt lat="49.8567720" lon="18.6108460">
    <ele>286.4</ele>
    <time>2026-05-25T15:30:52Z</time>
   </trkpt>
   <trkpt lat="49.8567750" lon="18.6108290">
    <ele>286.8</ele>
    <time>2026-05-25T15:30:53Z</time>
   </trkpt>
   <trkpt lat="49.8567990" lon="18.6107830">
    <ele>287.0</ele>
    <time>2026-05-25T15:30:56Z</time>
   </trkpt>
   <trkpt lat="49.8568210" lon="18.6107610">
    <ele>287.4</ele>
    <time>2026-05-25T15:30:58Z</time>
   </trkpt>
   <trkpt lat="49.8568250" lon="18.6107460">
    <ele>287.8</ele>
    <time>2026-05-25T15:30:59Z</time>
   </trkpt>
   <trkpt lat="49.8568270" lon="18.6106520">
    <ele>288.2</ele>
    <time>2026-05-25T15:31:04Z</time>
   </trkpt>
   <trkpt lat="49.8568380" lon="18.6106180">
    <ele>288.4</ele>
    <time>2026-05-25T15:31:06Z</time>
   </trkpt>
   <trkpt lat="49.8568590" lon="18.6105540">
    <ele>288.6</ele>
    <time>2026-05-25T15:31:10Z</time>
   </trkpt>
   <trkpt lat="49.8568700" lon="18.6105190">
    <ele>288.8</ele>
    <time>2026-05-25T15:31:12Z</time>
   </trkpt>
   <trkpt lat="49.8568810" lon="18.6104570">
    <ele>288.8</ele>
    <time>2026-05-25T15:31:15Z</time>
   </trkpt>
   <trkpt lat="49.8568880" lon="18.6104220">
    <ele>289.0</ele>
    <time>2026-05-25T15:31:17Z</time>
   </trkpt>
   <trkpt lat="49.8569090" lon="18.6102970">
    <ele>289.4</ele>
    <time>2026-05-25T15:31:24Z</time>
   </trkpt>
   <trkpt lat="49.8569500" lon="18.6100850">
    <ele>289.8</ele>
    <time>2026-05-25T15:31:35Z</time>
   </trkpt>
   <trkpt lat="49.8569730" lon="18.6099650">
    <ele>289.8</ele>
    <time>2026-05-25T15:31:41Z</time>
   </trkpt>
   <trkpt lat="49.8569860" lon="18.6099100">
    <ele>289.8</ele>
    <time>2026-05-25T15:31:44Z</time>
   </trkpt>
   <trkpt lat="49.8569940" lon="18.6098700">
    <ele>289.8</ele>
    <time>2026-05-25T15:31:46Z</time>
   </trkpt>
   <trkpt lat="49.8570050" lon="18.6098170">
    <ele>289.8</ele>
    <time>2026-05-25T15:31:49Z</time>
   </trkpt>
   <trkpt lat="49.8570080" lon="18.6097970">
    <ele>289.8</ele>
    <time>2026-05-25T15:31:50Z</time>
   </trkpt>
   <trkpt lat="49.8570380" lon="18.6096180">
    <ele>290.0</ele>
    <time>2026-05-25T15:31:57Z</time>
   </trkpt>
   <trkpt lat="49.8570540" lon="18.6094760">
    <ele>289.6</ele>
    <time>2026-05-25T15:32:01Z</time>
   </trkpt>
   <trkpt lat="49.8570660" lon="18.6093370">
    <ele>289.4</ele>
    <time>2026-05-25T15:32:04Z</time>
   </trkpt>
   <trkpt lat="49.8570640" lon="18.6089160">
    <ele>288.6</ele>
    <time>2026-05-25T15:32:11Z</time>
   </trkpt>
   <trkpt lat="49.8570260" lon="18.6085680">
    <ele>287.8</ele>
    <time>2026-05-25T15:32:16Z</time>
   </trkpt>
   <trkpt lat="49.8570050" lon="18.6084290">
    <ele>287.6</ele>
    <time>2026-05-25T15:32:18Z</time>
   </trkpt>
   <trkpt lat="49.8569840" lon="18.6082870">
    <ele>287.2</ele>
    <time>2026-05-25T15:32:20Z</time>
   </trkpt>
   <trkpt lat="49.8569750" lon="18.6082170">
    <ele>287.2</ele>
    <time>2026-05-25T15:32:21Z</time>
   </trkpt>
   <trkpt lat="49.8569390" lon="18.6080120">
    <ele>286.6</ele>
    <time>2026-05-25T15:32:24Z</time>
   </trkpt>
   <trkpt lat="49.8569080" lon="18.6078160">
    <ele>285.6</ele>
    <time>2026-05-25T15:32:27Z</time>
   </trkpt>
   <trkpt lat="49.8568970" lon="18.6077500">
    <ele>285.4</ele>
    <time>2026-05-25T15:32:28Z</time>
   </trkpt>
   <trkpt lat="49.8568000" lon="18.6071250">
    <ele>286.2</ele>
    <time>2026-05-25T15:32:38Z</time>
   </trkpt>
   <trkpt lat="49.8567780" lon="18.6070090">
    <ele>286.6</ele>
    <time>2026-05-25T15:32:40Z</time>
   </trkpt>
   <trkpt lat="49.8567020" lon="18.6066100">
    <ele>286.2</ele>
    <time>2026-05-25T15:32:47Z</time>
   </trkpt>
   <trkpt lat="49.8565990" lon="18.6061080">
    <ele>286.4</ele>
    <time>2026-05-25T15:32:56Z</time>
   </trkpt>
   <trkpt lat="49.8565730" lon="18.6060030">
    <ele>286.8</ele>
    <time>2026-05-25T15:32:58Z</time>
   </trkpt>
   <trkpt lat="49.8565010" lon="18.6057120">
    <ele>287.8</ele>
    <time>2026-05-25T15:33:04Z</time>
   </trkpt>
   <trkpt lat="49.8564830" lon="18.6056680">
    <ele>287.8</ele>
    <time>2026-05-25T15:33:05Z</time>
   </trkpt>
   <trkpt lat="49.8563490" lon="18.6053300">
    <ele>288.8</ele>
    <time>2026-05-25T15:33:14Z</time>
   </trkpt>
   <trkpt lat="49.8563380" lon="18.6053050">
    <ele>288.8</ele>
    <time>2026-05-25T15:33:15Z</time>
   </trkpt>
   <trkpt lat="49.8562920" lon="18.6051870">
    <ele>289.8</ele>
    <time>2026-05-25T15:33:20Z</time>
   </trkpt>
   <trkpt lat="49.8562800" lon="18.6051510">
    <ele>290.0</ele>
    <time>2026-05-25T15:33:22Z</time>
   </trkpt>
   <trkpt lat="49.8562470" lon="18.6050560">
    <ele>290.6</ele>
    <time>2026-05-25T15:33:27Z</time>
   </trkpt>
   <trkpt lat="49.8562310" lon="18.6050200">
    <ele>290.8</ele>
    <time>2026-05-25T15:33:29Z</time>
   </trkpt>
   <trkpt lat="49.8562220" lon="18.6050040">
    <ele>291.0</ele>
    <time>2026-05-25T15:33:30Z</time>
   </trkpt>
   <trkpt lat="49.8562070" lon="18.6049730">
    <ele>291.0</ele>
    <time>2026-05-25T15:33:32Z</time>
   </trkpt>
   <trkpt lat="49.8561870" lon="18.6049190">
    <ele>291.4</ele>
    <time>2026-05-25T15:33:35Z</time>
   </trkpt>
   <trkpt lat="49.8561460" lon="18.6048040">
    <ele>292.0</ele>
    <time>2026-05-25T15:33:41Z</time>
   </trkpt>
   <trkpt lat="49.8561390" lon="18.6047840">
    <ele>292.0</ele>
    <time>2026-05-25T15:33:42Z</time>
   </trkpt>
   <trkpt lat="49.8560660" lon="18.6045730">
    <ele>293.0</ele>
    <time>2026-05-25T15:33:53Z</time>
   </trkpt>
   <trkpt lat="49.8560590" lon="18.6045560">
    <ele>293.0</ele>
    <time>2026-05-25T15:33:54Z</time>
   </trkpt>
   <trkpt lat="49.8559960" lon="18.6043910">
    <ele>293.6</ele>
    <time>2026-05-25T15:34:03Z</time>
   </trkpt>
   <trkpt lat="49.8559830" lon="18.6043540">
    <ele>294.0</ele>
    <time>2026-05-25T15:34:05Z</time>
   </trkpt>
   <trkpt lat="49.8559780" lon="18.6043340">
    <ele>294.0</ele>
    <time>2026-05-25T15:34:06Z</time>
   </trkpt>
   <trkpt lat="49.8559600" lon="18.6042750">
    <ele>294.2</ele>
    <time>2026-05-25T15:34:09Z</time>
   </trkpt>
   <trkpt lat="49.8559280" lon="18.6041540">
    <ele>294.8</ele>
    <time>2026-05-25T15:34:15Z</time>
   </trkpt>
   <trkpt lat="49.8558970" lon="18.6040600">
    <ele>295.2</ele>
    <time>2026-05-25T15:34:20Z</time>
   </trkpt>
   <trkpt lat="49.8558760" lon="18.6039820">
    <ele>295.2</ele>
    <time>2026-05-25T15:34:24Z</time>
   </trkpt>
   <trkpt lat="49.8558170" lon="18.6037430">
    <ele>295.8</ele>
    <time>2026-05-25T15:34:35Z</time>
   </trkpt>
   <trkpt lat="49.8557920" lon="18.6035900">
    <ele>296.2</ele>
    <time>2026-05-25T15:34:42Z</time>
   </trkpt>
   <trkpt lat="49.8557800" lon="18.6035220">
    <ele>296.4</ele>
    <time>2026-05-25T15:34:45Z</time>
   </trkpt>
   <trkpt lat="49.8557650" lon="18.6034270">
    <ele>296.4</ele>
    <time>2026-05-25T15:34:49Z</time>
   </trkpt>
   <trkpt lat="49.8557450" lon="18.6033170">
    <ele>296.2</ele>
    <time>2026-05-25T15:34:54Z</time>
   </trkpt>
   <trkpt lat="49.8557080" lon="18.6031490">
    <ele>296.6</ele>
    <time>2026-05-25T15:35:02Z</time>
   </trkpt>
   <trkpt lat="49.8556780" lon="18.6029140">
    <ele>297.2</ele>
    <time>2026-05-25T15:35:13Z</time>
   </trkpt>
   <trkpt lat="49.8556680" lon="18.6028130">
    <ele>297.2</ele>
    <time>2026-05-25T15:35:17Z</time>
   </trkpt>
   <trkpt lat="49.8556470" lon="18.6027010">
    <ele>297.2</ele>
    <time>2026-05-25T15:35:21Z</time>
   </trkpt>
   <trkpt lat="49.8556010" lon="18.6025200">
    <ele>297.0</ele>
    <time>2026-05-25T15:35:26Z</time>
   </trkpt>
   <trkpt lat="49.8556660" lon="18.6024230">
    <ele>296.8</ele>
    <time>2026-05-25T15:35:29Z</time>
   </trkpt>
   <trkpt lat="49.8557450" lon="18.6023720">
    <ele>297.0</ele>
    <time>2026-05-25T15:35:32Z</time>
   </trkpt>
   <trkpt lat="49.8557960" lon="18.6023670">
    <ele>297.4</ele>
    <time>2026-05-25T15:35:34Z</time>
   </trkpt>
   <trkpt lat="49.8558430" lon="18.6023530">
    <ele>297.4</ele>
    <time>2026-05-25T15:35:36Z</time>
   </trkpt>
   <trkpt lat="49.8558980" lon="18.6023320">
    <ele>297.8</ele>
    <time>2026-05-25T15:35:38Z</time>
   </trkpt>
   <trkpt lat="49.8560630" lon="18.6022470">
    <ele>298.0</ele>
    <time>2026-05-25T15:35:44Z</time>
   </trkpt>
   <trkpt lat="49.8562310" lon="18.6021730">
    <ele>298.0</ele>
    <time>2026-05-25T15:35:51Z</time>
   </trkpt>
   <trkpt lat="49.8562540" lon="18.6021630">
    <ele>298.0</ele>
    <time>2026-05-25T15:35:52Z</time>
   </trkpt>
   <trkpt lat="49.8563980" lon="18.6020830">
    <ele>297.8</ele>
    <time>2026-05-25T15:35:58Z</time>
   </trkpt>
   <trkpt lat="49.8564200" lon="18.6020710">
    <ele>297.8</ele>
    <time>2026-05-25T15:35:59Z</time>
   </trkpt>
   <trkpt lat="49.8565740" lon="18.6019390">
    <ele>297.6</ele>
    <time>2026-05-25T15:36:08Z</time>
   </trkpt>
   <trkpt lat="49.8566190" lon="18.6018420">
    <ele>297.4</ele>
    <time>2026-05-25T15:36:12Z</time>
   </trkpt>
   <trkpt lat="49.8566200" lon="18.6018080">
    <ele>297.4</ele>
    <time>2026-05-25T15:36:13Z</time>
   </trkpt>
   <trkpt lat="49.8566280" lon="18.6017450">
    <ele>297.4</ele>
    <time>2026-05-25T15:36:15Z</time>
   </trkpt>
   <trkpt lat="49.8565910" lon="18.6015420">
    <ele>297.2</ele>
    <time>2026-05-25T15:36:20Z</time>
   </trkpt>
   <trkpt lat="49.8565440" lon="18.6011830">
    <ele>296.2</ele>
    <time>2026-05-25T15:36:27Z</time>
   </trkpt>
   <trkpt lat="49.8564790" lon="18.6008770">
    <ele>294.8</ele>
    <time>2026-05-25T15:36:31Z</time>
   </trkpt>
   <trkpt lat="49.8564810" lon="18.6006200">
    <ele>294.0</ele>
    <time>2026-05-25T15:36:35Z</time>
   </trkpt>
   <trkpt lat="49.8564770" lon="18.6005620">
    <ele>293.8</ele>
    <time>2026-05-25T15:36:36Z</time>
   </trkpt>
   <trkpt lat="49.8564560" lon="18.6004200">
    <ele>293.6</ele>
    <time>2026-05-25T15:36:38Z</time>
   </trkpt>
   <trkpt lat="49.8564180" lon="18.6002760">
    <ele>293.4</ele>
    <time>2026-05-25T15:36:40Z</time>
   </trkpt>
   <trkpt lat="49.8564310" lon="18.6001220">
    <ele>293.8</ele>
    <time>2026-05-25T15:36:44Z</time>
   </trkpt>
   <trkpt lat="49.8564310" lon="18.6001160">
    <ele>293.8</ele>
    <time>2026-05-25T15:36:49Z</time>
   </trkpt>
   <trkpt lat="49.8564310" lon="18.6001160">
    <ele>293.8</ele>
    <time>2026-05-25T15:36:53Z</time>
   </trkpt>
   <trkpt lat="49.8564310" lon="18.6001160">
    <ele>294.0</ele>
    <time>2026-05-25T15:37:01Z</time>
   </trkpt>
   <trkpt lat="49.8564310" lon="18.6001160">
    <ele>293.8</ele>
    <time>2026-05-25T15:37:12Z</time>
   </trkpt>
   <trkpt lat="49.8564240" lon="18.6001100">
    <ele>293.8</ele>
    <time>2026-05-25T15:37:21Z</time>
   </trkpt>
   <trkpt lat="49.8564240" lon="18.6001100">
    <ele>293.8</ele>
    <time>2026-05-25T15:37:32Z</time>
   </trkpt>
   <trkpt lat="49.8564320" lon="18.6001070">
    <ele>293.6</ele>
    <time>2026-05-25T15:37:42Z</time>
   </trkpt>
   <trkpt lat="49.8564320" lon="18.6001070">
    <ele>293.6</ele>
    <time>2026-05-25T15:37:50Z</time>
   </trkpt>
   <trkpt lat="49.8564320" lon="18.6001070">
    <ele>293.6</ele>
    <time>2026-05-25T15:37:52Z</time>
   </trkpt>
   <trkpt lat="49.8564120" lon="18.6000780">
    <ele>293.6</ele>
    <time>2026-05-25T15:37:58Z</time>
   </trkpt>
   <trkpt lat="49.8564110" lon="18.6000880">
    <ele>293.6</ele>
    <time>2026-05-25T15:38:07Z</time>
   </trkpt>
   <trkpt lat="49.8564420" lon="18.6001230">
    <ele>293.6</ele>
    <time>2026-05-25T15:38:12Z</time>
   </trkpt>
   <trkpt lat="49.8565030" lon="18.6001270">
    <ele>292.6</ele>
    <time>2026-05-25T15:38:14Z</time>
   </trkpt>
   <trkpt lat="49.8565870" lon="18.6001500">
    <ele>290.8</ele>
    <time>2026-05-25T15:38:16Z</time>
   </trkpt>
   <trkpt lat="49.8566330" lon="18.6001540">
    <ele>290.2</ele>
    <time>2026-05-25T15:38:17Z</time>
   </trkpt>
   <trkpt lat="49.8567440" lon="18.6001260">
    <ele>289.6</ele>
    <time>2026-05-25T15:38:19Z</time>
   </trkpt>
   <trkpt lat="49.8567900" lon="18.6001030">
    <ele>289.6</ele>
    <time>2026-05-25T15:38:20Z</time>
   </trkpt>
   <trkpt lat="49.8568800" lon="18.6000180">
    <ele>288.6</ele>
    <time>2026-05-25T15:38:22Z</time>
   </trkpt>
   <trkpt lat="49.8569470" lon="18.5999390">
    <ele>288.2</ele>
    <time>2026-05-25T15:38:24Z</time>
   </trkpt>
   <trkpt lat="49.8569630" lon="18.5998570">
    <ele>288.0</ele>
    <time>2026-05-25T15:38:26Z</time>
   </trkpt>
   <trkpt lat="49.8569700" lon="18.5997780">
    <ele>287.8</ele>
    <time>2026-05-25T15:38:27Z</time>
   </trkpt>
   <trkpt lat="49.8569790" lon="18.5996150">
    <ele>286.6</ele>
    <time>2026-05-25T15:38:29Z</time>
   </trkpt>
   <trkpt lat="49.8570200" lon="18.5994110">
    <ele>286.0</ele>
    <time>2026-05-25T15:38:31Z</time>
   </trkpt>
   <trkpt lat="49.8570560" lon="18.5993090">
    <ele>284.8</ele>
    <time>2026-05-25T15:38:32Z</time>
   </trkpt>
   <trkpt lat="49.8571250" lon="18.5991550">
    <ele>284.2</ele>
    <time>2026-05-25T15:38:34Z</time>
   </trkpt>
   <trkpt lat="49.8571540" lon="18.5990900">
    <ele>284.2</ele>
    <time>2026-05-25T15:38:35Z</time>
   </trkpt>
   <trkpt lat="49.8572420" lon="18.5989020">
    <ele>284.4</ele>
    <time>2026-05-25T15:38:38Z</time>
   </trkpt>
   <trkpt lat="49.8572680" lon="18.5988320">
    <ele>284.4</ele>
    <time>2026-05-25T15:38:39Z</time>
   </trkpt>
   <trkpt lat="49.8573850" lon="18.5985290">
    <ele>283.8</ele>
    <time>2026-05-25T15:38:43Z</time>
   </trkpt>
   <trkpt lat="49.8574160" lon="18.5984530">
    <ele>283.2</ele>
    <time>2026-05-25T15:38:44Z</time>
   </trkpt>
   <trkpt lat="49.8574780" lon="18.5983920">
    <ele>283.2</ele>
    <time>2026-05-25T15:38:46Z</time>
   </trkpt>
   <trkpt lat="49.8575400" lon="18.5983550">
    <ele>283.6</ele>
    <time>2026-05-25T15:38:48Z</time>
   </trkpt>
   <trkpt lat="49.8576660" lon="18.5983100">
    <ele>284.2</ele>
    <time>2026-05-25T15:38:54Z</time>
   </trkpt>
   <trkpt lat="49.8576810" lon="18.5982780">
    <ele>284.2</ele>
    <time>2026-05-25T15:38:55Z</time>
   </trkpt>
   <trkpt lat="49.8577590" lon="18.5982270">
    <ele>284.2</ele>
    <time>2026-05-25T15:38:58Z</time>
   </trkpt>
   <trkpt lat="49.8577610" lon="18.5981420">
    <ele>284.6</ele>
    <time>2026-05-25T15:39:00Z</time>
   </trkpt>
   <trkpt lat="49.8577350" lon="18.5980420">
    <ele>284.8</ele>
    <time>2026-05-25T15:39:02Z</time>
   </trkpt>
   <trkpt lat="49.8576530" lon="18.5979650">
    <ele>285.0</ele>
    <time>2026-05-25T15:39:04Z</time>
   </trkpt>
   <trkpt lat="49.8576390" lon="18.5978910">
    <ele>284.4</ele>
    <time>2026-05-25T15:39:05Z</time>
   </trkpt>
   <trkpt lat="49.8576340" lon="18.5976880">
    <ele>283.0</ele>
    <time>2026-05-25T15:39:08Z</time>
   </trkpt>
   <trkpt lat="49.8576520" lon="18.5975260">
    <ele>282.8</ele>
    <time>2026-05-25T15:39:10Z</time>
   </trkpt>
   <trkpt lat="49.8576640" lon="18.5971470">
    <ele>282.0</ele>
    <time>2026-05-25T15:39:16Z</time>
   </trkpt>
   <trkpt lat="49.8577310" lon="18.5969320">
    <ele>282.2</ele>
    <time>2026-05-25T15:39:20Z</time>
   </trkpt>
   <trkpt lat="49.8577240" lon="18.5968800">
    <ele>282.2</ele>
    <time>2026-05-25T15:39:21Z</time>
   </trkpt>
   <trkpt lat="49.8577720" lon="18.5967390">
    <ele>281.6</ele>
    <time>2026-05-25T15:39:23Z</time>
   </trkpt>
   <trkpt lat="49.8577960" lon="18.5965580">
    <ele>281.4</ele>
    <time>2026-05-25T15:39:25Z</time>
   </trkpt>
   <trkpt lat="49.8577450" lon="18.5961300">
    <ele>281.4</ele>
    <time>2026-05-25T15:39:31Z</time>
   </trkpt>
   <trkpt lat="49.8576740" lon="18.5958880">
    <ele>280.6</ele>
    <time>2026-05-25T15:39:35Z</time>
   </trkpt>
   <trkpt lat="49.8576660" lon="18.5957960">
    <ele>280.2</ele>
    <time>2026-05-25T15:39:36Z</time>
   </trkpt>
   <trkpt lat="49.8576940" lon="18.5956470">
    <ele>279.8</ele>
    <time>2026-05-25T15:39:38Z</time>
   </trkpt>
   <trkpt lat="49.8576800" lon="18.5955740">
    <ele>279.8</ele>
    <time>2026-05-25T15:39:39Z</time>
   </trkpt>
   <trkpt lat="49.8576010" lon="18.5953680">
    <ele>279.4</ele>
    <time>2026-05-25T15:39:42Z</time>
   </trkpt>
   <trkpt lat="49.8576180" lon="18.5952980">
    <ele>279.4</ele>
    <time>2026-05-25T15:39:43Z</time>
   </trkpt>
   <trkpt lat="49.8577150" lon="18.5951240">
    <ele>279.6</ele>
    <time>2026-05-25T15:39:46Z</time>
   </trkpt>
   <trkpt lat="49.8577500" lon="18.5948630">
    <ele>279.8</ele>
    <time>2026-05-25T15:39:51Z</time>
   </trkpt>
   <trkpt lat="49.8576610" lon="18.5947630">
    <ele>279.4</ele>
    <time>2026-05-25T15:39:54Z</time>
   </trkpt>
   <trkpt lat="49.8576120" lon="18.5947290">
    <ele>279.4</ele>
    <time>2026-05-25T15:39:55Z</time>
   </trkpt>
   <trkpt lat="49.8575670" lon="18.5946860">
    <ele>279.2</ele>
    <time>2026-05-25T15:39:56Z</time>
   </trkpt>
   <trkpt lat="49.8574630" lon="18.5945150">
    <ele>278.8</ele>
    <time>2026-05-25T15:40:00Z</time>
   </trkpt>
   <trkpt lat="49.8574190" lon="18.5943720">
    <ele>278.4</ele>
    <time>2026-05-25T15:40:04Z</time>
   </trkpt>
   <trkpt lat="49.8573260" lon="18.5942710">
    <ele>278.0</ele>
    <time>2026-05-25T15:40:07Z</time>
   </trkpt>
   <trkpt lat="49.8572010" lon="18.5941070">
    <ele>277.4</ele>
    <time>2026-05-25T15:40:10Z</time>
   </trkpt>
   <trkpt lat="49.8571140" lon="18.5940610">
    <ele>276.4</ele>
    <time>2026-05-25T15:40:13Z</time>
   </trkpt>
   <trkpt lat="49.8570160" lon="18.5940470">
    <ele>275.2</ele>
    <time>2026-05-25T15:40:15Z</time>
   </trkpt>
   <trkpt lat="49.8569590" lon="18.5940050">
    <ele>274.0</ele>
    <time>2026-05-25T15:40:16Z</time>
   </trkpt>
   <trkpt lat="49.8568510" lon="18.5938430">
    <ele>273.4</ele>
    <time>2026-05-25T15:40:19Z</time>
   </trkpt>
   <trkpt lat="49.8567990" lon="18.5937330">
    <ele>272.8</ele>
    <time>2026-05-25T15:40:21Z</time>
   </trkpt>
   <trkpt lat="49.8567040" lon="18.5934950">
    <ele>271.4</ele>
    <time>2026-05-25T15:40:25Z</time>
   </trkpt>
   <trkpt lat="49.8566960" lon="18.5934260">
    <ele>271.2</ele>
    <time>2026-05-25T15:40:26Z</time>
   </trkpt>
   <trkpt lat="49.8566770" lon="18.5930640">
    <ele>271.4</ele>
    <time>2026-05-25T15:40:31Z</time>
   </trkpt>
   <trkpt lat="49.8566600" lon="18.5927800">
    <ele>271.4</ele>
    <time>2026-05-25T15:40:35Z</time>
   </trkpt>
   <trkpt lat="49.8566480" lon="18.5927370">
    <ele>271.4</ele>
    <time>2026-05-25T15:40:36Z</time>
   </trkpt>
   <trkpt lat="49.8566710" lon="18.5926430">
    <ele>271.6</ele>
    <time>2026-05-25T15:40:38Z</time>
   </trkpt>
   <trkpt lat="49.8567170" lon="18.5925990">
    <ele>272.2</ele>
    <time>2026-05-25T15:40:40Z</time>
   </trkpt>
   <trkpt lat="49.8567310" lon="18.5926030">
    <ele>272.6</ele>
    <time>2026-05-25T15:40:41Z</time>
   </trkpt>
   <trkpt lat="49.8567660" lon="18.5926510">
    <ele>273.0</ele>
    <time>2026-05-25T15:40:43Z</time>
   </trkpt>
   <trkpt lat="49.8567780" lon="18.5927120">
    <ele>273.6</ele>
    <time>2026-05-25T15:40:45Z</time>
   </trkpt>
   <trkpt lat="49.8567950" lon="18.5927360">
    <ele>273.8</ele>
    <time>2026-05-25T15:40:46Z</time>
   </trkpt>
   <trkpt lat="49.8569280" lon="18.5926830">
    <ele>274.4</ele>
    <time>2026-05-25T15:40:53Z</time>
   </trkpt>
   <trkpt lat="49.8569560" lon="18.5926900">
    <ele>274.6</ele>
    <time>2026-05-25T15:40:55Z</time>
   </trkpt>
   <trkpt lat="49.8569480" lon="18.5926050">
    <ele>274.8</ele>
    <time>2026-05-25T15:40:57Z</time>
   </trkpt>
   <trkpt lat="49.8569380" lon="18.5924010">
    <ele>273.4</ele>
    <time>2026-05-25T15:41:01Z</time>
   </trkpt>
   <trkpt lat="49.8569240" lon="18.5922650">
    <ele>272.4</ele>
    <time>2026-05-25T15:41:04Z</time>
   </trkpt>
   <trkpt lat="49.8569510" lon="18.5922400">
    <ele>272.2</ele>
    <time>2026-05-25T15:41:05Z</time>
   </trkpt>
   <trkpt lat="49.8570210" lon="18.5921590">
    <ele>270.6</ele>
    <time>2026-05-25T15:41:07Z</time>
   </trkpt>
   <trkpt lat="49.8571080" lon="18.5920430">
    <ele>268.8</ele>
    <time>2026-05-25T15:41:09Z</time>
   </trkpt>
   <trkpt lat="49.8571750" lon="18.5919940">
    <ele>267.2</ele>
    <time>2026-05-25T15:41:10Z</time>
   </trkpt>
   <trkpt lat="49.8572180" lon="18.5919430">
    <ele>267.0</ele>
    <time>2026-05-25T15:41:11Z</time>
   </trkpt>
   <trkpt lat="49.8572980" lon="18.5917490">
    <ele>264.4</ele>
    <time>2026-05-25T15:41:13Z</time>
   </trkpt>
   <trkpt lat="49.8573060" lon="18.5916710">
    <ele>263.8</ele>
    <time>2026-05-25T15:41:14Z</time>
   </trkpt>
   <trkpt lat="49.8572960" lon="18.5915910">
    <ele>263.6</ele>
    <time>2026-05-25T15:41:15Z</time>
   </trkpt>
   <trkpt lat="49.8573020" lon="18.5915320">
    <ele>263.4</ele>
    <time>2026-05-25T15:41:16Z</time>
   </trkpt>
   <trkpt lat="49.8573210" lon="18.5914700">
    <ele>262.8</ele>
    <time>2026-05-25T15:41:17Z</time>
   </trkpt>
   <trkpt lat="49.8573460" lon="18.5914090">
    <ele>261.6</ele>
    <time>2026-05-25T15:41:18Z</time>
   </trkpt>
   <trkpt lat="49.8573990" lon="18.5913480">
    <ele>259.6</ele>
    <time>2026-05-25T15:41:19Z</time>
   </trkpt>
   <trkpt lat="49.8574650" lon="18.5912940">
    <ele>258.4</ele>
    <time>2026-05-25T15:41:20Z</time>
   </trkpt>
   <trkpt lat="49.8576380" lon="18.5911790">
    <ele>257.0</ele>
    <time>2026-05-25T15:41:23Z</time>
   </trkpt>
   <trkpt lat="49.8576670" lon="18.5911350">
    <ele>256.4</ele>
    <time>2026-05-25T15:41:24Z</time>
   </trkpt>
   <trkpt lat="49.8576790" lon="18.5910760">
    <ele>256.0</ele>
    <time>2026-05-25T15:41:25Z</time>
   </trkpt>
   <trkpt lat="49.8576840" lon="18.5910110">
    <ele>255.6</ele>
    <time>2026-05-25T15:41:26Z</time>
   </trkpt>
   <trkpt lat="49.8576850" lon="18.5907400">
    <ele>255.4</ele>
    <time>2026-05-25T15:41:31Z</time>
   </trkpt>
   <trkpt lat="49.8576840" lon="18.5907180">
    <ele>255.6</ele>
    <time>2026-05-25T15:41:32Z</time>
   </trkpt>
   <trkpt lat="49.8576960" lon="18.5906710">
    <ele>256.2</ele>
    <time>2026-05-25T15:41:35Z</time>
   </trkpt>
   <trkpt lat="49.8576960" lon="18.5906530">
    <ele>256.6</ele>
    <time>2026-05-25T15:41:36Z</time>
   </trkpt>
   <trkpt lat="49.8577480" lon="18.5905890">
    <ele>257.4</ele>
    <time>2026-05-25T15:41:40Z</time>
   </trkpt>
   <trkpt lat="49.8577570" lon="18.5905700">
    <ele>258.4</ele>
    <time>2026-05-25T15:41:41Z</time>
   </trkpt>
   <trkpt lat="49.8578020" lon="18.5905190">
    <ele>259.4</ele>
    <time>2026-05-25T15:41:45Z</time>
   </trkpt>
   <trkpt lat="49.8578260" lon="18.5905060">
    <ele>259.8</ele>
    <time>2026-05-25T15:41:47Z</time>
   </trkpt>
   <trkpt lat="49.8578820" lon="18.5904800">
    <ele>260.4</ele>
    <time>2026-05-25T15:41:53Z</time>
   </trkpt>
   <trkpt lat="49.8579080" lon="18.5904730">
    <ele>260.6</ele>
    <time>2026-05-25T15:41:55Z</time>
   </trkpt>
   <trkpt lat="49.8579220" lon="18.5904640">
    <ele>260.6</ele>
    <time>2026-05-25T15:41:56Z</time>
   </trkpt>
   <trkpt lat="49.8579500" lon="18.5904580">
    <ele>260.8</ele>
    <time>2026-05-25T15:41:58Z</time>
   </trkpt>
   <trkpt lat="49.8580540" lon="18.5904370">
    <ele>261.4</ele>
    <time>2026-05-25T15:42:04Z</time>
   </trkpt>
   <trkpt lat="49.8580750" lon="18.5904310">
    <ele>261.4</ele>
    <time>2026-05-25T15:42:05Z</time>
   </trkpt>
   <trkpt lat="49.8581960" lon="18.5902890">
    <ele>262.8</ele>
    <time>2026-05-25T15:42:12Z</time>
   </trkpt>
   <trkpt lat="49.8582070" lon="18.5902740">
    <ele>262.8</ele>
    <time>2026-05-25T15:42:13Z</time>
   </trkpt>
   <trkpt lat="49.8582130" lon="18.5902650">
    <ele>263.0</ele>
    <time>2026-05-25T15:42:14Z</time>
   </trkpt>
   <trkpt lat="49.8582390" lon="18.5902160">
    <ele>263.8</ele>
    <time>2026-05-25T15:42:18Z</time>
   </trkpt>
   <trkpt lat="49.8582430" lon="18.5901930">
    <ele>264.0</ele>
    <time>2026-05-25T15:42:19Z</time>
   </trkpt>
   <trkpt lat="49.8582550" lon="18.5901560">
    <ele>264.4</ele>
    <time>2026-05-25T15:42:21Z</time>
   </trkpt>
   <trkpt lat="49.8582620" lon="18.5901210">
    <ele>264.8</ele>
    <time>2026-05-25T15:42:23Z</time>
   </trkpt>
   <trkpt lat="49.8582820" lon="18.5900830">
    <ele>265.4</ele>
    <time>2026-05-25T15:42:25Z</time>
   </trkpt>
   <trkpt lat="49.8583130" lon="18.5900310">
    <ele>265.8</ele>
    <time>2026-05-25T15:42:28Z</time>
   </trkpt>
   <trkpt lat="49.8583270" lon="18.5899500">
    <ele>266.8</ele>
    <time>2026-05-25T15:42:32Z</time>
   </trkpt>
   <trkpt lat="49.8583190" lon="18.5899000">
    <ele>267.4</ele>
    <time>2026-05-25T15:42:34Z</time>
   </trkpt>
   <trkpt lat="49.8583220" lon="18.5898530">
    <ele>268.0</ele>
    <time>2026-05-25T15:42:36Z</time>
   </trkpt>
   <trkpt lat="49.8582970" lon="18.5897930">
    <ele>268.8</ele>
    <time>2026-05-25T15:42:39Z</time>
   </trkpt>
   <trkpt lat="49.8582800" lon="18.5897470">
    <ele>269.0</ele>
    <time>2026-05-25T15:42:41Z</time>
   </trkpt>
   <trkpt lat="49.8582680" lon="18.5897260">
    <ele>269.4</ele>
    <time>2026-05-25T15:42:42Z</time>
   </trkpt>
   <trkpt lat="49.8582270" lon="18.5896810">
    <ele>269.8</ele>
    <time>2026-05-25T15:42:45Z</time>
   </trkpt>
   <trkpt lat="49.8581770" lon="18.5896030">
    <ele>270.4</ele>
    <time>2026-05-25T15:42:49Z</time>
   </trkpt>
   <trkpt lat="49.8581370" lon="18.5895310">
    <ele>270.6</ele>
    <time>2026-05-25T15:42:52Z</time>
   </trkpt>
   <trkpt lat="49.8580740" lon="18.5894210">
    <ele>271.4</ele>
    <time>2026-05-25T15:42:57Z</time>
   </trkpt>
   <trkpt lat="49.8580380" lon="18.5893550">
    <ele>271.8</ele>
    <time>2026-05-25T15:43:00Z</time>
   </trkpt>
   <trkpt lat="49.8579930" lon="18.5892570">
    <ele>272.4</ele>
    <time>2026-05-25T15:43:04Z</time>
   </trkpt>
   <trkpt lat="49.8579470" lon="18.5891720">
    <ele>273.6</ele>
    <time>2026-05-25T15:43:08Z</time>
   </trkpt>
   <trkpt lat="49.8579010" lon="18.5890890">
    <ele>274.4</ele>
    <time>2026-05-25T15:43:12Z</time>
   </trkpt>
   <trkpt lat="49.8578840" lon="18.5890480">
    <ele>274.6</ele>
    <time>2026-05-25T15:43:14Z</time>
   </trkpt>
   <trkpt lat="49.8578510" lon="18.5889970">
    <ele>274.8</ele>
    <time>2026-05-25T15:43:17Z</time>
   </trkpt>
   <trkpt lat="49.8578310" lon="18.5889520">
    <ele>275.0</ele>
    <time>2026-05-25T15:43:19Z</time>
   </trkpt>
   <trkpt lat="49.8578060" lon="18.5888960">
    <ele>275.2</ele>
    <time>2026-05-25T15:43:22Z</time>
   </trkpt>
   <trkpt lat="49.8577740" lon="18.5888460">
    <ele>275.8</ele>
    <time>2026-05-25T15:43:25Z</time>
   </trkpt>
   <trkpt lat="49.8577280" lon="18.5887570">
    <ele>276.6</ele>
    <time>2026-05-25T15:43:30Z</time>
   </trkpt>
   <trkpt lat="49.8577170" lon="18.5887390">
    <ele>276.8</ele>
    <time>2026-05-25T15:43:31Z</time>
   </trkpt>
   <trkpt lat="49.8576590" lon="18.5886240">
    <ele>277.6</ele>
    <time>2026-05-25T15:43:37Z</time>
   </trkpt>
   <trkpt lat="49.8576380" lon="18.5885890">
    <ele>277.8</ele>
    <time>2026-05-25T15:43:39Z</time>
   </trkpt>
   <trkpt lat="49.8576060" lon="18.5885020">
    <ele>278.2</ele>
    <time>2026-05-25T15:43:44Z</time>
   </trkpt>
   <trkpt lat="49.8575820" lon="18.5884300">
    <ele>278.8</ele>
    <time>2026-05-25T15:43:48Z</time>
   </trkpt>
   <trkpt lat="49.8575560" lon="18.5883460">
    <ele>279.2</ele>
    <time>2026-05-25T15:43:52Z</time>
   </trkpt>
   <trkpt lat="49.8575210" lon="18.5880990">
    <ele>279.6</ele>
    <time>2026-05-25T15:44:00Z</time>
   </trkpt>
   <trkpt lat="49.8575200" lon="18.5880390">
    <ele>280.0</ele>
    <time>2026-05-25T15:44:02Z</time>
   </trkpt>
   <trkpt lat="49.8575200" lon="18.5879540">
    <ele>280.4</ele>
    <time>2026-05-25T15:44:05Z</time>
   </trkpt>
   <trkpt lat="49.8575140" lon="18.5879240">
    <ele>280.6</ele>
    <time>2026-05-25T15:44:06Z</time>
   </trkpt>
   <trkpt lat="49.8575000" lon="18.5878270">
    <ele>281.0</ele>
    <time>2026-05-25T15:44:09Z</time>
   </trkpt>
   <trkpt lat="49.8575000" lon="18.5877970">
    <ele>281.0</ele>
    <time>2026-05-25T15:44:10Z</time>
   </trkpt>
   <trkpt lat="49.8574830" lon="18.5876100">
    <ele>281.4</ele>
    <time>2026-05-25T15:44:16Z</time>
   </trkpt>
   <trkpt lat="49.8574870" lon="18.5874940">
    <ele>282.0</ele>
    <time>2026-05-25T15:44:20Z</time>
   </trkpt>
   <trkpt lat="49.8574620" lon="18.5874420">
    <ele>282.6</ele>
    <time>2026-05-25T15:44:23Z</time>
   </trkpt>
   <trkpt lat="49.8574630" lon="18.5873540">
    <ele>283.0</ele>
    <time>2026-05-25T15:44:27Z</time>
   </trkpt>
   <trkpt lat="49.8574680" lon="18.5873130">
    <ele>283.4</ele>
    <time>2026-05-25T15:44:29Z</time>
   </trkpt>
   <trkpt lat="49.8574740" lon="18.5872990">
    <ele>283.4</ele>
    <time>2026-05-25T15:44:30Z</time>
   </trkpt>
   <trkpt lat="49.8574790" lon="18.5872460">
    <ele>283.8</ele>
    <time>2026-05-25T15:44:34Z</time>
   </trkpt>
   <trkpt lat="49.8574650" lon="18.5872040">
    <ele>283.8</ele>
    <time>2026-05-25T15:44:36Z</time>
   </trkpt>
   <trkpt lat="49.8574610" lon="18.5871060">
    <ele>284.2</ele>
    <time>2026-05-25T15:44:41Z</time>
   </trkpt>
   <trkpt lat="49.8574570" lon="18.5870890">
    <ele>284.2</ele>
    <time>2026-05-25T15:44:42Z</time>
   </trkpt>
   <trkpt lat="49.8574540" lon="18.5870630">
    <ele>284.2</ele>
    <time>2026-05-25T15:44:43Z</time>
   </trkpt>
   <trkpt lat="49.8574370" lon="18.5870120">
    <ele>284.4</ele>
    <time>2026-05-25T15:44:45Z</time>
   </trkpt>
   <trkpt lat="49.8574240" lon="18.5869520">
    <ele>284.6</ele>
    <time>2026-05-25T15:44:47Z</time>
   </trkpt>
   <trkpt lat="49.8573950" lon="18.5867770">
    <ele>284.6</ele>
    <time>2026-05-25T15:44:53Z</time>
   </trkpt>
   <trkpt lat="49.8573790" lon="18.5866410">
    <ele>284.8</ele>
    <time>2026-05-25T15:44:57Z</time>
   </trkpt>
   <trkpt lat="49.8573260" lon="18.5864680">
    <ele>285.2</ele>
    <time>2026-05-25T15:45:03Z</time>
   </trkpt>
   <trkpt lat="49.8573160" lon="18.5864400">
    <ele>285.4</ele>
    <time>2026-05-25T15:45:04Z</time>
   </trkpt>
   <trkpt lat="49.8572210" lon="18.5862460">
    <ele>286.0</ele>
    <time>2026-05-25T15:45:11Z</time>
   </trkpt>
   <trkpt lat="49.8571750" lon="18.5861200">
    <ele>286.2</ele>
    <time>2026-05-25T15:45:15Z</time>
   </trkpt>
   <trkpt lat="49.8571440" lon="18.5860630">
    <ele>286.2</ele>
    <time>2026-05-25T15:45:17Z</time>
   </trkpt>
   <trkpt lat="49.8571240" lon="18.5860310">
    <ele>286.4</ele>
    <time>2026-05-25T15:45:18Z</time>
   </trkpt>
   <trkpt lat="49.8570530" lon="18.5858270">
    <ele>286.8</ele>
    <time>2026-05-25T15:45:24Z</time>
   </trkpt>
   <trkpt lat="49.8569400" lon="18.5855570">
    <ele>287.2</ele>
    <time>2026-05-25T15:45:32Z</time>
   </trkpt>
   <trkpt lat="49.8569030" lon="18.5854990">
    <ele>287.4</ele>
    <time>2026-05-25T15:45:36Z</time>
   </trkpt>
   <trkpt lat="49.8568650" lon="18.5854480">
    <ele>287.6</ele>
    <time>2026-05-25T15:45:38Z</time>
   </trkpt>
   <trkpt lat="49.8567690" lon="18.5853270">
    <ele>288.2</ele>
    <time>2026-05-25T15:45:44Z</time>
   </trkpt>
   <trkpt lat="49.8567570" lon="18.5853020">
    <ele>288.2</ele>
    <time>2026-05-25T15:45:45Z</time>
   </trkpt>
   <trkpt lat="49.8567150" lon="18.5852290">
    <ele>288.8</ele>
    <time>2026-05-25T15:45:49Z</time>
   </trkpt>
   <trkpt lat="49.8566750" lon="18.5851790">
    <ele>289.0</ele>
    <time>2026-05-25T15:45:52Z</time>
   </trkpt>
   <trkpt lat="49.8566480" lon="18.5851310">
    <ele>289.0</ele>
    <time>2026-05-25T15:45:54Z</time>
   </trkpt>
   <trkpt lat="49.8566050" lon="18.5850620">
    <ele>289.2</ele>
    <time>2026-05-25T15:45:57Z</time>
   </trkpt>
   <trkpt lat="49.8565330" lon="18.5849640">
    <ele>289.4</ele>
    <time>2026-05-25T15:46:01Z</time>
   </trkpt>
   <trkpt lat="49.8565110" lon="18.5849200">
    <ele>289.6</ele>
    <time>2026-05-25T15:46:03Z</time>
   </trkpt>
   <trkpt lat="49.8564900" lon="18.5848840">
    <ele>289.6</ele>
    <time>2026-05-25T15:46:05Z</time>
   </trkpt>
   <trkpt lat="49.8564610" lon="18.5848480">
    <ele>289.8</ele>
    <time>2026-05-25T15:46:07Z</time>
   </trkpt>
   <trkpt lat="49.8564340" lon="18.5848160">
    <ele>290.2</ele>
    <time>2026-05-25T15:46:09Z</time>
   </trkpt>
   <trkpt lat="49.8563950" lon="18.5847770">
    <ele>290.2</ele>
    <time>2026-05-25T15:46:12Z</time>
   </trkpt>
   <trkpt lat="49.8563660" lon="18.5847510">
    <ele>290.4</ele>
    <time>2026-05-25T15:46:14Z</time>
   </trkpt>
   <trkpt lat="49.8563190" lon="18.5847240">
    <ele>291.0</ele>
    <time>2026-05-25T15:46:19Z</time>
   </trkpt>
   <trkpt lat="49.8562890" lon="18.5846960">
    <ele>291.2</ele>
    <time>2026-05-25T15:46:23Z</time>
   </trkpt>
   <trkpt lat="49.8562490" lon="18.5846820">
    <ele>291.2</ele>
    <time>2026-05-25T15:46:26Z</time>
   </trkpt>
   <trkpt lat="49.8562300" lon="18.5846740">
    <ele>291.2</ele>
    <time>2026-05-25T15:46:27Z</time>
   </trkpt>
   <trkpt lat="49.8561740" lon="18.5846510">
    <ele>291.6</ele>
    <time>2026-05-25T15:46:30Z</time>
   </trkpt>
   <trkpt lat="49.8560460" lon="18.5845950">
    <ele>292.0</ele>
    <time>2026-05-25T15:46:38Z</time>
   </trkpt>
   <trkpt lat="49.8559300" lon="18.5845540">
    <ele>292.4</ele>
    <time>2026-05-25T15:46:45Z</time>
   </trkpt>
   <trkpt lat="49.8559080" lon="18.5845510">
    <ele>292.4</ele>
    <time>2026-05-25T15:46:47Z</time>
   </trkpt>
   <trkpt lat="49.8558920" lon="18.5845540">
    <ele>292.6</ele>
    <time>2026-05-25T15:46:48Z</time>
   </trkpt>
   <trkpt lat="49.8558110" lon="18.5845250">
    <ele>293.2</ele>
    <time>2026-05-25T15:46:53Z</time>
   </trkpt>
   <trkpt lat="49.8558020" lon="18.5845190">
    <ele>293.2</ele>
    <time>2026-05-25T15:46:54Z</time>
   </trkpt>
   <trkpt lat="49.8557970" lon="18.5845080">
    <ele>293.4</ele>
    <time>2026-05-25T15:46:55Z</time>
   </trkpt>
   <trkpt lat="49.8557000" lon="18.5844340">
    <ele>293.8</ele>
    <time>2026-05-25T15:47:03Z</time>
   </trkpt>
   <trkpt lat="49.8556800" lon="18.5844220">
    <ele>294.0</ele>
    <time>2026-05-25T15:47:05Z</time>
   </trkpt>
   <trkpt lat="49.8556540" lon="18.5844130">
    <ele>294.0</ele>
    <time>2026-05-25T15:47:07Z</time>
   </trkpt>
   <trkpt lat="49.8556040" lon="18.5843800">
    <ele>294.2</ele>
    <time>2026-05-25T15:47:11Z</time>
   </trkpt>
   <trkpt lat="49.8555740" lon="18.5843660">
    <ele>294.2</ele>
    <time>2026-05-25T15:47:14Z</time>
   </trkpt>
   <trkpt lat="49.8555450" lon="18.5843450">
    <ele>294.4</ele>
    <time>2026-05-25T15:47:16Z</time>
   </trkpt>
   <trkpt lat="49.8555080" lon="18.5843100">
    <ele>294.6</ele>
    <time>2026-05-25T15:47:20Z</time>
   </trkpt>
   <trkpt lat="49.8554540" lon="18.5842510">
    <ele>294.8</ele>
    <time>2026-05-25T15:47:25Z</time>
   </trkpt>
   <trkpt lat="49.8554090" lon="18.5842330">
    <ele>295.0</ele>
    <time>2026-05-25T15:47:29Z</time>
   </trkpt>
   <trkpt lat="49.8553700" lon="18.5842150">
    <ele>295.4</ele>
    <time>2026-05-25T15:47:32Z</time>
   </trkpt>
   <trkpt lat="49.8552980" lon="18.5841730">
    <ele>295.6</ele>
    <time>2026-05-25T15:47:38Z</time>
   </trkpt>
   <trkpt lat="49.8551790" lon="18.5841580">
    <ele>295.8</ele>
    <time>2026-05-25T15:47:47Z</time>
   </trkpt>
   <trkpt lat="49.8551660" lon="18.5841360">
    <ele>295.8</ele>
    <time>2026-05-25T15:47:49Z</time>
   </trkpt>
   <trkpt lat="49.8551410" lon="18.5841090">
    <ele>296.0</ele>
    <time>2026-05-25T15:47:52Z</time>
   </trkpt>
   <trkpt lat="49.8550980" lon="18.5840610">
    <ele>296.4</ele>
    <time>2026-05-25T15:47:57Z</time>
   </trkpt>
   <trkpt lat="49.8550770" lon="18.5840490">
    <ele>296.4</ele>
    <time>2026-05-25T15:47:59Z</time>
   </trkpt>
   <trkpt lat="49.8550660" lon="18.5840440">
    <ele>296.6</ele>
    <time>2026-05-25T15:48:00Z</time>
   </trkpt>
   <trkpt lat="49.8550100" lon="18.5840230">
    <ele>296.8</ele>
    <time>2026-05-25T15:48:04Z</time>
   </trkpt>
   <trkpt lat="49.8549650" lon="18.5840040">
    <ele>297.0</ele>
    <time>2026-05-25T15:48:07Z</time>
   </trkpt>
   <trkpt lat="49.8548560" lon="18.5839390">
    <ele>297.2</ele>
    <time>2026-05-25T15:48:13Z</time>
   </trkpt>
   <trkpt lat="49.8547330" lon="18.5838850">
    <ele>297.0</ele>
    <time>2026-05-25T15:48:19Z</time>
   </trkpt>
   <trkpt lat="49.8545410" lon="18.5837260">
    <ele>297.4</ele>
    <time>2026-05-25T15:48:29Z</time>
   </trkpt>
   <trkpt lat="49.8545230" lon="18.5837170">
    <ele>297.4</ele>
    <time>2026-05-25T15:48:30Z</time>
   </trkpt>
   <trkpt lat="49.8544540" lon="18.5836850">
    <ele>297.8</ele>
    <time>2026-05-25T15:48:36Z</time>
   </trkpt>
   <trkpt lat="49.8544550" lon="18.5836900">
    <ele>297.8</ele>
    <time>2026-05-25T15:48:41Z</time>
   </trkpt>
   <trkpt lat="49.8544510" lon="18.5836920">
    <ele>297.8</ele>
    <time>2026-05-25T15:48:49Z</time>
   </trkpt>
   <trkpt lat="49.8544510" lon="18.5836960">
    <ele>297.8</ele>
    <time>2026-05-25T15:48:53Z</time>
   </trkpt>
   <trkpt lat="49.8544510" lon="18.5836960">
    <ele>297.6</ele>
    <time>2026-05-25T15:48:59Z</time>
   </trkpt>
   <trkpt lat="49.8544510" lon="18.5836960">
    <ele>297.6</ele>
    <time>2026-05-25T15:49:18Z</time>
   </trkpt>
   <trkpt lat="49.8544170" lon="18.5836850">
    <ele>297.8</ele>
    <time>2026-05-25T15:49:24Z</time>
   </trkpt>
   <trkpt lat="49.8543500" lon="18.5836080">
    <ele>297.8</ele>
    <time>2026-05-25T15:49:30Z</time>
   </trkpt>
   <trkpt lat="49.8542540" lon="18.5834650">
    <ele>298.0</ele>
    <time>2026-05-25T15:49:40Z</time>
   </trkpt>
   <trkpt lat="49.8541770" lon="18.5833460">
    <ele>297.8</ele>
    <time>2026-05-25T15:49:47Z</time>
   </trkpt>
   <trkpt lat="49.8541640" lon="18.5833280">
    <ele>297.8</ele>
    <time>2026-05-25T15:49:48Z</time>
   </trkpt>
   <trkpt lat="49.8540670" lon="18.5832170">
    <ele>298.0</ele>
    <time>2026-05-25T15:49:54Z</time>
   </trkpt>
   <trkpt lat="49.8539760" lon="18.5830780">
    <ele>298.0</ele>
    <time>2026-05-25T15:50:00Z</time>
   </trkpt>
   <trkpt lat="49.8538760" lon="18.5828850">
    <ele>297.4</ele>
    <time>2026-05-25T15:50:06Z</time>
   </trkpt>
   <trkpt lat="49.8538590" lon="18.5828440">
    <ele>297.2</ele>
    <time>2026-05-25T15:50:07Z</time>
   </trkpt>
   <trkpt lat="49.8537770" lon="18.5826160">
    <ele>296.4</ele>
    <time>2026-05-25T15:50:11Z</time>
   </trkpt>
   <trkpt lat="49.8537530" lon="18.5825460">
    <ele>296.0</ele>
    <time>2026-05-25T15:50:12Z</time>
   </trkpt>
   <trkpt lat="49.8537070" lon="18.5823990">
    <ele>295.2</ele>
    <time>2026-05-25T15:50:14Z</time>
   </trkpt>
   <trkpt lat="49.8536800" lon="18.5823260">
    <ele>294.0</ele>
    <time>2026-05-25T15:50:15Z</time>
   </trkpt>
   <trkpt lat="49.8535890" lon="18.5821250">
    <ele>293.8</ele>
    <time>2026-05-25T15:50:18Z</time>
   </trkpt>
   <trkpt lat="49.8535380" lon="18.5819900">
    <ele>293.6</ele>
    <time>2026-05-25T15:50:20Z</time>
   </trkpt>
   <trkpt lat="49.8534980" lon="18.5817880">
    <ele>293.6</ele>
    <time>2026-05-25T15:50:23Z</time>
   </trkpt>
   <trkpt lat="49.8534850" lon="18.5815320">
    <ele>294.0</ele>
    <time>2026-05-25T15:50:28Z</time>
   </trkpt>
   <trkpt lat="49.8534810" lon="18.5813970">
    <ele>295.6</ele>
    <time>2026-05-25T15:50:31Z</time>
   </trkpt>
   <trkpt lat="49.8534650" lon="18.5812730">
    <ele>296.0</ele>
    <time>2026-05-25T15:50:34Z</time>
   </trkpt>
   <trkpt lat="49.8534380" lon="18.5810830">
    <ele>295.4</ele>
    <time>2026-05-25T15:50:39Z</time>
   </trkpt>
   <trkpt lat="49.8534260" lon="18.5810160">
    <ele>295.4</ele>
    <time>2026-05-25T15:50:41Z</time>
   </trkpt>
   <trkpt lat="49.8534030" lon="18.5808560">
    <ele>296.4</ele>
    <time>2026-05-25T15:50:46Z</time>
   </trkpt>
   <trkpt lat="49.8533820" lon="18.5807660">
    <ele>296.4</ele>
    <time>2026-05-25T15:50:49Z</time>
   </trkpt>
   <trkpt lat="49.8533680" lon="18.5807130">
    <ele>296.6</ele>
    <time>2026-05-25T15:50:51Z</time>
   </trkpt>
   <trkpt lat="49.8533610" lon="18.5806880">
    <ele>297.0</ele>
    <time>2026-05-25T15:50:52Z</time>
   </trkpt>
   <trkpt lat="49.8533370" lon="18.5806170">
    <ele>297.4</ele>
    <time>2026-05-25T15:50:56Z</time>
   </trkpt>
   <trkpt lat="49.8533160" lon="18.5805580">
    <ele>298.0</ele>
    <time>2026-05-25T15:51:00Z</time>
   </trkpt>
   <trkpt lat="49.8533010" lon="18.5804960">
    <ele>298.6</ele>
    <time>2026-05-25T15:51:04Z</time>
   </trkpt>
   <trkpt lat="49.8532960" lon="18.5804840">
    <ele>298.8</ele>
    <time>2026-05-25T15:51:05Z</time>
   </trkpt>
   <trkpt lat="49.8532930" lon="18.5804670">
    <ele>299.0</ele>
    <time>2026-05-25T15:51:06Z</time>
   </trkpt>
   <trkpt lat="49.8532640" lon="18.5803700">
    <ele>300.0</ele>
    <time>2026-05-25T15:51:12Z</time>
   </trkpt>
   <trkpt lat="49.8532580" lon="18.5803370">
    <ele>300.2</ele>
    <time>2026-05-25T15:51:14Z</time>
   </trkpt>
   <trkpt lat="49.8532560" lon="18.5803230">
    <ele>300.2</ele>
    <time>2026-05-25T15:51:15Z</time>
   </trkpt>
   <trkpt lat="49.8532380" lon="18.5802660">
    <ele>300.8</ele>
    <time>2026-05-25T15:51:19Z</time>
   </trkpt>
   <trkpt lat="49.8532020" lon="18.5801830">
    <ele>301.4</ele>
    <time>2026-05-25T15:51:24Z</time>
   </trkpt>
   <trkpt lat="49.8531930" lon="18.5801400">
    <ele>301.4</ele>
    <time>2026-05-25T15:51:26Z</time>
   </trkpt>
   <trkpt lat="49.8531770" lon="18.5800770">
    <ele>301.6</ele>
    <time>2026-05-25T15:51:29Z</time>
   </trkpt>
   <trkpt lat="49.8531120" lon="18.5799220">
    <ele>301.8</ele>
    <time>2026-05-25T15:51:36Z</time>
   </trkpt>
   <trkpt lat="49.8530360" lon="18.5797900">
    <ele>301.4</ele>
    <time>2026-05-25T15:51:41Z</time>
   </trkpt>
   <trkpt lat="49.8529960" lon="18.5797160">
    <ele>301.0</ele>
    <time>2026-05-25T15:51:47Z</time>
   </trkpt>
   <trkpt lat="49.8529830" lon="18.5797090">
    <ele>301.0</ele>
    <time>2026-05-25T15:51:53Z</time>
   </trkpt>
   <trkpt lat="49.8529400" lon="18.5797360">
    <ele>301.0</ele>
    <time>2026-05-25T15:51:55Z</time>
   </trkpt>
   <trkpt lat="49.8528870" lon="18.5798660">
    <ele>301.0</ele>
    <time>2026-05-25T15:51:59Z</time>
   </trkpt>
   <trkpt lat="49.8528320" lon="18.5800190">
    <ele>301.2</ele>
    <time>2026-05-25T15:52:04Z</time>
   </trkpt>
   <trkpt lat="49.8528180" lon="18.5800880">
    <ele>301.6</ele>
    <time>2026-05-25T15:52:06Z</time>
   </trkpt>
   <trkpt lat="49.8527910" lon="18.5801580">
    <ele>301.8</ele>
    <time>2026-05-25T15:52:09Z</time>
   </trkpt>
   <trkpt lat="49.8527710" lon="18.5801890">
    <ele>302.2</ele>
    <time>2026-05-25T15:52:11Z</time>
   </trkpt>
   <trkpt lat="49.8527510" lon="18.5802560">
    <ele>302.4</ele>
    <time>2026-05-25T15:52:14Z</time>
   </trkpt>
   <trkpt lat="49.8527260" lon="18.5803190">
    <ele>302.8</ele>
    <time>2026-05-25T15:52:17Z</time>
   </trkpt>
   <trkpt lat="49.8527180" lon="18.5803330">
    <ele>302.8</ele>
    <time>2026-05-25T15:52:18Z</time>
   </trkpt>
   <trkpt lat="49.8527150" lon="18.5803560">
    <ele>302.8</ele>
    <time>2026-05-25T15:52:19Z</time>
   </trkpt>
   <trkpt lat="49.8526960" lon="18.5804300">
    <ele>303.0</ele>
    <time>2026-05-25T15:52:22Z</time>
   </trkpt>
   <trkpt lat="49.8526660" lon="18.5805230">
    <ele>303.4</ele>
    <time>2026-05-25T15:52:26Z</time>
   </trkpt>
   <trkpt lat="49.8526330" lon="18.5806370">
    <ele>303.6</ele>
    <time>2026-05-25T15:52:31Z</time>
   </trkpt>
   <trkpt lat="49.8526120" lon="18.5806920">
    <ele>304.0</ele>
    <time>2026-05-25T15:52:34Z</time>
   </trkpt>
   <trkpt lat="49.8525870" lon="18.5807560">
    <ele>304.2</ele>
    <time>2026-05-25T15:52:37Z</time>
   </trkpt>
   <trkpt lat="49.8525740" lon="18.5807960">
    <ele>304.4</ele>
    <time>2026-05-25T15:52:39Z</time>
   </trkpt>
   <trkpt lat="49.8525390" lon="18.5809110">
    <ele>304.8</ele>
    <time>2026-05-25T15:52:44Z</time>
   </trkpt>
   <trkpt lat="49.8524670" lon="18.5810780">
    <ele>305.2</ele>
    <time>2026-05-25T15:52:52Z</time>
   </trkpt>
   <trkpt lat="49.8524530" lon="18.5811240">
    <ele>305.4</ele>
    <time>2026-05-25T15:52:54Z</time>
   </trkpt>
   <trkpt lat="49.8524490" lon="18.5811440">
    <ele>305.4</ele>
    <time>2026-05-25T15:52:55Z</time>
   </trkpt>
   <trkpt lat="49.8524110" lon="18.5812250">
    <ele>305.8</ele>
    <time>2026-05-25T15:52:59Z</time>
   </trkpt>
   <trkpt lat="49.8523890" lon="18.5812910">
    <ele>305.8</ele>
    <time>2026-05-25T15:53:02Z</time>
   </trkpt>
   <trkpt lat="49.8523510" lon="18.5814220">
    <ele>306.4</ele>
    <time>2026-05-25T15:53:08Z</time>
   </trkpt>
   <trkpt lat="49.8523420" lon="18.5814450">
    <ele>306.6</ele>
    <time>2026-05-25T15:53:09Z</time>
   </trkpt>
   <trkpt lat="49.8523240" lon="18.5814890">
    <ele>306.6</ele>
    <time>2026-05-25T15:53:11Z</time>
   </trkpt>
   <trkpt lat="49.8522290" lon="18.5817020">
    <ele>307.0</ele>
    <time>2026-05-25T15:53:21Z</time>
   </trkpt>
   <trkpt lat="49.8521530" lon="18.5818540">
    <ele>306.6</ele>
    <time>2026-05-25T15:53:26Z</time>
   </trkpt>
   <trkpt lat="49.8520210" lon="18.5820700">
    <ele>306.4</ele>
    <time>2026-05-25T15:53:31Z</time>
   </trkpt>
   <trkpt lat="49.8517770" lon="18.5824750">
    <ele>306.0</ele>
    <time>2026-05-25T15:53:40Z</time>
   </trkpt>
   <trkpt lat="49.8515920" lon="18.5828030">
    <ele>306.0</ele>
    <time>2026-05-25T15:53:47Z</time>
   </trkpt>
   <trkpt lat="49.8514420" lon="18.5830780">
    <ele>305.8</ele>
    <time>2026-05-25T15:53:53Z</time>
   </trkpt>
   <trkpt lat="49.8513670" lon="18.5832030">
    <ele>305.8</ele>
    <time>2026-05-25T15:53:56Z</time>
   </trkpt>
   <trkpt lat="49.8512610" lon="18.5833790">
    <ele>305.8</ele>
    <time>2026-05-25T15:54:00Z</time>
   </trkpt>
   <trkpt lat="49.8511460" lon="18.5835550">
    <ele>305.8</ele>
    <time>2026-05-25T15:54:05Z</time>
   </trkpt>
   <trkpt lat="49.8510390" lon="18.5836980">
    <ele>305.6</ele>
    <time>2026-05-25T15:54:09Z</time>
   </trkpt>
   <trkpt lat="49.8509900" lon="18.5837770">
    <ele>305.6</ele>
    <time>2026-05-25T15:54:11Z</time>
   </trkpt>
   <trkpt lat="49.8508190" lon="18.5840250">
    <ele>305.8</ele>
    <time>2026-05-25T15:54:18Z</time>
   </trkpt>
   <trkpt lat="49.8507420" lon="18.5841350">
    <ele>305.8</ele>
    <time>2026-05-25T15:54:21Z</time>
   </trkpt>
   <trkpt lat="49.8506930" lon="18.5842130">
    <ele>305.8</ele>
    <time>2026-05-25T15:54:23Z</time>
   </trkpt>
   <trkpt lat="49.8505010" lon="18.5845340">
    <ele>305.8</ele>
    <time>2026-05-25T15:54:31Z</time>
   </trkpt>
   <trkpt lat="49.8503880" lon="18.5848670">
    <ele>305.6</ele>
    <time>2026-05-25T15:54:38Z</time>
   </trkpt>
   <trkpt lat="49.8503080" lon="18.5852740">
    <ele>305.6</ele>
    <time>2026-05-25T15:54:45Z</time>
   </trkpt>
   <trkpt lat="49.8503010" lon="18.5853510">
    <ele>305.4</ele>
    <time>2026-05-25T15:54:46Z</time>
   </trkpt>
   <trkpt lat="49.8502930" lon="18.5855040">
    <ele>305.4</ele>
    <time>2026-05-25T15:54:48Z</time>
   </trkpt>
   <trkpt lat="49.8502820" lon="18.5856510">
    <ele>305.0</ele>
    <time>2026-05-25T15:54:50Z</time>
   </trkpt>
   <trkpt lat="49.8502450" lon="18.5858720">
    <ele>304.4</ele>
    <time>2026-05-25T15:54:53Z</time>
   </trkpt>
   <trkpt lat="49.8502310" lon="18.5859450">
    <ele>304.4</ele>
    <time>2026-05-25T15:54:54Z</time>
   </trkpt>
   <trkpt lat="49.8502050" lon="18.5860780">
    <ele>304.4</ele>
    <time>2026-05-25T15:54:56Z</time>
   </trkpt>
   <trkpt lat="49.8501890" lon="18.5861400">
    <ele>304.4</ele>
    <time>2026-05-25T15:54:57Z</time>
   </trkpt>
   <trkpt lat="49.8501270" lon="18.5863210">
    <ele>304.4</ele>
    <time>2026-05-25T15:55:00Z</time>
   </trkpt>
   <trkpt lat="49.8500490" lon="18.5865630">
    <ele>303.8</ele>
    <time>2026-05-25T15:55:04Z</time>
   </trkpt>
   <trkpt lat="49.8499320" lon="18.5869370">
    <ele>303.6</ele>
    <time>2026-05-25T15:55:10Z</time>
   </trkpt>
   <trkpt lat="49.8498150" lon="18.5872860">
    <ele>303.4</ele>
    <time>2026-05-25T15:55:16Z</time>
   </trkpt>
   <trkpt lat="49.8497990" lon="18.5873400">
    <ele>303.4</ele>
    <time>2026-05-25T15:55:17Z</time>
   </trkpt>
   <trkpt lat="49.8497210" lon="18.5876310">
    <ele>303.4</ele>
    <time>2026-05-25T15:55:23Z</time>
   </trkpt>
   <trkpt lat="49.8496690" lon="18.5878980">
    <ele>303.6</ele>
    <time>2026-05-25T15:55:29Z</time>
   </trkpt>
   <trkpt lat="49.8496460" lon="18.5881380">
    <ele>303.2</ele>
    <time>2026-05-25T15:55:33Z</time>
   </trkpt>
   <trkpt lat="49.8496420" lon="18.5882840">
    <ele>302.8</ele>
    <time>2026-05-25T15:55:35Z</time>
   </trkpt>
   <trkpt lat="49.8496450" lon="18.5884490">
    <ele>302.2</ele>
    <time>2026-05-25T15:55:37Z</time>
   </trkpt>
   <trkpt lat="49.8496450" lon="18.5887270">
    <ele>300.8</ele>
    <time>2026-05-25T15:55:40Z</time>
   </trkpt>
   <trkpt lat="49.8496520" lon="18.5888260">
    <ele>300.2</ele>
    <time>2026-05-25T15:55:41Z</time>
   </trkpt>
   <trkpt lat="49.8496630" lon="18.5890310">
    <ele>299.4</ele>
    <time>2026-05-25T15:55:43Z</time>
   </trkpt>
   <trkpt lat="49.8496690" lon="18.5891380">
    <ele>298.2</ele>
    <time>2026-05-25T15:55:44Z</time>
   </trkpt>
   <trkpt lat="49.8496800" lon="18.5893630">
    <ele>296.8</ele>
    <time>2026-05-25T15:55:46Z</time>
   </trkpt>
   <trkpt lat="49.8496830" lon="18.5894580">
    <ele>296.0</ele>
    <time>2026-05-25T15:55:47Z</time>
   </trkpt>
   <trkpt lat="49.8496890" lon="18.5896040">
    <ele>295.4</ele>
    <time>2026-05-25T15:55:48Z</time>
   </trkpt>
   <trkpt lat="49.8497040" lon="18.5899830">
    <ele>294.4</ele>
    <time>2026-05-25T15:55:51Z</time>
   </trkpt>
   <trkpt lat="49.8497120" lon="18.5902260">
    <ele>294.2</ele>
    <time>2026-05-25T15:55:53Z</time>
   </trkpt>
   <trkpt lat="49.8497040" lon="18.5909030">
    <ele>294.2</ele>
    <time>2026-05-25T15:55:59Z</time>
   </trkpt>
   <trkpt lat="49.8496730" lon="18.5916460">
    <ele>294.0</ele>
    <time>2026-05-25T15:56:06Z</time>
   </trkpt>
   <trkpt lat="49.8496560" lon="18.5921100">
    <ele>293.8</ele>
    <time>2026-05-25T15:56:11Z</time>
   </trkpt>
   <trkpt lat="49.8496520" lon="18.5922550">
    <ele>293.8</ele>
    <time>2026-05-25T15:56:13Z</time>
   </trkpt>
   <trkpt lat="49.8496080" lon="18.5923660">
    <ele>293.6</ele>
    <time>2026-05-25T15:56:15Z</time>
   </trkpt>
   <trkpt lat="49.8495220" lon="18.5924080">
    <ele>292.6</ele>
    <time>2026-05-25T15:56:17Z</time>
   </trkpt>
   <trkpt lat="49.8494780" lon="18.5924220">
    <ele>292.6</ele>
    <time>2026-05-25T15:56:18Z</time>
   </trkpt>
   <trkpt lat="49.8493200" lon="18.5924780">
    <ele>292.6</ele>
    <time>2026-05-25T15:56:22Z</time>
   </trkpt>
   <trkpt lat="49.8492230" lon="18.5925040">
    <ele>292.6</ele>
    <time>2026-05-25T15:56:24Z</time>
   </trkpt>
   <trkpt lat="49.8490010" lon="18.5925690">
    <ele>291.4</ele>
    <time>2026-05-25T15:56:28Z</time>
   </trkpt>
   <trkpt lat="49.8489380" lon="18.5925910">
    <ele>290.4</ele>
    <time>2026-05-25T15:56:29Z</time>
   </trkpt>
   <trkpt lat="49.8488690" lon="18.5926140">
    <ele>290.2</ele>
    <time>2026-05-25T15:56:30Z</time>
   </trkpt>
   <trkpt lat="49.8487220" lon="18.5926640">
    <ele>288.8</ele>
    <time>2026-05-25T15:56:32Z</time>
   </trkpt>
   <trkpt lat="49.8484670" lon="18.5927350">
    <ele>286.8</ele>
    <time>2026-05-25T15:56:35Z</time>
   </trkpt>
   <trkpt lat="49.8482720" lon="18.5927970">
    <ele>285.6</ele>
    <time>2026-05-25T15:56:37Z</time>
   </trkpt>
   <trkpt lat="49.8480620" lon="18.5928670">
    <ele>283.2</ele>
    <time>2026-05-25T15:56:39Z</time>
   </trkpt>
   <trkpt lat="49.8479560" lon="18.5928990">
    <ele>281.0</ele>
    <time>2026-05-25T15:56:40Z</time>
   </trkpt>
   <trkpt lat="49.8476590" lon="18.5929910">
    <ele>279.8</ele>
    <time>2026-05-25T15:56:43Z</time>
   </trkpt>
   <trkpt lat="49.8475070" lon="18.5930300">
    <ele>280.0</ele>
    <time>2026-05-25T15:56:45Z</time>
   </trkpt>
   <trkpt lat="49.8473950" lon="18.5930600">
    <ele>281.6</ele>
    <time>2026-05-25T15:56:47Z</time>
   </trkpt>
   <trkpt lat="49.8473490" lon="18.5930710">
    <ele>283.2</ele>
    <time>2026-05-25T15:56:48Z</time>
   </trkpt>
   <trkpt lat="49.8473090" lon="18.5930780">
    <ele>284.2</ele>
    <time>2026-05-25T15:56:49Z</time>
   </trkpt>
   <trkpt lat="49.8472750" lon="18.5930840">
    <ele>284.8</ele>
    <time>2026-05-25T15:56:50Z</time>
   </trkpt>
   <trkpt lat="49.8472260" lon="18.5931010">
    <ele>286.0</ele>
    <time>2026-05-25T15:56:52Z</time>
   </trkpt>
   <trkpt lat="49.8471990" lon="18.5931110">
    <ele>286.6</ele>
    <time>2026-05-25T15:56:54Z</time>
   </trkpt>
   <trkpt lat="49.8471750" lon="18.5931220">
    <ele>287.2</ele>
    <time>2026-05-25T15:56:56Z</time>
   </trkpt>
   <trkpt lat="49.8471110" lon="18.5931490">
    <ele>287.8</ele>
    <time>2026-05-25T15:57:01Z</time>
   </trkpt>
   <trkpt lat="49.8470640" lon="18.5931670">
    <ele>288.2</ele>
    <time>2026-05-25T15:57:05Z</time>
   </trkpt>
   <trkpt lat="49.8470160" lon="18.5931830">
    <ele>288.8</ele>
    <time>2026-05-25T15:57:09Z</time>
   </trkpt>
   <trkpt lat="49.8469930" lon="18.5931870">
    <ele>289.2</ele>
    <time>2026-05-25T15:57:11Z</time>
   </trkpt>
   <trkpt lat="49.8469050" lon="18.5932240">
    <ele>290.0</ele>
    <time>2026-05-25T15:57:18Z</time>
   </trkpt>
   <trkpt lat="49.8468700" lon="18.5932390">
    <ele>290.4</ele>
    <time>2026-05-25T15:57:21Z</time>
   </trkpt>
   <trkpt lat="49.8468160" lon="18.5932530">
    <ele>290.8</ele>
    <time>2026-05-25T15:57:26Z</time>
   </trkpt>
   <trkpt lat="49.8467580" lon="18.5932730">
    <ele>291.0</ele>
    <time>2026-05-25T15:57:30Z</time>
   </trkpt>
   <trkpt lat="49.8467210" lon="18.5932890">
    <ele>291.2</ele>
    <time>2026-05-25T15:57:33Z</time>
   </trkpt>
   <trkpt lat="49.8467090" lon="18.5932940">
    <ele>291.4</ele>
    <time>2026-05-25T15:57:34Z</time>
   </trkpt>
   <trkpt lat="49.8466740" lon="18.5933110">
    <ele>291.6</ele>
    <time>2026-05-25T15:57:37Z</time>
   </trkpt>
   <trkpt lat="49.8465470" lon="18.5933500">
    <ele>292.0</ele>
    <time>2026-05-25T15:57:47Z</time>
   </trkpt>
   <trkpt lat="49.8464000" lon="18.5934020">
    <ele>292.2</ele>
    <time>2026-05-25T15:57:58Z</time>
   </trkpt>
   <trkpt lat="49.8463050" lon="18.5934380">
    <ele>292.4</ele>
    <time>2026-05-25T15:58:05Z</time>
   </trkpt>
   <trkpt lat="49.8462920" lon="18.5934400">
    <ele>292.4</ele>
    <time>2026-05-25T15:58:06Z</time>
   </trkpt>
   <trkpt lat="49.8462490" lon="18.5934540">
    <ele>292.4</ele>
    <time>2026-05-25T15:58:09Z</time>
   </trkpt>
   <trkpt lat="49.8461940" lon="18.5934890">
    <ele>292.4</ele>
    <time>2026-05-25T15:58:13Z</time>
   </trkpt>
   <trkpt lat="49.8461280" lon="18.5934880">
    <ele>292.4</ele>
    <time>2026-05-25T15:58:16Z</time>
   </trkpt>
   <trkpt lat="49.8460340" lon="18.5935200">
    <ele>292.2</ele>
    <time>2026-05-25T15:58:20Z</time>
   </trkpt>
   <trkpt lat="49.8460000" lon="18.5935290">
    <ele>292.2</ele>
    <time>2026-05-25T15:58:21Z</time>
   </trkpt>
   <trkpt lat="49.8457940" lon="18.5935900">
    <ele>292.0</ele>
    <time>2026-05-25T15:58:27Z</time>
   </trkpt>
   <trkpt lat="49.8455840" lon="18.5936480">
    <ele>291.0</ele>
    <time>2026-05-25T15:58:32Z</time>
   </trkpt>
   <trkpt lat="49.8454890" lon="18.5936770">
    <ele>290.6</ele>
    <time>2026-05-25T15:58:34Z</time>
   </trkpt>
   <trkpt lat="49.8453450" lon="18.5937320">
    <ele>290.6</ele>
    <time>2026-05-25T15:58:37Z</time>
   </trkpt>
   <trkpt lat="49.8452530" lon="18.5938180">
    <ele>290.2</ele>
    <time>2026-05-25T15:58:39Z</time>
   </trkpt>
   <trkpt lat="49.8452100" lon="18.5938710">
    <ele>290.0</ele>
    <time>2026-05-25T15:58:40Z</time>
   </trkpt>
   <trkpt lat="49.8451770" lon="18.5939170">
    <ele>289.6</ele>
    <time>2026-05-25T15:58:41Z</time>
   </trkpt>
   <trkpt lat="49.8450850" lon="18.5940330">
    <ele>289.4</ele>
    <time>2026-05-25T15:58:43Z</time>
   </trkpt>
   <trkpt lat="49.8449020" lon="18.5942410">
    <ele>289.4</ele>
    <time>2026-05-25T15:58:48Z</time>
   </trkpt>
   <trkpt lat="49.8447430" lon="18.5944150">
    <ele>289.0</ele>
    <time>2026-05-25T15:58:52Z</time>
   </trkpt>
   <trkpt lat="49.8445850" lon="18.5946000">
    <ele>289.2</ele>
    <time>2026-05-25T15:58:56Z</time>
   </trkpt>
   <trkpt lat="49.8443280" lon="18.5948700">
    <ele>289.0</ele>
    <time>2026-05-25T15:59:03Z</time>
   </trkpt>
   <trkpt lat="49.8442410" lon="18.5949590">
    <ele>288.4</ele>
    <time>2026-05-25T15:59:07Z</time>
   </trkpt>
   <trkpt lat="49.8442220" lon="18.5949720">
    <ele>287.4</ele>
    <time>2026-05-25T15:59:11Z</time>
   </trkpt>
   <trkpt lat="49.8442220" lon="18.5949720">
    <ele>287.4</ele>
    <time>2026-05-25T15:59:19Z</time>
   </trkpt>
   <trkpt lat="49.8442220" lon="18.5949720">
    <ele>287.6</ele>
    <time>2026-05-25T15:59:30Z</time>
   </trkpt>
   <trkpt lat="49.8442220" lon="18.5949720">
    <ele>287.2</ele>
    <time>2026-05-25T16:02:17Z</time>
   </trkpt>
   <trkpt lat="49.8442220" lon="18.5949720">
    <ele>287.2</ele>
    <time>2026-05-25T16:02:18Z</time>
   </trkpt>
   <trkpt lat="49.8442190" lon="18.5949710">
    <ele>287.2</ele>
    <time>2026-05-25T16:02:37Z</time>
   </trkpt>
   <trkpt lat="49.8442180" lon="18.5949720">
    <ele>287.2</ele>
    <time>2026-05-25T16:02:39Z</time>
   </trkpt>
   <trkpt lat="49.8442080" lon="18.5949710">
    <ele>287.2</ele>
    <time>2026-05-25T16:02:40Z</time>
   </trkpt>
   <trkpt lat="49.8441940" lon="18.5949670">
    <ele>287.2</ele>
    <time>2026-05-25T16:02:41Z</time>
   </trkpt>
   <trkpt lat="49.8441230" lon="18.5949790">
    <ele>287.4</ele>
    <time>2026-05-25T16:02:45Z</time>
   </trkpt>
   <trkpt lat="49.8439740" lon="18.5950400">
    <ele>287.0</ele>
    <time>2026-05-25T16:02:50Z</time>
   </trkpt>
   <trkpt lat="49.8437970" lon="18.5950860">
    <ele>286.2</ele>
    <time>2026-05-25T16:02:54Z</time>
   </trkpt>
   <trkpt lat="49.8437110" lon="18.5951030">
    <ele>285.8</ele>
    <time>2026-05-25T16:02:56Z</time>
   </trkpt>
   <trkpt lat="49.8435320" lon="18.5951280">
    <ele>285.4</ele>
    <time>2026-05-25T16:02:59Z</time>
   </trkpt>
   <trkpt lat="49.8434720" lon="18.5951310">
    <ele>285.0</ele>
    <time>2026-05-25T16:03:00Z</time>
   </trkpt>
   <trkpt lat="49.8434080" lon="18.5951250">
    <ele>285.0</ele>
    <time>2026-05-25T16:03:01Z</time>
   </trkpt>
   <trkpt lat="49.8432140" lon="18.5951050">
    <ele>283.2</ele>
    <time>2026-05-25T16:03:04Z</time>
   </trkpt>
   <trkpt lat="49.8431490" lon="18.5951140">
    <ele>283.0</ele>
    <time>2026-05-25T16:03:05Z</time>
   </trkpt>
   <trkpt lat="49.8430830" lon="18.5951260">
    <ele>282.6</ele>
    <time>2026-05-25T16:03:06Z</time>
   </trkpt>
   <trkpt lat="49.8430160" lon="18.5951290">
    <ele>282.2</ele>
    <time>2026-05-25T16:03:07Z</time>
   </trkpt>
   <trkpt lat="49.8428030" lon="18.5951430">
    <ele>281.2</ele>
    <time>2026-05-25T16:03:10Z</time>
   </trkpt>
   <trkpt lat="49.8426530" lon="18.5951620">
    <ele>280.6</ele>
    <time>2026-05-25T16:03:12Z</time>
   </trkpt>
   <trkpt lat="49.8425000" lon="18.5951860">
    <ele>279.8</ele>
    <time>2026-05-25T16:03:14Z</time>
   </trkpt>
   <trkpt lat="49.8422590" lon="18.5952440">
    <ele>277.6</ele>
    <time>2026-05-25T16:03:17Z</time>
   </trkpt>
   <trkpt lat="49.8421760" lon="18.5952640">
    <ele>276.0</ele>
    <time>2026-05-25T16:03:18Z</time>
   </trkpt>
   <trkpt lat="49.8420870" lon="18.5952920">
    <ele>275.0</ele>
    <time>2026-05-25T16:03:19Z</time>
   </trkpt>
   <trkpt lat="49.8419120" lon="18.5953670">
    <ele>273.4</ele>
    <time>2026-05-25T16:03:21Z</time>
   </trkpt>
   <trkpt lat="49.8418250" lon="18.5954060">
    <ele>272.2</ele>
    <time>2026-05-25T16:03:22Z</time>
   </trkpt>
   <trkpt lat="49.8417370" lon="18.5954530">
    <ele>270.8</ele>
    <time>2026-05-25T16:03:23Z</time>
   </trkpt>
   <trkpt lat="49.8416460" lon="18.5955130">
    <ele>269.0</ele>
    <time>2026-05-25T16:03:24Z</time>
   </trkpt>
   <trkpt lat="49.8414640" lon="18.5956360">
    <ele>267.8</ele>
    <time>2026-05-25T16:03:26Z</time>
   </trkpt>
   <trkpt lat="49.8412730" lon="18.5957460">
    <ele>266.2</ele>
    <time>2026-05-25T16:03:28Z</time>
   </trkpt>
   <trkpt lat="49.8410880" lon="18.5958560">
    <ele>263.4</ele>
    <time>2026-05-25T16:03:30Z</time>
   </trkpt>
   <trkpt lat="49.8408770" lon="18.5959680">
    <ele>263.0</ele>
    <time>2026-05-25T16:03:33Z</time>
   </trkpt>
   <trkpt lat="49.8407660" lon="18.5959220">
    <ele>263.2</ele>
    <time>2026-05-25T16:03:35Z</time>
   </trkpt>
   <trkpt lat="49.8407350" lon="18.5957800">
    <ele>264.0</ele>
    <time>2026-05-25T16:03:37Z</time>
   </trkpt>
   <trkpt lat="49.8407420" lon="18.5957110">
    <ele>264.2</ele>
    <time>2026-05-25T16:03:38Z</time>
   </trkpt>
   <trkpt lat="49.8407520" lon="18.5956490">
    <ele>264.4</ele>
    <time>2026-05-25T16:03:39Z</time>
   </trkpt>
   <trkpt lat="49.8407550" lon="18.5955490">
    <ele>264.4</ele>
    <time>2026-05-25T16:03:41Z</time>
   </trkpt>
   <trkpt lat="49.8407460" lon="18.5955030">
    <ele>264.6</ele>
    <time>2026-05-25T16:03:42Z</time>
   </trkpt>
   <trkpt lat="49.8406990" lon="18.5954190">
    <ele>265.4</ele>
    <time>2026-05-25T16:03:45Z</time>
   </trkpt>
   <trkpt lat="49.8406860" lon="18.5954060">
    <ele>266.2</ele>
    <time>2026-05-25T16:03:46Z</time>
   </trkpt>
   <trkpt lat="49.8406180" lon="18.5953800">
    <ele>267.0</ele>
    <time>2026-05-25T16:03:51Z</time>
   </trkpt>
   <trkpt lat="49.8405920" lon="18.5953710">
    <ele>267.2</ele>
    <time>2026-05-25T16:03:53Z</time>
   </trkpt>
   <trkpt lat="49.8405370" lon="18.5953700">
    <ele>267.6</ele>
    <time>2026-05-25T16:03:57Z</time>
   </trkpt>
   <trkpt lat="49.8405240" lon="18.5953680">
    <ele>267.8</ele>
    <time>2026-05-25T16:03:58Z</time>
   </trkpt>
   <trkpt lat="49.8404820" lon="18.5953690">
    <ele>268.2</ele>
    <time>2026-05-25T16:04:01Z</time>
   </trkpt>
   <trkpt lat="49.8403840" lon="18.5953550">
    <ele>268.8</ele>
    <time>2026-05-25T16:04:08Z</time>
   </trkpt>
   <trkpt lat="49.8402600" lon="18.5953440">
    <ele>269.2</ele>
    <time>2026-05-25T16:04:18Z</time>
   </trkpt>
   <trkpt lat="49.8402500" lon="18.5953390">
    <ele>269.2</ele>
    <time>2026-05-25T16:04:19Z</time>
   </trkpt>
   <trkpt lat="49.8401460" lon="18.5953090">
    <ele>270.0</ele>
    <time>2026-05-25T16:04:27Z</time>
   </trkpt>
   <trkpt lat="49.8401350" lon="18.5953030">
    <ele>270.0</ele>
    <time>2026-05-25T16:04:28Z</time>
   </trkpt>
   <trkpt lat="49.8400850" lon="18.5952880">
    <ele>270.4</ele>
    <time>2026-05-25T16:04:32Z</time>
   </trkpt>
   <trkpt lat="49.8400500" lon="18.5952620">
    <ele>270.8</ele>
    <time>2026-05-25T16:04:35Z</time>
   </trkpt>
   <trkpt lat="49.8400400" lon="18.5952440">
    <ele>270.8</ele>
    <time>2026-05-25T16:04:36Z</time>
   </trkpt>
   <trkpt lat="49.8399980" lon="18.5951180">
    <ele>271.4</ele>
    <time>2026-05-25T16:04:43Z</time>
   </trkpt>
   <trkpt lat="49.8400020" lon="18.5950700">
    <ele>271.6</ele>
    <time>2026-05-25T16:04:45Z</time>
   </trkpt>
   <trkpt lat="49.8400230" lon="18.5949200">
    <ele>272.2</ele>
    <time>2026-05-25T16:04:53Z</time>
   </trkpt>
   <trkpt lat="49.8400260" lon="18.5948740">
    <ele>272.6</ele>
    <time>2026-05-25T16:04:55Z</time>
   </trkpt>
   <trkpt lat="49.8400410" lon="18.5947020">
    <ele>272.6</ele>
    <time>2026-05-25T16:05:03Z</time>
   </trkpt>
   <trkpt lat="49.8400410" lon="18.5946770">
    <ele>272.8</ele>
    <time>2026-05-25T16:05:04Z</time>
   </trkpt>
   <trkpt lat="49.8400460" lon="18.5945750">
    <ele>273.6</ele>
    <time>2026-05-25T16:05:09Z</time>
   </trkpt>
   <trkpt lat="49.8400550" lon="18.5945360">
    <ele>274.0</ele>
    <time>2026-05-25T16:05:11Z</time>
   </trkpt>
   <trkpt lat="49.8400630" lon="18.5944920">
    <ele>274.2</ele>
    <time>2026-05-25T16:05:13Z</time>
   </trkpt>
   <trkpt lat="49.8400870" lon="18.5943790">
    <ele>274.4</ele>
    <time>2026-05-25T16:05:19Z</time>
   </trkpt>
   <trkpt lat="49.8400960" lon="18.5943320">
    <ele>274.6</ele>
    <time>2026-05-25T16:05:21Z</time>
   </trkpt>
   <trkpt lat="49.8401130" lon="18.5942110">
    <ele>275.4</ele>
    <time>2026-05-25T16:05:27Z</time>
   </trkpt>
   <trkpt lat="49.8401210" lon="18.5941700">
    <ele>275.8</ele>
    <time>2026-05-25T16:05:29Z</time>
   </trkpt>
   <trkpt lat="49.8401150" lon="18.5940130">
    <ele>276.4</ele>
    <time>2026-05-25T16:05:36Z</time>
   </trkpt>
   <trkpt lat="49.8401110" lon="18.5939710">
    <ele>276.8</ele>
    <time>2026-05-25T16:05:38Z</time>
   </trkpt>
   <trkpt lat="49.8400900" lon="18.5938310">
    <ele>277.2</ele>
    <time>2026-05-25T16:05:45Z</time>
   </trkpt>
   <trkpt lat="49.8400860" lon="18.5938110">
    <ele>277.4</ele>
    <time>2026-05-25T16:05:46Z</time>
   </trkpt>
   <trkpt lat="49.8400820" lon="18.5937940">
    <ele>277.4</ele>
    <time>2026-05-25T16:05:47Z</time>
   </trkpt>
   <trkpt lat="49.8400640" lon="18.5937330">
    <ele>277.6</ele>
    <time>2026-05-25T16:05:50Z</time>
   </trkpt>
   <trkpt lat="49.8400580" lon="18.5937150">
    <ele>277.8</ele>
    <time>2026-05-25T16:05:51Z</time>
   </trkpt>
   <trkpt lat="49.8400350" lon="18.5936190">
    <ele>278.6</ele>
    <time>2026-05-25T16:05:56Z</time>
   </trkpt>
   <trkpt lat="49.8399920" lon="18.5935020">
    <ele>278.6</ele>
    <time>2026-05-25T16:06:02Z</time>
   </trkpt>
   <trkpt lat="49.8399660" lon="18.5934350">
    <ele>278.6</ele>
    <time>2026-05-25T16:06:05Z</time>
   </trkpt>
   <trkpt lat="49.8398560" lon="18.5931240">
    <ele>278.4</ele>
    <time>2026-05-25T16:06:17Z</time>
   </trkpt>
   <trkpt lat="49.8397400" lon="18.5928220">
    <ele>278.0</ele>
    <time>2026-05-25T16:06:27Z</time>
   </trkpt>
   <trkpt lat="49.8396010" lon="18.5924800">
    <ele>278.6</ele>
    <time>2026-05-25T16:06:37Z</time>
   </trkpt>
   <trkpt lat="49.8395820" lon="18.5924360">
    <ele>278.4</ele>
    <time>2026-05-25T16:06:38Z</time>
   </trkpt>
   <trkpt lat="49.8394390" lon="18.5920610">
    <ele>278.4</ele>
    <time>2026-05-25T16:06:46Z</time>
   </trkpt>
   <trkpt lat="49.8394220" lon="18.5920090">
    <ele>279.4</ele>
    <time>2026-05-25T16:06:47Z</time>
   </trkpt>
   <trkpt lat="49.8393420" lon="18.5916850">
    <ele>279.2</ele>
    <time>2026-05-25T16:06:53Z</time>
   </trkpt>
   <trkpt lat="49.8393180" lon="18.5915630">
    <ele>277.8</ele>
    <time>2026-05-25T16:06:55Z</time>
   </trkpt>
   <trkpt lat="49.8392270" lon="18.5913640">
    <ele>275.8</ele>
    <time>2026-05-25T16:06:58Z</time>
   </trkpt>
   <trkpt lat="49.8391860" lon="18.5912920">
    <ele>274.8</ele>
    <time>2026-05-25T16:06:59Z</time>
   </trkpt>
   <trkpt lat="49.8391400" lon="18.5912180">
    <ele>274.4</ele>
    <time>2026-05-25T16:07:00Z</time>
   </trkpt>
   <trkpt lat="49.8390350" lon="18.5910630">
    <ele>273.2</ele>
    <time>2026-05-25T16:07:02Z</time>
   </trkpt>
   <trkpt lat="49.8389790" lon="18.5909760">
    <ele>272.6</ele>
    <time>2026-05-25T16:07:03Z</time>
   </trkpt>
   <trkpt lat="49.8389280" lon="18.5908750">
    <ele>271.6</ele>
    <time>2026-05-25T16:07:04Z</time>
   </trkpt>
   <trkpt lat="49.8388850" lon="18.5907590">
    <ele>269.0</ele>
    <time>2026-05-25T16:07:05Z</time>
   </trkpt>
   <trkpt lat="49.8388690" lon="18.5906350">
    <ele>267.2</ele>
    <time>2026-05-25T16:07:06Z</time>
   </trkpt>
   <trkpt lat="49.8388740" lon="18.5905070">
    <ele>265.0</ele>
    <time>2026-05-25T16:07:07Z</time>
   </trkpt>
   <trkpt lat="49.8388940" lon="18.5904120">
    <ele>263.8</ele>
    <time>2026-05-25T16:07:08Z</time>
   </trkpt>
   <trkpt lat="49.8389200" lon="18.5903360">
    <ele>263.6</ele>
    <time>2026-05-25T16:07:09Z</time>
   </trkpt>
   <trkpt lat="49.8389290" lon="18.5901620">
    <ele>263.6</ele>
    <time>2026-05-25T16:07:11Z</time>
   </trkpt>
   <trkpt lat="49.8388520" lon="18.5900610">
    <ele>264.0</ele>
    <time>2026-05-25T16:07:13Z</time>
   </trkpt>
   <trkpt lat="49.8384840" lon="18.5899630">
    <ele>264.0</ele>
    <time>2026-05-25T16:07:20Z</time>
   </trkpt>
   <trkpt lat="49.8382380" lon="18.5899670">
    <ele>264.4</ele>
    <time>2026-05-25T16:07:25Z</time>
   </trkpt>
   <trkpt lat="49.8381140" lon="18.5899920">
    <ele>264.8</ele>
    <time>2026-05-25T16:07:28Z</time>
   </trkpt>
   <trkpt lat="49.8380160" lon="18.5900030">
    <ele>265.8</ele>
    <time>2026-05-25T16:07:31Z</time>
   </trkpt>
   <trkpt lat="49.8379940" lon="18.5900050">
    <ele>266.0</ele>
    <time>2026-05-25T16:07:32Z</time>
   </trkpt>
   <trkpt lat="49.8379460" lon="18.5899990">
    <ele>267.0</ele>
    <time>2026-05-25T16:07:35Z</time>
   </trkpt>
   <trkpt lat="49.8379310" lon="18.5899940">
    <ele>267.2</ele>
    <time>2026-05-25T16:07:36Z</time>
   </trkpt>
   <trkpt lat="49.8378290" lon="18.5899900">
    <ele>267.8</ele>
    <time>2026-05-25T16:07:41Z</time>
   </trkpt>
   <trkpt lat="49.8378120" lon="18.5899870">
    <ele>268.2</ele>
    <time>2026-05-25T16:07:42Z</time>
   </trkpt>
   <trkpt lat="49.8378020" lon="18.5899860">
    <ele>268.2</ele>
    <time>2026-05-25T16:07:43Z</time>
   </trkpt>
   <trkpt lat="49.8377770" lon="18.5899740">
    <ele>268.6</ele>
    <time>2026-05-25T16:07:45Z</time>
   </trkpt>
   <trkpt lat="49.8377090" lon="18.5899620">
    <ele>269.2</ele>
    <time>2026-05-25T16:07:49Z</time>
   </trkpt>
   <trkpt lat="49.8376550" lon="18.5899240">
    <ele>269.8</ele>
    <time>2026-05-25T16:07:53Z</time>
   </trkpt>
   <trkpt lat="49.8375570" lon="18.5898760">
    <ele>270.2</ele>
    <time>2026-05-25T16:07:59Z</time>
   </trkpt>
   <trkpt lat="49.8374460" lon="18.5898310">
    <ele>270.8</ele>
    <time>2026-05-25T16:08:06Z</time>
   </trkpt>
   <trkpt lat="49.8373250" lon="18.5897650">
    <ele>271.2</ele>
    <time>2026-05-25T16:08:14Z</time>
   </trkpt>
   <trkpt lat="49.8372940" lon="18.5897580">
    <ele>271.4</ele>
    <time>2026-05-25T16:08:16Z</time>
   </trkpt>
   <trkpt lat="49.8372770" lon="18.5897530">
    <ele>271.4</ele>
    <time>2026-05-25T16:08:17Z</time>
   </trkpt>
   <trkpt lat="49.8372070" lon="18.5896990">
    <ele>272.2</ele>
    <time>2026-05-25T16:08:22Z</time>
   </trkpt>
   <trkpt lat="49.8371270" lon="18.5896590">
    <ele>272.4</ele>
    <time>2026-05-25T16:08:27Z</time>
   </trkpt>
   <trkpt lat="49.8371150" lon="18.5896400">
    <ele>272.4</ele>
    <time>2026-05-25T16:08:28Z</time>
   </trkpt>
   <trkpt lat="49.8371010" lon="18.5896220">
    <ele>272.4</ele>
    <time>2026-05-25T16:08:29Z</time>
   </trkpt>
   <trkpt lat="49.8370710" lon="18.5895750">
    <ele>272.8</ele>
    <time>2026-05-25T16:08:32Z</time>
   </trkpt>
   <trkpt lat="49.8370280" lon="18.5895270">
    <ele>273.4</ele>
    <time>2026-05-25T16:08:36Z</time>
   </trkpt>
   <trkpt lat="49.8370150" lon="18.5895140">
    <ele>273.4</ele>
    <time>2026-05-25T16:08:37Z</time>
   </trkpt>
   <trkpt lat="49.8369740" lon="18.5894450">
    <ele>274.0</ele>
    <time>2026-05-25T16:08:41Z</time>
   </trkpt>
   <trkpt lat="49.8369440" lon="18.5893840">
    <ele>274.4</ele>
    <time>2026-05-25T16:08:44Z</time>
   </trkpt>
   <trkpt lat="49.8369060" lon="18.5893250">
    <ele>275.4</ele>
    <time>2026-05-25T16:08:48Z</time>
   </trkpt>
   <trkpt lat="49.8368890" lon="18.5893010">
    <ele>275.8</ele>
    <time>2026-05-25T16:08:51Z</time>
   </trkpt>
   <trkpt lat="49.8368570" lon="18.5892360">
    <ele>276.6</ele>
    <time>2026-05-25T16:08:55Z</time>
   </trkpt>
   <trkpt lat="49.8368320" lon="18.5891650">
    <ele>277.4</ele>
    <time>2026-05-25T16:08:59Z</time>
   </trkpt>
   <trkpt lat="49.8368250" lon="18.5891260">
    <ele>277.6</ele>
    <time>2026-05-25T16:09:01Z</time>
   </trkpt>
   <trkpt lat="49.8368170" lon="18.5891080">
    <ele>277.8</ele>
    <time>2026-05-25T16:09:02Z</time>
   </trkpt>
   <trkpt lat="49.8367900" lon="18.5890840">
    <ele>278.4</ele>
    <time>2026-05-25T16:09:04Z</time>
   </trkpt>
   <trkpt lat="49.8367810" lon="18.5890690">
    <ele>278.4</ele>
    <time>2026-05-25T16:09:05Z</time>
   </trkpt>
   <trkpt lat="49.8367750" lon="18.5890490">
    <ele>278.8</ele>
    <time>2026-05-25T16:09:06Z</time>
   </trkpt>
   <trkpt lat="49.8367580" lon="18.5890120">
    <ele>279.4</ele>
    <time>2026-05-25T16:09:08Z</time>
   </trkpt>
   <trkpt lat="49.8367480" lon="18.5889970">
    <ele>279.4</ele>
    <time>2026-05-25T16:09:09Z</time>
   </trkpt>
   <trkpt lat="49.8367310" lon="18.5889630">
    <ele>280.0</ele>
    <time>2026-05-25T16:09:11Z</time>
   </trkpt>
   <trkpt lat="49.8367180" lon="18.5889240">
    <ele>280.2</ele>
    <time>2026-05-25T16:09:13Z</time>
   </trkpt>
   <trkpt lat="49.8367030" lon="18.5888880">
    <ele>280.4</ele>
    <time>2026-05-25T16:09:15Z</time>
   </trkpt>
   <trkpt lat="49.8366720" lon="18.5888330">
    <ele>280.6</ele>
    <time>2026-05-25T16:09:18Z</time>
   </trkpt>
   <trkpt lat="49.8366250" lon="18.5886990">
    <ele>281.0</ele>
    <time>2026-05-25T16:09:24Z</time>
   </trkpt>
   <trkpt lat="49.8365930" lon="18.5886400">
    <ele>281.2</ele>
    <time>2026-05-25T16:09:27Z</time>
   </trkpt>
   <trkpt lat="49.8364700" lon="18.5885480">
    <ele>282.0</ele>
    <time>2026-05-25T16:09:35Z</time>
   </trkpt>
   <trkpt lat="49.8364410" lon="18.5885410">
    <ele>282.0</ele>
    <time>2026-05-25T16:09:37Z</time>
   </trkpt>
   <trkpt lat="49.8363230" lon="18.5885150">
    <ele>283.0</ele>
    <time>2026-05-25T16:09:45Z</time>
   </trkpt>
   <trkpt lat="49.8362810" lon="18.5885090">
    <ele>283.2</ele>
    <time>2026-05-25T16:09:48Z</time>
   </trkpt>
   <trkpt lat="49.8361520" lon="18.5884770">
    <ele>283.8</ele>
    <time>2026-05-25T16:09:56Z</time>
   </trkpt>
   <trkpt lat="49.8360050" lon="18.5884310">
    <ele>284.2</ele>
    <time>2026-05-25T16:10:04Z</time>
   </trkpt>
   <trkpt lat="49.8359850" lon="18.5884210">
    <ele>284.4</ele>
    <time>2026-05-25T16:10:05Z</time>
   </trkpt>
   <trkpt lat="49.8358600" lon="18.5883240">
    <ele>285.0</ele>
    <time>2026-05-25T16:10:13Z</time>
   </trkpt>
   <trkpt lat="49.8357790" lon="18.5882580">
    <ele>285.4</ele>
    <time>2026-05-25T16:10:19Z</time>
   </trkpt>
   <trkpt lat="49.8357570" lon="18.5882370">
    <ele>285.6</ele>
    <time>2026-05-25T16:10:21Z</time>
   </trkpt>
   <trkpt lat="49.8356350" lon="18.5881910">
    <ele>286.2</ele>
    <time>2026-05-25T16:10:29Z</time>
   </trkpt>
   <trkpt lat="49.8356080" lon="18.5881770">
    <ele>286.4</ele>
    <time>2026-05-25T16:10:31Z</time>
   </trkpt>
   <trkpt lat="49.8354470" lon="18.5881180">
    <ele>286.8</ele>
    <time>2026-05-25T16:10:42Z</time>
   </trkpt>
   <trkpt lat="49.8353830" lon="18.5880990">
    <ele>287.2</ele>
    <time>2026-05-25T16:10:46Z</time>
   </trkpt>
   <trkpt lat="49.8353360" lon="18.5880980">
    <ele>287.4</ele>
    <time>2026-05-25T16:10:49Z</time>
   </trkpt>
   <trkpt lat="49.8353240" lon="18.5880930">
    <ele>287.4</ele>
    <time>2026-05-25T16:10:50Z</time>
   </trkpt>
   <trkpt lat="49.8352670" lon="18.5880890">
    <ele>287.4</ele>
    <time>2026-05-25T16:10:53Z</time>
   </trkpt>
   <trkpt lat="49.8351340" lon="18.5880910">
    <ele>287.6</ele>
    <time>2026-05-25T16:11:00Z</time>
   </trkpt>
   <trkpt lat="49.8349880" lon="18.5881160">
    <ele>288.0</ele>
    <time>2026-05-25T16:11:07Z</time>
   </trkpt>
   <trkpt lat="49.8348200" lon="18.5881250">
    <ele>288.0</ele>
    <time>2026-05-25T16:11:14Z</time>
   </trkpt>
   <trkpt lat="49.8347640" lon="18.5881370">
    <ele>288.0</ele>
    <time>2026-05-25T16:11:16Z</time>
   </trkpt>
   <trkpt lat="49.8347340" lon="18.5881340">
    <ele>288.0</ele>
    <time>2026-05-25T16:11:17Z</time>
   </trkpt>
   <trkpt lat="49.8346430" lon="18.5881490">
    <ele>288.4</ele>
    <time>2026-05-25T16:11:21Z</time>
   </trkpt>
   <trkpt lat="49.8346010" lon="18.5881710">
    <ele>288.4</ele>
    <time>2026-05-25T16:11:23Z</time>
   </trkpt>
   <trkpt lat="49.8344340" lon="18.5882080">
    <ele>288.6</ele>
    <time>2026-05-25T16:11:30Z</time>
   </trkpt>
   <trkpt lat="49.8342310" lon="18.5882460">
    <ele>289.4</ele>
    <time>2026-05-25T16:11:39Z</time>
   </trkpt>
   <trkpt lat="49.8340940" lon="18.5882830">
    <ele>289.8</ele>
    <time>2026-05-25T16:11:45Z</time>
   </trkpt>
   <trkpt lat="49.8338990" lon="18.5883140">
    <ele>290.0</ele>
    <time>2026-05-25T16:11:52Z</time>
   </trkpt>
   <trkpt lat="49.8336790" lon="18.5882930">
    <ele>289.8</ele>
    <time>2026-05-25T16:11:59Z</time>
   </trkpt>
   <trkpt lat="49.8336220" lon="18.5882780">
    <ele>290.0</ele>
    <time>2026-05-25T16:12:01Z</time>
   </trkpt>
   <trkpt lat="49.8334600" lon="18.5882520">
    <ele>290.6</ele>
    <time>2026-05-25T16:12:07Z</time>
   </trkpt>
   <trkpt lat="49.8333790" lon="18.5882280">
    <ele>290.8</ele>
    <time>2026-05-25T16:12:10Z</time>
   </trkpt>
   <trkpt lat="49.8332530" lon="18.5881960">
    <ele>290.8</ele>
    <time>2026-05-25T16:12:15Z</time>
   </trkpt>
   <trkpt lat="49.8331810" lon="18.5881740">
    <ele>291.0</ele>
    <time>2026-05-25T16:12:18Z</time>
   </trkpt>
   <trkpt lat="49.8330420" lon="18.5881130">
    <ele>291.2</ele>
    <time>2026-05-25T16:12:24Z</time>
   </trkpt>
   <trkpt lat="49.8328800" lon="18.5880380">
    <ele>291.6</ele>
    <time>2026-05-25T16:12:31Z</time>
   </trkpt>
   <trkpt lat="49.8328560" lon="18.5880290">
    <ele>291.8</ele>
    <time>2026-05-25T16:12:32Z</time>
   </trkpt>
   <trkpt lat="49.8326350" lon="18.5879280">
    <ele>292.2</ele>
    <time>2026-05-25T16:12:41Z</time>
   </trkpt>
   <trkpt lat="49.8325480" lon="18.5879930">
    <ele>292.4</ele>
    <time>2026-05-25T16:12:45Z</time>
   </trkpt>
   <trkpt lat="49.8324370" lon="18.5882150">
    <ele>292.6</ele>
    <time>2026-05-25T16:12:52Z</time>
   </trkpt>
   <trkpt lat="49.8323970" lon="18.5883160">
    <ele>292.6</ele>
    <time>2026-05-25T16:12:55Z</time>
   </trkpt>
   <trkpt lat="49.8322970" lon="18.5885550">
    <ele>292.8</ele>
    <time>2026-05-25T16:13:02Z</time>
   </trkpt>
   <trkpt lat="49.8322850" lon="18.5885550">
    <ele>292.8</ele>
    <time>2026-05-25T16:13:03Z</time>
   </trkpt>
   <trkpt lat="49.8322560" lon="18.5885120">
    <ele>292.6</ele>
    <time>2026-05-25T16:13:05Z</time>
   </trkpt>
   <trkpt lat="49.8321370" lon="18.5883970">
    <ele>292.6</ele>
    <time>2026-05-25T16:13:10Z</time>
   </trkpt>
   <trkpt lat="49.8320520" lon="18.5882970">
    <ele>292.0</ele>
    <time>2026-05-25T16:13:15Z</time>
   </trkpt>
   <trkpt lat="49.8320110" lon="18.5882560">
    <ele>292.0</ele>
    <time>2026-05-25T16:13:17Z</time>
   </trkpt>
   <trkpt lat="49.8319880" lon="18.5882340">
    <ele>292.0</ele>
    <time>2026-05-25T16:13:18Z</time>
   </trkpt>
   <trkpt lat="49.8319300" lon="18.5881790">
    <ele>292.0</ele>
    <time>2026-05-25T16:13:20Z</time>
   </trkpt>
   <trkpt lat="49.8318230" lon="18.5880710">
    <ele>290.8</ele>
    <time>2026-05-25T16:13:23Z</time>
   </trkpt>
   <trkpt lat="49.8317920" lon="18.5880400">
    <ele>290.6</ele>
    <time>2026-05-25T16:13:24Z</time>
   </trkpt>
   <trkpt lat="49.8317110" lon="18.5879770">
    <ele>290.2</ele>
    <time>2026-05-25T16:13:27Z</time>
   </trkpt>
   <trkpt lat="49.8315910" lon="18.5878700">
    <ele>289.2</ele>
    <time>2026-05-25T16:13:31Z</time>
   </trkpt>
   <trkpt lat="49.8315600" lon="18.5878570">
    <ele>288.6</ele>
    <time>2026-05-25T16:13:32Z</time>
   </trkpt>
   <trkpt lat="49.8315300" lon="18.5878440">
    <ele>288.4</ele>
    <time>2026-05-25T16:13:33Z</time>
   </trkpt>
   <trkpt lat="49.8315040" lon="18.5878300">
    <ele>288.2</ele>
    <time>2026-05-25T16:13:34Z</time>
   </trkpt>
   <trkpt lat="49.8314560" lon="18.5878380">
    <ele>288.0</ele>
    <time>2026-05-25T16:13:36Z</time>
   </trkpt>
   <trkpt lat="49.8314380" lon="18.5878590">
    <ele>287.8</ele>
    <time>2026-05-25T16:13:37Z</time>
   </trkpt>
   <trkpt lat="49.8314260" lon="18.5878850">
    <ele>287.6</ele>
    <time>2026-05-25T16:13:41Z</time>
   </trkpt>
   <trkpt lat="49.8314260" lon="18.5879000">
    <ele>287.6</ele>
    <time>2026-05-25T16:13:47Z</time>
   </trkpt>
   <trkpt lat="49.8314260" lon="18.5879010">
    <ele>287.8</ele>
    <time>2026-05-25T16:13:55Z</time>
   </trkpt>
   <trkpt lat="49.8314260" lon="18.5879010">
    <ele>287.6</ele>
    <time>2026-05-25T16:14:01Z</time>
   </trkpt>
   <trkpt lat="49.8314170" lon="18.5878820">
    <ele>287.8</ele>
    <time>2026-05-25T16:14:03Z</time>
   </trkpt>
   <trkpt lat="49.8314360" lon="18.5878410">
    <ele>287.6</ele>
    <time>2026-05-25T16:14:06Z</time>
   </trkpt>
   <trkpt lat="49.8314860" lon="18.5877720">
    <ele>287.6</ele>
    <time>2026-05-25T16:14:12Z</time>
   </trkpt>
   <trkpt lat="49.8315010" lon="18.5877710">
    <ele>287.6</ele>
    <time>2026-05-25T16:14:13Z</time>
   </trkpt>
   <trkpt lat="49.8315080" lon="18.5877760">
    <ele>287.6</ele>
    <time>2026-05-25T16:14:14Z</time>
   </trkpt>
   <trkpt lat="49.8315040" lon="18.5877630">
    <ele>287.8</ele>
    <time>2026-05-25T16:14:18Z</time>
   </trkpt>
   <trkpt lat="49.8314800" lon="18.5877340">
    <ele>287.6</ele>
    <time>2026-05-25T16:14:21Z</time>
   </trkpt>
   <trkpt lat="49.8314350" lon="18.5877040">
    <ele>287.6</ele>
    <time>2026-05-25T16:14:23Z</time>
   </trkpt>
   <trkpt lat="49.8313720" lon="18.5877380">
    <ele>287.2</ele>
    <time>2026-05-25T16:14:25Z</time>
   </trkpt>
   <trkpt lat="49.8313500" lon="18.5877810">
    <ele>286.8</ele>
    <time>2026-05-25T16:14:26Z</time>
   </trkpt>
   <trkpt lat="49.8312830" lon="18.5879750">
    <ele>286.2</ele>
    <time>2026-05-25T16:14:30Z</time>
   </trkpt>
   <trkpt lat="49.8312100" lon="18.5881670">
    <ele>286.6</ele>
    <time>2026-05-25T16:14:35Z</time>
   </trkpt>
   <trkpt lat="49.8311760" lon="18.5882730">
    <ele>287.2</ele>
    <time>2026-05-25T16:14:38Z</time>
   </trkpt>
   <trkpt lat="49.8311690" lon="18.5883690">
    <ele>287.6</ele>
    <time>2026-05-25T16:14:41Z</time>
   </trkpt>
   <trkpt lat="49.8312330" lon="18.5884670">
    <ele>287.8</ele>
    <time>2026-05-25T16:14:46Z</time>
   </trkpt>
   <trkpt lat="49.8312710" lon="18.5884990">
    <ele>288.2</ele>
    <time>2026-05-25T16:14:49Z</time>
   </trkpt>
   <trkpt lat="49.8313350" lon="18.5885670">
    <ele>288.8</ele>
    <time>2026-05-25T16:14:54Z</time>
   </trkpt>
   <trkpt lat="49.8314110" lon="18.5886320">
    <ele>289.2</ele>
    <time>2026-05-25T16:15:00Z</time>
   </trkpt>
   <trkpt lat="49.8314530" lon="18.5886780">
    <ele>289.6</ele>
    <time>2026-05-25T16:15:04Z</time>
   </trkpt>
   <trkpt lat="49.8315030" lon="18.5887270">
    <ele>290.2</ele>
    <time>2026-05-25T16:15:09Z</time>
   </trkpt>
   <trkpt lat="49.8315110" lon="18.5887420">
    <ele>290.2</ele>
    <time>2026-05-25T16:15:10Z</time>
   </trkpt>
   <trkpt lat="49.8315220" lon="18.5887560">
    <ele>290.4</ele>
    <time>2026-05-25T16:15:11Z</time>
   </trkpt>
   <trkpt lat="49.8315520" lon="18.5887900">
    <ele>290.6</ele>
    <time>2026-05-25T16:15:14Z</time>
   </trkpt>
   <trkpt lat="49.8316060" lon="18.5888210">
    <ele>291.0</ele>
    <time>2026-05-25T16:15:19Z</time>
   </trkpt>
   <trkpt lat="49.8316150" lon="18.5888240">
    <ele>291.6</ele>
    <time>2026-05-25T16:15:21Z</time>
   </trkpt>
   <trkpt lat="49.8316220" lon="18.5888320">
    <ele>291.6</ele>
    <time>2026-05-25T16:15:22Z</time>
   </trkpt>
   <trkpt lat="49.8316320" lon="18.5888510">
    <ele>291.8</ele>
    <time>2026-05-25T16:15:23Z</time>
   </trkpt>
   <trkpt lat="49.8317210" lon="18.5889680">
    <ele>292.0</ele>
    <time>2026-05-25T16:15:31Z</time>
   </trkpt>
   <trkpt lat="49.8317420" lon="18.5890040">
    <ele>292.2</ele>
    <time>2026-05-25T16:15:33Z</time>
   </trkpt>
   <trkpt lat="49.8317900" lon="18.5891210">
    <ele>292.4</ele>
    <time>2026-05-25T16:15:39Z</time>
   </trkpt>
   <trkpt lat="49.8317990" lon="18.5891960">
    <ele>292.4</ele>
    <time>2026-05-25T16:15:42Z</time>
   </trkpt>
   <trkpt lat="49.8318010" lon="18.5892240">
    <ele>292.6</ele>
    <time>2026-05-25T16:15:43Z</time>
   </trkpt>
   <trkpt lat="49.8318490" lon="18.5894850">
    <ele>293.0</ele>
    <time>2026-05-25T16:15:51Z</time>
   </trkpt>
   <trkpt lat="49.8318720" lon="18.5895900">
    <ele>293.0</ele>
    <time>2026-05-25T16:15:54Z</time>
   </trkpt>
   <trkpt lat="49.8319150" lon="18.5898410">
    <ele>293.0</ele>
    <time>2026-05-25T16:16:00Z</time>
   </trkpt>
   <trkpt lat="49.8319680" lon="18.5901110">
    <ele>292.2</ele>
    <time>2026-05-25T16:16:05Z</time>
   </trkpt>
   <trkpt lat="49.8319830" lon="18.5901740">
    <ele>292.0</ele>
    <time>2026-05-25T16:16:06Z</time>
   </trkpt>
   <trkpt lat="49.8320310" lon="18.5902970">
    <ele>291.6</ele>
    <time>2026-05-25T16:16:08Z</time>
   </trkpt>
   <trkpt lat="49.8320940" lon="18.5904230">
    <ele>291.0</ele>
    <time>2026-05-25T16:16:10Z</time>
   </trkpt>
   <trkpt lat="49.8321650" lon="18.5905420">
    <ele>290.4</ele>
    <time>2026-05-25T16:16:12Z</time>
   </trkpt>
   <trkpt lat="49.8322430" lon="18.5906480">
    <ele>290.0</ele>
    <time>2026-05-25T16:16:14Z</time>
   </trkpt>
   <trkpt lat="49.8323200" lon="18.5907400">
    <ele>289.6</ele>
    <time>2026-05-25T16:16:16Z</time>
   </trkpt>
   <trkpt lat="49.8323560" lon="18.5907870">
    <ele>289.4</ele>
    <time>2026-05-25T16:16:17Z</time>
   </trkpt>
   <trkpt lat="49.8323930" lon="18.5908290">
    <ele>289.0</ele>
    <time>2026-05-25T16:16:18Z</time>
   </trkpt>
   <trkpt lat="49.8326520" lon="18.5910860">
    <ele>289.2</ele>
    <time>2026-05-25T16:16:25Z</time>
   </trkpt>
   <trkpt lat="49.8328140" lon="18.5912310">
    <ele>290.2</ele>
    <time>2026-05-25T16:16:30Z</time>
   </trkpt>
   <trkpt lat="49.8328950" lon="18.5913050">
    <ele>291.2</ele>
    <time>2026-05-25T16:16:33Z</time>
   </trkpt>
   <trkpt lat="49.8329210" lon="18.5913340">
    <ele>291.2</ele>
    <time>2026-05-25T16:16:34Z</time>
   </trkpt>
   <trkpt lat="49.8331240" lon="18.5914470">
    <ele>291.4</ele>
    <time>2026-05-25T16:16:40Z</time>
   </trkpt>
   <trkpt lat="49.8333390" lon="18.5914850">
    <ele>291.6</ele>
    <time>2026-05-25T16:16:45Z</time>
   </trkpt>
   <trkpt lat="49.8333810" lon="18.5914880">
    <ele>290.0</ele>
    <time>2026-05-25T16:16:46Z</time>
   </trkpt>
   <trkpt lat="49.8335530" lon="18.5914940">
    <ele>289.4</ele>
    <time>2026-05-25T16:16:50Z</time>
   </trkpt>
   <trkpt lat="49.8336790" lon="18.5915110">
    <ele>289.6</ele>
    <time>2026-05-25T16:16:53Z</time>
   </trkpt>
   <trkpt lat="49.8338480" lon="18.5915510">
    <ele>289.8</ele>
    <time>2026-05-25T16:16:57Z</time>
   </trkpt>
   <trkpt lat="49.8340180" lon="18.5916060">
    <ele>290.0</ele>
    <time>2026-05-25T16:17:01Z</time>
   </trkpt>
   <trkpt lat="49.8342350" lon="18.5916520">
    <ele>289.2</ele>
    <time>2026-05-25T16:17:06Z</time>
   </trkpt>
   <trkpt lat="49.8343090" lon="18.5917190">
    <ele>289.0</ele>
    <time>2026-05-25T16:17:08Z</time>
   </trkpt>
   <trkpt lat="49.8343260" lon="18.5918470">
    <ele>289.2</ele>
    <time>2026-05-25T16:17:10Z</time>
   </trkpt>
   <trkpt lat="49.8343100" lon="18.5919060">
    <ele>289.2</ele>
    <time>2026-05-25T16:17:11Z</time>
   </trkpt>
   <trkpt lat="49.8342860" lon="18.5919520">
    <ele>289.4</ele>
    <time>2026-05-25T16:17:12Z</time>
   </trkpt>
   <trkpt lat="49.8341940" lon="18.5921270">
    <ele>290.0</ele>
    <time>2026-05-25T16:17:16Z</time>
   </trkpt>
   <trkpt lat="49.8341710" lon="18.5921670">
    <ele>290.2</ele>
    <time>2026-05-25T16:17:17Z</time>
   </trkpt>
   <trkpt lat="49.8340260" lon="18.5923830">
    <ele>290.6</ele>
    <time>2026-05-25T16:17:23Z</time>
   </trkpt>
   <trkpt lat="49.8338890" lon="18.5926140">
    <ele>291.2</ele>
    <time>2026-05-25T16:17:30Z</time>
   </trkpt>
   <trkpt lat="49.8338720" lon="18.5926500">
    <ele>291.4</ele>
    <time>2026-05-25T16:17:31Z</time>
   </trkpt>
   <trkpt lat="49.8337790" lon="18.5927810">
    <ele>291.4</ele>
    <time>2026-05-25T16:17:35Z</time>
   </trkpt>
   <trkpt lat="49.8337030" lon="18.5929190">
    <ele>291.6</ele>
    <time>2026-05-25T16:17:39Z</time>
   </trkpt>
   <trkpt lat="49.8335760" lon="18.5931790">
    <ele>291.0</ele>
    <time>2026-05-25T16:17:45Z</time>
   </trkpt>
   <trkpt lat="49.8334300" lon="18.5934680">
    <ele>292.0</ele>
    <time>2026-05-25T16:17:51Z</time>
   </trkpt>
   <trkpt lat="49.8333060" lon="18.5937280">
    <ele>292.0</ele>
    <time>2026-05-25T16:17:56Z</time>
   </trkpt>
   <trkpt lat="49.8332950" lon="18.5938450">
    <ele>292.0</ele>
    <time>2026-05-25T16:17:58Z</time>
   </trkpt>
   <trkpt lat="49.8333710" lon="18.5940670">
    <ele>290.0</ele>
    <time>2026-05-25T16:18:02Z</time>
   </trkpt>
   <trkpt lat="49.8334860" lon="18.5942670">
    <ele>289.6</ele>
    <time>2026-05-25T16:18:06Z</time>
   </trkpt>
   <trkpt lat="49.8335580" lon="18.5943610">
    <ele>289.6</ele>
    <time>2026-05-25T16:18:08Z</time>
   </trkpt>
   <trkpt lat="49.8335980" lon="18.5944040">
    <ele>289.4</ele>
    <time>2026-05-25T16:18:09Z</time>
   </trkpt>
   <trkpt lat="49.8337130" lon="18.5945360">
    <ele>289.2</ele>
    <time>2026-05-25T16:18:12Z</time>
   </trkpt>
   <trkpt lat="49.8338450" lon="18.5947010">
    <ele>289.0</ele>
    <time>2026-05-25T16:18:15Z</time>
   </trkpt>
   <trkpt lat="49.8340500" lon="18.5949340">
    <ele>287.8</ele>
    <time>2026-05-25T16:18:19Z</time>
   </trkpt>
   <trkpt lat="49.8341560" lon="18.5950670">
    <ele>287.4</ele>
    <time>2026-05-25T16:18:21Z</time>
   </trkpt>
   <trkpt lat="49.8344440" lon="18.5954250">
    <ele>286.4</ele>
    <time>2026-05-25T16:18:26Z</time>
   </trkpt>
   <trkpt lat="49.8345720" lon="18.5955820">
    <ele>287.2</ele>
    <time>2026-05-25T16:18:28Z</time>
   </trkpt>
   <trkpt lat="49.8348640" lon="18.5960310">
    <ele>285.4</ele>
    <time>2026-05-25T16:18:33Z</time>
   </trkpt>
   <trkpt lat="49.8349090" lon="18.5961430">
    <ele>284.8</ele>
    <time>2026-05-25T16:18:34Z</time>
   </trkpt>
   <trkpt lat="49.8349450" lon="18.5962580">
    <ele>283.4</ele>
    <time>2026-05-25T16:18:35Z</time>
   </trkpt>
   <trkpt lat="49.8350220" lon="18.5966130">
    <ele>283.2</ele>
    <time>2026-05-25T16:18:38Z</time>
   </trkpt>
   <trkpt lat="49.8351230" lon="18.5970670">
    <ele>283.0</ele>
    <time>2026-05-25T16:18:42Z</time>
   </trkpt>
   <trkpt lat="49.8351470" lon="18.5971810">
    <ele>282.4</ele>
    <time>2026-05-25T16:18:43Z</time>
   </trkpt>
   <trkpt lat="49.8352200" lon="18.5975110">
    <ele>281.6</ele>
    <time>2026-05-25T16:18:46Z</time>
   </trkpt>
   <trkpt lat="49.8352430" lon="18.5976200">
    <ele>281.6</ele>
    <time>2026-05-25T16:18:47Z</time>
   </trkpt>
   <trkpt lat="49.8352690" lon="18.5977260">
    <ele>281.4</ele>
    <time>2026-05-25T16:18:48Z</time>
   </trkpt>
   <trkpt lat="49.8354070" lon="18.5982340">
    <ele>280.6</ele>
    <time>2026-05-25T16:18:53Z</time>
   </trkpt>
   <trkpt lat="49.8354620" lon="18.5984200">
    <ele>280.2</ele>
    <time>2026-05-25T16:18:55Z</time>
   </trkpt>
   <trkpt lat="49.8354870" lon="18.5985120">
    <ele>280.0</ele>
    <time>2026-05-25T16:18:56Z</time>
   </trkpt>
   <trkpt lat="49.8355370" lon="18.5986920">
    <ele>279.2</ele>
    <time>2026-05-25T16:18:58Z</time>
   </trkpt>
   <trkpt lat="49.8355570" lon="18.5987880">
    <ele>279.0</ele>
    <time>2026-05-25T16:18:59Z</time>
   </trkpt>
   <trkpt lat="49.8355710" lon="18.5988880">
    <ele>278.4</ele>
    <time>2026-05-25T16:19:00Z</time>
   </trkpt>
   <trkpt lat="49.8355820" lon="18.5989930">
    <ele>277.8</ele>
    <time>2026-05-25T16:19:01Z</time>
   </trkpt>
   <trkpt lat="49.8356160" lon="18.5993130">
    <ele>277.2</ele>
    <time>2026-05-25T16:19:04Z</time>
   </trkpt>
   <trkpt lat="49.8356390" lon="18.5994160">
    <ele>276.8</ele>
    <time>2026-05-25T16:19:05Z</time>
   </trkpt>
   <trkpt lat="49.8356640" lon="18.5995170">
    <ele>276.6</ele>
    <time>2026-05-25T16:19:06Z</time>
   </trkpt>
   <trkpt lat="49.8358370" lon="18.5999840">
    <ele>276.2</ele>
    <time>2026-05-25T16:19:11Z</time>
   </trkpt>
   <trkpt lat="49.8358780" lon="18.6000590">
    <ele>276.0</ele>
    <time>2026-05-25T16:19:12Z</time>
   </trkpt>
   <trkpt lat="49.8359180" lon="18.6001370">
    <ele>276.0</ele>
    <time>2026-05-25T16:19:13Z</time>
   </trkpt>
   <trkpt lat="49.8360290" lon="18.6003600">
    <ele>276.0</ele>
    <time>2026-05-25T16:19:16Z</time>
   </trkpt>
   <trkpt lat="49.8361720" lon="18.6006210">
    <ele>276.2</ele>
    <time>2026-05-25T16:19:20Z</time>
   </trkpt>
   <trkpt lat="49.8362740" lon="18.6008060">
    <ele>276.0</ele>
    <time>2026-05-25T16:19:23Z</time>
   </trkpt>
   <trkpt lat="49.8364080" lon="18.6010590">
    <ele>275.8</ele>
    <time>2026-05-25T16:19:27Z</time>
   </trkpt>
   <trkpt lat="49.8365600" lon="18.6013480">
    <ele>275.0</ele>
    <time>2026-05-25T16:19:31Z</time>
   </trkpt>
   <trkpt lat="49.8367150" lon="18.6016500">
    <ele>274.6</ele>
    <time>2026-05-25T16:19:35Z</time>
   </trkpt>
   <trkpt lat="49.8368200" lon="18.6018690">
    <ele>274.4</ele>
    <time>2026-05-25T16:19:38Z</time>
   </trkpt>
   <trkpt lat="49.8369510" lon="18.6021460">
    <ele>273.6</ele>
    <time>2026-05-25T16:19:42Z</time>
   </trkpt>
   <trkpt lat="49.8370170" lon="18.6023020">
    <ele>273.4</ele>
    <time>2026-05-25T16:19:44Z</time>
   </trkpt>
   <trkpt lat="49.8370560" lon="18.6023780">
    <ele>273.6</ele>
    <time>2026-05-25T16:19:45Z</time>
   </trkpt>
   <trkpt lat="49.8372040" lon="18.6026720">
    <ele>273.4</ele>
    <time>2026-05-25T16:19:49Z</time>
   </trkpt>
   <trkpt lat="49.8372310" lon="18.6027450">
    <ele>273.2</ele>
    <time>2026-05-25T16:19:50Z</time>
   </trkpt>
   <trkpt lat="49.8373360" lon="18.6032220">
    <ele>273.0</ele>
    <time>2026-05-25T16:19:56Z</time>
   </trkpt>
   <trkpt lat="49.8373770" lon="18.6034590">
    <ele>273.2</ele>
    <time>2026-05-25T16:19:59Z</time>
   </trkpt>
   <trkpt lat="49.8374120" lon="18.6036130">
    <ele>273.2</ele>
    <time>2026-05-25T16:20:01Z</time>
   </trkpt>
   <trkpt lat="49.8374360" lon="18.6037660">
    <ele>273.0</ele>
    <time>2026-05-25T16:20:03Z</time>
   </trkpt>
   <trkpt lat="49.8375000" lon="18.6040660">
    <ele>272.6</ele>
    <time>2026-05-25T16:20:07Z</time>
   </trkpt>
   <trkpt lat="49.8375390" lon="18.6042770">
    <ele>272.0</ele>
    <time>2026-05-25T16:20:10Z</time>
   </trkpt>
   <trkpt lat="49.8375530" lon="18.6043450">
    <ele>271.8</ele>
    <time>2026-05-25T16:20:11Z</time>
   </trkpt>
   <trkpt lat="49.8375930" lon="18.6045480">
    <ele>272.0</ele>
    <time>2026-05-25T16:20:14Z</time>
   </trkpt>
   <trkpt lat="49.8376030" lon="18.6046140">
    <ele>272.6</ele>
    <time>2026-05-25T16:20:15Z</time>
   </trkpt>
   <trkpt lat="49.8376550" lon="18.6048910">
    <ele>272.2</ele>
    <time>2026-05-25T16:20:19Z</time>
   </trkpt>
   <trkpt lat="49.8376850" lon="18.6050270">
    <ele>271.6</ele>
    <time>2026-05-25T16:20:21Z</time>
   </trkpt>
   <trkpt lat="49.8377090" lon="18.6051590">
    <ele>271.4</ele>
    <time>2026-05-25T16:20:23Z</time>
   </trkpt>
   <trkpt lat="49.8377210" lon="18.6052240">
    <ele>271.2</ele>
    <time>2026-05-25T16:20:24Z</time>
   </trkpt>
   <trkpt lat="49.8377410" lon="18.6053580">
    <ele>271.0</ele>
    <time>2026-05-25T16:20:26Z</time>
   </trkpt>
   <trkpt lat="49.8377630" lon="18.6054880">
    <ele>271.0</ele>
    <time>2026-05-25T16:20:28Z</time>
   </trkpt>
   <trkpt lat="49.8377900" lon="18.6056140">
    <ele>270.8</ele>
    <time>2026-05-25T16:20:30Z</time>
   </trkpt>
   <trkpt lat="49.8378320" lon="18.6058170">
    <ele>270.6</ele>
    <time>2026-05-25T16:20:33Z</time>
   </trkpt>
   <trkpt lat="49.8378470" lon="18.6058890">
    <ele>270.4</ele>
    <time>2026-05-25T16:20:34Z</time>
   </trkpt>
   <trkpt lat="49.8379160" lon="18.6062530">
    <ele>269.6</ele>
    <time>2026-05-25T16:20:39Z</time>
   </trkpt>
   <trkpt lat="49.8379320" lon="18.6063350">
    <ele>269.4</ele>
    <time>2026-05-25T16:20:40Z</time>
   </trkpt>
   <trkpt lat="49.8379760" lon="18.6066050">
    <ele>268.4</ele>
    <time>2026-05-25T16:20:43Z</time>
   </trkpt>
   <trkpt lat="49.8379960" lon="18.6067030">
    <ele>267.2</ele>
    <time>2026-05-25T16:20:44Z</time>
   </trkpt>
   <trkpt lat="49.8380320" lon="18.6069140">
    <ele>265.8</ele>
    <time>2026-05-25T16:20:46Z</time>
   </trkpt>
   <trkpt lat="49.8380800" lon="18.6071410">
    <ele>264.2</ele>
    <time>2026-05-25T16:20:48Z</time>
   </trkpt>
   <trkpt lat="49.8381060" lon="18.6072660">
    <ele>263.2</ele>
    <time>2026-05-25T16:20:49Z</time>
   </trkpt>
   <trkpt lat="49.8381330" lon="18.6073960">
    <ele>262.4</ele>
    <time>2026-05-25T16:20:50Z</time>
   </trkpt>
   <trkpt lat="49.8381900" lon="18.6076800">
    <ele>261.2</ele>
    <time>2026-05-25T16:20:52Z</time>
   </trkpt>
   <trkpt lat="49.8382490" lon="18.6079860">
    <ele>258.6</ele>
    <time>2026-05-25T16:20:54Z</time>
   </trkpt>
   <trkpt lat="49.8383100" lon="18.6083070">
    <ele>255.8</ele>
    <time>2026-05-25T16:20:56Z</time>
   </trkpt>
   <trkpt lat="49.8383460" lon="18.6086440">
    <ele>254.2</ele>
    <time>2026-05-25T16:20:58Z</time>
   </trkpt>
   <trkpt lat="49.8383630" lon="18.6089910">
    <ele>252.2</ele>
    <time>2026-05-25T16:21:00Z</time>
   </trkpt>
   <trkpt lat="49.8383690" lon="18.6091650">
    <ele>250.8</ele>
    <time>2026-05-25T16:21:01Z</time>
   </trkpt>
   <trkpt lat="49.8383760" lon="18.6093260">
    <ele>250.8</ele>
    <time>2026-05-25T16:21:02Z</time>
   </trkpt>
   <trkpt lat="49.8383940" lon="18.6095680">
    <ele>251.6</ele>
    <time>2026-05-25T16:21:04Z</time>
   </trkpt>
   <trkpt lat="49.8384050" lon="18.6096570">
    <ele>252.2</ele>
    <time>2026-05-25T16:21:05Z</time>
   </trkpt>
   <trkpt lat="49.8384590" lon="18.6098880">
    <ele>252.6</ele>
    <time>2026-05-25T16:21:09Z</time>
   </trkpt>
   <trkpt lat="49.8385800" lon="18.6099470">
    <ele>252.0</ele>
    <time>2026-05-25T16:21:13Z</time>
   </trkpt>
   <trkpt lat="49.8388640" lon="18.6099630">
    <ele>251.6</ele>
    <time>2026-05-25T16:21:20Z</time>
   </trkpt>
   <trkpt lat="49.8389100" lon="18.6099650">
    <ele>251.6</ele>
    <time>2026-05-25T16:21:21Z</time>
   </trkpt>
   <trkpt lat="49.8391020" lon="18.6099790">
    <ele>251.2</ele>
    <time>2026-05-25T16:21:25Z</time>
   </trkpt>
   <trkpt lat="49.8391510" lon="18.6099810">
    <ele>251.0</ele>
    <time>2026-05-25T16:21:26Z</time>
   </trkpt>
   <trkpt lat="49.8392570" lon="18.6099670">
    <ele>251.0</ele>
    <time>2026-05-25T16:21:28Z</time>
   </trkpt>
   <trkpt lat="49.8394260" lon="18.6099280">
    <ele>250.4</ele>
    <time>2026-05-25T16:21:31Z</time>
   </trkpt>
   <trkpt lat="49.8394800" lon="18.6098990">
    <ele>250.0</ele>
    <time>2026-05-25T16:21:32Z</time>
   </trkpt>
   <trkpt lat="49.8395860" lon="18.6098410">
    <ele>249.0</ele>
    <time>2026-05-25T16:21:34Z</time>
   </trkpt>
   <trkpt lat="49.8396920" lon="18.6097690">
    <ele>248.8</ele>
    <time>2026-05-25T16:21:36Z</time>
   </trkpt>
   <trkpt lat="49.8399210" lon="18.6095860">
    <ele>249.4</ele>
    <time>2026-05-25T16:21:41Z</time>
   </trkpt>
   <trkpt lat="49.8399590" lon="18.6095440">
    <ele>249.4</ele>
    <time>2026-05-25T16:21:42Z</time>
   </trkpt>
   <trkpt lat="49.8400540" lon="18.6094060">
    <ele>249.8</ele>
    <time>2026-05-25T16:21:45Z</time>
   </trkpt>
   <trkpt lat="49.8400870" lon="18.6093770">
    <ele>250.0</ele>
    <time>2026-05-25T16:21:46Z</time>
   </trkpt>
   <trkpt lat="49.8401240" lon="18.6093770">
    <ele>250.4</ele>
    <time>2026-05-25T16:21:47Z</time>
   </trkpt>
   <trkpt lat="49.8401970" lon="18.6094350">
    <ele>250.8</ele>
    <time>2026-05-25T16:21:49Z</time>
   </trkpt>
   <trkpt lat="49.8405060" lon="18.6097740">
    <ele>250.6</ele>
    <time>2026-05-25T16:21:57Z</time>
   </trkpt>
   <trkpt lat="49.8406200" lon="18.6099250">
    <ele>251.2</ele>
    <time>2026-05-25T16:22:00Z</time>
   </trkpt>
   <trkpt lat="49.8407940" lon="18.6101290">
    <ele>251.0</ele>
    <time>2026-05-25T16:22:04Z</time>
   </trkpt>
   <trkpt lat="49.8409250" lon="18.6102590">
    <ele>250.2</ele>
    <time>2026-05-25T16:22:07Z</time>
   </trkpt>
   <trkpt lat="49.8409810" lon="18.6102870">
    <ele>249.6</ele>
    <time>2026-05-25T16:22:08Z</time>
   </trkpt>
   <trkpt lat="49.8410420" lon="18.6102990">
    <ele>249.2</ele>
    <time>2026-05-25T16:22:09Z</time>
   </trkpt>
   <trkpt lat="49.8411640" lon="18.6102660">
    <ele>248.8</ele>
    <time>2026-05-25T16:22:11Z</time>
   </trkpt>
   <trkpt lat="49.8412110" lon="18.6102240">
    <ele>248.8</ele>
    <time>2026-05-25T16:22:12Z</time>
   </trkpt>
   <trkpt lat="49.8412460" lon="18.6101800">
    <ele>248.8</ele>
    <time>2026-05-25T16:22:13Z</time>
   </trkpt>
   <trkpt lat="49.8412930" lon="18.6100940">
    <ele>249.8</ele>
    <time>2026-05-25T16:22:15Z</time>
   </trkpt>
   <trkpt lat="49.8413260" lon="18.6100330">
    <ele>251.0</ele>
    <time>2026-05-25T16:22:17Z</time>
   </trkpt>
   <trkpt lat="49.8413710" lon="18.6099640">
    <ele>252.2</ele>
    <time>2026-05-25T16:22:20Z</time>
   </trkpt>
   <trkpt lat="49.8413840" lon="18.6099420">
    <ele>252.4</ele>
    <time>2026-05-25T16:22:21Z</time>
   </trkpt>
   <trkpt lat="49.8414690" lon="18.6097880">
    <ele>253.2</ele>
    <time>2026-05-25T16:22:28Z</time>
   </trkpt>
   <trkpt lat="49.8414840" lon="18.6097620">
    <ele>253.2</ele>
    <time>2026-05-25T16:22:29Z</time>
   </trkpt>
   <trkpt lat="49.8416130" lon="18.6095710">
    <ele>253.8</ele>
    <time>2026-05-25T16:22:36Z</time>
   </trkpt>
   <trkpt lat="49.8416520" lon="18.6095130">
    <ele>254.4</ele>
    <time>2026-05-25T16:22:39Z</time>
   </trkpt>
   <trkpt lat="49.8417240" lon="18.6094310">
    <ele>255.2</ele>
    <time>2026-05-25T16:22:43Z</time>
   </trkpt>
   <trkpt lat="49.8417360" lon="18.6094030">
    <ele>255.4</ele>
    <time>2026-05-25T16:22:44Z</time>
   </trkpt>
   <trkpt lat="49.8417650" lon="18.6093460">
    <ele>256.2</ele>
    <time>2026-05-25T16:22:47Z</time>
   </trkpt>
   <trkpt lat="49.8418330" lon="18.6092960">
    <ele>256.6</ele>
    <time>2026-05-25T16:22:50Z</time>
   </trkpt>
   <trkpt lat="49.8419230" lon="18.6092410">
    <ele>257.4</ele>
    <time>2026-05-25T16:22:55Z</time>
   </trkpt>
   <trkpt lat="49.8419400" lon="18.6091950">
    <ele>257.6</ele>
    <time>2026-05-25T16:22:57Z</time>
   </trkpt>
   <trkpt lat="49.8420180" lon="18.6090810">
    <ele>258.2</ele>
    <time>2026-05-25T16:23:02Z</time>
   </trkpt>
   <trkpt lat="49.8420530" lon="18.6090060">
    <ele>258.6</ele>
    <time>2026-05-25T16:23:04Z</time>
   </trkpt>
   <trkpt lat="49.8421630" lon="18.6088760">
    <ele>259.6</ele>
    <time>2026-05-25T16:23:12Z</time>
   </trkpt>
   <trkpt lat="49.8421760" lon="18.6088630">
    <ele>259.8</ele>
    <time>2026-05-25T16:23:13Z</time>
   </trkpt>
   <trkpt lat="49.8421840" lon="18.6088560">
    <ele>259.8</ele>
    <time>2026-05-25T16:23:14Z</time>
   </trkpt>
   <trkpt lat="49.8422280" lon="18.6087880">
    <ele>260.4</ele>
    <time>2026-05-25T16:23:18Z</time>
   </trkpt>
   <trkpt lat="49.8422630" lon="18.6087300">
    <ele>260.8</ele>
    <time>2026-05-25T16:23:21Z</time>
   </trkpt>
   <trkpt lat="49.8422810" lon="18.6086780">
    <ele>261.4</ele>
    <time>2026-05-25T16:23:23Z</time>
   </trkpt>
   <trkpt lat="49.8423130" lon="18.6086420">
    <ele>261.8</ele>
    <time>2026-05-25T16:23:25Z</time>
   </trkpt>
   <trkpt lat="49.8423260" lon="18.6086260">
    <ele>262.0</ele>
    <time>2026-05-25T16:23:26Z</time>
   </trkpt>
   <trkpt lat="49.8423770" lon="18.6085460">
    <ele>262.2</ele>
    <time>2026-05-25T16:23:30Z</time>
   </trkpt>
   <trkpt lat="49.8424070" lon="18.6084980">
    <ele>262.4</ele>
    <time>2026-05-25T16:23:32Z</time>
   </trkpt>
   <trkpt lat="49.8424510" lon="18.6084290">
    <ele>262.6</ele>
    <time>2026-05-25T16:23:35Z</time>
   </trkpt>
   <trkpt lat="49.8425310" lon="18.6083160">
    <ele>263.0</ele>
    <time>2026-05-25T16:23:39Z</time>
   </trkpt>
   <trkpt lat="49.8425600" lon="18.6082630">
    <ele>263.2</ele>
    <time>2026-05-25T16:23:41Z</time>
   </trkpt>
   <trkpt lat="49.8426110" lon="18.6081560">
    <ele>263.6</ele>
    <time>2026-05-25T16:23:45Z</time>
   </trkpt>
   <trkpt lat="49.8426800" lon="18.6080430">
    <ele>264.0</ele>
    <time>2026-05-25T16:23:49Z</time>
   </trkpt>
   <trkpt lat="49.8427530" lon="18.6079030">
    <ele>264.2</ele>
    <time>2026-05-25T16:23:55Z</time>
   </trkpt>
   <trkpt lat="49.8428570" lon="18.6077530">
    <ele>264.8</ele>
    <time>2026-05-25T16:24:00Z</time>
   </trkpt>
   <trkpt lat="49.8428780" lon="18.6077040">
    <ele>265.0</ele>
    <time>2026-05-25T16:24:02Z</time>
   </trkpt>
   <trkpt lat="49.8429140" lon="18.6076520">
    <ele>265.4</ele>
    <time>2026-05-25T16:24:04Z</time>
   </trkpt>
   <trkpt lat="49.8430610" lon="18.6074790">
    <ele>266.2</ele>
    <time>2026-05-25T16:24:11Z</time>
   </trkpt>
   <trkpt lat="49.8430880" lon="18.6074600">
    <ele>266.4</ele>
    <time>2026-05-25T16:24:12Z</time>
   </trkpt>
   <trkpt lat="49.8432620" lon="18.6074280">
    <ele>267.4</ele>
    <time>2026-05-25T16:24:19Z</time>
   </trkpt>
   <trkpt lat="49.8433590" lon="18.6073980">
    <ele>268.0</ele>
    <time>2026-05-25T16:24:23Z</time>
   </trkpt>
   <trkpt lat="49.8434330" lon="18.6073660">
    <ele>268.2</ele>
    <time>2026-05-25T16:24:26Z</time>
   </trkpt>
   <trkpt lat="49.8434950" lon="18.6073550">
    <ele>268.4</ele>
    <time>2026-05-25T16:24:29Z</time>
   </trkpt>
   <trkpt lat="49.8435600" lon="18.6073160">
    <ele>268.8</ele>
    <time>2026-05-25T16:24:32Z</time>
   </trkpt>
   <trkpt lat="49.8436050" lon="18.6072960">
    <ele>269.4</ele>
    <time>2026-05-25T16:24:35Z</time>
   </trkpt>
   <trkpt lat="49.8436940" lon="18.6072600">
    <ele>269.6</ele>
    <time>2026-05-25T16:24:39Z</time>
   </trkpt>
   <trkpt lat="49.8438420" lon="18.6072260">
    <ele>270.2</ele>
    <time>2026-05-25T16:24:45Z</time>
   </trkpt>
   <trkpt lat="49.8438990" lon="18.6072180">
    <ele>270.4</ele>
    <time>2026-05-25T16:24:48Z</time>
   </trkpt>
   <trkpt lat="49.8439880" lon="18.6072750">
    <ele>271.0</ele>
    <time>2026-05-25T16:24:52Z</time>
   </trkpt>
   <trkpt lat="49.8440360" lon="18.6073160">
    <ele>271.6</ele>
    <time>2026-05-25T16:24:55Z</time>
   </trkpt>
   <trkpt lat="49.8441200" lon="18.6073920">
    <ele>272.2</ele>
    <time>2026-05-25T16:25:00Z</time>
   </trkpt>
   <trkpt lat="49.8441760" lon="18.6074470">
    <ele>272.6</ele>
    <time>2026-05-25T16:25:04Z</time>
   </trkpt>
   <trkpt lat="49.8442400" lon="18.6074890">
    <ele>273.0</ele>
    <time>2026-05-25T16:25:08Z</time>
   </trkpt>
   <trkpt lat="49.8442820" lon="18.6075070">
    <ele>273.6</ele>
    <time>2026-05-25T16:25:11Z</time>
   </trkpt>
   <trkpt lat="49.8442940" lon="18.6075160">
    <ele>273.8</ele>
    <time>2026-05-25T16:25:12Z</time>
   </trkpt>
   <trkpt lat="49.8443230" lon="18.6075160">
    <ele>273.8</ele>
    <time>2026-05-25T16:25:14Z</time>
   </trkpt>
   <trkpt lat="49.8443360" lon="18.6075160">
    <ele>274.0</ele>
    <time>2026-05-25T16:25:15Z</time>
   </trkpt>
   <trkpt lat="49.8444560" lon="18.6075340">
    <ele>274.8</ele>
    <time>2026-05-25T16:25:23Z</time>
   </trkpt>
   <trkpt lat="49.8444880" lon="18.6075340">
    <ele>275.0</ele>
    <time>2026-05-25T16:25:25Z</time>
   </trkpt>
   <trkpt lat="49.8445840" lon="18.6076270">
    <ele>275.8</ele>
    <time>2026-05-25T16:25:32Z</time>
   </trkpt>
   <trkpt lat="49.8446240" lon="18.6078140">
    <ele>276.6</ele>
    <time>2026-05-25T16:25:39Z</time>
   </trkpt>
   <trkpt lat="49.8446360" lon="18.6080110">
    <ele>276.6</ele>
    <time>2026-05-25T16:25:44Z</time>
   </trkpt>
   <trkpt lat="49.8446410" lon="18.6080560">
    <ele>276.6</ele>
    <time>2026-05-25T16:25:45Z</time>
   </trkpt>
   <trkpt lat="49.8446470" lon="18.6081030">
    <ele>276.6</ele>
    <time>2026-05-25T16:25:46Z</time>
   </trkpt>
   <trkpt lat="49.8446540" lon="18.6082400">
    <ele>276.8</ele>
    <time>2026-05-25T16:25:49Z</time>
   </trkpt>
   <trkpt lat="49.8446530" lon="18.6082850">
    <ele>276.8</ele>
    <time>2026-05-25T16:25:50Z</time>
   </trkpt>
   <trkpt lat="49.8446710" lon="18.6084830">
    <ele>276.6</ele>
    <time>2026-05-25T16:25:54Z</time>
   </trkpt>
   <trkpt lat="49.8446920" lon="18.6087690">
    <ele>276.8</ele>
    <time>2026-05-25T16:26:00Z</time>
   </trkpt>
   <trkpt lat="49.8447180" lon="18.6090100">
    <ele>276.8</ele>
    <time>2026-05-25T16:26:05Z</time>
   </trkpt>
   <trkpt lat="49.8447650" lon="18.6091690">
    <ele>276.8</ele>
    <time>2026-05-25T16:26:09Z</time>
   </trkpt>
   <trkpt lat="49.8448650" lon="18.6092050">
    <ele>276.8</ele>
    <time>2026-05-25T16:26:13Z</time>
   </trkpt>
   <trkpt lat="49.8449660" lon="18.6091680">
    <ele>277.0</ele>
    <time>2026-05-25T16:26:17Z</time>
   </trkpt>
   <trkpt lat="49.8449750" lon="18.6091530">
    <ele>277.0</ele>
    <time>2026-05-25T16:26:18Z</time>
   </trkpt>
   <trkpt lat="49.8449330" lon="18.6091120">
    <ele>277.2</ele>
    <time>2026-05-25T16:26:21Z</time>
   </trkpt>
   <trkpt lat="49.8449160" lon="18.6091360">
    <ele>277.2</ele>
    <time>2026-05-25T16:26:22Z</time>
   </trkpt>
   <trkpt lat="49.8449050" lon="18.6091880">
    <ele>277.2</ele>
    <time>2026-05-25T16:26:25Z</time>
   </trkpt>
   <trkpt lat="49.8449060" lon="18.6091790">
    <ele>277.2</ele>
    <time>2026-05-25T16:26:31Z</time>
   </trkpt>
   <trkpt lat="49.8449170" lon="18.6091700">
    <ele>277.2</ele>
    <time>2026-05-25T16:26:34Z</time>
   </trkpt>
   <trkpt lat="49.8449310" lon="18.6091660">
    <ele>277.2</ele>
    <time>2026-05-25T16:26:35Z</time>
   </trkpt>
   <trkpt lat="49.8450430" lon="18.6091300">
    <ele>277.0</ele>
    <time>2026-05-25T16:26:40Z</time>
   </trkpt>
   <trkpt lat="49.8452370" lon="18.6090800">
    <ele>277.4</ele>
    <time>2026-05-25T16:26:47Z</time>
   </trkpt>
   <trkpt lat="49.8452570" lon="18.6090780">
    <ele>277.6</ele>
    <time>2026-05-25T16:26:48Z</time>
   </trkpt>
   <trkpt lat="49.8452690" lon="18.6090840">
    <ele>277.6</ele>
    <time>2026-05-25T16:26:49Z</time>
   </trkpt>
   <trkpt lat="49.8452740" lon="18.6090890">
    <ele>277.6</ele>
    <time>2026-05-25T16:26:51Z</time>
   </trkpt>
   <trkpt lat="49.8452740" lon="18.6090890">
    <ele>277.6</ele>
    <time>2026-05-25T16:26:52Z</time>
   </trkpt>
   <trkpt lat="49.8452620" lon="18.6090840">
    <ele>277.6</ele>
    <time>2026-05-25T16:29:40Z</time>
   </trkpt>
   <trkpt lat="49.8452620" lon="18.6090840">
    <ele>277.6</ele>
    <time>2026-05-25T16:29:41Z</time>
   </trkpt>
   <trkpt lat="49.8452790" lon="18.6090710">
    <ele>277.6</ele>
    <time>2026-05-25T16:29:45Z</time>
   </trkpt>
   <trkpt lat="49.8452950" lon="18.6090600">
    <ele>277.6</ele>
    <time>2026-05-25T16:29:46Z</time>
   </trkpt>
   <trkpt lat="49.8454190" lon="18.6090420">
    <ele>277.2</ele>
    <time>2026-05-25T16:29:51Z</time>
   </trkpt>
   <trkpt lat="49.8456010" lon="18.6089920">
    <ele>277.2</ele>
    <time>2026-05-25T16:29:57Z</time>
   </trkpt>
   <trkpt lat="49.8458440" lon="18.6089540">
    <ele>277.2</ele>
    <time>2026-05-25T16:30:04Z</time>
   </trkpt>
   <trkpt lat="49.8460810" lon="18.6089020">
    <ele>277.0</ele>
    <time>2026-05-25T16:30:10Z</time>
   </trkpt>
   <trkpt lat="49.8461160" lon="18.6088960">
    <ele>277.2</ele>
    <time>2026-05-25T16:30:11Z</time>
   </trkpt>
   <trkpt lat="49.8462510" lon="18.6088690">
    <ele>278.0</ele>
    <time>2026-05-25T16:30:15Z</time>
   </trkpt>
   <trkpt lat="49.8463720" lon="18.6088570">
    <ele>278.4</ele>
    <time>2026-05-25T16:30:19Z</time>
   </trkpt>
   <trkpt lat="49.8464560" lon="18.6088280">
    <ele>278.6</ele>
    <time>2026-05-25T16:30:22Z</time>
   </trkpt>
   <trkpt lat="49.8465130" lon="18.6088060">
    <ele>278.6</ele>
    <time>2026-05-25T16:30:24Z</time>
   </trkpt>
   <trkpt lat="49.8465730" lon="18.6087860">
    <ele>278.8</ele>
    <time>2026-05-25T16:30:26Z</time>
   </trkpt>
   <trkpt lat="49.8466030" lon="18.6087830">
    <ele>278.8</ele>
    <time>2026-05-25T16:30:27Z</time>
   </trkpt>
   <trkpt lat="49.8467250" lon="18.6087730">
    <ele>279.0</ele>
    <time>2026-05-25T16:30:31Z</time>
   </trkpt>
   <trkpt lat="49.8467530" lon="18.6087670">
    <ele>279.0</ele>
    <time>2026-05-25T16:30:32Z</time>
   </trkpt>
   <trkpt lat="49.8468400" lon="18.6087460">
    <ele>279.2</ele>
    <time>2026-05-25T16:30:35Z</time>
   </trkpt>
   <trkpt lat="49.8469280" lon="18.6087290">
    <ele>279.8</ele>
    <time>2026-05-25T16:30:38Z</time>
   </trkpt>
   <trkpt lat="49.8469540" lon="18.6087270">
    <ele>280.4</ele>
    <time>2026-05-25T16:30:39Z</time>
   </trkpt>
   <trkpt lat="49.8470630" lon="18.6087050">
    <ele>281.4</ele>
    <time>2026-05-25T16:30:43Z</time>
   </trkpt>
   <trkpt lat="49.8472700" lon="18.6086720">
    <ele>280.2</ele>
    <time>2026-05-25T16:30:50Z</time>
   </trkpt>
   <trkpt lat="49.8473880" lon="18.6086450">
    <ele>280.4</ele>
    <time>2026-05-25T16:30:54Z</time>
   </trkpt>
   <trkpt lat="49.8475700" lon="18.6086020">
    <ele>280.8</ele>
    <time>2026-05-25T16:31:00Z</time>
   </trkpt>
   <trkpt lat="49.8476890" lon="18.6085740">
    <ele>281.0</ele>
    <time>2026-05-25T16:31:04Z</time>
   </trkpt>
   <trkpt lat="49.8478010" lon="18.6085460">
    <ele>281.4</ele>
    <time>2026-05-25T16:31:08Z</time>
   </trkpt>
   <trkpt lat="49.8478290" lon="18.6085370">
    <ele>281.4</ele>
    <time>2026-05-25T16:31:09Z</time>
   </trkpt>
   <trkpt lat="49.8479880" lon="18.6085210">
    <ele>282.4</ele>
    <time>2026-05-25T16:31:15Z</time>
   </trkpt>
   <trkpt lat="49.8481360" lon="18.6084810">
    <ele>282.6</ele>
    <time>2026-05-25T16:31:20Z</time>
   </trkpt>
   <trkpt lat="49.8482230" lon="18.6084670">
    <ele>282.8</ele>
    <time>2026-05-25T16:31:23Z</time>
   </trkpt>
   <trkpt lat="49.8483340" lon="18.6085000">
    <ele>283.2</ele>
    <time>2026-05-25T16:31:27Z</time>
   </trkpt>
   <trkpt lat="49.8483500" lon="18.6085390">
    <ele>283.2</ele>
    <time>2026-05-25T16:31:28Z</time>
   </trkpt>
   <trkpt lat="49.8483970" lon="18.6087910">
    <ele>282.6</ele>
    <time>2026-05-25T16:31:33Z</time>
   </trkpt>
   <trkpt lat="49.8484250" lon="18.6089760">
    <ele>282.2</ele>
    <time>2026-05-25T16:31:36Z</time>
   </trkpt>
   <trkpt lat="49.8484570" lon="18.6091670">
    <ele>281.8</ele>
    <time>2026-05-25T16:31:39Z</time>
   </trkpt>
   <trkpt lat="49.8484760" lon="18.6093060">
    <ele>281.4</ele>
    <time>2026-05-25T16:31:41Z</time>
   </trkpt>
   <trkpt lat="49.8484880" lon="18.6093810">
    <ele>281.4</ele>
    <time>2026-05-25T16:31:42Z</time>
   </trkpt>
   <trkpt lat="49.8485570" lon="18.6097680">
    <ele>280.8</ele>
    <time>2026-05-25T16:31:47Z</time>
   </trkpt>
   <trkpt lat="49.8485960" lon="18.6100030">
    <ele>280.4</ele>
    <time>2026-05-25T16:31:50Z</time>
   </trkpt>
   <trkpt lat="49.8486400" lon="18.6103470">
    <ele>279.2</ele>
    <time>2026-05-25T16:31:54Z</time>
   </trkpt>
   <trkpt lat="49.8486510" lon="18.6104330">
    <ele>279.2</ele>
    <time>2026-05-25T16:31:55Z</time>
   </trkpt>
   <trkpt lat="49.8487060" lon="18.6105830">
    <ele>279.2</ele>
    <time>2026-05-25T16:31:57Z</time>
   </trkpt>
   <trkpt lat="49.8487500" lon="18.6106350">
    <ele>279.2</ele>
    <time>2026-05-25T16:31:58Z</time>
   </trkpt>
   <trkpt lat="49.8488000" lon="18.6106610">
    <ele>279.2</ele>
    <time>2026-05-25T16:31:59Z</time>
   </trkpt>
   <trkpt lat="49.8488990" lon="18.6106530">
    <ele>279.2</ele>
    <time>2026-05-25T16:32:01Z</time>
   </trkpt>
   <trkpt lat="49.8489870" lon="18.6106150">
    <ele>279.2</ele>
    <time>2026-05-25T16:32:03Z</time>
   </trkpt>
   <trkpt lat="49.8490660" lon="18.6106180">
    <ele>279.2</ele>
    <time>2026-05-25T16:32:05Z</time>
   </trkpt>
   <trkpt lat="49.8491530" lon="18.6107610">
    <ele>280.4</ele>
    <time>2026-05-25T16:32:09Z</time>
   </trkpt>
   <trkpt lat="49.8492760" lon="18.6112290">
    <ele>280.2</ele>
    <time>2026-05-25T16:32:18Z</time>
   </trkpt>
   <trkpt lat="49.8494020" lon="18.6116710">
    <ele>279.4</ele>
    <time>2026-05-25T16:32:25Z</time>
   </trkpt>
   <trkpt lat="49.8494170" lon="18.6117400">
    <ele>279.0</ele>
    <time>2026-05-25T16:32:26Z</time>
   </trkpt>
   <trkpt lat="49.8494690" lon="18.6119400">
    <ele>278.8</ele>
    <time>2026-05-25T16:32:29Z</time>
   </trkpt>
   <trkpt lat="49.8495020" lon="18.6120630">
    <ele>278.8</ele>
    <time>2026-05-25T16:32:31Z</time>
   </trkpt>
   <trkpt lat="49.8495190" lon="18.6121230">
    <ele>279.0</ele>
    <time>2026-05-25T16:32:32Z</time>
   </trkpt>
   <trkpt lat="49.8496040" lon="18.6124700">
    <ele>279.4</ele>
    <time>2026-05-25T16:32:38Z</time>
   </trkpt>
   <trkpt lat="49.8496610" lon="18.6126910">
    <ele>279.2</ele>
    <time>2026-05-25T16:32:42Z</time>
   </trkpt>
   <trkpt lat="49.8497160" lon="18.6129140">
    <ele>278.8</ele>
    <time>2026-05-25T16:32:46Z</time>
   </trkpt>
   <trkpt lat="49.8498260" lon="18.6133100">
    <ele>278.2</ele>
    <time>2026-05-25T16:32:53Z</time>
   </trkpt>
   <trkpt lat="49.8498390" lon="18.6133740">
    <ele>277.8</ele>
    <time>2026-05-25T16:32:54Z</time>
   </trkpt>
   <trkpt lat="49.8498390" lon="18.6134410">
    <ele>277.4</ele>
    <time>2026-05-25T16:32:55Z</time>
   </trkpt>
   <trkpt lat="49.8497970" lon="18.6135610">
    <ele>277.2</ele>
    <time>2026-05-25T16:32:57Z</time>
   </trkpt>
   <trkpt lat="49.8497600" lon="18.6136010">
    <ele>277.2</ele>
    <time>2026-05-25T16:32:58Z</time>
   </trkpt>
   <trkpt lat="49.8497190" lon="18.6136310">
    <ele>277.2</ele>
    <time>2026-05-25T16:32:59Z</time>
   </trkpt>
   <trkpt lat="49.8495160" lon="18.6137590">
    <ele>277.2</ele>
    <time>2026-05-25T16:33:04Z</time>
   </trkpt>
   <trkpt lat="49.8494760" lon="18.6137830">
    <ele>277.4</ele>
    <time>2026-05-25T16:33:05Z</time>
   </trkpt>
   <trkpt lat="49.8494380" lon="18.6138090">
    <ele>277.4</ele>
    <time>2026-05-25T16:33:06Z</time>
   </trkpt>
   <trkpt lat="49.8492470" lon="18.6139500">
    <ele>277.0</ele>
    <time>2026-05-25T16:33:11Z</time>
   </trkpt>
   <trkpt lat="49.8491060" lon="18.6140750">
    <ele>276.6</ele>
    <time>2026-05-25T16:33:15Z</time>
   </trkpt>
   <trkpt lat="49.8489740" lon="18.6141620">
    <ele>276.0</ele>
    <time>2026-05-25T16:33:18Z</time>
   </trkpt>
   <trkpt lat="49.8487120" lon="18.6144060">
    <ele>276.0</ele>
    <time>2026-05-25T16:33:24Z</time>
   </trkpt>
   <trkpt lat="49.8485910" lon="18.6145340">
    <ele>275.8</ele>
    <time>2026-05-25T16:33:27Z</time>
   </trkpt>
   <trkpt lat="49.8485520" lon="18.6145790">
    <ele>275.6</ele>
    <time>2026-05-25T16:33:28Z</time>
   </trkpt>
   <trkpt lat="49.8483920" lon="18.6147330">
    <ele>275.2</ele>
    <time>2026-05-25T16:33:32Z</time>
   </trkpt>
   <trkpt lat="49.8482770" lon="18.6148500">
    <ele>275.0</ele>
    <time>2026-05-25T16:33:35Z</time>
   </trkpt>
   <trkpt lat="49.8482020" lon="18.6149270">
    <ele>274.6</ele>
    <time>2026-05-25T16:33:37Z</time>
   </trkpt>
   <trkpt lat="49.8481290" lon="18.6149930">
    <ele>274.6</ele>
    <time>2026-05-25T16:33:39Z</time>
   </trkpt>
   <trkpt lat="49.8480210" lon="18.6150920">
    <ele>274.2</ele>
    <time>2026-05-25T16:33:42Z</time>
   </trkpt>
   <trkpt lat="49.8479470" lon="18.6151590">
    <ele>274.2</ele>
    <time>2026-05-25T16:33:44Z</time>
   </trkpt>
   <trkpt lat="49.8477940" lon="18.6152930">
    <ele>274.0</ele>
    <time>2026-05-25T16:33:48Z</time>
   </trkpt>
   <trkpt lat="49.8477110" lon="18.6153600">
    <ele>273.8</ele>
    <time>2026-05-25T16:33:50Z</time>
   </trkpt>
   <trkpt lat="49.8476690" lon="18.6154000">
    <ele>273.6</ele>
    <time>2026-05-25T16:33:51Z</time>
   </trkpt>
   <trkpt lat="49.8474180" lon="18.6156380">
    <ele>273.0</ele>
    <time>2026-05-25T16:33:57Z</time>
   </trkpt>
   <trkpt lat="49.8473200" lon="18.6157210">
    <ele>272.4</ele>
    <time>2026-05-25T16:33:59Z</time>
   </trkpt>
   <trkpt lat="49.8472160" lon="18.6158160">
    <ele>271.8</ele>
    <time>2026-05-25T16:34:01Z</time>
   </trkpt>
   <trkpt lat="49.8471110" lon="18.6159230">
    <ele>270.6</ele>
    <time>2026-05-25T16:34:03Z</time>
   </trkpt>
   <trkpt lat="49.8469320" lon="18.6161020">
    <ele>269.8</ele>
    <time>2026-05-25T16:34:06Z</time>
   </trkpt>
   <trkpt lat="49.8468040" lon="18.6162210">
    <ele>268.8</ele>
    <time>2026-05-25T16:34:08Z</time>
   </trkpt>
   <trkpt lat="49.8466670" lon="18.6163400">
    <ele>267.8</ele>
    <time>2026-05-25T16:34:10Z</time>
   </trkpt>
   <trkpt lat="49.8465210" lon="18.6164670">
    <ele>266.4</ele>
    <time>2026-05-25T16:34:12Z</time>
   </trkpt>
   <trkpt lat="49.8464530" lon="18.6165430">
    <ele>264.8</ele>
    <time>2026-05-25T16:34:13Z</time>
   </trkpt>
   <trkpt lat="49.8463570" lon="18.6167450">
    <ele>264.4</ele>
    <time>2026-05-25T16:34:15Z</time>
   </trkpt>
   <trkpt lat="49.8463420" lon="18.6169890">
    <ele>264.0</ele>
    <time>2026-05-25T16:34:17Z</time>
   </trkpt>
   <trkpt lat="49.8463610" lon="18.6171150">
    <ele>263.8</ele>
    <time>2026-05-25T16:34:18Z</time>
   </trkpt>
   <trkpt lat="49.8464450" lon="18.6174310">
    <ele>263.8</ele>
    <time>2026-05-25T16:34:21Z</time>
   </trkpt>
   <trkpt lat="49.8464700" lon="18.6175260">
    <ele>264.2</ele>
    <time>2026-05-25T16:34:22Z</time>
   </trkpt>
   <trkpt lat="49.8465270" lon="18.6177820">
    <ele>265.2</ele>
    <time>2026-05-25T16:34:25Z</time>
   </trkpt>
   <trkpt lat="49.8465650" lon="18.6179280">
    <ele>265.4</ele>
    <time>2026-05-25T16:34:27Z</time>
   </trkpt>
   <trkpt lat="49.8466770" lon="18.6183920">
    <ele>265.0</ele>
    <time>2026-05-25T16:34:33Z</time>
   </trkpt>
   <trkpt lat="49.8467120" lon="18.6185410">
    <ele>265.4</ele>
    <time>2026-05-25T16:34:35Z</time>
   </trkpt>
   <trkpt lat="49.8467490" lon="18.6186940">
    <ele>265.8</ele>
    <time>2026-05-25T16:34:37Z</time>
   </trkpt>
   <trkpt lat="49.8467640" lon="18.6187740">
    <ele>265.8</ele>
    <time>2026-05-25T16:34:38Z</time>
   </trkpt>
   <trkpt lat="49.8468370" lon="18.6191670">
    <ele>264.2</ele>
    <time>2026-05-25T16:34:43Z</time>
   </trkpt>
   <trkpt lat="49.8468760" lon="18.6194040">
    <ele>264.0</ele>
    <time>2026-05-25T16:34:46Z</time>
   </trkpt>
   <trkpt lat="49.8468910" lon="18.6194800">
    <ele>263.8</ele>
    <time>2026-05-25T16:34:47Z</time>
   </trkpt>
   <trkpt lat="49.8469040" lon="18.6195580">
    <ele>263.8</ele>
    <time>2026-05-25T16:34:48Z</time>
   </trkpt>
   <trkpt lat="49.8469290" lon="18.6197120">
    <ele>263.6</ele>
    <time>2026-05-25T16:34:50Z</time>
   </trkpt>
   <trkpt lat="49.8469220" lon="18.6198670">
    <ele>263.6</ele>
    <time>2026-05-25T16:34:52Z</time>
   </trkpt>
   <trkpt lat="49.8468720" lon="18.6199860">
    <ele>263.8</ele>
    <time>2026-05-25T16:34:54Z</time>
   </trkpt>
   <trkpt lat="49.8468420" lon="18.6200380">
    <ele>263.8</ele>
    <time>2026-05-25T16:34:55Z</time>
   </trkpt>
   <trkpt lat="49.8467820" lon="18.6201440">
    <ele>263.8</ele>
    <time>2026-05-25T16:34:57Z</time>
   </trkpt>
   <trkpt lat="49.8467360" lon="18.6202520">
    <ele>263.8</ele>
    <time>2026-05-25T16:34:59Z</time>
   </trkpt>
   <trkpt lat="49.8467220" lon="18.6203180">
    <ele>263.8</ele>
    <time>2026-05-25T16:35:00Z</time>
   </trkpt>
   <trkpt lat="49.8467150" lon="18.6203880">
    <ele>263.8</ele>
    <time>2026-05-25T16:35:01Z</time>
   </trkpt>
   <trkpt lat="49.8467440" lon="18.6205320">
    <ele>262.4</ele>
    <time>2026-05-25T16:35:03Z</time>
   </trkpt>
   <trkpt lat="49.8468220" lon="18.6206270">
    <ele>261.4</ele>
    <time>2026-05-25T16:35:05Z</time>
   </trkpt>
   <trkpt lat="49.8468690" lon="18.6206510">
    <ele>261.2</ele>
    <time>2026-05-25T16:35:06Z</time>
   </trkpt>
   <trkpt lat="49.8469850" lon="18.6207120">
    <ele>261.0</ele>
    <time>2026-05-25T16:35:08Z</time>
   </trkpt>
   <trkpt lat="49.8470350" lon="18.6207690">
    <ele>260.8</ele>
    <time>2026-05-25T16:35:09Z</time>
   </trkpt>
   <trkpt lat="49.8470720" lon="18.6208490">
    <ele>260.6</ele>
    <time>2026-05-25T16:35:10Z</time>
   </trkpt>
   <trkpt lat="49.8470960" lon="18.6209390">
    <ele>260.2</ele>
    <time>2026-05-25T16:35:11Z</time>
   </trkpt>
   <trkpt lat="49.8471100" lon="18.6210310">
    <ele>259.6</ele>
    <time>2026-05-25T16:35:12Z</time>
   </trkpt>
   <trkpt lat="49.8471190" lon="18.6211290">
    <ele>258.8</ele>
    <time>2026-05-25T16:35:13Z</time>
   </trkpt>
   <trkpt lat="49.8471330" lon="18.6212300">
    <ele>257.6</ele>
    <time>2026-05-25T16:35:14Z</time>
   </trkpt>
   <trkpt lat="49.8471570" lon="18.6214450">
    <ele>256.4</ele>
    <time>2026-05-25T16:35:16Z</time>
   </trkpt>
   <trkpt lat="49.8471740" lon="18.6215550">
    <ele>256.2</ele>
    <time>2026-05-25T16:35:17Z</time>
   </trkpt>
   <trkpt lat="49.8471990" lon="18.6217920">
    <ele>255.4</ele>
    <time>2026-05-25T16:35:19Z</time>
   </trkpt>
   <trkpt lat="49.8472310" lon="18.6220330">
    <ele>254.6</ele>
    <time>2026-05-25T16:35:21Z</time>
   </trkpt>
   <trkpt lat="49.8472490" lon="18.6221590">
    <ele>254.2</ele>
    <time>2026-05-25T16:35:22Z</time>
   </trkpt>
   <trkpt lat="49.8472650" lon="18.6222880">
    <ele>253.2</ele>
    <time>2026-05-25T16:35:23Z</time>
   </trkpt>
   <trkpt lat="49.8473330" lon="18.6227940">
    <ele>252.4</ele>
    <time>2026-05-25T16:35:27Z</time>
   </trkpt>
   <trkpt lat="49.8473470" lon="18.6229230">
    <ele>252.0</ele>
    <time>2026-05-25T16:35:28Z</time>
   </trkpt>
   <trkpt lat="49.8473650" lon="18.6230530">
    <ele>251.6</ele>
    <time>2026-05-25T16:35:29Z</time>
   </trkpt>
   <trkpt lat="49.8473850" lon="18.6231810">
    <ele>251.0</ele>
    <time>2026-05-25T16:35:30Z</time>
   </trkpt>
   <trkpt lat="49.8474210" lon="18.6234430">
    <ele>249.4</ele>
    <time>2026-05-25T16:35:32Z</time>
   </trkpt>
   <trkpt lat="49.8474610" lon="18.6237130">
    <ele>248.2</ele>
    <time>2026-05-25T16:35:34Z</time>
   </trkpt>
   <trkpt lat="49.8474800" lon="18.6238440">
    <ele>247.4</ele>
    <time>2026-05-25T16:35:35Z</time>
   </trkpt>
   <trkpt lat="49.8474990" lon="18.6239730">
    <ele>246.8</ele>
    <time>2026-05-25T16:35:36Z</time>
   </trkpt>
   <trkpt lat="49.8475210" lon="18.6241050">
    <ele>244.8</ele>
    <time>2026-05-25T16:35:37Z</time>
   </trkpt>
   <trkpt lat="49.8476060" lon="18.6246160">
    <ele>244.8</ele>
    <time>2026-05-25T16:35:41Z</time>
   </trkpt>
   <trkpt lat="49.8476920" lon="18.6251170">
    <ele>244.6</ele>
    <time>2026-05-25T16:35:45Z</time>
   </trkpt>
   <trkpt lat="49.8477430" lon="18.6252390">
    <ele>243.8</ele>
    <time>2026-05-25T16:35:46Z</time>
   </trkpt>
   <trkpt lat="49.8478020" lon="18.6253360">
    <ele>243.0</ele>
    <time>2026-05-25T16:35:47Z</time>
   </trkpt>
   <trkpt lat="49.8478750" lon="18.6254080">
    <ele>242.6</ele>
    <time>2026-05-25T16:35:48Z</time>
   </trkpt>
   <trkpt lat="49.8479540" lon="18.6254590">
    <ele>241.2</ele>
    <time>2026-05-25T16:35:49Z</time>
   </trkpt>
   <trkpt lat="49.8481100" lon="18.6255370">
    <ele>240.0</ele>
    <time>2026-05-25T16:35:51Z</time>
   </trkpt>
   <trkpt lat="49.8482530" lon="18.6256330">
    <ele>239.6</ele>
    <time>2026-05-25T16:35:53Z</time>
   </trkpt>
   <trkpt lat="49.8483720" lon="18.6257590">
    <ele>239.6</ele>
    <time>2026-05-25T16:35:55Z</time>
   </trkpt>
   <trkpt lat="49.8484720" lon="18.6258780">
    <ele>239.8</ele>
    <time>2026-05-25T16:35:57Z</time>
   </trkpt>
   <trkpt lat="49.8487140" lon="18.6261740">
    <ele>241.6</ele>
    <time>2026-05-25T16:36:02Z</time>
   </trkpt>
   <trkpt lat="49.8487490" lon="18.6262390">
    <ele>242.0</ele>
    <time>2026-05-25T16:36:03Z</time>
   </trkpt>
   <trkpt lat="49.8487790" lon="18.6263070">
    <ele>242.2</ele>
    <time>2026-05-25T16:36:04Z</time>
   </trkpt>
   <trkpt lat="49.8488060" lon="18.6263790">
    <ele>242.8</ele>
    <time>2026-05-25T16:36:05Z</time>
   </trkpt>
   <trkpt lat="49.8488180" lon="18.6264430">
    <ele>242.8</ele>
    <time>2026-05-25T16:36:06Z</time>
   </trkpt>
   <trkpt lat="49.8488320" lon="18.6265060">
    <ele>243.0</ele>
    <time>2026-05-25T16:36:07Z</time>
   </trkpt>
   <trkpt lat="49.8488750" lon="18.6266220">
    <ele>243.2</ele>
    <time>2026-05-25T16:36:09Z</time>
   </trkpt>
   <trkpt lat="49.8489390" lon="18.6267260">
    <ele>243.0</ele>
    <time>2026-05-25T16:36:11Z</time>
   </trkpt>
   <trkpt lat="49.8489780" lon="18.6267860">
    <ele>242.8</ele>
    <time>2026-05-25T16:36:12Z</time>
   </trkpt>
   <trkpt lat="49.8490020" lon="18.6268430">
    <ele>242.6</ele>
    <time>2026-05-25T16:36:13Z</time>
   </trkpt>
   <trkpt lat="49.8490850" lon="18.6269530">
    <ele>242.2</ele>
    <time>2026-05-25T16:36:15Z</time>
   </trkpt>
   <trkpt lat="49.8491610" lon="18.6270660">
    <ele>242.0</ele>
    <time>2026-05-25T16:36:17Z</time>
   </trkpt>
   <trkpt lat="49.8491980" lon="18.6271310">
    <ele>241.8</ele>
    <time>2026-05-25T16:36:18Z</time>
   </trkpt>
   <trkpt lat="49.8493320" lon="18.6273530">
    <ele>241.6</ele>
    <time>2026-05-25T16:36:22Z</time>
   </trkpt>
   <trkpt lat="49.8494240" lon="18.6274970">
    <ele>241.8</ele>
    <time>2026-05-25T16:36:25Z</time>
   </trkpt>
   <trkpt lat="49.8495180" lon="18.6276490">
    <ele>242.6</ele>
    <time>2026-05-25T16:36:28Z</time>
   </trkpt>
   <trkpt lat="49.8495520" lon="18.6277020">
    <ele>242.8</ele>
    <time>2026-05-25T16:36:29Z</time>
   </trkpt>
   <trkpt lat="49.8496210" lon="18.6278130">
    <ele>242.8</ele>
    <time>2026-05-25T16:36:31Z</time>
   </trkpt>
   <trkpt lat="49.8496580" lon="18.6278660">
    <ele>242.8</ele>
    <time>2026-05-25T16:36:32Z</time>
   </trkpt>
   <trkpt lat="49.8497360" lon="18.6279540">
    <ele>242.6</ele>
    <time>2026-05-25T16:36:34Z</time>
   </trkpt>
   <trkpt lat="49.8498130" lon="18.6280420">
    <ele>242.4</ele>
    <time>2026-05-25T16:36:36Z</time>
   </trkpt>
   <trkpt lat="49.8498550" lon="18.6280800">
    <ele>242.4</ele>
    <time>2026-05-25T16:36:37Z</time>
   </trkpt>
   <trkpt lat="49.8499770" lon="18.6282090">
    <ele>242.2</ele>
    <time>2026-05-25T16:36:40Z</time>
   </trkpt>
   <trkpt lat="49.8500200" lon="18.6282550">
    <ele>242.2</ele>
    <time>2026-05-25T16:36:41Z</time>
   </trkpt>
   <trkpt lat="49.8500590" lon="18.6283030">
    <ele>242.2</ele>
    <time>2026-05-25T16:36:42Z</time>
   </trkpt>
   <trkpt lat="49.8502230" lon="18.6284820">
    <ele>242.0</ele>
    <time>2026-05-25T16:36:46Z</time>
   </trkpt>
   <trkpt lat="49.8502670" lon="18.6285160">
    <ele>241.8</ele>
    <time>2026-05-25T16:36:47Z</time>
   </trkpt>
   <trkpt lat="49.8503170" lon="18.6285470">
    <ele>241.6</ele>
    <time>2026-05-25T16:36:48Z</time>
   </trkpt>
   <trkpt lat="49.8504510" lon="18.6286430">
    <ele>241.2</ele>
    <time>2026-05-25T16:36:51Z</time>
   </trkpt>
   <trkpt lat="49.8505620" lon="18.6287770">
    <ele>239.8</ele>
    <time>2026-05-25T16:36:54Z</time>
   </trkpt>
   <trkpt lat="49.8506630" lon="18.6289390">
    <ele>239.8</ele>
    <time>2026-05-25T16:36:57Z</time>
   </trkpt>
   <trkpt lat="49.8507370" lon="18.6290870">
    <ele>240.6</ele>
    <time>2026-05-25T16:37:01Z</time>
   </trkpt>
   <trkpt lat="49.8507790" lon="18.6291650">
    <ele>240.8</ele>
    <time>2026-05-25T16:37:03Z</time>
   </trkpt>
   <trkpt lat="49.8507900" lon="18.6293180">
    <ele>240.8</ele>
    <time>2026-05-25T16:37:06Z</time>
   </trkpt>
   <trkpt lat="49.8507950" lon="18.6297270">
    <ele>240.6</ele>
    <time>2026-05-25T16:37:13Z</time>
   </trkpt>
   <trkpt lat="49.8508270" lon="18.6299220">
    <ele>240.8</ele>
    <time>2026-05-25T16:37:17Z</time>
   </trkpt>
   <trkpt lat="49.8508220" lon="18.6299610">
    <ele>240.8</ele>
    <time>2026-05-25T16:37:18Z</time>
   </trkpt>
   <trkpt lat="49.8508110" lon="18.6300270">
    <ele>241.0</ele>
    <time>2026-05-25T16:37:20Z</time>
   </trkpt>
   <trkpt lat="49.8507870" lon="18.6300700">
    <ele>241.2</ele>
    <time>2026-05-25T16:37:22Z</time>
   </trkpt>
   <trkpt lat="49.8507560" lon="18.6301120">
    <ele>241.4</ele>
    <time>2026-05-25T16:37:24Z</time>
   </trkpt>
   <trkpt lat="49.8506320" lon="18.6303040">
    <ele>241.2</ele>
    <time>2026-05-25T16:37:31Z</time>
   </trkpt>
   <trkpt lat="49.8505530" lon="18.6304450">
    <ele>241.2</ele>
    <time>2026-05-25T16:37:36Z</time>
   </trkpt>
   <trkpt lat="49.8504540" lon="18.6306260">
    <ele>241.2</ele>
    <time>2026-05-25T16:37:42Z</time>
   </trkpt>
   <trkpt lat="49.8503350" lon="18.6308150">
    <ele>241.6</ele>
    <time>2026-05-25T16:37:48Z</time>
   </trkpt>
   <trkpt lat="49.8502430" lon="18.6309560">
    <ele>241.8</ele>
    <time>2026-05-25T16:37:53Z</time>
   </trkpt>
   <trkpt lat="49.8501880" lon="18.6310130">
    <ele>241.8</ele>
    <time>2026-05-25T16:37:56Z</time>
   </trkpt>
   <trkpt lat="49.8501610" lon="18.6310520">
    <ele>241.8</ele>
    <time>2026-05-25T16:37:58Z</time>
   </trkpt>
   <trkpt lat="49.8501590" lon="18.6311180">
    <ele>241.8</ele>
    <time>2026-05-25T16:38:00Z</time>
   </trkpt>
   <trkpt lat="49.8502170" lon="18.6312420">
    <ele>241.6</ele>
    <time>2026-05-25T16:38:05Z</time>
   </trkpt>
   <trkpt lat="49.8502630" lon="18.6313610">
    <ele>240.8</ele>
    <time>2026-05-25T16:38:09Z</time>
   </trkpt>
   <trkpt lat="49.8502650" lon="18.6313670">
    <ele>240.8</ele>
    <time>2026-05-25T16:38:11Z</time>
   </trkpt>
   <trkpt lat="49.8502600" lon="18.6313710">
    <ele>240.8</ele>
    <time>2026-05-25T16:38:13Z</time>
   </trkpt>
   <trkpt lat="49.8502600" lon="18.6313710">
    <ele>240.8</ele>
    <time>2026-05-25T16:38:42Z</time>
   </trkpt>
   <trkpt lat="49.8502490" lon="18.6314070">
    <ele>241.0</ele>
    <time>2026-05-25T16:38:47Z</time>
   </trkpt>
   <trkpt lat="49.8502430" lon="18.6315900">
    <ele>240.8</ele>
    <time>2026-05-25T16:38:53Z</time>
   </trkpt>
   <trkpt lat="49.8502640" lon="18.6319200">
    <ele>240.2</ele>
    <time>2026-05-25T16:39:01Z</time>
   </trkpt>
   <trkpt lat="49.8503000" lon="18.6321130">
    <ele>240.0</ele>
    <time>2026-05-25T16:39:05Z</time>
   </trkpt>
   <trkpt lat="49.8503380" lon="18.6322520">
    <ele>240.0</ele>
    <time>2026-05-25T16:39:08Z</time>
   </trkpt>
   <trkpt lat="49.8504080" lon="18.6324150">
    <ele>239.8</ele>
    <time>2026-05-25T16:39:12Z</time>
   </trkpt>
   <trkpt lat="49.8505010" lon="18.6325590">
    <ele>239.4</ele>
    <time>2026-05-25T16:39:16Z</time>
   </trkpt>
   <trkpt lat="49.8506450" lon="18.6326790">
    <ele>239.0</ele>
    <time>2026-05-25T16:39:19Z</time>
   </trkpt>
   <trkpt lat="49.8507790" lon="18.6327880">
    <ele>239.0</ele>
    <time>2026-05-25T16:39:22Z</time>
   </trkpt>
   <trkpt lat="49.8508670" lon="18.6328480">
    <ele>239.0</ele>
    <time>2026-05-25T16:39:24Z</time>
   </trkpt>
   <trkpt lat="49.8509870" lon="18.6329420">
    <ele>239.2</ele>
    <time>2026-05-25T16:39:27Z</time>
   </trkpt>
   <trkpt lat="49.8510050" lon="18.6329890">
    <ele>239.2</ele>
    <time>2026-05-25T16:39:28Z</time>
   </trkpt>
   <trkpt lat="49.8509590" lon="18.6330880">
    <ele>239.8</ele>
    <time>2026-05-25T16:39:31Z</time>
   </trkpt>
   <trkpt lat="49.8508870" lon="18.6332160">
    <ele>240.2</ele>
    <time>2026-05-25T16:39:35Z</time>
   </trkpt>
   <trkpt lat="49.8507720" lon="18.6333070">
    <ele>240.4</ele>
    <time>2026-05-25T16:39:40Z</time>
   </trkpt>
   <trkpt lat="49.8506630" lon="18.6333500">
    <ele>240.0</ele>
    <time>2026-05-25T16:39:44Z</time>
   </trkpt>
   <trkpt lat="49.8506340" lon="18.6333750">
    <ele>240.0</ele>
    <time>2026-05-25T16:39:45Z</time>
   </trkpt>
   <trkpt lat="49.8505470" lon="18.6334130">
    <ele>240.0</ele>
    <time>2026-05-25T16:39:48Z</time>
   </trkpt>
   <trkpt lat="49.8505180" lon="18.6334010">
    <ele>240.0</ele>
    <time>2026-05-25T16:39:49Z</time>
   </trkpt>
   <trkpt lat="49.8505040" lon="18.6333860">
    <ele>240.0</ele>
    <time>2026-05-25T16:39:50Z</time>
   </trkpt>
   <trkpt lat="49.8504920" lon="18.6333820">
    <ele>240.0</ele>
    <time>2026-05-25T16:39:51Z</time>
   </trkpt>
   <trkpt lat="49.8504860" lon="18.6333730">
    <ele>240.2</ele>
    <time>2026-05-25T16:39:52Z</time>
   </trkpt>
   <trkpt lat="49.8504790" lon="18.6333650">
    <ele>240.2</ele>
    <time>2026-05-25T16:39:53Z</time>
   </trkpt>
   <trkpt lat="49.8502800" lon="18.6333330">
    <ele>240.6</ele>
    <time>2026-05-25T16:40:05Z</time>
   </trkpt>
   <trkpt lat="49.8502290" lon="18.6333370">
    <ele>240.6</ele>
    <time>2026-05-25T16:40:07Z</time>
   </trkpt>
   <trkpt lat="49.8502070" lon="18.6333220">
    <ele>240.6</ele>
    <time>2026-05-25T16:40:08Z</time>
   </trkpt>
   <trkpt lat="49.8501510" lon="18.6333000">
    <ele>240.6</ele>
    <time>2026-05-25T16:40:10Z</time>
   </trkpt>
   <trkpt lat="49.8500980" lon="18.6332810">
    <ele>240.8</ele>
    <time>2026-05-25T16:40:13Z</time>
   </trkpt>
   <trkpt lat="49.8500690" lon="18.6332780">
    <ele>240.8</ele>
    <time>2026-05-25T16:40:15Z</time>
   </trkpt>
   <trkpt lat="49.8499320" lon="18.6332140">
    <ele>241.2</ele>
    <time>2026-05-25T16:40:23Z</time>
   </trkpt>
   <trkpt lat="49.8499160" lon="18.6331940">
    <ele>241.2</ele>
    <time>2026-05-25T16:40:24Z</time>
   </trkpt>
   <trkpt lat="49.8498450" lon="18.6331430">
    <ele>241.2</ele>
    <time>2026-05-25T16:40:28Z</time>
   </trkpt>
   <trkpt lat="49.8497840" lon="18.6331190">
    <ele>241.4</ele>
    <time>2026-05-25T16:40:31Z</time>
   </trkpt>
   <trkpt lat="49.8497340" lon="18.6330780">
    <ele>241.4</ele>
    <time>2026-05-25T16:40:33Z</time>
   </trkpt>
   <trkpt lat="49.8496840" lon="18.6329950">
    <ele>241.6</ele>
    <time>2026-05-25T16:40:36Z</time>
   </trkpt>
   <trkpt lat="49.8496580" lon="18.6329380">
    <ele>241.8</ele>
    <time>2026-05-25T16:40:38Z</time>
   </trkpt>
   <trkpt lat="49.8495340" lon="18.6326970">
    <ele>242.6</ele>
    <time>2026-05-25T16:40:47Z</time>
   </trkpt>
   <trkpt lat="49.8495090" lon="18.6326450">
    <ele>242.8</ele>
    <time>2026-05-25T16:40:49Z</time>
   </trkpt>
   <trkpt lat="49.8494450" lon="18.6324900">
    <ele>243.2</ele>
    <time>2026-05-25T16:40:54Z</time>
   </trkpt>
   <trkpt lat="49.8493990" lon="18.6323340">
    <ele>244.0</ele>
    <time>2026-05-25T16:40:59Z</time>
   </trkpt>
   <trkpt lat="49.8493770" lon="18.6322380">
    <ele>244.4</ele>
    <time>2026-05-25T16:41:02Z</time>
   </trkpt>
   <trkpt lat="49.8493480" lon="18.6320550">
    <ele>245.2</ele>
    <time>2026-05-25T16:41:07Z</time>
   </trkpt>
   <trkpt lat="49.8493390" lon="18.6319870">
    <ele>245.4</ele>
    <time>2026-05-25T16:41:09Z</time>
   </trkpt>
   <trkpt lat="49.8493370" lon="18.6319170">
    <ele>245.4</ele>
    <time>2026-05-25T16:41:11Z</time>
   </trkpt>
   <trkpt lat="49.8493380" lon="18.6318540">
    <ele>245.6</ele>
    <time>2026-05-25T16:41:13Z</time>
   </trkpt>
   <trkpt lat="49.8493160" lon="18.6317460">
    <ele>245.8</ele>
    <time>2026-05-25T16:41:17Z</time>
   </trkpt>
   <trkpt lat="49.8493050" lon="18.6317230">
    <ele>246.2</ele>
    <time>2026-05-25T16:41:18Z</time>
   </trkpt>
   <trkpt lat="49.8492920" lon="18.6317080">
    <ele>246.2</ele>
    <time>2026-05-25T16:41:19Z</time>
   </trkpt>
   <trkpt lat="49.8492460" lon="18.6316600">
    <ele>246.8</ele>
    <time>2026-05-25T16:41:22Z</time>
   </trkpt>
   <trkpt lat="49.8492130" lon="18.6315610">
    <ele>247.2</ele>
    <time>2026-05-25T16:41:26Z</time>
   </trkpt>
   <trkpt lat="49.8492100" lon="18.6315350">
    <ele>247.2</ele>
    <time>2026-05-25T16:41:27Z</time>
   </trkpt>
   <trkpt lat="49.8491700" lon="18.6313410">
    <ele>247.8</ele>
    <time>2026-05-25T16:41:34Z</time>
   </trkpt>
   <trkpt lat="49.8491360" lon="18.6310470">
    <ele>247.8</ele>
    <time>2026-05-25T16:41:43Z</time>
   </trkpt>
   <trkpt lat="49.8491260" lon="18.6308280">
    <ele>247.2</ele>
    <time>2026-05-25T16:41:48Z</time>
   </trkpt>
   <trkpt lat="49.8491220" lon="18.6307780">
    <ele>247.0</ele>
    <time>2026-05-25T16:41:49Z</time>
   </trkpt>
   <trkpt lat="49.8491160" lon="18.6306740">
    <ele>247.0</ele>
    <time>2026-05-25T16:41:51Z</time>
   </trkpt>
   <trkpt lat="49.8490750" lon="18.6304220">
    <ele>246.8</ele>
    <time>2026-05-25T16:41:56Z</time>
   </trkpt>
   <trkpt lat="49.8489900" lon="18.6303780">
    <ele>247.6</ele>
    <time>2026-05-25T16:42:00Z</time>
   </trkpt>
   <trkpt lat="49.8488930" lon="18.6304250">
    <ele>248.4</ele>
    <time>2026-05-25T16:42:06Z</time>
   </trkpt>
   <trkpt lat="49.8488820" lon="18.6304290">
    <ele>248.4</ele>
    <time>2026-05-25T16:42:07Z</time>
   </trkpt>
   <trkpt lat="49.8488220" lon="18.6304670">
    <ele>249.2</ele>
    <time>2026-05-25T16:42:13Z</time>
   </trkpt>
   <trkpt lat="49.8488090" lon="18.6304730">
    <ele>249.6</ele>
    <time>2026-05-25T16:42:14Z</time>
   </trkpt>
   <trkpt lat="49.8487940" lon="18.6304770">
    <ele>249.8</ele>
    <time>2026-05-25T16:42:15Z</time>
   </trkpt>
   <trkpt lat="49.8487120" lon="18.6305050">
    <ele>250.4</ele>
    <time>2026-05-25T16:42:21Z</time>
   </trkpt>
   <trkpt lat="49.8487020" lon="18.6305070">
    <ele>250.6</ele>
    <time>2026-05-25T16:42:22Z</time>
   </trkpt>
   <trkpt lat="49.8486940" lon="18.6305100">
    <ele>250.6</ele>
    <time>2026-05-25T16:42:23Z</time>
   </trkpt>
   <trkpt lat="49.8486110" lon="18.6305710">
    <ele>251.6</ele>
    <time>2026-05-25T16:42:30Z</time>
   </trkpt>
   <trkpt lat="49.8485900" lon="18.6305830">
    <ele>252.0</ele>
    <time>2026-05-25T16:42:32Z</time>
   </trkpt>
   <trkpt lat="49.8485360" lon="18.6305960">
    <ele>252.6</ele>
    <time>2026-05-25T16:42:36Z</time>
   </trkpt>
   <trkpt lat="49.8484840" lon="18.6306350">
    <ele>253.0</ele>
    <time>2026-05-25T16:42:40Z</time>
   </trkpt>
   <trkpt lat="49.8484200" lon="18.6306770">
    <ele>253.8</ele>
    <time>2026-05-25T16:42:45Z</time>
   </trkpt>
   <trkpt lat="49.8483690" lon="18.6307040">
    <ele>254.4</ele>
    <time>2026-05-25T16:42:50Z</time>
   </trkpt>
   <trkpt lat="49.8483340" lon="18.6307220">
    <ele>254.8</ele>
    <time>2026-05-25T16:42:53Z</time>
   </trkpt>
   <trkpt lat="49.8482760" lon="18.6307660">
    <ele>255.4</ele>
    <time>2026-05-25T16:42:58Z</time>
   </trkpt>
   <trkpt lat="49.8482640" lon="18.6307740">
    <ele>255.6</ele>
    <time>2026-05-25T16:42:59Z</time>
   </trkpt>
   <trkpt lat="49.8482410" lon="18.6307880">
    <ele>256.0</ele>
    <time>2026-05-25T16:43:01Z</time>
   </trkpt>
   <trkpt lat="49.8481950" lon="18.6308280">
    <ele>256.4</ele>
    <time>2026-05-25T16:43:05Z</time>
   </trkpt>
   <trkpt lat="49.8481470" lon="18.6308580">
    <ele>257.0</ele>
    <time>2026-05-25T16:43:09Z</time>
   </trkpt>
   <trkpt lat="49.8480510" lon="18.6309180">
    <ele>258.0</ele>
    <time>2026-05-25T16:43:17Z</time>
   </trkpt>
   <trkpt lat="49.8480380" lon="18.6309230">
    <ele>258.2</ele>
    <time>2026-05-25T16:43:18Z</time>
   </trkpt>
   <trkpt lat="49.8479450" lon="18.6309540">
    <ele>259.0</ele>
    <time>2026-05-25T16:43:25Z</time>
   </trkpt>
   <trkpt lat="49.8479330" lon="18.6309560">
    <ele>259.2</ele>
    <time>2026-05-25T16:43:26Z</time>
   </trkpt>
   <trkpt lat="49.8478270" lon="18.6309490">
    <ele>260.2</ele>
    <time>2026-05-25T16:43:34Z</time>
   </trkpt>
   <trkpt lat="49.8478130" lon="18.6309450">
    <ele>260.2</ele>
    <time>2026-05-25T16:43:35Z</time>
   </trkpt>
   <trkpt lat="49.8477360" lon="18.6309220">
    <ele>261.0</ele>
    <time>2026-05-25T16:43:41Z</time>
   </trkpt>
   <trkpt lat="49.8477090" lon="18.6309240">
    <ele>261.0</ele>
    <time>2026-05-25T16:43:43Z</time>
   </trkpt>
   <trkpt lat="49.8476800" lon="18.6309220">
    <ele>261.4</ele>
    <time>2026-05-25T16:43:45Z</time>
   </trkpt>
   <trkpt lat="49.8475690" lon="18.6308890">
    <ele>262.0</ele>
    <time>2026-05-25T16:43:53Z</time>
   </trkpt>
   <trkpt lat="49.8475430" lon="18.6308910">
    <ele>262.4</ele>
    <time>2026-05-25T16:43:55Z</time>
   </trkpt>
   <trkpt lat="49.8474460" lon="18.6308750">
    <ele>263.0</ele>
    <time>2026-05-25T16:44:02Z</time>
   </trkpt>
   <trkpt lat="49.8473870" lon="18.6308630">
    <ele>263.4</ele>
    <time>2026-05-25T16:44:06Z</time>
   </trkpt>
   <trkpt lat="49.8473410" lon="18.6308580">
    <ele>263.4</ele>
    <time>2026-05-25T16:44:09Z</time>
   </trkpt>
   <trkpt lat="49.8473010" lon="18.6308470">
    <ele>263.8</ele>
    <time>2026-05-25T16:44:12Z</time>
   </trkpt>
   <trkpt lat="49.8472870" lon="18.6308470">
    <ele>264.0</ele>
    <time>2026-05-25T16:44:13Z</time>
   </trkpt>
   <trkpt lat="49.8472600" lon="18.6308460">
    <ele>264.0</ele>
    <time>2026-05-25T16:44:15Z</time>
   </trkpt>
   <trkpt lat="49.8472330" lon="18.6308440">
    <ele>264.0</ele>
    <time>2026-05-25T16:44:17Z</time>
   </trkpt>
   <trkpt lat="49.8471840" lon="18.6308290">
    <ele>264.4</ele>
    <time>2026-05-25T16:44:21Z</time>
   </trkpt>
   <trkpt lat="49.8471700" lon="18.6308270">
    <ele>264.6</ele>
    <time>2026-05-25T16:44:22Z</time>
   </trkpt>
   <trkpt lat="49.8471300" lon="18.6308150">
    <ele>264.8</ele>
    <time>2026-05-25T16:44:25Z</time>
   </trkpt>
   <trkpt lat="49.8469930" lon="18.6308050">
    <ele>265.6</ele>
    <time>2026-05-25T16:44:35Z</time>
   </trkpt>
   <trkpt lat="49.8469180" lon="18.6307780">
    <ele>266.0</ele>
    <time>2026-05-25T16:44:41Z</time>
   </trkpt>
   <trkpt lat="49.8468930" lon="18.6307790">
    <ele>266.0</ele>
    <time>2026-05-25T16:44:43Z</time>
   </trkpt>
   <trkpt lat="49.8468200" lon="18.6307770">
    <ele>266.6</ele>
    <time>2026-05-25T16:44:48Z</time>
   </trkpt>
   <trkpt lat="49.8468040" lon="18.6307730">
    <ele>266.8</ele>
    <time>2026-05-25T16:44:49Z</time>
   </trkpt>
   <trkpt lat="49.8467620" lon="18.6307580">
    <ele>267.0</ele>
    <time>2026-05-25T16:44:52Z</time>
   </trkpt>
   <trkpt lat="49.8467300" lon="18.6307470">
    <ele>267.4</ele>
    <time>2026-05-25T16:44:54Z</time>
   </trkpt>
   <trkpt lat="49.8466720" lon="18.6307390">
    <ele>267.6</ele>
    <time>2026-05-25T16:44:58Z</time>
   </trkpt>
   <trkpt lat="49.8466590" lon="18.6307260">
    <ele>267.8</ele>
    <time>2026-05-25T16:44:59Z</time>
   </trkpt>
   <trkpt lat="49.8466460" lon="18.6307090">
    <ele>267.8</ele>
    <time>2026-05-25T16:45:00Z</time>
   </trkpt>
   <trkpt lat="49.8466230" lon="18.6306180">
    <ele>268.0</ele>
    <time>2026-05-25T16:45:04Z</time>
   </trkpt>
   <trkpt lat="49.8466190" lon="18.6305710">
    <ele>268.0</ele>
    <time>2026-05-25T16:45:06Z</time>
   </trkpt>
   <trkpt lat="49.8466110" lon="18.6305140">
    <ele>268.0</ele>
    <time>2026-05-25T16:45:08Z</time>
   </trkpt>
   <trkpt lat="49.8466010" lon="18.6303800">
    <ele>268.0</ele>
    <time>2026-05-25T16:45:13Z</time>
   </trkpt>
   <trkpt lat="49.8466170" lon="18.6302720">
    <ele>268.0</ele>
    <time>2026-05-25T16:45:17Z</time>
   </trkpt>
   <trkpt lat="49.8466160" lon="18.6301310">
    <ele>268.0</ele>
    <time>2026-05-25T16:45:21Z</time>
   </trkpt>
   <trkpt lat="49.8466030" lon="18.6298010">
    <ele>267.6</ele>
    <time>2026-05-25T16:45:29Z</time>
   </trkpt>
   <trkpt lat="49.8465820" lon="18.6295580">
    <ele>267.6</ele>
    <time>2026-05-25T16:45:36Z</time>
   </trkpt>
   <trkpt lat="49.8465370" lon="18.6294810">
    <ele>267.8</ele>
    <time>2026-05-25T16:45:41Z</time>
   </trkpt>
   <trkpt lat="49.8464580" lon="18.6294370">
    <ele>268.4</ele>
    <time>2026-05-25T16:45:48Z</time>
   </trkpt>
   <trkpt lat="49.8464130" lon="18.6294240">
    <ele>268.8</ele>
    <time>2026-05-25T16:45:52Z</time>
   </trkpt>
   <trkpt lat="49.8463320" lon="18.6294130">
    <ele>269.0</ele>
    <time>2026-05-25T16:45:59Z</time>
   </trkpt>
   <trkpt lat="49.8462050" lon="18.6294000">
    <ele>269.6</ele>
    <time>2026-05-25T16:46:09Z</time>
   </trkpt>
   <trkpt lat="49.8461570" lon="18.6293810">
    <ele>269.8</ele>
    <time>2026-05-25T16:46:13Z</time>
   </trkpt>
   <trkpt lat="49.8461480" lon="18.6293820">
    <ele>269.8</ele>
    <time>2026-05-25T16:46:14Z</time>
   </trkpt>
   <trkpt lat="49.8461270" lon="18.6293760">
    <ele>270.0</ele>
    <time>2026-05-25T16:46:16Z</time>
   </trkpt>
   <trkpt lat="49.8460930" lon="18.6293730">
    <ele>270.2</ele>
    <time>2026-05-25T16:46:19Z</time>
   </trkpt>
   <trkpt lat="49.8460790" lon="18.6293650">
    <ele>270.2</ele>
    <time>2026-05-25T16:46:20Z</time>
   </trkpt>
   <trkpt lat="49.8459880" lon="18.6293220">
    <ele>270.6</ele>
    <time>2026-05-25T16:46:28Z</time>
   </trkpt>
   <trkpt lat="49.8459660" lon="18.6293150">
    <ele>270.6</ele>
    <time>2026-05-25T16:46:30Z</time>
   </trkpt>
   <trkpt lat="49.8459280" lon="18.6292940">
    <ele>270.6</ele>
    <time>2026-05-25T16:46:33Z</time>
   </trkpt>
   <trkpt lat="49.8458810" lon="18.6292730">
    <ele>270.8</ele>
    <time>2026-05-25T16:46:37Z</time>
   </trkpt>
   <trkpt lat="49.8458490" lon="18.6292580">
    <ele>270.8</ele>
    <time>2026-05-25T16:46:40Z</time>
   </trkpt>
   <trkpt lat="49.8457730" lon="18.6292150">
    <ele>271.0</ele>
    <time>2026-05-25T16:46:47Z</time>
   </trkpt>
   <trkpt lat="49.8456910" lon="18.6291530">
    <ele>271.4</ele>
    <time>2026-05-25T16:46:53Z</time>
   </trkpt>
   <trkpt lat="49.8456510" lon="18.6291120">
    <ele>271.2</ele>
    <time>2026-05-25T16:46:56Z</time>
   </trkpt>
   <trkpt lat="49.8455920" lon="18.6290480">
    <ele>271.2</ele>
    <time>2026-05-25T16:47:00Z</time>
   </trkpt>
   <trkpt lat="49.8455460" lon="18.6289860">
    <ele>271.0</ele>
    <time>2026-05-25T16:47:03Z</time>
   </trkpt>
   <trkpt lat="49.8454800" lon="18.6288230">
    <ele>271.2</ele>
    <time>2026-05-25T16:47:08Z</time>
   </trkpt>
   <trkpt lat="49.8454430" lon="18.6287420">
    <ele>271.8</ele>
    <time>2026-05-25T16:47:10Z</time>
   </trkpt>
   <trkpt lat="49.8454160" lon="18.6286400">
    <ele>271.8</ele>
    <time>2026-05-25T16:47:12Z</time>
   </trkpt>
   <trkpt lat="49.8453700" lon="18.6284660">
    <ele>271.2</ele>
    <time>2026-05-25T16:47:15Z</time>
   </trkpt>
   <trkpt lat="49.8453470" lon="18.6284040">
    <ele>271.0</ele>
    <time>2026-05-25T16:47:16Z</time>
   </trkpt>
   <trkpt lat="49.8452790" lon="18.6283000">
    <ele>270.4</ele>
    <time>2026-05-25T16:47:18Z</time>
   </trkpt>
   <trkpt lat="49.8451890" lon="18.6282950">
    <ele>269.8</ele>
    <time>2026-05-25T16:47:20Z</time>
   </trkpt>
   <trkpt lat="49.8451450" lon="18.6283100">
    <ele>269.6</ele>
    <time>2026-05-25T16:47:21Z</time>
   </trkpt>
   <trkpt lat="49.8450600" lon="18.6283520">
    <ele>269.0</ele>
    <time>2026-05-25T16:47:23Z</time>
   </trkpt>
   <trkpt lat="49.8450180" lon="18.6283660">
    <ele>268.8</ele>
    <time>2026-05-25T16:47:24Z</time>
   </trkpt>
   <trkpt lat="49.8449370" lon="18.6284100">
    <ele>268.8</ele>
    <time>2026-05-25T16:47:26Z</time>
   </trkpt>
   <trkpt lat="49.8448170" lon="18.6284800">
    <ele>268.8</ele>
    <time>2026-05-25T16:47:29Z</time>
   </trkpt>
   <trkpt lat="49.8447700" lon="18.6285710">
    <ele>268.8</ele>
    <time>2026-05-25T16:47:31Z</time>
   </trkpt>
   <trkpt lat="49.8447820" lon="18.6287810">
    <ele>269.4</ele>
    <time>2026-05-25T16:47:35Z</time>
   </trkpt>
   <trkpt lat="49.8448080" lon="18.6288710">
    <ele>270.2</ele>
    <time>2026-05-25T16:47:37Z</time>
   </trkpt>
   <trkpt lat="49.8448530" lon="18.6290270">
    <ele>271.0</ele>
    <time>2026-05-25T16:47:41Z</time>
   </trkpt>
   <trkpt lat="49.8448650" lon="18.6290640">
    <ele>271.2</ele>
    <time>2026-05-25T16:47:42Z</time>
   </trkpt>
   <trkpt lat="49.8449150" lon="18.6293000">
    <ele>271.6</ele>
    <time>2026-05-25T16:47:48Z</time>
   </trkpt>
   <trkpt lat="49.8449660" lon="18.6295840">
    <ele>271.6</ele>
    <time>2026-05-25T16:47:55Z</time>
   </trkpt>
   <trkpt lat="49.8450380" lon="18.6299130">
    <ele>272.0</ele>
    <time>2026-05-25T16:48:03Z</time>
   </trkpt>
   <trkpt lat="49.8450480" lon="18.6299520">
    <ele>272.2</ele>
    <time>2026-05-25T16:48:04Z</time>
   </trkpt>
   <trkpt lat="49.8450560" lon="18.6299930">
    <ele>272.2</ele>
    <time>2026-05-25T16:48:05Z</time>
   </trkpt>
   <trkpt lat="49.8450670" lon="18.6300790">
    <ele>272.4</ele>
    <time>2026-05-25T16:48:07Z</time>
   </trkpt>
   <trkpt lat="49.8450930" lon="18.6302060">
    <ele>272.4</ele>
    <time>2026-05-25T16:48:10Z</time>
   </trkpt>
   <trkpt lat="49.8451660" lon="18.6304830">
    <ele>272.2</ele>
    <time>2026-05-25T16:48:17Z</time>
   </trkpt>
   <trkpt lat="49.8453300" lon="18.6305540">
    <ele>272.2</ele>
    <time>2026-05-25T16:48:23Z</time>
   </trkpt>
   <trkpt lat="49.8455120" lon="18.6305810">
    <ele>271.4</ele>
    <time>2026-05-25T16:48:29Z</time>
   </trkpt>
   <trkpt lat="49.8456100" lon="18.6306040">
    <ele>271.2</ele>
    <time>2026-05-25T16:48:32Z</time>
   </trkpt>
   <trkpt lat="49.8456430" lon="18.6306100">
    <ele>271.0</ele>
    <time>2026-05-25T16:48:33Z</time>
   </trkpt>
   <trkpt lat="49.8457100" lon="18.6306090">
    <ele>271.0</ele>
    <time>2026-05-25T16:48:35Z</time>
   </trkpt>
   <trkpt lat="49.8458110" lon="18.6306290">
    <ele>270.8</ele>
    <time>2026-05-25T16:48:38Z</time>
   </trkpt>
   <trkpt lat="49.8459570" lon="18.6306450">
    <ele>270.6</ele>
    <time>2026-05-25T16:48:42Z</time>
   </trkpt>
   <trkpt lat="49.8459960" lon="18.6306510">
    <ele>270.4</ele>
    <time>2026-05-25T16:48:43Z</time>
   </trkpt>
   <trkpt lat="49.8461630" lon="18.6306720">
    <ele>269.6</ele>
    <time>2026-05-25T16:48:47Z</time>
   </trkpt>
   <trkpt lat="49.8462620" lon="18.6306920">
    <ele>269.2</ele>
    <time>2026-05-25T16:48:49Z</time>
   </trkpt>
   <trkpt lat="49.8463130" lon="18.6307040">
    <ele>269.0</ele>
    <time>2026-05-25T16:48:50Z</time>
   </trkpt>
   <trkpt lat="49.8464140" lon="18.6307170">
    <ele>268.4</ele>
    <time>2026-05-25T16:48:52Z</time>
   </trkpt>
   <trkpt lat="49.8464630" lon="18.6307270">
    <ele>268.0</ele>
    <time>2026-05-25T16:48:53Z</time>
   </trkpt>
   <trkpt lat="49.8465690" lon="18.6307550">
    <ele>267.0</ele>
    <time>2026-05-25T16:48:55Z</time>
   </trkpt>
   <trkpt lat="49.8466430" lon="18.6308430">
    <ele>266.6</ele>
    <time>2026-05-25T16:48:57Z</time>
   </trkpt>
   <trkpt lat="49.8466520" lon="18.6310410">
    <ele>266.6</ele>
    <time>2026-05-25T16:49:00Z</time>
   </trkpt>
   <trkpt lat="49.8466660" lon="18.6312330">
    <ele>266.6</ele>
    <time>2026-05-25T16:49:03Z</time>
   </trkpt>
   <trkpt lat="49.8466720" lon="18.6313970">
    <ele>266.8</ele>
    <time>2026-05-25T16:49:06Z</time>
   </trkpt>
   <trkpt lat="49.8466680" lon="18.6314640">
    <ele>267.0</ele>
    <time>2026-05-25T16:49:10Z</time>
   </trkpt>
   <trkpt lat="49.8466840" lon="18.6316410">
    <ele>267.2</ele>
    <time>2026-05-25T16:49:15Z</time>
   </trkpt>
   <trkpt lat="49.8466860" lon="18.6318310">
    <ele>266.4</ele>
    <time>2026-05-25T16:49:18Z</time>
   </trkpt>
   <trkpt lat="49.8466910" lon="18.6318940">
    <ele>266.4</ele>
    <time>2026-05-25T16:49:19Z</time>
   </trkpt>
   <trkpt lat="49.8467030" lon="18.6320710">
    <ele>266.2</ele>
    <time>2026-05-25T16:49:22Z</time>
   </trkpt>
   <trkpt lat="49.8467100" lon="18.6321990">
    <ele>265.8</ele>
    <time>2026-05-25T16:49:24Z</time>
   </trkpt>
   <trkpt lat="49.8467190" lon="18.6322670">
    <ele>265.4</ele>
    <time>2026-05-25T16:49:25Z</time>
   </trkpt>
   <trkpt lat="49.8467330" lon="18.6324790">
    <ele>264.6</ele>
    <time>2026-05-25T16:49:28Z</time>
   </trkpt>
   <trkpt lat="49.8467680" lon="18.6328740">
    <ele>263.6</ele>
    <time>2026-05-25T16:49:33Z</time>
   </trkpt>
   <trkpt lat="49.8467720" lon="18.6329640">
    <ele>263.4</ele>
    <time>2026-05-25T16:49:34Z</time>
   </trkpt>
   <trkpt lat="49.8467850" lon="18.6331440">
    <ele>262.6</ele>
    <time>2026-05-25T16:49:36Z</time>
   </trkpt>
   <trkpt lat="49.8468010" lon="18.6332150">
    <ele>262.0</ele>
    <time>2026-05-25T16:49:37Z</time>
   </trkpt>
   <trkpt lat="49.8468290" lon="18.6332550">
    <ele>262.0</ele>
    <time>2026-05-25T16:49:38Z</time>
   </trkpt>
   <trkpt lat="49.8469750" lon="18.6332680">
    <ele>261.2</ele>
    <time>2026-05-25T16:49:41Z</time>
   </trkpt>
   <trkpt lat="49.8471210" lon="18.6332520">
    <ele>261.4</ele>
    <time>2026-05-25T16:49:44Z</time>
   </trkpt>
   <trkpt lat="49.8472030" lon="18.6332550">
    <ele>261.6</ele>
    <time>2026-05-25T16:49:46Z</time>
   </trkpt>
   <trkpt lat="49.8473440" lon="18.6332960">
    <ele>261.8</ele>
    <time>2026-05-25T16:49:49Z</time>
   </trkpt>
   <trkpt lat="49.8473870" lon="18.6333200">
    <ele>261.4</ele>
    <time>2026-05-25T16:49:50Z</time>
   </trkpt>
   <trkpt lat="49.8474790" lon="18.6333650">
    <ele>261.2</ele>
    <time>2026-05-25T16:49:52Z</time>
   </trkpt>
   <trkpt lat="49.8475710" lon="18.6334450">
    <ele>260.4</ele>
    <time>2026-05-25T16:49:54Z</time>
   </trkpt>
   <trkpt lat="49.8476790" lon="18.6335580">
    <ele>259.2</ele>
    <time>2026-05-25T16:49:56Z</time>
   </trkpt>
   <trkpt lat="49.8478150" lon="18.6336350">
    <ele>258.0</ele>
    <time>2026-05-25T16:49:58Z</time>
   </trkpt>
   <trkpt lat="49.8478950" lon="18.6336480">
    <ele>257.6</ele>
    <time>2026-05-25T16:49:59Z</time>
   </trkpt>
   <trkpt lat="49.8479730" lon="18.6336490">
    <ele>256.8</ele>
    <time>2026-05-25T16:50:00Z</time>
   </trkpt>
   <trkpt lat="49.8481450" lon="18.6336100">
    <ele>256.0</ele>
    <time>2026-05-25T16:50:02Z</time>
   </trkpt>
   <trkpt lat="49.8482220" lon="18.6335720">
    <ele>255.4</ele>
    <time>2026-05-25T16:50:03Z</time>
   </trkpt>
   <trkpt lat="49.8483740" lon="18.6334690">
    <ele>253.4</ele>
    <time>2026-05-25T16:50:05Z</time>
   </trkpt>
   <trkpt lat="49.8485280" lon="18.6333540">
    <ele>252.0</ele>
    <time>2026-05-25T16:50:07Z</time>
   </trkpt>
   <trkpt lat="49.8486930" lon="18.6332400">
    <ele>250.8</ele>
    <time>2026-05-25T16:50:09Z</time>
   </trkpt>
   <trkpt lat="49.8489170" lon="18.6330920">
    <ele>249.6</ele>
    <time>2026-05-25T16:50:12Z</time>
   </trkpt>
   <trkpt lat="49.8489990" lon="18.6330560">
    <ele>247.8</ele>
    <time>2026-05-25T16:50:13Z</time>
   </trkpt>
   <trkpt lat="49.8491710" lon="18.6329980">
    <ele>246.4</ele>
    <time>2026-05-25T16:50:15Z</time>
   </trkpt>
   <trkpt lat="49.8492520" lon="18.6329670">
    <ele>244.6</ele>
    <time>2026-05-25T16:50:16Z</time>
   </trkpt>
   <trkpt lat="49.8493870" lon="18.6329100">
    <ele>243.2</ele>
    <time>2026-05-25T16:50:18Z</time>
   </trkpt>
   <trkpt lat="49.8494460" lon="18.6328830">
    <ele>242.4</ele>
    <time>2026-05-25T16:50:19Z</time>
   </trkpt>
   <trkpt lat="49.8494920" lon="18.6328620">
    <ele>241.8</ele>
    <time>2026-05-25T16:50:20Z</time>
   </trkpt>
   <trkpt lat="49.8495370" lon="18.6328440">
    <ele>241.0</ele>
    <time>2026-05-25T16:50:21Z</time>
   </trkpt>
   <trkpt lat="49.8495840" lon="18.6328450">
    <ele>241.0</ele>
    <time>2026-05-25T16:50:22Z</time>
   </trkpt>
   <trkpt lat="49.8496310" lon="18.6328680">
    <ele>240.6</ele>
    <time>2026-05-25T16:50:23Z</time>
   </trkpt>
   <trkpt lat="49.8497120" lon="18.6329900">
    <ele>240.4</ele>
    <time>2026-05-25T16:50:25Z</time>
   </trkpt>
   <trkpt lat="49.8498000" lon="18.6332100">
    <ele>240.0</ele>
    <time>2026-05-25T16:50:28Z</time>
   </trkpt>
   <trkpt lat="49.8498260" lon="18.6332820">
    <ele>239.8</ele>
    <time>2026-05-25T16:50:29Z</time>
   </trkpt>
   <trkpt lat="49.8498380" lon="18.6333590">
    <ele>239.8</ele>
    <time>2026-05-25T16:50:30Z</time>
   </trkpt>
   <trkpt lat="49.8498400" lon="18.6335160">
    <ele>239.6</ele>
    <time>2026-05-25T16:50:32Z</time>
   </trkpt>
   <trkpt lat="49.8498610" lon="18.6336570">
    <ele>239.4</ele>
    <time>2026-05-25T16:50:34Z</time>
   </trkpt>
   <trkpt lat="49.8499170" lon="18.6337770">
    <ele>239.4</ele>
    <time>2026-05-25T16:50:36Z</time>
   </trkpt>
   <trkpt lat="49.8499800" lon="18.6338840">
    <ele>240.8</ele>
    <time>2026-05-25T16:50:38Z</time>
   </trkpt>
   <trkpt lat="49.8500400" lon="18.6340000">
    <ele>240.8</ele>
    <time>2026-05-25T16:50:40Z</time>
   </trkpt>
   <trkpt lat="49.8500700" lon="18.6340620">
    <ele>240.8</ele>
    <time>2026-05-25T16:50:41Z</time>
   </trkpt>
   <trkpt lat="49.8501030" lon="18.6341170">
    <ele>240.8</ele>
    <time>2026-05-25T16:50:42Z</time>
   </trkpt>
   <trkpt lat="49.8501290" lon="18.6341680">
    <ele>240.8</ele>
    <time>2026-05-25T16:50:43Z</time>
   </trkpt>
   <trkpt lat="49.8501540" lon="18.6342190">
    <ele>240.8</ele>
    <time>2026-05-25T16:50:44Z</time>
   </trkpt>
   <trkpt lat="49.8501930" lon="18.6343170">
    <ele>240.6</ele>
    <time>2026-05-25T16:50:46Z</time>
   </trkpt>
   <trkpt lat="49.8502660" lon="18.6344780">
    <ele>239.6</ele>
    <time>2026-05-25T16:50:49Z</time>
   </trkpt>
   <trkpt lat="49.8502880" lon="18.6345250">
    <ele>239.6</ele>
    <time>2026-05-25T16:50:50Z</time>
   </trkpt>
   <trkpt lat="49.8503790" lon="18.6346980">
    <ele>239.4</ele>
    <time>2026-05-25T16:50:54Z</time>
   </trkpt>
   <trkpt lat="49.8504200" lon="18.6347890">
    <ele>239.4</ele>
    <time>2026-05-25T16:50:56Z</time>
   </trkpt>
   <trkpt lat="49.8505460" lon="18.6350400">
    <ele>239.2</ele>
    <time>2026-05-25T16:51:01Z</time>
   </trkpt>
   <trkpt lat="49.8506250" lon="18.6351900">
    <ele>239.2</ele>
    <time>2026-05-25T16:51:04Z</time>
   </trkpt>
   <trkpt lat="49.8507210" lon="18.6353400">
    <ele>238.8</ele>
    <time>2026-05-25T16:51:07Z</time>
   </trkpt>
   <trkpt lat="49.8507830" lon="18.6354190">
    <ele>238.6</ele>
    <time>2026-05-25T16:51:09Z</time>
   </trkpt>
   <trkpt lat="49.8508070" lon="18.6354650">
    <ele>238.6</ele>
    <time>2026-05-25T16:51:10Z</time>
   </trkpt>
   <trkpt lat="49.8509210" lon="18.6357700">
    <ele>239.0</ele>
    <time>2026-05-25T16:51:16Z</time>
   </trkpt>
   <trkpt lat="49.8509820" lon="18.6359380">
    <ele>239.2</ele>
    <time>2026-05-25T16:51:19Z</time>
   </trkpt>
   <trkpt lat="49.8510410" lon="18.6360970">
    <ele>239.0</ele>
    <time>2026-05-25T16:51:22Z</time>
   </trkpt>
   <trkpt lat="49.8510880" lon="18.6362520">
    <ele>239.2</ele>
    <time>2026-05-25T16:51:25Z</time>
   </trkpt>
   <trkpt lat="49.8511000" lon="18.6363690">
    <ele>239.2</ele>
    <time>2026-05-25T16:51:27Z</time>
   </trkpt>
   <trkpt lat="49.8510780" lon="18.6364970">
    <ele>239.4</ele>
    <time>2026-05-25T16:51:29Z</time>
   </trkpt>
   <trkpt lat="49.8510210" lon="18.6367740">
    <ele>239.4</ele>
    <time>2026-05-25T16:51:33Z</time>
   </trkpt>
   <trkpt lat="49.8510080" lon="18.6369240">
    <ele>239.2</ele>
    <time>2026-05-25T16:51:35Z</time>
   </trkpt>
   <trkpt lat="49.8509750" lon="18.6373700">
    <ele>238.6</ele>
    <time>2026-05-25T16:51:41Z</time>
   </trkpt>
   <trkpt lat="49.8509390" lon="18.6376870">
    <ele>238.6</ele>
    <time>2026-05-25T16:51:45Z</time>
   </trkpt>
   <trkpt lat="49.8509040" lon="18.6380050">
    <ele>238.8</ele>
    <time>2026-05-25T16:51:49Z</time>
   </trkpt>
   <trkpt lat="49.8508520" lon="18.6383780">
    <ele>239.2</ele>
    <time>2026-05-25T16:51:54Z</time>
   </trkpt>
   <trkpt lat="49.8508290" lon="18.6384370">
    <ele>239.2</ele>
    <time>2026-05-25T16:51:55Z</time>
   </trkpt>
   <trkpt lat="49.8508020" lon="18.6384870">
    <ele>239.6</ele>
    <time>2026-05-25T16:51:56Z</time>
   </trkpt>
   <trkpt lat="49.8507510" lon="18.6385530">
    <ele>240.4</ele>
    <time>2026-05-25T16:51:58Z</time>
   </trkpt>
   <trkpt lat="49.8507230" lon="18.6385670">
    <ele>241.0</ele>
    <time>2026-05-25T16:51:59Z</time>
   </trkpt>
   <trkpt lat="49.8506960" lon="18.6385740">
    <ele>241.0</ele>
    <time>2026-05-25T16:52:00Z</time>
   </trkpt>
   <trkpt lat="49.8505660" lon="18.6386380">
    <ele>242.0</ele>
    <time>2026-05-25T16:52:05Z</time>
   </trkpt>
   <trkpt lat="49.8505440" lon="18.6386710">
    <ele>242.0</ele>
    <time>2026-05-25T16:52:06Z</time>
   </trkpt>
   <trkpt lat="49.8504940" lon="18.6388190">
    <ele>242.6</ele>
    <time>2026-05-25T16:52:10Z</time>
   </trkpt>
   <trkpt lat="49.8504970" lon="18.6388440">
    <ele>242.8</ele>
    <time>2026-05-25T16:52:11Z</time>
   </trkpt>
   <trkpt lat="49.8505070" lon="18.6388830">
    <ele>243.2</ele>
    <time>2026-05-25T16:52:13Z</time>
   </trkpt>
   <trkpt lat="49.8505350" lon="18.6389550">
    <ele>244.0</ele>
    <time>2026-05-25T16:52:17Z</time>
   </trkpt>
   <trkpt lat="49.8505550" lon="18.6390010">
    <ele>244.4</ele>
    <time>2026-05-25T16:52:20Z</time>
   </trkpt>
   <trkpt lat="49.8505810" lon="18.6390820">
    <ele>244.8</ele>
    <time>2026-05-25T16:52:24Z</time>
   </trkpt>
   <trkpt lat="49.8505850" lon="18.6390960">
    <ele>245.0</ele>
    <time>2026-05-25T16:52:25Z</time>
   </trkpt>
   <trkpt lat="49.8505930" lon="18.6391140">
    <ele>245.0</ele>
    <time>2026-05-25T16:52:26Z</time>
   </trkpt>
   <trkpt lat="49.8506160" lon="18.6391710">
    <ele>245.4</ele>
    <time>2026-05-25T16:52:29Z</time>
   </trkpt>
   <trkpt lat="49.8506450" lon="18.6392530">
    <ele>246.4</ele>
    <time>2026-05-25T16:52:34Z</time>
   </trkpt>
   <trkpt lat="49.8506540" lon="18.6392980">
    <ele>246.6</ele>
    <time>2026-05-25T16:52:36Z</time>
   </trkpt>
   <trkpt lat="49.8506710" lon="18.6393800">
    <ele>247.2</ele>
    <time>2026-05-25T16:52:40Z</time>
   </trkpt>
   <trkpt lat="49.8506920" lon="18.6394350">
    <ele>247.6</ele>
    <time>2026-05-25T16:52:43Z</time>
   </trkpt>
   <trkpt lat="49.8506980" lon="18.6394550">
    <ele>247.8</ele>
    <time>2026-05-25T16:52:44Z</time>
   </trkpt>
   <trkpt lat="49.8507390" lon="18.6395630">
    <ele>248.6</ele>
    <time>2026-05-25T16:52:50Z</time>
   </trkpt>
   <trkpt lat="49.8507540" lon="18.6396280">
    <ele>249.4</ele>
    <time>2026-05-25T16:52:54Z</time>
   </trkpt>
   <trkpt lat="49.8507670" lon="18.6396660">
    <ele>249.8</ele>
    <time>2026-05-25T16:52:56Z</time>
   </trkpt>
   <trkpt lat="49.8508030" lon="18.6397840">
    <ele>250.6</ele>
    <time>2026-05-25T16:53:03Z</time>
   </trkpt>
   <trkpt lat="49.8508050" lon="18.6398020">
    <ele>250.8</ele>
    <time>2026-05-25T16:53:04Z</time>
   </trkpt>
   <trkpt lat="49.8508110" lon="18.6398410">
    <ele>251.0</ele>
    <time>2026-05-25T16:53:06Z</time>
   </trkpt>
   <trkpt lat="49.8508160" lon="18.6398840">
    <ele>251.4</ele>
    <time>2026-05-25T16:53:08Z</time>
   </trkpt>
   <trkpt lat="49.8508240" lon="18.6399150">
    <ele>251.6</ele>
    <time>2026-05-25T16:53:10Z</time>
   </trkpt>
   <trkpt lat="49.8508350" lon="18.6399520">
    <ele>252.0</ele>
    <time>2026-05-25T16:53:12Z</time>
   </trkpt>
   <trkpt lat="49.8508500" lon="18.6400370">
    <ele>252.6</ele>
    <time>2026-05-25T16:53:17Z</time>
   </trkpt>
   <trkpt lat="49.8508590" lon="18.6400900">
    <ele>253.0</ele>
    <time>2026-05-25T16:53:20Z</time>
   </trkpt>
   <trkpt lat="49.8508720" lon="18.6401240">
    <ele>253.4</ele>
    <time>2026-05-25T16:53:22Z</time>
   </trkpt>
   <trkpt lat="49.8508720" lon="18.6401760">
    <ele>253.8</ele>
    <time>2026-05-25T16:53:25Z</time>
   </trkpt>
   <trkpt lat="49.8508750" lon="18.6401950">
    <ele>254.0</ele>
    <time>2026-05-25T16:53:26Z</time>
   </trkpt>
   <trkpt lat="49.8508800" lon="18.6402120">
    <ele>254.2</ele>
    <time>2026-05-25T16:53:27Z</time>
   </trkpt>
   <trkpt lat="49.8508970" lon="18.6402820">
    <ele>254.8</ele>
    <time>2026-05-25T16:53:31Z</time>
   </trkpt>
   <trkpt lat="49.8509040" lon="18.6403110">
    <ele>255.2</ele>
    <time>2026-05-25T16:53:33Z</time>
   </trkpt>
   <trkpt lat="49.8509060" lon="18.6403400">
    <ele>255.4</ele>
    <time>2026-05-25T16:53:35Z</time>
   </trkpt>
   <trkpt lat="49.8509130" lon="18.6403610">
    <ele>255.6</ele>
    <time>2026-05-25T16:53:36Z</time>
   </trkpt>
   <trkpt lat="49.8509380" lon="18.6404150">
    <ele>256.2</ele>
    <time>2026-05-25T16:53:39Z</time>
   </trkpt>
   <trkpt lat="49.8509420" lon="18.6404330">
    <ele>256.4</ele>
    <time>2026-05-25T16:53:40Z</time>
   </trkpt>
   <trkpt lat="49.8509550" lon="18.6404750">
    <ele>256.6</ele>
    <time>2026-05-25T16:53:42Z</time>
   </trkpt>
   <trkpt lat="49.8509700" lon="18.6405320">
    <ele>257.4</ele>
    <time>2026-05-25T16:53:47Z</time>
   </trkpt>
   <trkpt lat="49.8509760" lon="18.6405760">
    <ele>257.6</ele>
    <time>2026-05-25T16:53:49Z</time>
   </trkpt>
   <trkpt lat="49.8509860" lon="18.6406700">
    <ele>258.2</ele>
    <time>2026-05-25T16:53:54Z</time>
   </trkpt>
   <trkpt lat="49.8509890" lon="18.6406920">
    <ele>258.4</ele>
    <time>2026-05-25T16:53:55Z</time>
   </trkpt>
   <trkpt lat="49.8509840" lon="18.6407190">
    <ele>258.4</ele>
    <time>2026-05-25T16:53:56Z</time>
   </trkpt>
   <trkpt lat="49.8509880" lon="18.6408270">
    <ele>259.0</ele>
    <time>2026-05-25T16:54:01Z</time>
   </trkpt>
   <trkpt lat="49.8509930" lon="18.6408790">
    <ele>259.2</ele>
    <time>2026-05-25T16:54:03Z</time>
   </trkpt>
   <trkpt lat="49.8509920" lon="18.6409010">
    <ele>259.4</ele>
    <time>2026-05-25T16:54:04Z</time>
   </trkpt>
   <trkpt lat="49.8509940" lon="18.6410140">
    <ele>259.8</ele>
    <time>2026-05-25T16:54:09Z</time>
   </trkpt>
   <trkpt lat="49.8509960" lon="18.6410340">
    <ele>259.8</ele>
    <time>2026-05-25T16:54:10Z</time>
   </trkpt>
   <trkpt lat="49.8509970" lon="18.6410530">
    <ele>260.0</ele>
    <time>2026-05-25T16:54:12Z</time>
   </trkpt>
   <trkpt lat="49.8509970" lon="18.6410530">
    <ele>260.0</ele>
    <time>2026-05-25T16:54:14Z</time>
   </trkpt>
   <trkpt lat="49.8509970" lon="18.6410530">
    <ele>260.0</ele>
    <time>2026-05-25T16:54:16Z</time>
   </trkpt>
   <trkpt lat="49.8509970" lon="18.6410530">
    <ele>260.0</ele>
    <time>2026-05-25T16:54:29Z</time>
   </trkpt>
   <trkpt lat="49.8509980" lon="18.6410560">
    <ele>260.0</ele>
    <time>2026-05-25T16:54:30Z</time>
   </trkpt>
   <trkpt lat="49.8509980" lon="18.6410520">
    <ele>260.0</ele>
    <time>2026-05-25T16:54:37Z</time>
   </trkpt>
   <trkpt lat="49.8510120" lon="18.6410620">
    <ele>260.0</ele>
    <time>2026-05-25T16:54:41Z</time>
   </trkpt>
   <trkpt lat="49.8510380" lon="18.6412100">
    <ele>260.4</ele>
    <time>2026-05-25T16:54:48Z</time>
   </trkpt>
   <trkpt lat="49.8510390" lon="18.6412320">
    <ele>260.4</ele>
    <time>2026-05-25T16:54:49Z</time>
   </trkpt>
   <trkpt lat="49.8510640" lon="18.6413020">
    <ele>260.4</ele>
    <time>2026-05-25T16:54:52Z</time>
   </trkpt>
   <trkpt lat="49.8511290" lon="18.6414260">
    <ele>261.0</ele>
    <time>2026-05-25T16:54:58Z</time>
   </trkpt>
   <trkpt lat="49.8512480" lon="18.6415890">
    <ele>261.4</ele>
    <time>2026-05-25T16:55:07Z</time>
   </trkpt>
   <trkpt lat="49.8512620" lon="18.6416020">
    <ele>261.6</ele>
    <time>2026-05-25T16:55:08Z</time>
   </trkpt>
   <trkpt lat="49.8513830" lon="18.6416920">
    <ele>262.6</ele>
    <time>2026-05-25T16:55:17Z</time>
   </trkpt>
   <trkpt lat="49.8514820" lon="18.6416970">
    <ele>263.6</ele>
    <time>2026-05-25T16:55:25Z</time>
   </trkpt>
   <trkpt lat="49.8515820" lon="18.6417270">
    <ele>264.4</ele>
    <time>2026-05-25T16:55:33Z</time>
   </trkpt>
   <trkpt lat="49.8516040" lon="18.6417430">
    <ele>264.6</ele>
    <time>2026-05-25T16:55:35Z</time>
   </trkpt>
   <trkpt lat="49.8516610" lon="18.6418500">
    <ele>265.4</ele>
    <time>2026-05-25T16:55:42Z</time>
   </trkpt>
   <trkpt lat="49.8516860" lon="18.6419500">
    <ele>265.6</ele>
    <time>2026-05-25T16:55:47Z</time>
   </trkpt>
   <trkpt lat="49.8517160" lon="18.6420970">
    <ele>265.8</ele>
    <time>2026-05-25T16:55:52Z</time>
   </trkpt>
   <trkpt lat="49.8517920" lon="18.6424260">
    <ele>266.2</ele>
    <time>2026-05-25T16:56:02Z</time>
   </trkpt>
   <trkpt lat="49.8518680" lon="18.6427140">
    <ele>266.8</ele>
    <time>2026-05-25T16:56:10Z</time>
   </trkpt>
   <trkpt lat="49.8519260" lon="18.6429470">
    <ele>267.4</ele>
    <time>2026-05-25T16:56:17Z</time>
   </trkpt>
   <trkpt lat="49.8519580" lon="18.6430840">
    <ele>267.6</ele>
    <time>2026-05-25T16:56:21Z</time>
   </trkpt>
   <trkpt lat="49.8519760" lon="18.6431480">
    <ele>267.8</ele>
    <time>2026-05-25T16:56:23Z</time>
   </trkpt>
   <trkpt lat="49.8520450" lon="18.6434210">
    <ele>268.4</ele>
    <time>2026-05-25T16:56:31Z</time>
   </trkpt>
   <trkpt lat="49.8521210" lon="18.6436890">
    <ele>268.8</ele>
    <time>2026-05-25T16:56:39Z</time>
   </trkpt>
   <trkpt lat="49.8521310" lon="18.6437210">
    <ele>268.8</ele>
    <time>2026-05-25T16:56:40Z</time>
   </trkpt>
   <trkpt lat="49.8521950" lon="18.6439530">
    <ele>269.4</ele>
    <time>2026-05-25T16:56:47Z</time>
   </trkpt>
   <trkpt lat="49.8522560" lon="18.6441590">
    <ele>269.8</ele>
    <time>2026-05-25T16:56:53Z</time>
   </trkpt>
   <trkpt lat="49.8522890" lon="18.6442630">
    <ele>269.8</ele>
    <time>2026-05-25T16:56:56Z</time>
   </trkpt>
   <trkpt lat="49.8523830" lon="18.6445720">
    <ele>270.2</ele>
    <time>2026-05-25T16:57:04Z</time>
   </trkpt>
   <trkpt lat="49.8524080" lon="18.6446530">
    <ele>270.6</ele>
    <time>2026-05-25T16:57:06Z</time>
   </trkpt>
   <trkpt lat="49.8524620" lon="18.6448360">
    <ele>270.6</ele>
    <time>2026-05-25T16:57:10Z</time>
   </trkpt>
   <trkpt lat="49.8525220" lon="18.6450430">
    <ele>270.4</ele>
    <time>2026-05-25T16:57:14Z</time>
   </trkpt>
   <trkpt lat="49.8525870" lon="18.6452470">
    <ele>270.2</ele>
    <time>2026-05-25T16:57:18Z</time>
   </trkpt>
   <trkpt lat="49.8526300" lon="18.6454040">
    <ele>270.4</ele>
    <time>2026-05-25T16:57:21Z</time>
   </trkpt>
   <trkpt lat="49.8526950" lon="18.6456620">
    <ele>271.2</ele>
    <time>2026-05-25T16:57:26Z</time>
   </trkpt>
   <trkpt lat="49.8527540" lon="18.6459040">
    <ele>271.6</ele>
    <time>2026-05-25T16:57:31Z</time>
   </trkpt>
   <trkpt lat="49.8528160" lon="18.6462640">
    <ele>272.0</ele>
    <time>2026-05-25T16:57:38Z</time>
   </trkpt>
   <trkpt lat="49.8527310" lon="18.6464540">
    <ele>272.0</ele>
    <time>2026-05-25T16:57:42Z</time>
   </trkpt>
   <trkpt lat="49.8526210" lon="18.6465350">
    <ele>272.6</ele>
    <time>2026-05-25T16:57:45Z</time>
   </trkpt>
   <trkpt lat="49.8525390" lon="18.6465750">
    <ele>272.8</ele>
    <time>2026-05-25T16:57:47Z</time>
   </trkpt>
   <trkpt lat="49.8522480" lon="18.6467030">
    <ele>271.8</ele>
    <time>2026-05-25T16:57:53Z</time>
   </trkpt>
   <trkpt lat="49.8521600" lon="18.6467800">
    <ele>271.6</ele>
    <time>2026-05-25T16:57:55Z</time>
   </trkpt>
   <trkpt lat="49.8521280" lon="18.6468410">
    <ele>271.4</ele>
    <time>2026-05-25T16:57:56Z</time>
   </trkpt>
   <trkpt lat="49.8521090" lon="18.6469120">
    <ele>271.2</ele>
    <time>2026-05-25T16:57:57Z</time>
   </trkpt>
   <trkpt lat="49.8521100" lon="18.6470670">
    <ele>271.0</ele>
    <time>2026-05-25T16:57:59Z</time>
   </trkpt>
   <trkpt lat="49.8521310" lon="18.6472210">
    <ele>270.8</ele>
    <time>2026-05-25T16:58:01Z</time>
   </trkpt>
   <trkpt lat="49.8521800" lon="18.6474540">
    <ele>270.6</ele>
    <time>2026-05-25T16:58:04Z</time>
   </trkpt>
   <trkpt lat="49.8523340" lon="18.6481690">
    <ele>271.2</ele>
    <time>2026-05-25T16:58:14Z</time>
   </trkpt>
   <trkpt lat="49.8524200" lon="18.6487010">
    <ele>271.8</ele>
    <time>2026-05-25T16:58:22Z</time>
   </trkpt>
   <trkpt lat="49.8524370" lon="18.6488970">
    <ele>271.8</ele>
    <time>2026-05-25T16:58:25Z</time>
   </trkpt>
   <trkpt lat="49.8524520" lon="18.6490230">
    <ele>271.8</ele>
    <time>2026-05-25T16:58:27Z</time>
   </trkpt>
   <trkpt lat="49.8524580" lon="18.6490850">
    <ele>272.4</ele>
    <time>2026-05-25T16:58:28Z</time>
   </trkpt>
   <trkpt lat="49.8524630" lon="18.6491460">
    <ele>273.2</ele>
    <time>2026-05-25T16:58:29Z</time>
   </trkpt>
   <trkpt lat="49.8525040" lon="18.6495890">
    <ele>273.8</ele>
    <time>2026-05-25T16:58:36Z</time>
   </trkpt>
   <trkpt lat="49.8525210" lon="18.6497160">
    <ele>273.8</ele>
    <time>2026-05-25T16:58:38Z</time>
   </trkpt>
   <trkpt lat="49.8525570" lon="18.6501350">
    <ele>273.8</ele>
    <time>2026-05-25T16:58:45Z</time>
   </trkpt>
   <trkpt lat="49.8525740" lon="18.6503300">
    <ele>274.0</ele>
    <time>2026-05-25T16:58:48Z</time>
   </trkpt>
   <trkpt lat="49.8525990" lon="18.6505820">
    <ele>274.0</ele>
    <time>2026-05-25T16:58:52Z</time>
   </trkpt>
   <trkpt lat="49.8526130" lon="18.6507080">
    <ele>274.0</ele>
    <time>2026-05-25T16:58:54Z</time>
   </trkpt>
   <trkpt lat="49.8526340" lon="18.6508980">
    <ele>274.4</ele>
    <time>2026-05-25T16:58:57Z</time>
   </trkpt>
   <trkpt lat="49.8526430" lon="18.6510290">
    <ele>274.4</ele>
    <time>2026-05-25T16:58:59Z</time>
   </trkpt>
   <trkpt lat="49.8526480" lon="18.6510950">
    <ele>274.4</ele>
    <time>2026-05-25T16:59:00Z</time>
   </trkpt>
   <trkpt lat="49.8526890" lon="18.6516270">
    <ele>274.6</ele>
    <time>2026-05-25T16:59:08Z</time>
   </trkpt>
   <trkpt lat="49.8527180" lon="18.6518750">
    <ele>275.0</ele>
    <time>2026-05-25T16:59:12Z</time>
   </trkpt>
   <trkpt lat="49.8527240" lon="18.6521230">
    <ele>275.2</ele>
    <time>2026-05-25T16:59:16Z</time>
   </trkpt>
   <trkpt lat="49.8527240" lon="18.6522460">
    <ele>275.4</ele>
    <time>2026-05-25T16:59:18Z</time>
   </trkpt>
   <trkpt lat="49.8527360" lon="18.6526120">
    <ele>275.8</ele>
    <time>2026-05-25T16:59:24Z</time>
   </trkpt>
   <trkpt lat="49.8527520" lon="18.6529290">
    <ele>275.8</ele>
    <time>2026-05-25T16:59:29Z</time>
   </trkpt>
   <trkpt lat="49.8527640" lon="18.6531200">
    <ele>276.2</ele>
    <time>2026-05-25T16:59:32Z</time>
   </trkpt>
   <trkpt lat="49.8527840" lon="18.6534560">
    <ele>276.4</ele>
    <time>2026-05-25T16:59:37Z</time>
   </trkpt>
   <trkpt lat="49.8528030" lon="18.6537380">
    <ele>276.6</ele>
    <time>2026-05-25T16:59:41Z</time>
   </trkpt>
   <trkpt lat="49.8528220" lon="18.6540780">
    <ele>277.0</ele>
    <time>2026-05-25T16:59:46Z</time>
   </trkpt>
   <trkpt lat="49.8528310" lon="18.6543510">
    <ele>277.0</ele>
    <time>2026-05-25T16:59:50Z</time>
   </trkpt>
   <trkpt lat="49.8528520" lon="18.6547570">
    <ele>277.4</ele>
    <time>2026-05-25T16:59:56Z</time>
   </trkpt>
   <trkpt lat="49.8528780" lon="18.6551590">
    <ele>277.8</ele>
    <time>2026-05-25T17:00:02Z</time>
   </trkpt>
   <trkpt lat="49.8528900" lon="18.6555940">
    <ele>278.6</ele>
    <time>2026-05-25T17:00:09Z</time>
   </trkpt>
   <trkpt lat="49.8528970" lon="18.6557100">
    <ele>279.0</ele>
    <time>2026-05-25T17:00:11Z</time>
   </trkpt>
   <trkpt lat="49.8528980" lon="18.6558760">
    <ele>279.6</ele>
    <time>2026-05-25T17:00:14Z</time>
   </trkpt>
   <trkpt lat="49.8528990" lon="18.6561380">
    <ele>280.8</ele>
    <time>2026-05-25T17:00:19Z</time>
   </trkpt>
   <trkpt lat="49.8528960" lon="18.6564890">
    <ele>281.6</ele>
    <time>2026-05-25T17:00:26Z</time>
   </trkpt>
   <trkpt lat="49.8529110" lon="18.6568680">
    <ele>282.0</ele>
    <time>2026-05-25T17:00:33Z</time>
   </trkpt>
   <trkpt lat="49.8529160" lon="18.6569830">
    <ele>282.8</ele>
    <time>2026-05-25T17:00:35Z</time>
   </trkpt>
   <trkpt lat="49.8529220" lon="18.6570960">
    <ele>283.0</ele>
    <time>2026-05-25T17:00:37Z</time>
   </trkpt>
   <trkpt lat="49.8529200" lon="18.6573670">
    <ele>283.2</ele>
    <time>2026-05-25T17:00:42Z</time>
   </trkpt>
   <trkpt lat="49.8529620" lon="18.6577380">
    <ele>283.2</ele>
    <time>2026-05-25T17:00:49Z</time>
   </trkpt>
   <trkpt lat="49.8530310" lon="18.6578120">
    <ele>282.8</ele>
    <time>2026-05-25T17:00:51Z</time>
   </trkpt>
   <trkpt lat="49.8530720" lon="18.6578230">
    <ele>281.0</ele>
    <time>2026-05-25T17:00:52Z</time>
   </trkpt>
   <trkpt lat="49.8531120" lon="18.6578210">
    <ele>280.8</ele>
    <time>2026-05-25T17:00:53Z</time>
   </trkpt>
   <trkpt lat="49.8532380" lon="18.6577850">
    <ele>280.2</ele>
    <time>2026-05-25T17:00:56Z</time>
   </trkpt>
   <trkpt lat="49.8532830" lon="18.6577680">
    <ele>280.0</ele>
    <time>2026-05-25T17:00:57Z</time>
   </trkpt>
   <trkpt lat="49.8534240" lon="18.6577290">
    <ele>280.0</ele>
    <time>2026-05-25T17:01:00Z</time>
   </trkpt>
   <trkpt lat="49.8535650" lon="18.6576770">
    <ele>279.6</ele>
    <time>2026-05-25T17:01:03Z</time>
   </trkpt>
   <trkpt lat="49.8537180" lon="18.6576290">
    <ele>279.2</ele>
    <time>2026-05-25T17:01:06Z</time>
   </trkpt>
   <trkpt lat="49.8538210" lon="18.6575920">
    <ele>279.0</ele>
    <time>2026-05-25T17:01:08Z</time>
   </trkpt>
   <trkpt lat="49.8540410" lon="18.6575250">
    <ele>277.6</ele>
    <time>2026-05-25T17:01:12Z</time>
   </trkpt>
   <trkpt lat="49.8540980" lon="18.6575100">
    <ele>277.6</ele>
    <time>2026-05-25T17:01:13Z</time>
   </trkpt>
   <trkpt lat="49.8543250" lon="18.6574470">
    <ele>276.2</ele>
    <time>2026-05-25T17:01:17Z</time>
   </trkpt>
   <trkpt lat="49.8544990" lon="18.6573930">
    <ele>276.0</ele>
    <time>2026-05-25T17:01:20Z</time>
   </trkpt>
   <trkpt lat="49.8545560" lon="18.6573770">
    <ele>276.0</ele>
    <time>2026-05-25T17:01:21Z</time>
   </trkpt>
   <trkpt lat="49.8549410" lon="18.6572370">
    <ele>275.6</ele>
    <time>2026-05-25T17:01:28Z</time>
   </trkpt>
   <trkpt lat="49.8549910" lon="18.6572070">
    <ele>275.6</ele>
    <time>2026-05-25T17:01:29Z</time>
   </trkpt>
   <trkpt lat="49.8550650" lon="18.6570950">
    <ele>275.2</ele>
    <time>2026-05-25T17:01:31Z</time>
   </trkpt>
   <trkpt lat="49.8550850" lon="18.6569360">
    <ele>275.2</ele>
    <time>2026-05-25T17:01:33Z</time>
   </trkpt>
   <trkpt lat="49.8550770" lon="18.6568520">
    <ele>275.4</ele>
    <time>2026-05-25T17:01:34Z</time>
   </trkpt>
   <trkpt lat="49.8550720" lon="18.6567670">
    <ele>275.2</ele>
    <time>2026-05-25T17:01:35Z</time>
   </trkpt>
   <trkpt lat="49.8550770" lon="18.6564330">
    <ele>275.6</ele>
    <time>2026-05-25T17:01:39Z</time>
   </trkpt>
   <trkpt lat="49.8550660" lon="18.6559870">
    <ele>277.0</ele>
    <time>2026-05-25T17:01:45Z</time>
   </trkpt>
   <trkpt lat="49.8550720" lon="18.6559130">
    <ele>277.6</ele>
    <time>2026-05-25T17:01:46Z</time>
   </trkpt>
   <trkpt lat="49.8550740" lon="18.6558390">
    <ele>278.2</ele>
    <time>2026-05-25T17:01:47Z</time>
   </trkpt>
   <trkpt lat="49.8550690" lon="18.6556910">
    <ele>278.4</ele>
    <time>2026-05-25T17:01:49Z</time>
   </trkpt>
   <trkpt lat="49.8550630" lon="18.6556200">
    <ele>278.6</ele>
    <time>2026-05-25T17:01:50Z</time>
   </trkpt>
   <trkpt lat="49.8550580" lon="18.6555470">
    <ele>278.6</ele>
    <time>2026-05-25T17:01:51Z</time>
   </trkpt>
   <trkpt lat="49.8550510" lon="18.6553270">
    <ele>278.6</ele>
    <time>2026-05-25T17:01:54Z</time>
   </trkpt>
   <trkpt lat="49.8550470" lon="18.6551750">
    <ele>278.6</ele>
    <time>2026-05-25T17:01:56Z</time>
   </trkpt>
   <trkpt lat="49.8550470" lon="18.6547860">
    <ele>278.2</ele>
    <time>2026-05-25T17:02:01Z</time>
   </trkpt>
   <trkpt lat="49.8550440" lon="18.6547030">
    <ele>276.4</ele>
    <time>2026-05-25T17:02:02Z</time>
   </trkpt>
   <trkpt lat="49.8550400" lon="18.6546190">
    <ele>275.6</ele>
    <time>2026-05-25T17:02:03Z</time>
   </trkpt>
   <trkpt lat="49.8550380" lon="18.6545380">
    <ele>275.0</ele>
    <time>2026-05-25T17:02:04Z</time>
   </trkpt>
   <trkpt lat="49.8550350" lon="18.6542200">
    <ele>274.0</ele>
    <time>2026-05-25T17:02:08Z</time>
   </trkpt>
   <trkpt lat="49.8550340" lon="18.6540530">
    <ele>274.0</ele>
    <time>2026-05-25T17:02:10Z</time>
   </trkpt>
   <trkpt lat="49.8550450" lon="18.6539730">
    <ele>274.0</ele>
    <time>2026-05-25T17:02:11Z</time>
   </trkpt>
   <trkpt lat="49.8550730" lon="18.6539050">
    <ele>273.8</ele>
    <time>2026-05-25T17:02:12Z</time>
   </trkpt>
   <trkpt lat="49.8551670" lon="18.6538280">
    <ele>273.8</ele>
    <time>2026-05-25T17:02:14Z</time>
   </trkpt>
   <trkpt lat="49.8554090" lon="18.6537200">
    <ele>274.4</ele>
    <time>2026-05-25T17:02:19Z</time>
   </trkpt>
   <trkpt lat="49.8555510" lon="18.6536490">
    <ele>274.0</ele>
    <time>2026-05-25T17:02:22Z</time>
   </trkpt>
   <trkpt lat="49.8557440" lon="18.6535350">
    <ele>273.4</ele>
    <time>2026-05-25T17:02:26Z</time>
   </trkpt>
   <trkpt lat="49.8558320" lon="18.6534890">
    <ele>273.4</ele>
    <time>2026-05-25T17:02:28Z</time>
   </trkpt>
   <trkpt lat="49.8558740" lon="18.6534620">
    <ele>273.4</ele>
    <time>2026-05-25T17:02:29Z</time>
   </trkpt>
   <trkpt lat="49.8559180" lon="18.6534340">
    <ele>273.4</ele>
    <time>2026-05-25T17:02:30Z</time>
   </trkpt>
   <trkpt lat="49.8560910" lon="18.6533070">
    <ele>273.8</ele>
    <time>2026-05-25T17:02:34Z</time>
   </trkpt>
   <trkpt lat="49.8561460" lon="18.6531930">
    <ele>274.0</ele>
    <time>2026-05-25T17:02:36Z</time>
   </trkpt>
   <trkpt lat="49.8561530" lon="18.6530480">
    <ele>274.2</ele>
    <time>2026-05-25T17:02:38Z</time>
   </trkpt>
   <trkpt lat="49.8561430" lon="18.6529000">
    <ele>274.2</ele>
    <time>2026-05-25T17:02:40Z</time>
   </trkpt>
   <trkpt lat="49.8561330" lon="18.6525220">
    <ele>273.8</ele>
    <time>2026-05-25T17:02:45Z</time>
   </trkpt>
   <trkpt lat="49.8561250" lon="18.6523720">
    <ele>273.8</ele>
    <time>2026-05-25T17:02:47Z</time>
   </trkpt>
   <trkpt lat="49.8561040" lon="18.6518330">
    <ele>273.4</ele>
    <time>2026-05-25T17:02:54Z</time>
   </trkpt>
   <trkpt lat="49.8560910" lon="18.6516040">
    <ele>273.0</ele>
    <time>2026-05-25T17:02:57Z</time>
   </trkpt>
   <trkpt lat="49.8560770" lon="18.6513730">
    <ele>272.8</ele>
    <time>2026-05-25T17:03:00Z</time>
   </trkpt>
   <trkpt lat="49.8560720" lon="18.6512070">
    <ele>272.6</ele>
    <time>2026-05-25T17:03:02Z</time>
   </trkpt>
   <trkpt lat="49.8560640" lon="18.6510370">
    <ele>272.4</ele>
    <time>2026-05-25T17:03:04Z</time>
   </trkpt>
   <trkpt lat="49.8560580" lon="18.6509520">
    <ele>272.0</ele>
    <time>2026-05-25T17:03:05Z</time>
   </trkpt>
   <trkpt lat="49.8560580" lon="18.6506950">
    <ele>270.8</ele>
    <time>2026-05-25T17:03:08Z</time>
   </trkpt>
   <trkpt lat="49.8560650" lon="18.6506100">
    <ele>270.6</ele>
    <time>2026-05-25T17:03:09Z</time>
   </trkpt>
   <trkpt lat="49.8560800" lon="18.6505290">
    <ele>270.6</ele>
    <time>2026-05-25T17:03:10Z</time>
   </trkpt>
   <trkpt lat="49.8561020" lon="18.6504520">
    <ele>270.6</ele>
    <time>2026-05-25T17:03:11Z</time>
   </trkpt>
   <trkpt lat="49.8561700" lon="18.6503330">
    <ele>270.6</ele>
    <time>2026-05-25T17:03:13Z</time>
   </trkpt>
   <trkpt lat="49.8562120" lon="18.6502870">
    <ele>270.8</ele>
    <time>2026-05-25T17:03:14Z</time>
   </trkpt>
   <trkpt lat="49.8562580" lon="18.6502500">
    <ele>271.0</ele>
    <time>2026-05-25T17:03:15Z</time>
   </trkpt>
   <trkpt lat="49.8563530" lon="18.6502060">
    <ele>271.2</ele>
    <time>2026-05-25T17:03:17Z</time>
   </trkpt>
   <trkpt lat="49.8563990" lon="18.6501880">
    <ele>271.4</ele>
    <time>2026-05-25T17:03:18Z</time>
   </trkpt>
   <trkpt lat="49.8566210" lon="18.6501310">
    <ele>272.0</ele>
    <time>2026-05-25T17:03:23Z</time>
   </trkpt>
   <trkpt lat="49.8566990" lon="18.6501190">
    <ele>272.0</ele>
    <time>2026-05-25T17:03:25Z</time>
   </trkpt>
   <trkpt lat="49.8569620" lon="18.6500850">
    <ele>273.0</ele>
    <time>2026-05-25T17:03:32Z</time>
   </trkpt>
   <trkpt lat="49.8569960" lon="18.6500770">
    <ele>273.2</ele>
    <time>2026-05-25T17:03:33Z</time>
   </trkpt>
   <trkpt lat="49.8571260" lon="18.6500080">
    <ele>273.0</ele>
    <time>2026-05-25T17:03:37Z</time>
   </trkpt>
   <trkpt lat="49.8571440" lon="18.6499610">
    <ele>273.0</ele>
    <time>2026-05-25T17:03:38Z</time>
   </trkpt>
   <trkpt lat="49.8571460" lon="18.6497250">
    <ele>273.0</ele>
    <time>2026-05-25T17:03:42Z</time>
   </trkpt>
   <trkpt lat="49.8570970" lon="18.6491840">
    <ele>272.2</ele>
    <time>2026-05-25T17:03:50Z</time>
   </trkpt>
   <trkpt lat="49.8570880" lon="18.6490500">
    <ele>271.8</ele>
    <time>2026-05-25T17:03:52Z</time>
   </trkpt>
   <trkpt lat="49.8570670" lon="18.6487770">
    <ele>271.8</ele>
    <time>2026-05-25T17:03:56Z</time>
   </trkpt>
   <trkpt lat="49.8570580" lon="18.6486370">
    <ele>271.8</ele>
    <time>2026-05-25T17:03:58Z</time>
   </trkpt>
   <trkpt lat="49.8570410" lon="18.6483650">
    <ele>271.8</ele>
    <time>2026-05-25T17:04:02Z</time>
   </trkpt>
   <trkpt lat="49.8570150" lon="18.6480880">
    <ele>271.6</ele>
    <time>2026-05-25T17:04:06Z</time>
   </trkpt>
   <trkpt lat="49.8569750" lon="18.6477300">
    <ele>271.2</ele>
    <time>2026-05-25T17:04:11Z</time>
   </trkpt>
   <trkpt lat="49.8569520" lon="18.6475190">
    <ele>271.0</ele>
    <time>2026-05-25T17:04:14Z</time>
   </trkpt>
   <trkpt lat="49.8569430" lon="18.6474450">
    <ele>271.0</ele>
    <time>2026-05-25T17:04:15Z</time>
   </trkpt>
   <trkpt lat="49.8569110" lon="18.6472340">
    <ele>271.0</ele>
    <time>2026-05-25T17:04:18Z</time>
   </trkpt>
   <trkpt lat="49.8568940" lon="18.6470950">
    <ele>270.8</ele>
    <time>2026-05-25T17:04:20Z</time>
   </trkpt>
   <trkpt lat="49.8568840" lon="18.6470280">
    <ele>270.8</ele>
    <time>2026-05-25T17:04:21Z</time>
   </trkpt>
   <trkpt lat="49.8568190" lon="18.6464830">
    <ele>270.2</ele>
    <time>2026-05-25T17:04:29Z</time>
   </trkpt>
   <trkpt lat="49.8568130" lon="18.6464130">
    <ele>270.2</ele>
    <time>2026-05-25T17:04:30Z</time>
   </trkpt>
   <trkpt lat="49.8568100" lon="18.6463420">
    <ele>270.2</ele>
    <time>2026-05-25T17:04:31Z</time>
   </trkpt>
   <trkpt lat="49.8568320" lon="18.6462060">
    <ele>269.8</ele>
    <time>2026-05-25T17:04:33Z</time>
   </trkpt>
   <trkpt lat="49.8568530" lon="18.6461460">
    <ele>269.6</ele>
    <time>2026-05-25T17:04:34Z</time>
   </trkpt>
   <trkpt lat="49.8568810" lon="18.6460960">
    <ele>269.6</ele>
    <time>2026-05-25T17:04:35Z</time>
   </trkpt>
   <trkpt lat="49.8569890" lon="18.6459880">
    <ele>269.8</ele>
    <time>2026-05-25T17:04:38Z</time>
   </trkpt>
   <trkpt lat="49.8570570" lon="18.6459210">
    <ele>270.2</ele>
    <time>2026-05-25T17:04:40Z</time>
   </trkpt>
   <trkpt lat="49.8571340" lon="18.6458880">
    <ele>270.2</ele>
    <time>2026-05-25T17:04:42Z</time>
   </trkpt>
   <trkpt lat="49.8572770" lon="18.6458290">
    <ele>271.8</ele>
    <time>2026-05-25T17:04:46Z</time>
   </trkpt>
   <trkpt lat="49.8573940" lon="18.6457740">
    <ele>271.8</ele>
    <time>2026-05-25T17:04:49Z</time>
   </trkpt>
   <trkpt lat="49.8576980" lon="18.6455940">
    <ele>271.0</ele>
    <time>2026-05-25T17:04:57Z</time>
   </trkpt>
   <trkpt lat="49.8578780" lon="18.6454670">
    <ele>270.8</ele>
    <time>2026-05-25T17:05:02Z</time>
   </trkpt>
   <trkpt lat="49.8580910" lon="18.6453050">
    <ele>271.2</ele>
    <time>2026-05-25T17:05:08Z</time>
   </trkpt>
   <trkpt lat="49.8582980" lon="18.6451370">
    <ele>270.6</ele>
    <time>2026-05-25T17:05:14Z</time>
   </trkpt>
   <trkpt lat="49.8584120" lon="18.6450040">
    <ele>270.4</ele>
    <time>2026-05-25T17:05:18Z</time>
   </trkpt>
   <trkpt lat="49.8584330" lon="18.6449600">
    <ele>270.4</ele>
    <time>2026-05-25T17:05:19Z</time>
   </trkpt>
   <trkpt lat="49.8584230" lon="18.6447830">
    <ele>270.0</ele>
    <time>2026-05-25T17:05:22Z</time>
   </trkpt>
   <trkpt lat="49.8583370" lon="18.6443940">
    <ele>269.8</ele>
    <time>2026-05-25T17:05:28Z</time>
   </trkpt>
   <trkpt lat="49.8583070" lon="18.6442590">
    <ele>269.4</ele>
    <time>2026-05-25T17:05:30Z</time>
   </trkpt>
   <trkpt lat="49.8582260" lon="18.6438890">
    <ele>268.6</ele>
    <time>2026-05-25T17:05:35Z</time>
   </trkpt>
   <trkpt lat="49.8581670" lon="18.6435820">
    <ele>268.0</ele>
    <time>2026-05-25T17:05:39Z</time>
   </trkpt>
   <trkpt lat="49.8581200" lon="18.6433460">
    <ele>267.6</ele>
    <time>2026-05-25T17:05:42Z</time>
   </trkpt>
   <trkpt lat="49.8580440" lon="18.6427920">
    <ele>266.8</ele>
    <time>2026-05-25T17:05:49Z</time>
   </trkpt>
   <trkpt lat="49.8580250" lon="18.6425930">
    <ele>267.2</ele>
    <time>2026-05-25T17:05:52Z</time>
   </trkpt>
   <trkpt lat="49.8580070" lon="18.6425790">
    <ele>268.0</ele>
    <time>2026-05-25T17:05:53Z</time>
   </trkpt>
   <trkpt lat="49.8579700" lon="18.6426090">
    <ele>268.8</ele>
    <time>2026-05-25T17:05:55Z</time>
   </trkpt>
   <trkpt lat="49.8579460" lon="18.6426010">
    <ele>268.8</ele>
    <time>2026-05-25T17:05:56Z</time>
   </trkpt>
   <trkpt lat="49.8579080" lon="18.6425470">
    <ele>268.8</ele>
    <time>2026-05-25T17:05:58Z</time>
   </trkpt>
   <trkpt lat="49.8578690" lon="18.6424460">
    <ele>268.8</ele>
    <time>2026-05-25T17:06:01Z</time>
   </trkpt>
   <trkpt lat="49.8577930" lon="18.6423050">
    <ele>268.8</ele>
    <time>2026-05-25T17:06:05Z</time>
   </trkpt>
   <trkpt lat="49.8577670" lon="18.6422640">
    <ele>268.8</ele>
    <time>2026-05-25T17:06:06Z</time>
   </trkpt>
   <trkpt lat="49.8575590" lon="18.6420350">
    <ele>268.8</ele>
    <time>2026-05-25T17:06:12Z</time>
   </trkpt>
   <trkpt lat="49.8575240" lon="18.6419910">
    <ele>268.8</ele>
    <time>2026-05-25T17:06:13Z</time>
   </trkpt>
   <trkpt lat="49.8574130" lon="18.6417630">
    <ele>268.6</ele>
    <time>2026-05-25T17:06:17Z</time>
   </trkpt>
   <trkpt lat="49.8573630" lon="18.6416340">
    <ele>268.6</ele>
    <time>2026-05-25T17:06:19Z</time>
   </trkpt>
   <trkpt lat="49.8572780" lon="18.6413700">
    <ele>268.8</ele>
    <time>2026-05-25T17:06:23Z</time>
   </trkpt>
   <trkpt lat="49.8572220" lon="18.6411570">
    <ele>270.4</ele>
    <time>2026-05-25T17:06:26Z</time>
   </trkpt>
   <trkpt lat="49.8571300" lon="18.6408870">
    <ele>271.0</ele>
    <time>2026-05-25T17:06:30Z</time>
   </trkpt>
   <trkpt lat="49.8570170" lon="18.6405180">
    <ele>268.2</ele>
    <time>2026-05-25T17:06:35Z</time>
   </trkpt>
   <trkpt lat="49.8569700" lon="18.6403720">
    <ele>268.2</ele>
    <time>2026-05-25T17:06:37Z</time>
   </trkpt>
   <trkpt lat="49.8567650" lon="18.6397290">
    <ele>268.0</ele>
    <time>2026-05-25T17:06:46Z</time>
   </trkpt>
   <trkpt lat="49.8565160" lon="18.6389850">
    <ele>267.4</ele>
    <time>2026-05-25T17:06:57Z</time>
   </trkpt>
   <trkpt lat="49.8564780" lon="18.6388660">
    <ele>267.4</ele>
    <time>2026-05-25T17:06:59Z</time>
   </trkpt>
   <trkpt lat="49.8563910" lon="18.6386230">
    <ele>267.4</ele>
    <time>2026-05-25T17:07:03Z</time>
   </trkpt>
   <trkpt lat="49.8563310" lon="18.6384560">
    <ele>267.2</ele>
    <time>2026-05-25T17:07:06Z</time>
   </trkpt>
   <trkpt lat="49.8562670" lon="18.6382850">
    <ele>266.8</ele>
    <time>2026-05-25T17:07:09Z</time>
   </trkpt>
   <trkpt lat="49.8561530" lon="18.6380060">
    <ele>266.0</ele>
    <time>2026-05-25T17:07:14Z</time>
   </trkpt>
   <trkpt lat="49.8561220" lon="18.6379700">
    <ele>266.0</ele>
    <time>2026-05-25T17:07:15Z</time>
   </trkpt>
   <trkpt lat="49.8560540" lon="18.6379310">
    <ele>265.8</ele>
    <time>2026-05-25T17:07:17Z</time>
   </trkpt>
   <trkpt lat="49.8559810" lon="18.6378950">
    <ele>265.6</ele>
    <time>2026-05-25T17:07:19Z</time>
   </trkpt>
   <trkpt lat="49.8558460" lon="18.6377910">
    <ele>265.2</ele>
    <time>2026-05-25T17:07:23Z</time>
   </trkpt>
   <trkpt lat="49.8557200" lon="18.6377150">
    <ele>265.2</ele>
    <time>2026-05-25T17:07:27Z</time>
   </trkpt>
   <trkpt lat="49.8556610" lon="18.6376850">
    <ele>265.2</ele>
    <time>2026-05-25T17:07:29Z</time>
   </trkpt>
   <trkpt lat="49.8555620" lon="18.6376360">
    <ele>265.2</ele>
    <time>2026-05-25T17:07:34Z</time>
   </trkpt>
   <trkpt lat="49.8555500" lon="18.6376340">
    <ele>265.2</ele>
    <time>2026-05-25T17:07:35Z</time>
   </trkpt>
   <trkpt lat="49.8555470" lon="18.6376330">
    <ele>265.0</ele>
    <time>2026-05-25T17:07:38Z</time>
   </trkpt>
   <trkpt lat="49.8555470" lon="18.6376330">
    <ele>264.8</ele>
    <time>2026-05-25T17:07:39Z</time>
   </trkpt>
   <trkpt lat="49.8555500" lon="18.6376330">
    <ele>265.0</ele>
    <time>2026-05-25T17:07:48Z</time>
   </trkpt>
   <trkpt lat="49.8555560" lon="18.6376500">
    <ele>265.0</ele>
    <time>2026-05-25T17:07:54Z</time>
   </trkpt>
   <trkpt lat="49.8555580" lon="18.6376510">
    <ele>265.0</ele>
    <time>2026-05-25T17:07:55Z</time>
   </trkpt>
   <trkpt lat="49.8553190" lon="18.6375270">
    <ele>264.2</ele>
    <time>2026-05-25T17:08:51Z</time>
   </trkpt>
   <trkpt lat="49.8553320" lon="18.6375250">
    <ele>264.0</ele>
    <time>2026-05-25T17:08:56Z</time>
   </trkpt>
   <trkpt lat="49.8553420" lon="18.6375240">
    <ele>264.0</ele>
    <time>2026-05-25T17:08:57Z</time>
   </trkpt>
   <trkpt lat="49.8553520" lon="18.6375220">
    <ele>264.0</ele>
    <time>2026-05-25T17:08:58Z</time>
   </trkpt>
   <trkpt lat="49.8554120" lon="18.6375030">
    <ele>264.0</ele>
    <time>2026-05-25T17:09:02Z</time>
   </trkpt>
   <trkpt lat="49.8554310" lon="18.6374940">
    <ele>263.8</ele>
    <time>2026-05-25T17:09:03Z</time>
   </trkpt>
   <trkpt lat="49.8554500" lon="18.6374860">
    <ele>263.2</ele>
    <time>2026-05-25T17:09:04Z</time>
   </trkpt>
   <trkpt lat="49.8554990" lon="18.6374780">
    <ele>262.2</ele>
    <time>2026-05-25T17:09:06Z</time>
   </trkpt>
   <trkpt lat="49.8555330" lon="18.6374820">
    <ele>260.8</ele>
    <time>2026-05-25T17:09:08Z</time>
   </trkpt>
   <trkpt lat="49.8555750" lon="18.6374690">
    <ele>260.2</ele>
    <time>2026-05-25T17:09:10Z</time>
   </trkpt>
   <trkpt lat="49.8555980" lon="18.6374480">
    <ele>259.6</ele>
    <time>2026-05-25T17:09:11Z</time>
   </trkpt>
   <trkpt lat="49.8556190" lon="18.6374170">
    <ele>258.8</ele>
    <time>2026-05-25T17:09:12Z</time>
   </trkpt>
   <trkpt lat="49.8556560" lon="18.6373770">
    <ele>257.0</ele>
    <time>2026-05-25T17:09:13Z</time>
   </trkpt>
   <trkpt lat="49.8556800" lon="18.6373100">
    <ele>255.2</ele>
    <time>2026-05-25T17:09:14Z</time>
   </trkpt>
   <trkpt lat="49.8557160" lon="18.6372250">
    <ele>252.4</ele>
    <time>2026-05-25T17:09:15Z</time>
   </trkpt>
   <trkpt lat="49.8557560" lon="18.6371520">
    <ele>250.0</ele>
    <time>2026-05-25T17:09:16Z</time>
   </trkpt>
   <trkpt lat="49.8557980" lon="18.6370480">
    <ele>249.4</ele>
    <time>2026-05-25T17:09:18Z</time>
   </trkpt>
   <trkpt lat="49.8558010" lon="18.6369890">
    <ele>249.4</ele>
    <time>2026-05-25T17:09:19Z</time>
   </trkpt>
   <trkpt lat="49.8557450" lon="18.6367640">
    <ele>248.8</ele>
    <time>2026-05-25T17:09:23Z</time>
   </trkpt>
   <trkpt lat="49.8556190" lon="18.6363780">
    <ele>247.8</ele>
    <time>2026-05-25T17:09:30Z</time>
   </trkpt>
   <trkpt lat="49.8555420" lon="18.6359870">
    <ele>248.2</ele>
    <time>2026-05-25T17:09:37Z</time>
   </trkpt>
   <trkpt lat="49.8554400" lon="18.6357580">
    <ele>247.4</ele>
    <time>2026-05-25T17:09:42Z</time>
   </trkpt>
   <trkpt lat="49.8554170" lon="18.6356900">
    <ele>246.4</ele>
    <time>2026-05-25T17:09:43Z</time>
   </trkpt>
   <trkpt lat="49.8553600" lon="18.6355230">
    <ele>244.8</ele>
    <time>2026-05-25T17:09:45Z</time>
   </trkpt>
   <trkpt lat="49.8553240" lon="18.6354350">
    <ele>244.2</ele>
    <time>2026-05-25T17:09:46Z</time>
   </trkpt>
   <trkpt lat="49.8552160" lon="18.6352170">
    <ele>243.8</ele>
    <time>2026-05-25T17:09:49Z</time>
   </trkpt>
   <trkpt lat="49.8551890" lon="18.6351480">
    <ele>243.6</ele>
    <time>2026-05-25T17:09:50Z</time>
   </trkpt>
   <trkpt lat="49.8551030" lon="18.6348940">
    <ele>241.8</ele>
    <time>2026-05-25T17:09:53Z</time>
   </trkpt>
   <trkpt lat="49.8550700" lon="18.6347970">
    <ele>240.6</ele>
    <time>2026-05-25T17:09:54Z</time>
   </trkpt>
   <trkpt lat="49.8550300" lon="18.6347000">
    <ele>240.0</ele>
    <time>2026-05-25T17:09:55Z</time>
   </trkpt>
   <trkpt lat="49.8549180" lon="18.6345320">
    <ele>239.2</ele>
    <time>2026-05-25T17:09:57Z</time>
   </trkpt>
   <trkpt lat="49.8548190" lon="18.6344010">
    <ele>238.8</ele>
    <time>2026-05-25T17:09:59Z</time>
   </trkpt>
   <trkpt lat="49.8548260" lon="18.6342900">
    <ele>238.6</ele>
    <time>2026-05-25T17:10:01Z</time>
   </trkpt>
   <trkpt lat="49.8549660" lon="18.6341830">
    <ele>238.0</ele>
    <time>2026-05-25T17:10:05Z</time>
   </trkpt>
   <trkpt lat="49.8553000" lon="18.6339170">
    <ele>238.4</ele>
    <time>2026-05-25T17:10:13Z</time>
   </trkpt>
   <trkpt lat="49.8553950" lon="18.6338320">
    <ele>238.0</ele>
    <time>2026-05-25T17:10:15Z</time>
   </trkpt>
   <trkpt lat="49.8555340" lon="18.6336940">
    <ele>237.6</ele>
    <time>2026-05-25T17:10:18Z</time>
   </trkpt>
   <trkpt lat="49.8556690" lon="18.6335420">
    <ele>237.4</ele>
    <time>2026-05-25T17:10:21Z</time>
   </trkpt>
   <trkpt lat="49.8557140" lon="18.6334960">
    <ele>237.0</ele>
    <time>2026-05-25T17:10:22Z</time>
   </trkpt>
   <trkpt lat="49.8557600" lon="18.6334510">
    <ele>235.6</ele>
    <time>2026-05-25T17:10:23Z</time>
   </trkpt>
   <trkpt lat="49.8559000" lon="18.6333300">
    <ele>235.4</ele>
    <time>2026-05-25T17:10:26Z</time>
   </trkpt>
   <trkpt lat="49.8559950" lon="18.6332660">
    <ele>235.2</ele>
    <time>2026-05-25T17:10:28Z</time>
   </trkpt>
   <trkpt lat="49.8561830" lon="18.6331490">
    <ele>235.2</ele>
    <time>2026-05-25T17:10:32Z</time>
   </trkpt>
   <trkpt lat="49.8565560" lon="18.6329160">
    <ele>235.2</ele>
    <time>2026-05-25T17:10:40Z</time>
   </trkpt>
   <trkpt lat="49.8568020" lon="18.6327650">
    <ele>237.0</ele>
    <time>2026-05-25T17:10:45Z</time>
   </trkpt>
   <trkpt lat="49.8569370" lon="18.6326770">
    <ele>237.2</ele>
    <time>2026-05-25T17:10:48Z</time>
   </trkpt>
   <trkpt lat="49.8571110" lon="18.6325510">
    <ele>237.0</ele>
    <time>2026-05-25T17:10:52Z</time>
   </trkpt>
   <trkpt lat="49.8571940" lon="18.6325080">
    <ele>235.8</ele>
    <time>2026-05-25T17:10:54Z</time>
   </trkpt>
   <trkpt lat="49.8572360" lon="18.6324850">
    <ele>235.6</ele>
    <time>2026-05-25T17:10:55Z</time>
   </trkpt>
   <trkpt lat="49.8574140" lon="18.6323780">
    <ele>235.4</ele>
    <time>2026-05-25T17:10:59Z</time>
   </trkpt>
   <trkpt lat="49.8575640" lon="18.6323440">
    <ele>235.2</ele>
    <time>2026-05-25T17:11:02Z</time>
   </trkpt>
   <trkpt lat="49.8577090" lon="18.6323470">
    <ele>235.2</ele>
    <time>2026-05-25T17:11:05Z</time>
   </trkpt>
   <trkpt lat="49.8578580" lon="18.6324020">
    <ele>235.2</ele>
    <time>2026-05-25T17:11:08Z</time>
   </trkpt>
   <trkpt lat="49.8579460" lon="18.6324630">
    <ele>235.4</ele>
    <time>2026-05-25T17:11:10Z</time>
   </trkpt>
   <trkpt lat="49.8580710" lon="18.6325410">
    <ele>235.4</ele>
    <time>2026-05-25T17:11:13Z</time>
   </trkpt>
   <trkpt lat="49.8581100" lon="18.6325420">
    <ele>235.6</ele>
    <time>2026-05-25T17:11:14Z</time>
   </trkpt>
   <trkpt lat="49.8582030" lon="18.6324550">
    <ele>236.0</ele>
    <time>2026-05-25T17:11:17Z</time>
   </trkpt>
   <trkpt lat="49.8582700" lon="18.6322850">
    <ele>238.0</ele>
    <time>2026-05-25T17:11:21Z</time>
   </trkpt>
   <trkpt lat="49.8583010" lon="18.6322090">
    <ele>238.0</ele>
    <time>2026-05-25T17:11:23Z</time>
   </trkpt>
   <trkpt lat="49.8583250" lon="18.6319560">
    <ele>237.8</ele>
    <time>2026-05-25T17:11:28Z</time>
   </trkpt>
   <trkpt lat="49.8583100" lon="18.6319070">
    <ele>237.0</ele>
    <time>2026-05-25T17:11:29Z</time>
   </trkpt>
   <trkpt lat="49.8582320" lon="18.6317510">
    <ele>236.2</ele>
    <time>2026-05-25T17:11:32Z</time>
   </trkpt>
   <trkpt lat="49.8582080" lon="18.6316830">
    <ele>235.8</ele>
    <time>2026-05-25T17:11:33Z</time>
   </trkpt>
   <trkpt lat="49.8581680" lon="18.6315400">
    <ele>235.6</ele>
    <time>2026-05-25T17:11:35Z</time>
   </trkpt>
   <trkpt lat="49.8581480" lon="18.6313980">
    <ele>235.2</ele>
    <time>2026-05-25T17:11:37Z</time>
   </trkpt>
   <trkpt lat="49.8580830" lon="18.6309510">
    <ele>235.6</ele>
    <time>2026-05-25T17:11:44Z</time>
   </trkpt>
   <trkpt lat="49.8580630" lon="18.6308150">
    <ele>236.8</ele>
    <time>2026-05-25T17:11:47Z</time>
   </trkpt>
   <trkpt lat="49.8580520" lon="18.6307440">
    <ele>237.2</ele>
    <time>2026-05-25T17:11:49Z</time>
   </trkpt>
   <trkpt lat="49.8580370" lon="18.6306480">
    <ele>237.8</ele>
    <time>2026-05-25T17:11:53Z</time>
   </trkpt>
   <trkpt lat="49.8580330" lon="18.6306330">
    <ele>238.0</ele>
    <time>2026-05-25T17:11:54Z</time>
   </trkpt>
   <trkpt lat="49.8580060" lon="18.6305240">
    <ele>238.6</ele>
    <time>2026-05-25T17:11:59Z</time>
   </trkpt>
   <trkpt lat="49.8579960" lon="18.6305080">
    <ele>238.8</ele>
    <time>2026-05-25T17:12:00Z</time>
   </trkpt>
   <trkpt lat="49.8579910" lon="18.6304870">
    <ele>239.0</ele>
    <time>2026-05-25T17:12:01Z</time>
   </trkpt>
   <trkpt lat="49.8579830" lon="18.6304670">
    <ele>239.0</ele>
    <time>2026-05-25T17:12:02Z</time>
   </trkpt>
   <trkpt lat="49.8579780" lon="18.6304180">
    <ele>239.0</ele>
    <time>2026-05-25T17:12:04Z</time>
   </trkpt>
   <trkpt lat="49.8579680" lon="18.6302820">
    <ele>239.6</ele>
    <time>2026-05-25T17:12:10Z</time>
   </trkpt>
   <trkpt lat="49.8579570" lon="18.6302440">
    <ele>239.8</ele>
    <time>2026-05-25T17:12:12Z</time>
   </trkpt>
   <trkpt lat="49.8579530" lon="18.6301520">
    <ele>240.0</ele>
    <time>2026-05-25T17:12:17Z</time>
   </trkpt>
   <trkpt lat="49.8579420" lon="18.6301150">
    <ele>240.0</ele>
    <time>2026-05-25T17:12:19Z</time>
   </trkpt>
   <trkpt lat="49.8579370" lon="18.6300950">
    <ele>240.0</ele>
    <time>2026-05-25T17:12:20Z</time>
   </trkpt>
   <trkpt lat="49.8579120" lon="18.6299090">
    <ele>241.0</ele>
    <time>2026-05-25T17:12:29Z</time>
   </trkpt>
   <trkpt lat="49.8578950" lon="18.6297530">
    <ele>242.0</ele>
    <time>2026-05-25T17:12:37Z</time>
   </trkpt>
   <trkpt lat="49.8578970" lon="18.6297290">
    <ele>242.0</ele>
    <time>2026-05-25T17:12:38Z</time>
   </trkpt>
   <trkpt lat="49.8578990" lon="18.6296960">
    <ele>242.2</ele>
    <time>2026-05-25T17:12:40Z</time>
   </trkpt>
   <trkpt lat="49.8578920" lon="18.6296590">
    <ele>242.4</ele>
    <time>2026-05-25T17:12:42Z</time>
   </trkpt>
   <trkpt lat="49.8578570" lon="18.6296270">
    <ele>242.4</ele>
    <time>2026-05-25T17:12:45Z</time>
   </trkpt>
   <trkpt lat="49.8578480" lon="18.6296050">
    <ele>242.6</ele>
    <time>2026-05-25T17:12:46Z</time>
   </trkpt>
   <trkpt lat="49.8578370" lon="18.6295340">
    <ele>243.2</ele>
    <time>2026-05-25T17:12:49Z</time>
   </trkpt>
   <trkpt lat="49.8578080" lon="18.6293450">
    <ele>243.4</ele>
    <time>2026-05-25T17:12:56Z</time>
   </trkpt>
   <trkpt lat="49.8577680" lon="18.6292880">
    <ele>243.4</ele>
    <time>2026-05-25T17:12:59Z</time>
   </trkpt>
   <trkpt lat="49.8577540" lon="18.6292820">
    <ele>243.4</ele>
    <time>2026-05-25T17:13:00Z</time>
   </trkpt>
   <trkpt lat="49.8577390" lon="18.6292820">
    <ele>243.6</ele>
    <time>2026-05-25T17:13:01Z</time>
   </trkpt>
   <trkpt lat="49.8577290" lon="18.6292770">
    <ele>243.6</ele>
    <time>2026-05-25T17:13:02Z</time>
   </trkpt>
  </trkseg>
 </trk>
</gpx>
