<?xml version="1.0" encoding="UTF-8"?>
<gpx creator="StravaGPX" version="1.1" xmlns="http://www.topografix.com/GPX/1/1" xmlns:xsi="http://www.w3.org/2001/XMLSchema-instance" xsi:schemaLocation="http://www.topografix.com/GPX/1/1 http://www.topografix.com/GPX/1/1/gpx.xsd">
 <metadata>
  <time>2025-09-07T06:23:35Z</time>
 </metadata>
 <trk>
  <name>Lubomir 2/2025</name>
  <type>EMountainBikeRide</type>
  <trkseg>
   <trkpt lat="49.8177740" lon="19.9369090">
    <ele>296.0</ele>
    <time>2025-09-07T06:23:35Z</time>
   </trkpt>
   <trkpt lat="49.8177740" lon="19.9369090">
    <ele>296.0</ele>
    <time>2025-09-07T06:23:36Z</time>
   </trkpt>
   <trkpt lat="49.8177740" lon="19.9369090">
    <ele>296.0</ele>
    <time>2025-09-07T06:23:43Z</time>
   </trkpt>
   <trkpt lat="49.8177740" lon="19.9369090">
    <ele>296.0</ele>
    <time>2025-09-07T06:23:57Z</time>
   </trkpt>
   <trkpt lat="49.8177740" lon="19.9369090">
    <ele>296.0</ele>
    <time>2025-09-07T06:23:59Z</time>
   </trkpt>
   <trkpt lat="49.8177740" lon="19.9369090">
    <ele>294.8</ele>
    <time>2025-09-07T06:24:11Z</time>
   </trkpt>
   <trkpt lat="49.8177740" lon="19.9369090">
    <ele>293.8</ele>
    <time>2025-09-07T06:24:18Z</time>
   </trkpt>
   <trkpt lat="49.8177740" lon="19.9369090">
    <ele>292.8</ele>
    <time>2025-09-07T06:24:24Z</time>
   </trkpt>
   <trkpt lat="49.8177740" lon="19.9369090">
    <ele>290.6</ele>
    <time>2025-09-07T06:24:33Z</time>
   </trkpt>
   <trkpt lat="49.8178440" lon="19.9367400">
    <ele>291.6</ele>
    <time>2025-09-07T06:24:35Z</time>
   </trkpt>
   <trkpt lat="49.8179500" lon="19.9366690">
    <ele>291.4</ele>
    <time>2025-09-07T06:24:37Z</time>
   </trkpt>
   <trkpt lat="49.8180020" lon="19.9367020">
    <ele>291.4</ele>
    <time>2025-09-07T06:24:38Z</time>
   </trkpt>
   <trkpt lat="49.8180490" lon="19.9367250">
    <ele>291.4</ele>
    <time>2025-09-07T06:24:39Z</time>
   </trkpt>
   <trkpt lat="49.8180720" lon="19.9367820">
    <ele>291.4</ele>
    <time>2025-09-07T06:24:40Z</time>
   </trkpt>
   <trkpt lat="49.8180900" lon="19.9368540">
    <ele>291.4</ele>
    <time>2025-09-07T06:24:41Z</time>
   </trkpt>
   <trkpt lat="49.8181060" lon="19.9369440">
    <ele>291.4</ele>
    <time>2025-09-07T06:24:42Z</time>
   </trkpt>
   <trkpt lat="49.8181130" lon="19.9370160">
    <ele>291.4</ele>
    <time>2025-09-07T06:24:43Z</time>
   </trkpt>
   <trkpt lat="49.8181310" lon="19.9370740">
    <ele>291.8</ele>
    <time>2025-09-07T06:24:44Z</time>
   </trkpt>
   <trkpt lat="49.8181530" lon="19.9371180">
    <ele>292.0</ele>
    <time>2025-09-07T06:24:45Z</time>
   </trkpt>
   <trkpt lat="49.8181710" lon="19.9371600">
    <ele>292.2</ele>
    <time>2025-09-07T06:24:46Z</time>
   </trkpt>
   <trkpt lat="49.8181870" lon="19.9372060">
    <ele>292.2</ele>
    <time>2025-09-07T06:24:47Z</time>
   </trkpt>
   <trkpt lat="49.8182010" lon="19.9372380">
    <ele>292.2</ele>
    <time>2025-09-07T06:24:48Z</time>
   </trkpt>
   <trkpt lat="49.8182140" lon="19.9372630">
    <ele>292.2</ele>
    <time>2025-09-07T06:24:49Z</time>
   </trkpt>
   <trkpt lat="49.8182390" lon="19.9374050">
    <ele>292.0</ele>
    <time>2025-09-07T06:24:53Z</time>
   </trkpt>
   <trkpt lat="49.8182400" lon="19.9374470">
    <ele>292.0</ele>
    <time>2025-09-07T06:24:54Z</time>
   </trkpt>
   <trkpt lat="49.8182880" lon="19.9375940">
    <ele>292.0</ele>
    <time>2025-09-07T06:24:58Z</time>
   </trkpt>
   <trkpt lat="49.8183090" lon="19.9376280">
    <ele>292.0</ele>
    <time>2025-09-07T06:24:59Z</time>
   </trkpt>
   <trkpt lat="49.8183480" lon="19.9377010">
    <ele>291.8</ele>
    <time>2025-09-07T06:25:01Z</time>
   </trkpt>
   <trkpt lat="49.8183760" lon="19.9377750">
    <ele>290.8</ele>
    <time>2025-09-07T06:25:03Z</time>
   </trkpt>
   <trkpt lat="49.8184000" lon="19.9378000">
    <ele>290.6</ele>
    <time>2025-09-07T06:25:04Z</time>
   </trkpt>
   <trkpt lat="49.8184160" lon="19.9378270">
    <ele>290.6</ele>
    <time>2025-09-07T06:25:05Z</time>
   </trkpt>
   <trkpt lat="49.8184320" lon="19.9378520">
    <ele>290.6</ele>
    <time>2025-09-07T06:25:06Z</time>
   </trkpt>
   <trkpt lat="49.8184430" lon="19.9378780">
    <ele>290.6</ele>
    <time>2025-09-07T06:25:07Z</time>
   </trkpt>
   <trkpt lat="49.8184560" lon="19.9379010">
    <ele>290.6</ele>
    <time>2025-09-07T06:25:08Z</time>
   </trkpt>
   <trkpt lat="49.8184690" lon="19.9379190">
    <ele>290.6</ele>
    <time>2025-09-07T06:25:09Z</time>
   </trkpt>
   <trkpt lat="49.8184900" lon="19.9379690">
    <ele>290.6</ele>
    <time>2025-09-07T06:25:11Z</time>
   </trkpt>
   <trkpt lat="49.8184970" lon="19.9380020">
    <ele>290.4</ele>
    <time>2025-09-07T06:25:12Z</time>
   </trkpt>
   <trkpt lat="49.8185410" lon="19.9380980">
    <ele>289.8</ele>
    <time>2025-09-07T06:25:15Z</time>
   </trkpt>
   <trkpt lat="49.8185530" lon="19.9381270">
    <ele>289.8</ele>
    <time>2025-09-07T06:25:16Z</time>
   </trkpt>
   <trkpt lat="49.8185700" lon="19.9381540">
    <ele>289.6</ele>
    <time>2025-09-07T06:25:17Z</time>
   </trkpt>
   <trkpt lat="49.8185820" lon="19.9381790">
    <ele>289.6</ele>
    <time>2025-09-07T06:25:18Z</time>
   </trkpt>
   <trkpt lat="49.8185900" lon="19.9382050">
    <ele>289.6</ele>
    <time>2025-09-07T06:25:19Z</time>
   </trkpt>
   <trkpt lat="49.8186020" lon="19.9382360">
    <ele>289.6</ele>
    <time>2025-09-07T06:25:20Z</time>
   </trkpt>
   <trkpt lat="49.8186160" lon="19.9382600">
    <ele>289.6</ele>
    <time>2025-09-07T06:25:21Z</time>
   </trkpt>
   <trkpt lat="49.8186250" lon="19.9382840">
    <ele>289.6</ele>
    <time>2025-09-07T06:25:22Z</time>
   </trkpt>
   <trkpt lat="49.8186310" lon="19.9383070">
    <ele>289.6</ele>
    <time>2025-09-07T06:25:23Z</time>
   </trkpt>
   <trkpt lat="49.8186500" lon="19.9383870">
    <ele>289.6</ele>
    <time>2025-09-07T06:25:26Z</time>
   </trkpt>
   <trkpt lat="49.8186450" lon="19.9384090">
    <ele>289.6</ele>
    <time>2025-09-07T06:25:27Z</time>
   </trkpt>
   <trkpt lat="49.8186240" lon="19.9384280">
    <ele>289.6</ele>
    <time>2025-09-07T06:25:28Z</time>
   </trkpt>
   <trkpt lat="49.8186070" lon="19.9384420">
    <ele>289.6</ele>
    <time>2025-09-07T06:25:29Z</time>
   </trkpt>
   <trkpt lat="49.8185960" lon="19.9384490">
    <ele>289.8</ele>
    <time>2025-09-07T06:25:30Z</time>
   </trkpt>
   <trkpt lat="49.8185810" lon="19.9384450">
    <ele>289.8</ele>
    <time>2025-09-07T06:25:31Z</time>
   </trkpt>
   <trkpt lat="49.8185650" lon="19.9384390">
    <ele>289.8</ele>
    <time>2025-09-07T06:25:32Z</time>
   </trkpt>
   <trkpt lat="49.8185430" lon="19.9384330">
    <ele>289.8</ele>
    <time>2025-09-07T06:25:33Z</time>
   </trkpt>
   <trkpt lat="49.8185280" lon="19.9384300">
    <ele>289.8</ele>
    <time>2025-09-07T06:25:34Z</time>
   </trkpt>
   <trkpt lat="49.8185120" lon="19.9384260">
    <ele>289.8</ele>
    <time>2025-09-07T06:25:35Z</time>
   </trkpt>
   <trkpt lat="49.8184970" lon="19.9384230">
    <ele>289.8</ele>
    <time>2025-09-07T06:25:36Z</time>
   </trkpt>
   <trkpt lat="49.8184820" lon="19.9384190">
    <ele>289.8</ele>
    <time>2025-09-07T06:25:37Z</time>
   </trkpt>
   <trkpt lat="49.8184670" lon="19.9384160">
    <ele>289.8</ele>
    <time>2025-09-07T06:25:40Z</time>
   </trkpt>
   <trkpt lat="49.8184510" lon="19.9384120">
    <ele>289.8</ele>
    <time>2025-09-07T06:25:41Z</time>
   </trkpt>
   <trkpt lat="49.8184360" lon="19.9384090">
    <ele>289.8</ele>
    <time>2025-09-07T06:25:44Z</time>
   </trkpt>
   <trkpt lat="49.8184210" lon="19.9384050">
    <ele>289.6</ele>
    <time>2025-09-07T06:25:45Z</time>
   </trkpt>
   <trkpt lat="49.8184060" lon="19.9384020">
    <ele>289.6</ele>
    <time>2025-09-07T06:25:47Z</time>
   </trkpt>
   <trkpt lat="49.8183900" lon="19.9383980">
    <ele>289.6</ele>
    <time>2025-09-07T06:25:48Z</time>
   </trkpt>
   <trkpt lat="49.8183750" lon="19.9383950">
    <ele>289.6</ele>
    <time>2025-09-07T06:25:49Z</time>
   </trkpt>
   <trkpt lat="49.8183600" lon="19.9383910">
    <ele>289.6</ele>
    <time>2025-09-07T06:25:50Z</time>
   </trkpt>
   <trkpt lat="49.8183290" lon="19.9383820">
    <ele>289.6</ele>
    <time>2025-09-07T06:25:51Z</time>
   </trkpt>
   <trkpt lat="49.8183170" lon="19.9383790">
    <ele>289.6</ele>
    <time>2025-09-07T06:25:52Z</time>
   </trkpt>
   <trkpt lat="49.8183070" lon="19.9383840">
    <ele>289.8</ele>
    <time>2025-09-07T06:25:53Z</time>
   </trkpt>
   <trkpt lat="49.8183040" lon="19.9384300">
    <ele>290.0</ele>
    <time>2025-09-07T06:25:56Z</time>
   </trkpt>
   <trkpt lat="49.8183300" lon="19.9384360">
    <ele>290.0</ele>
    <time>2025-09-07T06:25:57Z</time>
   </trkpt>
   <trkpt lat="49.8184490" lon="19.9384430">
    <ele>289.8</ele>
    <time>2025-09-07T06:26:00Z</time>
   </trkpt>
   <trkpt lat="49.8184820" lon="19.9384530">
    <ele>289.6</ele>
    <time>2025-09-07T06:26:02Z</time>
   </trkpt>
   <trkpt lat="49.8185220" lon="19.9384230">
    <ele>289.6</ele>
    <time>2025-09-07T06:26:05Z</time>
   </trkpt>
   <trkpt lat="49.8185170" lon="19.9384190">
    <ele>289.6</ele>
    <time>2025-09-07T06:26:08Z</time>
   </trkpt>
   <trkpt lat="49.8185160" lon="19.9384320">
    <ele>289.6</ele>
    <time>2025-09-07T06:26:15Z</time>
   </trkpt>
   <trkpt lat="49.8185180" lon="19.9384360">
    <ele>289.6</ele>
    <time>2025-09-07T06:26:27Z</time>
   </trkpt>
   <trkpt lat="49.8185130" lon="19.9384540">
    <ele>289.6</ele>
    <time>2025-09-07T06:26:30Z</time>
   </trkpt>
   <trkpt lat="49.8185310" lon="19.9384580">
    <ele>289.6</ele>
    <time>2025-09-07T06:26:34Z</time>
   </trkpt>
   <trkpt lat="49.8185330" lon="19.9384560">
    <ele>289.6</ele>
    <time>2025-09-07T06:26:38Z</time>
   </trkpt>
   <trkpt lat="49.8185300" lon="19.9384520">
    <ele>289.6</ele>
    <time>2025-09-07T06:26:41Z</time>
   </trkpt>
   <trkpt lat="49.8185330" lon="19.9384500">
    <ele>289.6</ele>
    <time>2025-09-07T06:26:44Z</time>
   </trkpt>
   <trkpt lat="49.8185340" lon="19.9384430">
    <ele>289.6</ele>
    <time>2025-09-07T06:26:52Z</time>
   </trkpt>
   <trkpt lat="49.8185300" lon="19.9384530">
    <ele>289.6</ele>
    <time>2025-09-07T06:26:56Z</time>
   </trkpt>
   <trkpt lat="49.8185220" lon="19.9384510">
    <ele>289.6</ele>
    <time>2025-09-07T06:26:59Z</time>
   </trkpt>
   <trkpt lat="49.8185280" lon="19.9384570">
    <ele>289.6</ele>
    <time>2025-09-07T06:27:03Z</time>
   </trkpt>
   <trkpt lat="49.8185240" lon="19.9384650">
    <ele>289.6</ele>
    <time>2025-09-07T06:27:06Z</time>
   </trkpt>
   <trkpt lat="49.8185210" lon="19.9384620">
    <ele>289.6</ele>
    <time>2025-09-07T06:27:07Z</time>
   </trkpt>
   <trkpt lat="49.8185290" lon="19.9384560">
    <ele>289.6</ele>
    <time>2025-09-07T06:27:10Z</time>
   </trkpt>
   <trkpt lat="49.8181920" lon="19.9375100">
    <ele>291.0</ele>
    <time>2025-09-07T06:27:49Z</time>
   </trkpt>
   <trkpt lat="49.8182060" lon="19.9375390">
    <ele>291.0</ele>
    <time>2025-09-07T06:27:50Z</time>
   </trkpt>
   <trkpt lat="49.8182670" lon="19.9376520">
    <ele>290.8</ele>
    <time>2025-09-07T06:27:53Z</time>
   </trkpt>
   <trkpt lat="49.8183310" lon="19.9377470">
    <ele>290.6</ele>
    <time>2025-09-07T06:27:55Z</time>
   </trkpt>
   <trkpt lat="49.8183990" lon="19.9378370">
    <ele>289.4</ele>
    <time>2025-09-07T06:27:57Z</time>
   </trkpt>
   <trkpt lat="49.8184640" lon="19.9379370">
    <ele>289.2</ele>
    <time>2025-09-07T06:27:59Z</time>
   </trkpt>
   <trkpt lat="49.8184950" lon="19.9379890">
    <ele>288.8</ele>
    <time>2025-09-07T06:28:00Z</time>
   </trkpt>
   <trkpt lat="49.8185740" lon="19.9381560">
    <ele>288.6</ele>
    <time>2025-09-07T06:28:03Z</time>
   </trkpt>
   <trkpt lat="49.8185960" lon="19.9382110">
    <ele>288.4</ele>
    <time>2025-09-07T06:28:04Z</time>
   </trkpt>
   <trkpt lat="49.8186240" lon="19.9382670">
    <ele>288.4</ele>
    <time>2025-09-07T06:28:05Z</time>
   </trkpt>
   <trkpt lat="49.8186420" lon="19.9383280">
    <ele>288.4</ele>
    <time>2025-09-07T06:28:06Z</time>
   </trkpt>
   <trkpt lat="49.8186420" lon="19.9383940">
    <ele>288.4</ele>
    <time>2025-09-07T06:28:07Z</time>
   </trkpt>
   <trkpt lat="49.8186150" lon="19.9384560">
    <ele>288.6</ele>
    <time>2025-09-07T06:28:08Z</time>
   </trkpt>
   <trkpt lat="49.8185950" lon="19.9384970">
    <ele>288.8</ele>
    <time>2025-09-07T06:28:09Z</time>
   </trkpt>
   <trkpt lat="49.8185630" lon="19.9385110">
    <ele>289.0</ele>
    <time>2025-09-07T06:28:10Z</time>
   </trkpt>
   <trkpt lat="49.8183690" lon="19.9384550">
    <ele>289.2</ele>
    <time>2025-09-07T06:28:15Z</time>
   </trkpt>
   <trkpt lat="49.8180510" lon="19.9383650">
    <ele>289.4</ele>
    <time>2025-09-07T06:28:23Z</time>
   </trkpt>
   <trkpt lat="49.8180110" lon="19.9383510">
    <ele>289.4</ele>
    <time>2025-09-07T06:28:24Z</time>
   </trkpt>
   <trkpt lat="49.8179720" lon="19.9383350">
    <ele>289.4</ele>
    <time>2025-09-07T06:28:25Z</time>
   </trkpt>
   <trkpt lat="49.8178870" lon="19.9383060">
    <ele>289.8</ele>
    <time>2025-09-07T06:28:27Z</time>
   </trkpt>
   <trkpt lat="49.8178450" lon="19.9382950">
    <ele>289.8</ele>
    <time>2025-09-07T06:28:28Z</time>
   </trkpt>
   <trkpt lat="49.8178040" lon="19.9382840">
    <ele>290.0</ele>
    <time>2025-09-07T06:28:29Z</time>
   </trkpt>
   <trkpt lat="49.8177680" lon="19.9382690">
    <ele>290.2</ele>
    <time>2025-09-07T06:28:30Z</time>
   </trkpt>
   <trkpt lat="49.8177360" lon="19.9382580">
    <ele>290.4</ele>
    <time>2025-09-07T06:28:31Z</time>
   </trkpt>
   <trkpt lat="49.8176990" lon="19.9382450">
    <ele>290.8</ele>
    <time>2025-09-07T06:28:32Z</time>
   </trkpt>
   <trkpt lat="49.8176650" lon="19.9382260">
    <ele>291.2</ele>
    <time>2025-09-07T06:28:33Z</time>
   </trkpt>
   <trkpt lat="49.8176300" lon="19.9382080">
    <ele>291.6</ele>
    <time>2025-09-07T06:28:34Z</time>
   </trkpt>
   <trkpt lat="49.8175920" lon="19.9381910">
    <ele>291.6</ele>
    <time>2025-09-07T06:28:35Z</time>
   </trkpt>
   <trkpt lat="49.8175540" lon="19.9381740">
    <ele>291.6</ele>
    <time>2025-09-07T06:28:36Z</time>
   </trkpt>
   <trkpt lat="49.8175160" lon="19.9381580">
    <ele>291.6</ele>
    <time>2025-09-07T06:28:37Z</time>
   </trkpt>
   <trkpt lat="49.8174000" lon="19.9381080">
    <ele>291.6</ele>
    <time>2025-09-07T06:28:40Z</time>
   </trkpt>
   <trkpt lat="49.8173630" lon="19.9380880">
    <ele>291.8</ele>
    <time>2025-09-07T06:28:41Z</time>
   </trkpt>
   <trkpt lat="49.8173300" lon="19.9380730">
    <ele>292.0</ele>
    <time>2025-09-07T06:28:42Z</time>
   </trkpt>
   <trkpt lat="49.8172990" lon="19.9380580">
    <ele>292.2</ele>
    <time>2025-09-07T06:28:43Z</time>
   </trkpt>
   <trkpt lat="49.8172770" lon="19.9380440">
    <ele>292.2</ele>
    <time>2025-09-07T06:28:44Z</time>
   </trkpt>
   <trkpt lat="49.8172650" lon="19.9380350">
    <ele>292.2</ele>
    <time>2025-09-07T06:28:45Z</time>
   </trkpt>
   <trkpt lat="49.8172620" lon="19.9380340">
    <ele>292.6</ele>
    <time>2025-09-07T06:28:46Z</time>
   </trkpt>
   <trkpt lat="49.8172610" lon="19.9380410">
    <ele>292.8</ele>
    <time>2025-09-07T06:28:51Z</time>
   </trkpt>
   <trkpt lat="49.8172610" lon="19.9380410">
    <ele>292.8</ele>
    <time>2025-09-07T06:28:52Z</time>
   </trkpt>
   <trkpt lat="49.8172610" lon="19.9380410">
    <ele>292.8</ele>
    <time>2025-09-07T06:29:01Z</time>
   </trkpt>
   <trkpt lat="49.8172610" lon="19.9380410">
    <ele>292.8</ele>
    <time>2025-09-07T06:29:03Z</time>
   </trkpt>
   <trkpt lat="49.8172610" lon="19.9380410">
    <ele>292.8</ele>
    <time>2025-09-07T06:29:13Z</time>
   </trkpt>
   <trkpt lat="49.8172610" lon="19.9380410">
    <ele>293.0</ele>
    <time>2025-09-07T06:29:28Z</time>
   </trkpt>
   <trkpt lat="49.8172610" lon="19.9380410">
    <ele>293.0</ele>
    <time>2025-09-07T06:29:34Z</time>
   </trkpt>
   <trkpt lat="49.8172610" lon="19.9380410">
    <ele>293.0</ele>
    <time>2025-09-07T06:29:35Z</time>
   </trkpt>
   <trkpt lat="49.8172190" lon="19.9380210">
    <ele>293.0</ele>
    <time>2025-09-07T06:29:46Z</time>
   </trkpt>
   <trkpt lat="49.8171980" lon="19.9380200">
    <ele>292.8</ele>
    <time>2025-09-07T06:29:47Z</time>
   </trkpt>
   <trkpt lat="49.8170620" lon="19.9379690">
    <ele>293.2</ele>
    <time>2025-09-07T06:29:52Z</time>
   </trkpt>
   <trkpt lat="49.8169820" lon="19.9379280">
    <ele>293.4</ele>
    <time>2025-09-07T06:29:55Z</time>
   </trkpt>
   <trkpt lat="49.8168970" lon="19.9379050">
    <ele>294.0</ele>
    <time>2025-09-07T06:29:58Z</time>
   </trkpt>
   <trkpt lat="49.8168730" lon="19.9379020">
    <ele>294.2</ele>
    <time>2025-09-07T06:29:59Z</time>
   </trkpt>
   <trkpt lat="49.8168530" lon="19.9379060">
    <ele>294.4</ele>
    <time>2025-09-07T06:30:00Z</time>
   </trkpt>
   <trkpt lat="49.8168300" lon="19.9379100">
    <ele>294.8</ele>
    <time>2025-09-07T06:30:01Z</time>
   </trkpt>
   <trkpt lat="49.8168060" lon="19.9379170">
    <ele>295.2</ele>
    <time>2025-09-07T06:30:02Z</time>
   </trkpt>
   <trkpt lat="49.8167830" lon="19.9379210">
    <ele>295.6</ele>
    <time>2025-09-07T06:30:03Z</time>
   </trkpt>
   <trkpt lat="49.8167190" lon="19.9379450">
    <ele>296.4</ele>
    <time>2025-09-07T06:30:06Z</time>
   </trkpt>
   <trkpt lat="49.8166920" lon="19.9379610">
    <ele>296.6</ele>
    <time>2025-09-07T06:30:07Z</time>
   </trkpt>
   <trkpt lat="49.8166630" lon="19.9379840">
    <ele>296.8</ele>
    <time>2025-09-07T06:30:08Z</time>
   </trkpt>
   <trkpt lat="49.8166330" lon="19.9380030">
    <ele>297.0</ele>
    <time>2025-09-07T06:30:09Z</time>
   </trkpt>
   <trkpt lat="49.8166020" lon="19.9380200">
    <ele>297.2</ele>
    <time>2025-09-07T06:30:10Z</time>
   </trkpt>
   <trkpt lat="49.8165720" lon="19.9380330">
    <ele>297.4</ele>
    <time>2025-09-07T06:30:11Z</time>
   </trkpt>
   <trkpt lat="49.8165440" lon="19.9380470">
    <ele>297.4</ele>
    <time>2025-09-07T06:30:12Z</time>
   </trkpt>
   <trkpt lat="49.8165150" lon="19.9380610">
    <ele>297.8</ele>
    <time>2025-09-07T06:30:13Z</time>
   </trkpt>
   <trkpt lat="49.8164840" lon="19.9380730">
    <ele>298.0</ele>
    <time>2025-09-07T06:30:14Z</time>
   </trkpt>
   <trkpt lat="49.8164500" lon="19.9380940">
    <ele>298.0</ele>
    <time>2025-09-07T06:30:15Z</time>
   </trkpt>
   <trkpt lat="49.8164200" lon="19.9381120">
    <ele>298.0</ele>
    <time>2025-09-07T06:30:16Z</time>
   </trkpt>
   <trkpt lat="49.8163950" lon="19.9381250">
    <ele>298.2</ele>
    <time>2025-09-07T06:30:17Z</time>
   </trkpt>
   <trkpt lat="49.8163680" lon="19.9381400">
    <ele>298.4</ele>
    <time>2025-09-07T06:30:18Z</time>
   </trkpt>
   <trkpt lat="49.8163450" lon="19.9381470">
    <ele>298.6</ele>
    <time>2025-09-07T06:30:19Z</time>
   </trkpt>
   <trkpt lat="49.8163220" lon="19.9381560">
    <ele>298.8</ele>
    <time>2025-09-07T06:30:20Z</time>
   </trkpt>
   <trkpt lat="49.8162910" lon="19.9381680">
    <ele>299.2</ele>
    <time>2025-09-07T06:30:21Z</time>
   </trkpt>
   <trkpt lat="49.8162640" lon="19.9381780">
    <ele>299.4</ele>
    <time>2025-09-07T06:30:22Z</time>
   </trkpt>
   <trkpt lat="49.8162350" lon="19.9381840">
    <ele>299.6</ele>
    <time>2025-09-07T06:30:23Z</time>
   </trkpt>
   <trkpt lat="49.8162070" lon="19.9381850">
    <ele>299.8</ele>
    <time>2025-09-07T06:30:24Z</time>
   </trkpt>
   <trkpt lat="49.8161790" lon="19.9381860">
    <ele>299.8</ele>
    <time>2025-09-07T06:30:25Z</time>
   </trkpt>
   <trkpt lat="49.8161490" lon="19.9381870">
    <ele>300.2</ele>
    <time>2025-09-07T06:30:26Z</time>
   </trkpt>
   <trkpt lat="49.8161200" lon="19.9381860">
    <ele>300.2</ele>
    <time>2025-09-07T06:30:27Z</time>
   </trkpt>
   <trkpt lat="49.8160940" lon="19.9381860">
    <ele>300.4</ele>
    <time>2025-09-07T06:30:28Z</time>
   </trkpt>
   <trkpt lat="49.8160740" lon="19.9381860">
    <ele>300.6</ele>
    <time>2025-09-07T06:30:29Z</time>
   </trkpt>
   <trkpt lat="49.8160580" lon="19.9381900">
    <ele>300.8</ele>
    <time>2025-09-07T06:30:30Z</time>
   </trkpt>
   <trkpt lat="49.8160340" lon="19.9381930">
    <ele>301.0</ele>
    <time>2025-09-07T06:30:31Z</time>
   </trkpt>
   <trkpt lat="49.8160110" lon="19.9381980">
    <ele>301.4</ele>
    <time>2025-09-07T06:30:32Z</time>
   </trkpt>
   <trkpt lat="49.8159880" lon="19.9382020">
    <ele>301.4</ele>
    <time>2025-09-07T06:30:33Z</time>
   </trkpt>
   <trkpt lat="49.8159650" lon="19.9382030">
    <ele>301.6</ele>
    <time>2025-09-07T06:30:34Z</time>
   </trkpt>
   <trkpt lat="49.8159410" lon="19.9382110">
    <ele>301.6</ele>
    <time>2025-09-07T06:30:35Z</time>
   </trkpt>
   <trkpt lat="49.8159150" lon="19.9382250">
    <ele>301.8</ele>
    <time>2025-09-07T06:30:36Z</time>
   </trkpt>
   <trkpt lat="49.8158890" lon="19.9382330">
    <ele>301.8</ele>
    <time>2025-09-07T06:30:37Z</time>
   </trkpt>
   <trkpt lat="49.8158600" lon="19.9382380">
    <ele>301.8</ele>
    <time>2025-09-07T06:30:38Z</time>
   </trkpt>
   <trkpt lat="49.8158320" lon="19.9382450">
    <ele>301.8</ele>
    <time>2025-09-07T06:30:39Z</time>
   </trkpt>
   <trkpt lat="49.8158050" lon="19.9382520">
    <ele>302.0</ele>
    <time>2025-09-07T06:30:40Z</time>
   </trkpt>
   <trkpt lat="49.8157780" lon="19.9382610">
    <ele>302.2</ele>
    <time>2025-09-07T06:30:41Z</time>
   </trkpt>
   <trkpt lat="49.8157490" lon="19.9382680">
    <ele>302.2</ele>
    <time>2025-09-07T06:30:42Z</time>
   </trkpt>
   <trkpt lat="49.8157200" lon="19.9382760">
    <ele>302.4</ele>
    <time>2025-09-07T06:30:43Z</time>
   </trkpt>
   <trkpt lat="49.8156920" lon="19.9382880">
    <ele>302.6</ele>
    <time>2025-09-07T06:30:44Z</time>
   </trkpt>
   <trkpt lat="49.8156620" lon="19.9382990">
    <ele>302.6</ele>
    <time>2025-09-07T06:30:45Z</time>
   </trkpt>
   <trkpt lat="49.8156340" lon="19.9383080">
    <ele>303.0</ele>
    <time>2025-09-07T06:30:46Z</time>
   </trkpt>
   <trkpt lat="49.8156090" lon="19.9383150">
    <ele>303.2</ele>
    <time>2025-09-07T06:30:47Z</time>
   </trkpt>
   <trkpt lat="49.8155900" lon="19.9383190">
    <ele>303.2</ele>
    <time>2025-09-07T06:30:48Z</time>
   </trkpt>
   <trkpt lat="49.8155640" lon="19.9383230">
    <ele>303.6</ele>
    <time>2025-09-07T06:30:49Z</time>
   </trkpt>
   <trkpt lat="49.8155400" lon="19.9383200">
    <ele>303.8</ele>
    <time>2025-09-07T06:30:50Z</time>
   </trkpt>
   <trkpt lat="49.8155120" lon="19.9383210">
    <ele>303.8</ele>
    <time>2025-09-07T06:30:51Z</time>
   </trkpt>
   <trkpt lat="49.8154820" lon="19.9383260">
    <ele>304.0</ele>
    <time>2025-09-07T06:30:52Z</time>
   </trkpt>
   <trkpt lat="49.8154570" lon="19.9383310">
    <ele>304.2</ele>
    <time>2025-09-07T06:30:53Z</time>
   </trkpt>
   <trkpt lat="49.8154320" lon="19.9383380">
    <ele>304.4</ele>
    <time>2025-09-07T06:30:54Z</time>
   </trkpt>
   <trkpt lat="49.8154080" lon="19.9383480">
    <ele>304.6</ele>
    <time>2025-09-07T06:30:55Z</time>
   </trkpt>
   <trkpt lat="49.8153890" lon="19.9383590">
    <ele>304.6</ele>
    <time>2025-09-07T06:30:56Z</time>
   </trkpt>
   <trkpt lat="49.8153650" lon="19.9383730">
    <ele>304.8</ele>
    <time>2025-09-07T06:30:57Z</time>
   </trkpt>
   <trkpt lat="49.8153410" lon="19.9383920">
    <ele>305.2</ele>
    <time>2025-09-07T06:30:58Z</time>
   </trkpt>
   <trkpt lat="49.8153190" lon="19.9384140">
    <ele>305.4</ele>
    <time>2025-09-07T06:30:59Z</time>
   </trkpt>
   <trkpt lat="49.8152970" lon="19.9384400">
    <ele>305.6</ele>
    <time>2025-09-07T06:31:00Z</time>
   </trkpt>
   <trkpt lat="49.8152730" lon="19.9384710">
    <ele>305.8</ele>
    <time>2025-09-07T06:31:01Z</time>
   </trkpt>
   <trkpt lat="49.8152500" lon="19.9385030">
    <ele>306.0</ele>
    <time>2025-09-07T06:31:02Z</time>
   </trkpt>
   <trkpt lat="49.8152280" lon="19.9385310">
    <ele>306.4</ele>
    <time>2025-09-07T06:31:03Z</time>
   </trkpt>
   <trkpt lat="49.8152060" lon="19.9385570">
    <ele>306.6</ele>
    <time>2025-09-07T06:31:04Z</time>
   </trkpt>
   <trkpt lat="49.8151850" lon="19.9385840">
    <ele>306.6</ele>
    <time>2025-09-07T06:31:05Z</time>
   </trkpt>
   <trkpt lat="49.8151610" lon="19.9386050">
    <ele>306.8</ele>
    <time>2025-09-07T06:31:06Z</time>
   </trkpt>
   <trkpt lat="49.8151420" lon="19.9386240">
    <ele>307.0</ele>
    <time>2025-09-07T06:31:07Z</time>
   </trkpt>
   <trkpt lat="49.8151230" lon="19.9386450">
    <ele>307.6</ele>
    <time>2025-09-07T06:31:08Z</time>
   </trkpt>
   <trkpt lat="49.8151030" lon="19.9386680">
    <ele>307.6</ele>
    <time>2025-09-07T06:31:09Z</time>
   </trkpt>
   <trkpt lat="49.8150770" lon="19.9386910">
    <ele>307.8</ele>
    <time>2025-09-07T06:31:10Z</time>
   </trkpt>
   <trkpt lat="49.8150490" lon="19.9387180">
    <ele>308.2</ele>
    <time>2025-09-07T06:31:11Z</time>
   </trkpt>
   <trkpt lat="49.8150250" lon="19.9387450">
    <ele>308.2</ele>
    <time>2025-09-07T06:31:12Z</time>
   </trkpt>
   <trkpt lat="49.8150010" lon="19.9387700">
    <ele>308.4</ele>
    <time>2025-09-07T06:31:13Z</time>
   </trkpt>
   <trkpt lat="49.8149730" lon="19.9387960">
    <ele>308.8</ele>
    <time>2025-09-07T06:31:14Z</time>
   </trkpt>
   <trkpt lat="49.8149420" lon="19.9388230">
    <ele>309.0</ele>
    <time>2025-09-07T06:31:15Z</time>
   </trkpt>
   <trkpt lat="49.8149130" lon="19.9388460">
    <ele>309.4</ele>
    <time>2025-09-07T06:31:16Z</time>
   </trkpt>
   <trkpt lat="49.8148850" lon="19.9388660">
    <ele>309.6</ele>
    <time>2025-09-07T06:31:17Z</time>
   </trkpt>
   <trkpt lat="49.8148500" lon="19.9388850">
    <ele>309.8</ele>
    <time>2025-09-07T06:31:18Z</time>
   </trkpt>
   <trkpt lat="49.8148210" lon="19.9389050">
    <ele>310.2</ele>
    <time>2025-09-07T06:31:19Z</time>
   </trkpt>
   <trkpt lat="49.8147940" lon="19.9389210">
    <ele>310.4</ele>
    <time>2025-09-07T06:31:20Z</time>
   </trkpt>
   <trkpt lat="49.8147650" lon="19.9389390">
    <ele>310.6</ele>
    <time>2025-09-07T06:31:21Z</time>
   </trkpt>
   <trkpt lat="49.8147330" lon="19.9389470">
    <ele>311.0</ele>
    <time>2025-09-07T06:31:22Z</time>
   </trkpt>
   <trkpt lat="49.8147000" lon="19.9389640">
    <ele>311.4</ele>
    <time>2025-09-07T06:31:23Z</time>
   </trkpt>
   <trkpt lat="49.8146720" lon="19.9389660">
    <ele>311.4</ele>
    <time>2025-09-07T06:31:24Z</time>
   </trkpt>
   <trkpt lat="49.8146410" lon="19.9389670">
    <ele>311.6</ele>
    <time>2025-09-07T06:31:25Z</time>
   </trkpt>
   <trkpt lat="49.8146050" lon="19.9389700">
    <ele>311.6</ele>
    <time>2025-09-07T06:31:26Z</time>
   </trkpt>
   <trkpt lat="49.8145650" lon="19.9389760">
    <ele>311.6</ele>
    <time>2025-09-07T06:31:27Z</time>
   </trkpt>
   <trkpt lat="49.8145250" lon="19.9389810">
    <ele>311.4</ele>
    <time>2025-09-07T06:31:28Z</time>
   </trkpt>
   <trkpt lat="49.8144800" lon="19.9389850">
    <ele>311.0</ele>
    <time>2025-09-07T06:31:29Z</time>
   </trkpt>
   <trkpt lat="49.8144350" lon="19.9389840">
    <ele>310.2</ele>
    <time>2025-09-07T06:31:30Z</time>
   </trkpt>
   <trkpt lat="49.8143900" lon="19.9389880">
    <ele>309.6</ele>
    <time>2025-09-07T06:31:31Z</time>
   </trkpt>
   <trkpt lat="49.8143430" lon="19.9390010">
    <ele>309.4</ele>
    <time>2025-09-07T06:31:32Z</time>
   </trkpt>
   <trkpt lat="49.8142940" lon="19.9390130">
    <ele>309.0</ele>
    <time>2025-09-07T06:31:33Z</time>
   </trkpt>
   <trkpt lat="49.8142430" lon="19.9390290">
    <ele>308.8</ele>
    <time>2025-09-07T06:31:34Z</time>
   </trkpt>
   <trkpt lat="49.8141940" lon="19.9390470">
    <ele>308.6</ele>
    <time>2025-09-07T06:31:35Z</time>
   </trkpt>
   <trkpt lat="49.8141400" lon="19.9390730">
    <ele>308.4</ele>
    <time>2025-09-07T06:31:36Z</time>
   </trkpt>
   <trkpt lat="49.8139550" lon="19.9391870">
    <ele>308.2</ele>
    <time>2025-09-07T06:31:39Z</time>
   </trkpt>
   <trkpt lat="49.8139020" lon="19.9392030">
    <ele>308.0</ele>
    <time>2025-09-07T06:31:40Z</time>
   </trkpt>
   <trkpt lat="49.8138550" lon="19.9392070">
    <ele>307.8</ele>
    <time>2025-09-07T06:31:41Z</time>
   </trkpt>
   <trkpt lat="49.8138090" lon="19.9392100">
    <ele>307.8</ele>
    <time>2025-09-07T06:31:42Z</time>
   </trkpt>
   <trkpt lat="49.8137610" lon="19.9392120">
    <ele>308.0</ele>
    <time>2025-09-07T06:31:43Z</time>
   </trkpt>
   <trkpt lat="49.8137160" lon="19.9392110">
    <ele>308.0</ele>
    <time>2025-09-07T06:31:44Z</time>
   </trkpt>
   <trkpt lat="49.8136720" lon="19.9392130">
    <ele>308.0</ele>
    <time>2025-09-07T06:31:45Z</time>
   </trkpt>
   <trkpt lat="49.8136290" lon="19.9392170">
    <ele>308.2</ele>
    <time>2025-09-07T06:31:46Z</time>
   </trkpt>
   <trkpt lat="49.8135830" lon="19.9392210">
    <ele>308.4</ele>
    <time>2025-09-07T06:31:47Z</time>
   </trkpt>
   <trkpt lat="49.8135410" lon="19.9392280">
    <ele>308.6</ele>
    <time>2025-09-07T06:31:48Z</time>
   </trkpt>
   <trkpt lat="49.8134890" lon="19.9392500">
    <ele>308.8</ele>
    <time>2025-09-07T06:31:49Z</time>
   </trkpt>
   <trkpt lat="49.8134480" lon="19.9392610">
    <ele>308.8</ele>
    <time>2025-09-07T06:31:50Z</time>
   </trkpt>
   <trkpt lat="49.8134120" lon="19.9392710">
    <ele>309.2</ele>
    <time>2025-09-07T06:31:51Z</time>
   </trkpt>
   <trkpt lat="49.8133850" lon="19.9392800">
    <ele>309.8</ele>
    <time>2025-09-07T06:31:52Z</time>
   </trkpt>
   <trkpt lat="49.8133590" lon="19.9392950">
    <ele>310.2</ele>
    <time>2025-09-07T06:31:53Z</time>
   </trkpt>
   <trkpt lat="49.8133300" lon="19.9393130">
    <ele>310.6</ele>
    <time>2025-09-07T06:31:54Z</time>
   </trkpt>
   <trkpt lat="49.8133040" lon="19.9393300">
    <ele>311.0</ele>
    <time>2025-09-07T06:31:55Z</time>
   </trkpt>
   <trkpt lat="49.8132800" lon="19.9393490">
    <ele>311.4</ele>
    <time>2025-09-07T06:31:56Z</time>
   </trkpt>
   <trkpt lat="49.8132520" lon="19.9393700">
    <ele>311.6</ele>
    <time>2025-09-07T06:31:57Z</time>
   </trkpt>
   <trkpt lat="49.8132230" lon="19.9393830">
    <ele>312.0</ele>
    <time>2025-09-07T06:31:58Z</time>
   </trkpt>
   <trkpt lat="49.8131710" lon="19.9394080">
    <ele>312.8</ele>
    <time>2025-09-07T06:32:00Z</time>
   </trkpt>
   <trkpt lat="49.8131490" lon="19.9394220">
    <ele>313.0</ele>
    <time>2025-09-07T06:32:01Z</time>
   </trkpt>
   <trkpt lat="49.8131330" lon="19.9394300">
    <ele>313.4</ele>
    <time>2025-09-07T06:32:02Z</time>
   </trkpt>
   <trkpt lat="49.8131150" lon="19.9394360">
    <ele>313.8</ele>
    <time>2025-09-07T06:32:03Z</time>
   </trkpt>
   <trkpt lat="49.8130790" lon="19.9394620">
    <ele>314.0</ele>
    <time>2025-09-07T06:32:04Z</time>
   </trkpt>
   <trkpt lat="49.8130550" lon="19.9394690">
    <ele>314.6</ele>
    <time>2025-09-07T06:32:05Z</time>
   </trkpt>
   <trkpt lat="49.8130330" lon="19.9394810">
    <ele>314.8</ele>
    <time>2025-09-07T06:32:06Z</time>
   </trkpt>
   <trkpt lat="49.8130100" lon="19.9394970">
    <ele>315.2</ele>
    <time>2025-09-07T06:32:07Z</time>
   </trkpt>
   <trkpt lat="49.8129870" lon="19.9395120">
    <ele>315.4</ele>
    <time>2025-09-07T06:32:08Z</time>
   </trkpt>
   <trkpt lat="49.8129660" lon="19.9395290">
    <ele>315.8</ele>
    <time>2025-09-07T06:32:09Z</time>
   </trkpt>
   <trkpt lat="49.8129480" lon="19.9395470">
    <ele>316.2</ele>
    <time>2025-09-07T06:32:10Z</time>
   </trkpt>
   <trkpt lat="49.8129240" lon="19.9395620">
    <ele>316.6</ele>
    <time>2025-09-07T06:32:11Z</time>
   </trkpt>
   <trkpt lat="49.8129010" lon="19.9395830">
    <ele>317.0</ele>
    <time>2025-09-07T06:32:12Z</time>
   </trkpt>
   <trkpt lat="49.8128740" lon="19.9396070">
    <ele>317.4</ele>
    <time>2025-09-07T06:32:13Z</time>
   </trkpt>
   <trkpt lat="49.8128510" lon="19.9396210">
    <ele>317.6</ele>
    <time>2025-09-07T06:32:14Z</time>
   </trkpt>
   <trkpt lat="49.8128310" lon="19.9396390">
    <ele>318.2</ele>
    <time>2025-09-07T06:32:15Z</time>
   </trkpt>
   <trkpt lat="49.8128140" lon="19.9396600">
    <ele>318.4</ele>
    <time>2025-09-07T06:32:16Z</time>
   </trkpt>
   <trkpt lat="49.8127940" lon="19.9396790">
    <ele>318.8</ele>
    <time>2025-09-07T06:32:17Z</time>
   </trkpt>
   <trkpt lat="49.8127710" lon="19.9396970">
    <ele>319.0</ele>
    <time>2025-09-07T06:32:18Z</time>
   </trkpt>
   <trkpt lat="49.8127470" lon="19.9397090">
    <ele>319.4</ele>
    <time>2025-09-07T06:32:19Z</time>
   </trkpt>
   <trkpt lat="49.8127250" lon="19.9397240">
    <ele>319.8</ele>
    <time>2025-09-07T06:32:20Z</time>
   </trkpt>
   <trkpt lat="49.8127030" lon="19.9397430">
    <ele>320.2</ele>
    <time>2025-09-07T06:32:21Z</time>
   </trkpt>
   <trkpt lat="49.8126810" lon="19.9397620">
    <ele>320.2</ele>
    <time>2025-09-07T06:32:22Z</time>
   </trkpt>
   <trkpt lat="49.8126550" lon="19.9397800">
    <ele>320.6</ele>
    <time>2025-09-07T06:32:23Z</time>
   </trkpt>
   <trkpt lat="49.8126400" lon="19.9397840">
    <ele>320.6</ele>
    <time>2025-09-07T06:32:24Z</time>
   </trkpt>
   <trkpt lat="49.8126220" lon="19.9398010">
    <ele>320.8</ele>
    <time>2025-09-07T06:32:25Z</time>
   </trkpt>
   <trkpt lat="49.8125990" lon="19.9398230">
    <ele>321.0</ele>
    <time>2025-09-07T06:32:26Z</time>
   </trkpt>
   <trkpt lat="49.8125690" lon="19.9398490">
    <ele>321.2</ele>
    <time>2025-09-07T06:32:27Z</time>
   </trkpt>
   <trkpt lat="49.8125420" lon="19.9398730">
    <ele>321.4</ele>
    <time>2025-09-07T06:32:28Z</time>
   </trkpt>
   <trkpt lat="49.8125160" lon="19.9398950">
    <ele>321.6</ele>
    <time>2025-09-07T06:32:29Z</time>
   </trkpt>
   <trkpt lat="49.8124910" lon="19.9399100">
    <ele>321.8</ele>
    <time>2025-09-07T06:32:30Z</time>
   </trkpt>
   <trkpt lat="49.8124630" lon="19.9399240">
    <ele>322.0</ele>
    <time>2025-09-07T06:32:31Z</time>
   </trkpt>
   <trkpt lat="49.8124330" lon="19.9399380">
    <ele>322.2</ele>
    <time>2025-09-07T06:32:32Z</time>
   </trkpt>
   <trkpt lat="49.8124040" lon="19.9399550">
    <ele>322.6</ele>
    <time>2025-09-07T06:32:33Z</time>
   </trkpt>
   <trkpt lat="49.8123740" lon="19.9399730">
    <ele>323.0</ele>
    <time>2025-09-07T06:32:34Z</time>
   </trkpt>
   <trkpt lat="49.8123450" lon="19.9399900">
    <ele>323.2</ele>
    <time>2025-09-07T06:32:35Z</time>
   </trkpt>
   <trkpt lat="49.8123140" lon="19.9399990">
    <ele>323.2</ele>
    <time>2025-09-07T06:32:36Z</time>
   </trkpt>
   <trkpt lat="49.8122830" lon="19.9400110">
    <ele>323.6</ele>
    <time>2025-09-07T06:32:37Z</time>
   </trkpt>
   <trkpt lat="49.8122580" lon="19.9400220">
    <ele>323.8</ele>
    <time>2025-09-07T06:32:38Z</time>
   </trkpt>
   <trkpt lat="49.8122320" lon="19.9400310">
    <ele>324.0</ele>
    <time>2025-09-07T06:32:39Z</time>
   </trkpt>
   <trkpt lat="49.8122020" lon="19.9400440">
    <ele>324.4</ele>
    <time>2025-09-07T06:32:40Z</time>
   </trkpt>
   <trkpt lat="49.8121760" lon="19.9400530">
    <ele>324.8</ele>
    <time>2025-09-07T06:32:41Z</time>
   </trkpt>
   <trkpt lat="49.8121530" lon="19.9400600">
    <ele>325.0</ele>
    <time>2025-09-07T06:32:42Z</time>
   </trkpt>
   <trkpt lat="49.8121300" lon="19.9400670">
    <ele>325.2</ele>
    <time>2025-09-07T06:32:43Z</time>
   </trkpt>
   <trkpt lat="49.8121080" lon="19.9400710">
    <ele>325.6</ele>
    <time>2025-09-07T06:32:44Z</time>
   </trkpt>
   <trkpt lat="49.8120900" lon="19.9400710">
    <ele>326.0</ele>
    <time>2025-09-07T06:32:45Z</time>
   </trkpt>
   <trkpt lat="49.8120660" lon="19.9400740">
    <ele>326.4</ele>
    <time>2025-09-07T06:32:46Z</time>
   </trkpt>
   <trkpt lat="49.8120350" lon="19.9400830">
    <ele>326.6</ele>
    <time>2025-09-07T06:32:47Z</time>
   </trkpt>
   <trkpt lat="49.8120040" lon="19.9400940">
    <ele>326.8</ele>
    <time>2025-09-07T06:32:48Z</time>
   </trkpt>
   <trkpt lat="49.8119800" lon="19.9401040">
    <ele>327.2</ele>
    <time>2025-09-07T06:32:49Z</time>
   </trkpt>
   <trkpt lat="49.8119560" lon="19.9401140">
    <ele>327.4</ele>
    <time>2025-09-07T06:32:50Z</time>
   </trkpt>
   <trkpt lat="49.8119330" lon="19.9401200">
    <ele>327.8</ele>
    <time>2025-09-07T06:32:51Z</time>
   </trkpt>
   <trkpt lat="49.8119090" lon="19.9401240">
    <ele>328.0</ele>
    <time>2025-09-07T06:32:52Z</time>
   </trkpt>
   <trkpt lat="49.8118810" lon="19.9401320">
    <ele>328.4</ele>
    <time>2025-09-07T06:32:53Z</time>
   </trkpt>
   <trkpt lat="49.8118550" lon="19.9401440">
    <ele>328.6</ele>
    <time>2025-09-07T06:32:54Z</time>
   </trkpt>
   <trkpt lat="49.8118300" lon="19.9401520">
    <ele>329.0</ele>
    <time>2025-09-07T06:32:55Z</time>
   </trkpt>
   <trkpt lat="49.8118000" lon="19.9401600">
    <ele>329.2</ele>
    <time>2025-09-07T06:32:56Z</time>
   </trkpt>
   <trkpt lat="49.8117730" lon="19.9401680">
    <ele>329.6</ele>
    <time>2025-09-07T06:32:57Z</time>
   </trkpt>
   <trkpt lat="49.8117480" lon="19.9401790">
    <ele>329.8</ele>
    <time>2025-09-07T06:32:58Z</time>
   </trkpt>
   <trkpt lat="49.8117230" lon="19.9401930">
    <ele>330.0</ele>
    <time>2025-09-07T06:32:59Z</time>
   </trkpt>
   <trkpt lat="49.8116950" lon="19.9402090">
    <ele>330.0</ele>
    <time>2025-09-07T06:33:00Z</time>
   </trkpt>
   <trkpt lat="49.8116670" lon="19.9402230">
    <ele>330.2</ele>
    <time>2025-09-07T06:33:01Z</time>
   </trkpt>
   <trkpt lat="49.8116350" lon="19.9402380">
    <ele>330.2</ele>
    <time>2025-09-07T06:33:02Z</time>
   </trkpt>
   <trkpt lat="49.8116050" lon="19.9402510">
    <ele>330.4</ele>
    <time>2025-09-07T06:33:03Z</time>
   </trkpt>
   <trkpt lat="49.8115760" lon="19.9402620">
    <ele>330.6</ele>
    <time>2025-09-07T06:33:04Z</time>
   </trkpt>
   <trkpt lat="49.8115500" lon="19.9402720">
    <ele>330.6</ele>
    <time>2025-09-07T06:33:05Z</time>
   </trkpt>
   <trkpt lat="49.8115210" lon="19.9402860">
    <ele>331.0</ele>
    <time>2025-09-07T06:33:06Z</time>
   </trkpt>
   <trkpt lat="49.8114900" lon="19.9402980">
    <ele>331.2</ele>
    <time>2025-09-07T06:33:07Z</time>
   </trkpt>
   <trkpt lat="49.8114600" lon="19.9403070">
    <ele>331.4</ele>
    <time>2025-09-07T06:33:08Z</time>
   </trkpt>
   <trkpt lat="49.8114370" lon="19.9403160">
    <ele>331.8</ele>
    <time>2025-09-07T06:33:09Z</time>
   </trkpt>
   <trkpt lat="49.8114130" lon="19.9403260">
    <ele>332.2</ele>
    <time>2025-09-07T06:33:10Z</time>
   </trkpt>
   <trkpt lat="49.8113860" lon="19.9403380">
    <ele>332.4</ele>
    <time>2025-09-07T06:33:11Z</time>
   </trkpt>
   <trkpt lat="49.8113620" lon="19.9403490">
    <ele>332.6</ele>
    <time>2025-09-07T06:33:12Z</time>
   </trkpt>
   <trkpt lat="49.8113380" lon="19.9403620">
    <ele>332.8</ele>
    <time>2025-09-07T06:33:13Z</time>
   </trkpt>
   <trkpt lat="49.8113140" lon="19.9403710">
    <ele>333.2</ele>
    <time>2025-09-07T06:33:14Z</time>
   </trkpt>
   <trkpt lat="49.8112870" lon="19.9403810">
    <ele>333.6</ele>
    <time>2025-09-07T06:33:15Z</time>
   </trkpt>
   <trkpt lat="49.8112600" lon="19.9403910">
    <ele>334.0</ele>
    <time>2025-09-07T06:33:16Z</time>
   </trkpt>
   <trkpt lat="49.8112340" lon="19.9403980">
    <ele>334.2</ele>
    <time>2025-09-07T06:33:17Z</time>
   </trkpt>
   <trkpt lat="49.8112080" lon="19.9404060">
    <ele>334.6</ele>
    <time>2025-09-07T06:33:18Z</time>
   </trkpt>
   <trkpt lat="49.8111770" lon="19.9404190">
    <ele>335.0</ele>
    <time>2025-09-07T06:33:19Z</time>
   </trkpt>
   <trkpt lat="49.8111500" lon="19.9404240">
    <ele>335.2</ele>
    <time>2025-09-07T06:33:20Z</time>
   </trkpt>
   <trkpt lat="49.8111300" lon="19.9404330">
    <ele>335.6</ele>
    <time>2025-09-07T06:33:21Z</time>
   </trkpt>
   <trkpt lat="49.8111050" lon="19.9404520">
    <ele>336.0</ele>
    <time>2025-09-07T06:33:22Z</time>
   </trkpt>
   <trkpt lat="49.8110820" lon="19.9404680">
    <ele>336.2</ele>
    <time>2025-09-07T06:33:23Z</time>
   </trkpt>
   <trkpt lat="49.8110580" lon="19.9404830">
    <ele>336.6</ele>
    <time>2025-09-07T06:33:24Z</time>
   </trkpt>
   <trkpt lat="49.8110370" lon="19.9405040">
    <ele>336.8</ele>
    <time>2025-09-07T06:33:25Z</time>
   </trkpt>
   <trkpt lat="49.8110170" lon="19.9405260">
    <ele>337.0</ele>
    <time>2025-09-07T06:33:26Z</time>
   </trkpt>
   <trkpt lat="49.8109960" lon="19.9405480">
    <ele>337.4</ele>
    <time>2025-09-07T06:33:27Z</time>
   </trkpt>
   <trkpt lat="49.8109770" lon="19.9405780">
    <ele>337.6</ele>
    <time>2025-09-07T06:33:28Z</time>
   </trkpt>
   <trkpt lat="49.8109590" lon="19.9406040">
    <ele>337.8</ele>
    <time>2025-09-07T06:33:29Z</time>
   </trkpt>
   <trkpt lat="49.8109400" lon="19.9406270">
    <ele>338.0</ele>
    <time>2025-09-07T06:33:30Z</time>
   </trkpt>
   <trkpt lat="49.8109220" lon="19.9406520">
    <ele>338.2</ele>
    <time>2025-09-07T06:33:31Z</time>
   </trkpt>
   <trkpt lat="49.8109030" lon="19.9406790">
    <ele>338.4</ele>
    <time>2025-09-07T06:33:32Z</time>
   </trkpt>
   <trkpt lat="49.8108840" lon="19.9407040">
    <ele>338.6</ele>
    <time>2025-09-07T06:33:33Z</time>
   </trkpt>
   <trkpt lat="49.8108660" lon="19.9407280">
    <ele>338.8</ele>
    <time>2025-09-07T06:33:34Z</time>
   </trkpt>
   <trkpt lat="49.8108480" lon="19.9407500">
    <ele>339.2</ele>
    <time>2025-09-07T06:33:35Z</time>
   </trkpt>
   <trkpt lat="49.8108310" lon="19.9407730">
    <ele>339.4</ele>
    <time>2025-09-07T06:33:36Z</time>
   </trkpt>
   <trkpt lat="49.8108110" lon="19.9407950">
    <ele>339.6</ele>
    <time>2025-09-07T06:33:37Z</time>
   </trkpt>
   <trkpt lat="49.8107890" lon="19.9408130">
    <ele>339.8</ele>
    <time>2025-09-07T06:33:38Z</time>
   </trkpt>
   <trkpt lat="49.8107700" lon="19.9408360">
    <ele>339.8</ele>
    <time>2025-09-07T06:33:39Z</time>
   </trkpt>
   <trkpt lat="49.8107500" lon="19.9408610">
    <ele>340.0</ele>
    <time>2025-09-07T06:33:40Z</time>
   </trkpt>
   <trkpt lat="49.8107300" lon="19.9408880">
    <ele>340.0</ele>
    <time>2025-09-07T06:33:41Z</time>
   </trkpt>
   <trkpt lat="49.8107100" lon="19.9409110">
    <ele>340.2</ele>
    <time>2025-09-07T06:33:42Z</time>
   </trkpt>
   <trkpt lat="49.8106860" lon="19.9409340">
    <ele>340.4</ele>
    <time>2025-09-07T06:33:43Z</time>
   </trkpt>
   <trkpt lat="49.8106670" lon="19.9409550">
    <ele>340.6</ele>
    <time>2025-09-07T06:33:44Z</time>
   </trkpt>
   <trkpt lat="49.8106460" lon="19.9409790">
    <ele>340.6</ele>
    <time>2025-09-07T06:33:45Z</time>
   </trkpt>
   <trkpt lat="49.8106260" lon="19.9410000">
    <ele>340.8</ele>
    <time>2025-09-07T06:33:46Z</time>
   </trkpt>
   <trkpt lat="49.8106080" lon="19.9410240">
    <ele>341.0</ele>
    <time>2025-09-07T06:33:47Z</time>
   </trkpt>
   <trkpt lat="49.8105900" lon="19.9410580">
    <ele>341.0</ele>
    <time>2025-09-07T06:33:48Z</time>
   </trkpt>
   <trkpt lat="49.8105690" lon="19.9410950">
    <ele>341.2</ele>
    <time>2025-09-07T06:33:49Z</time>
   </trkpt>
   <trkpt lat="49.8105460" lon="19.9411270">
    <ele>341.4</ele>
    <time>2025-09-07T06:33:50Z</time>
   </trkpt>
   <trkpt lat="49.8105260" lon="19.9411610">
    <ele>341.4</ele>
    <time>2025-09-07T06:33:51Z</time>
   </trkpt>
   <trkpt lat="49.8105050" lon="19.9411910">
    <ele>341.8</ele>
    <time>2025-09-07T06:33:52Z</time>
   </trkpt>
   <trkpt lat="49.8104870" lon="19.9412180">
    <ele>342.0</ele>
    <time>2025-09-07T06:33:53Z</time>
   </trkpt>
   <trkpt lat="49.8104660" lon="19.9412460">
    <ele>342.2</ele>
    <time>2025-09-07T06:33:54Z</time>
   </trkpt>
   <trkpt lat="49.8104470" lon="19.9412830">
    <ele>342.4</ele>
    <time>2025-09-07T06:33:55Z</time>
   </trkpt>
   <trkpt lat="49.8104270" lon="19.9413160">
    <ele>342.6</ele>
    <time>2025-09-07T06:33:56Z</time>
   </trkpt>
   <trkpt lat="49.8104090" lon="19.9413510">
    <ele>342.6</ele>
    <time>2025-09-07T06:33:57Z</time>
   </trkpt>
   <trkpt lat="49.8103940" lon="19.9413860">
    <ele>342.8</ele>
    <time>2025-09-07T06:33:58Z</time>
   </trkpt>
   <trkpt lat="49.8103770" lon="19.9414180">
    <ele>343.0</ele>
    <time>2025-09-07T06:33:59Z</time>
   </trkpt>
   <trkpt lat="49.8103540" lon="19.9414460">
    <ele>343.2</ele>
    <time>2025-09-07T06:34:00Z</time>
   </trkpt>
   <trkpt lat="49.8103300" lon="19.9414740">
    <ele>343.4</ele>
    <time>2025-09-07T06:34:01Z</time>
   </trkpt>
   <trkpt lat="49.8103120" lon="19.9415040">
    <ele>343.8</ele>
    <time>2025-09-07T06:34:02Z</time>
   </trkpt>
   <trkpt lat="49.8102950" lon="19.9415380">
    <ele>343.8</ele>
    <time>2025-09-07T06:34:03Z</time>
   </trkpt>
   <trkpt lat="49.8102790" lon="19.9415690">
    <ele>344.0</ele>
    <time>2025-09-07T06:34:04Z</time>
   </trkpt>
   <trkpt lat="49.8102590" lon="19.9416020">
    <ele>344.2</ele>
    <time>2025-09-07T06:34:05Z</time>
   </trkpt>
   <trkpt lat="49.8102380" lon="19.9416380">
    <ele>344.4</ele>
    <time>2025-09-07T06:34:06Z</time>
   </trkpt>
   <trkpt lat="49.8102200" lon="19.9416690">
    <ele>344.4</ele>
    <time>2025-09-07T06:34:07Z</time>
   </trkpt>
   <trkpt lat="49.8101990" lon="19.9416990">
    <ele>344.4</ele>
    <time>2025-09-07T06:34:08Z</time>
   </trkpt>
   <trkpt lat="49.8101810" lon="19.9417300">
    <ele>344.6</ele>
    <time>2025-09-07T06:34:09Z</time>
   </trkpt>
   <trkpt lat="49.8101600" lon="19.9417660">
    <ele>344.8</ele>
    <time>2025-09-07T06:34:10Z</time>
   </trkpt>
   <trkpt lat="49.8101420" lon="19.9417990">
    <ele>344.8</ele>
    <time>2025-09-07T06:34:11Z</time>
   </trkpt>
   <trkpt lat="49.8101230" lon="19.9418320">
    <ele>345.0</ele>
    <time>2025-09-07T06:34:12Z</time>
   </trkpt>
   <trkpt lat="49.8101010" lon="19.9418660">
    <ele>345.0</ele>
    <time>2025-09-07T06:34:13Z</time>
   </trkpt>
   <trkpt lat="49.8100810" lon="19.9418990">
    <ele>345.2</ele>
    <time>2025-09-07T06:34:14Z</time>
   </trkpt>
   <trkpt lat="49.8100610" lon="19.9419340">
    <ele>345.2</ele>
    <time>2025-09-07T06:34:15Z</time>
   </trkpt>
   <trkpt lat="49.8100410" lon="19.9419640">
    <ele>345.2</ele>
    <time>2025-09-07T06:34:16Z</time>
   </trkpt>
   <trkpt lat="49.8100210" lon="19.9420010">
    <ele>345.4</ele>
    <time>2025-09-07T06:34:17Z</time>
   </trkpt>
   <trkpt lat="49.8100000" lon="19.9420360">
    <ele>345.6</ele>
    <time>2025-09-07T06:34:18Z</time>
   </trkpt>
   <trkpt lat="49.8099820" lon="19.9420700">
    <ele>345.6</ele>
    <time>2025-09-07T06:34:19Z</time>
   </trkpt>
   <trkpt lat="49.8099650" lon="19.9421040">
    <ele>345.8</ele>
    <time>2025-09-07T06:34:20Z</time>
   </trkpt>
   <trkpt lat="49.8099470" lon="19.9421370">
    <ele>346.0</ele>
    <time>2025-09-07T06:34:21Z</time>
   </trkpt>
   <trkpt lat="49.8099260" lon="19.9421680">
    <ele>346.2</ele>
    <time>2025-09-07T06:34:22Z</time>
   </trkpt>
   <trkpt lat="49.8099050" lon="19.9422020">
    <ele>346.2</ele>
    <time>2025-09-07T06:34:23Z</time>
   </trkpt>
   <trkpt lat="49.8098890" lon="19.9422400">
    <ele>346.4</ele>
    <time>2025-09-07T06:34:24Z</time>
   </trkpt>
   <trkpt lat="49.8098750" lon="19.9422790">
    <ele>346.4</ele>
    <time>2025-09-07T06:34:25Z</time>
   </trkpt>
   <trkpt lat="49.8098570" lon="19.9423170">
    <ele>346.6</ele>
    <time>2025-09-07T06:34:26Z</time>
   </trkpt>
   <trkpt lat="49.8098330" lon="19.9423460">
    <ele>346.8</ele>
    <time>2025-09-07T06:34:27Z</time>
   </trkpt>
   <trkpt lat="49.8098110" lon="19.9423750">
    <ele>346.8</ele>
    <time>2025-09-07T06:34:28Z</time>
   </trkpt>
   <trkpt lat="49.8097890" lon="19.9424070">
    <ele>346.8</ele>
    <time>2025-09-07T06:34:29Z</time>
   </trkpt>
   <trkpt lat="49.8097630" lon="19.9424390">
    <ele>347.0</ele>
    <time>2025-09-07T06:34:30Z</time>
   </trkpt>
   <trkpt lat="49.8097350" lon="19.9424730">
    <ele>347.0</ele>
    <time>2025-09-07T06:34:31Z</time>
   </trkpt>
   <trkpt lat="49.8097100" lon="19.9425030">
    <ele>347.0</ele>
    <time>2025-09-07T06:34:32Z</time>
   </trkpt>
   <trkpt lat="49.8096830" lon="19.9425350">
    <ele>347.0</ele>
    <time>2025-09-07T06:34:33Z</time>
   </trkpt>
   <trkpt lat="49.8096580" lon="19.9425630">
    <ele>347.2</ele>
    <time>2025-09-07T06:34:34Z</time>
   </trkpt>
   <trkpt lat="49.8096360" lon="19.9425900">
    <ele>347.2</ele>
    <time>2025-09-07T06:34:35Z</time>
   </trkpt>
   <trkpt lat="49.8096130" lon="19.9426200">
    <ele>347.8</ele>
    <time>2025-09-07T06:34:36Z</time>
   </trkpt>
   <trkpt lat="49.8095940" lon="19.9426500">
    <ele>348.0</ele>
    <time>2025-09-07T06:34:37Z</time>
   </trkpt>
   <trkpt lat="49.8095700" lon="19.9426770">
    <ele>348.2</ele>
    <time>2025-09-07T06:34:38Z</time>
   </trkpt>
   <trkpt lat="49.8095430" lon="19.9427010">
    <ele>348.4</ele>
    <time>2025-09-07T06:34:39Z</time>
   </trkpt>
   <trkpt lat="49.8095160" lon="19.9427220">
    <ele>348.6</ele>
    <time>2025-09-07T06:34:40Z</time>
   </trkpt>
   <trkpt lat="49.8094960" lon="19.9427440">
    <ele>348.6</ele>
    <time>2025-09-07T06:34:41Z</time>
   </trkpt>
   <trkpt lat="49.8094730" lon="19.9427670">
    <ele>348.8</ele>
    <time>2025-09-07T06:34:42Z</time>
   </trkpt>
   <trkpt lat="49.8094520" lon="19.9427930">
    <ele>349.0</ele>
    <time>2025-09-07T06:34:43Z</time>
   </trkpt>
   <trkpt lat="49.8094270" lon="19.9428170">
    <ele>349.4</ele>
    <time>2025-09-07T06:34:44Z</time>
   </trkpt>
   <trkpt lat="49.8094060" lon="19.9428420">
    <ele>349.6</ele>
    <time>2025-09-07T06:34:45Z</time>
   </trkpt>
   <trkpt lat="49.8093830" lon="19.9428670">
    <ele>350.0</ele>
    <time>2025-09-07T06:34:46Z</time>
   </trkpt>
   <trkpt lat="49.8093640" lon="19.9428910">
    <ele>350.2</ele>
    <time>2025-09-07T06:34:47Z</time>
   </trkpt>
   <trkpt lat="49.8093480" lon="19.9429190">
    <ele>350.4</ele>
    <time>2025-09-07T06:34:48Z</time>
   </trkpt>
   <trkpt lat="49.8093300" lon="19.9429420">
    <ele>350.6</ele>
    <time>2025-09-07T06:34:49Z</time>
   </trkpt>
   <trkpt lat="49.8093120" lon="19.9429620">
    <ele>351.0</ele>
    <time>2025-09-07T06:34:50Z</time>
   </trkpt>
   <trkpt lat="49.8092930" lon="19.9429800">
    <ele>351.4</ele>
    <time>2025-09-07T06:34:51Z</time>
   </trkpt>
   <trkpt lat="49.8092720" lon="19.9430070">
    <ele>351.6</ele>
    <time>2025-09-07T06:34:52Z</time>
   </trkpt>
   <trkpt lat="49.8092550" lon="19.9430350">
    <ele>352.4</ele>
    <time>2025-09-07T06:34:53Z</time>
   </trkpt>
   <trkpt lat="49.8092360" lon="19.9430580">
    <ele>352.6</ele>
    <time>2025-09-07T06:34:54Z</time>
   </trkpt>
   <trkpt lat="49.8092150" lon="19.9430830">
    <ele>352.8</ele>
    <time>2025-09-07T06:34:55Z</time>
   </trkpt>
   <trkpt lat="49.8091940" lon="19.9431170">
    <ele>353.0</ele>
    <time>2025-09-07T06:34:56Z</time>
   </trkpt>
   <trkpt lat="49.8091780" lon="19.9431430">
    <ele>353.2</ele>
    <time>2025-09-07T06:34:57Z</time>
   </trkpt>
   <trkpt lat="49.8091670" lon="19.9431650">
    <ele>353.6</ele>
    <time>2025-09-07T06:34:58Z</time>
   </trkpt>
   <trkpt lat="49.8091480" lon="19.9431790">
    <ele>353.8</ele>
    <time>2025-09-07T06:34:59Z</time>
   </trkpt>
   <trkpt lat="49.8091340" lon="19.9431930">
    <ele>354.2</ele>
    <time>2025-09-07T06:35:00Z</time>
   </trkpt>
   <trkpt lat="49.8091090" lon="19.9432230">
    <ele>354.6</ele>
    <time>2025-09-07T06:35:01Z</time>
   </trkpt>
   <trkpt lat="49.8090970" lon="19.9432440">
    <ele>354.6</ele>
    <time>2025-09-07T06:35:02Z</time>
   </trkpt>
   <trkpt lat="49.8090930" lon="19.9432710">
    <ele>354.8</ele>
    <time>2025-09-07T06:35:03Z</time>
   </trkpt>
   <trkpt lat="49.8090790" lon="19.9433060">
    <ele>355.0</ele>
    <time>2025-09-07T06:35:04Z</time>
   </trkpt>
   <trkpt lat="49.8090650" lon="19.9433430">
    <ele>355.2</ele>
    <time>2025-09-07T06:35:05Z</time>
   </trkpt>
   <trkpt lat="49.8090490" lon="19.9433770">
    <ele>355.4</ele>
    <time>2025-09-07T06:35:06Z</time>
   </trkpt>
   <trkpt lat="49.8090320" lon="19.9434140">
    <ele>355.6</ele>
    <time>2025-09-07T06:35:07Z</time>
   </trkpt>
   <trkpt lat="49.8090160" lon="19.9434530">
    <ele>355.8</ele>
    <time>2025-09-07T06:35:08Z</time>
   </trkpt>
   <trkpt lat="49.8090000" lon="19.9435080">
    <ele>355.8</ele>
    <time>2025-09-07T06:35:09Z</time>
   </trkpt>
   <trkpt lat="49.8089790" lon="19.9435590">
    <ele>356.0</ele>
    <time>2025-09-07T06:35:10Z</time>
   </trkpt>
   <trkpt lat="49.8089610" lon="19.9436120">
    <ele>356.0</ele>
    <time>2025-09-07T06:35:11Z</time>
   </trkpt>
   <trkpt lat="49.8089440" lon="19.9436620">
    <ele>356.0</ele>
    <time>2025-09-07T06:35:12Z</time>
   </trkpt>
   <trkpt lat="49.8089250" lon="19.9437140">
    <ele>356.0</ele>
    <time>2025-09-07T06:35:13Z</time>
   </trkpt>
   <trkpt lat="49.8089070" lon="19.9437660">
    <ele>356.2</ele>
    <time>2025-09-07T06:35:14Z</time>
   </trkpt>
   <trkpt lat="49.8088880" lon="19.9438220">
    <ele>356.2</ele>
    <time>2025-09-07T06:35:15Z</time>
   </trkpt>
   <trkpt lat="49.8088680" lon="19.9438780">
    <ele>356.2</ele>
    <time>2025-09-07T06:35:16Z</time>
   </trkpt>
   <trkpt lat="49.8088490" lon="19.9439430">
    <ele>356.0</ele>
    <time>2025-09-07T06:35:17Z</time>
   </trkpt>
   <trkpt lat="49.8088310" lon="19.9440050">
    <ele>355.8</ele>
    <time>2025-09-07T06:35:18Z</time>
   </trkpt>
   <trkpt lat="49.8088130" lon="19.9440670">
    <ele>355.6</ele>
    <time>2025-09-07T06:35:19Z</time>
   </trkpt>
   <trkpt lat="49.8087950" lon="19.9441370">
    <ele>355.6</ele>
    <time>2025-09-07T06:35:20Z</time>
   </trkpt>
   <trkpt lat="49.8087770" lon="19.9442080">
    <ele>355.6</ele>
    <time>2025-09-07T06:35:21Z</time>
   </trkpt>
   <trkpt lat="49.8087570" lon="19.9442830">
    <ele>355.6</ele>
    <time>2025-09-07T06:35:22Z</time>
   </trkpt>
   <trkpt lat="49.8087340" lon="19.9443590">
    <ele>355.6</ele>
    <time>2025-09-07T06:35:23Z</time>
   </trkpt>
   <trkpt lat="49.8087140" lon="19.9444260">
    <ele>355.8</ele>
    <time>2025-09-07T06:35:24Z</time>
   </trkpt>
   <trkpt lat="49.8086970" lon="19.9444910">
    <ele>355.8</ele>
    <time>2025-09-07T06:35:25Z</time>
   </trkpt>
   <trkpt lat="49.8086490" lon="19.9446930">
    <ele>355.8</ele>
    <time>2025-09-07T06:35:28Z</time>
   </trkpt>
   <trkpt lat="49.8086320" lon="19.9447610">
    <ele>355.8</ele>
    <time>2025-09-07T06:35:29Z</time>
   </trkpt>
   <trkpt lat="49.8086180" lon="19.9448220">
    <ele>355.8</ele>
    <time>2025-09-07T06:35:30Z</time>
   </trkpt>
   <trkpt lat="49.8086040" lon="19.9448890">
    <ele>356.0</ele>
    <time>2025-09-07T06:35:31Z</time>
   </trkpt>
   <trkpt lat="49.8085750" lon="19.9450150">
    <ele>356.0</ele>
    <time>2025-09-07T06:35:33Z</time>
   </trkpt>
   <trkpt lat="49.8085450" lon="19.9451590">
    <ele>355.6</ele>
    <time>2025-09-07T06:35:35Z</time>
   </trkpt>
   <trkpt lat="49.8085170" lon="19.9453190">
    <ele>354.2</ele>
    <time>2025-09-07T06:35:37Z</time>
   </trkpt>
   <trkpt lat="49.8084780" lon="19.9454810">
    <ele>354.0</ele>
    <time>2025-09-07T06:35:39Z</time>
   </trkpt>
   <trkpt lat="49.8084600" lon="19.9455660">
    <ele>354.0</ele>
    <time>2025-09-07T06:35:40Z</time>
   </trkpt>
   <trkpt lat="49.8084400" lon="19.9456460">
    <ele>353.8</ele>
    <time>2025-09-07T06:35:41Z</time>
   </trkpt>
   <trkpt lat="49.8084230" lon="19.9457220">
    <ele>353.8</ele>
    <time>2025-09-07T06:35:42Z</time>
   </trkpt>
   <trkpt lat="49.8084000" lon="19.9458000">
    <ele>353.8</ele>
    <time>2025-09-07T06:35:43Z</time>
   </trkpt>
   <trkpt lat="49.8083730" lon="19.9458550">
    <ele>354.0</ele>
    <time>2025-09-07T06:35:44Z</time>
   </trkpt>
   <trkpt lat="49.8083450" lon="19.9459200">
    <ele>354.0</ele>
    <time>2025-09-07T06:35:45Z</time>
   </trkpt>
   <trkpt lat="49.8083150" lon="19.9459930">
    <ele>354.4</ele>
    <time>2025-09-07T06:35:46Z</time>
   </trkpt>
   <trkpt lat="49.8082850" lon="19.9460480">
    <ele>354.6</ele>
    <time>2025-09-07T06:35:47Z</time>
   </trkpt>
   <trkpt lat="49.8082530" lon="19.9460970">
    <ele>355.0</ele>
    <time>2025-09-07T06:35:48Z</time>
   </trkpt>
   <trkpt lat="49.8082250" lon="19.9461420">
    <ele>355.4</ele>
    <time>2025-09-07T06:35:49Z</time>
   </trkpt>
   <trkpt lat="49.8081980" lon="19.9461850">
    <ele>355.8</ele>
    <time>2025-09-07T06:35:50Z</time>
   </trkpt>
   <trkpt lat="49.8081720" lon="19.9462250">
    <ele>356.0</ele>
    <time>2025-09-07T06:35:51Z</time>
   </trkpt>
   <trkpt lat="49.8081450" lon="19.9462660">
    <ele>356.6</ele>
    <time>2025-09-07T06:35:52Z</time>
   </trkpt>
   <trkpt lat="49.8081180" lon="19.9463080">
    <ele>356.8</ele>
    <time>2025-09-07T06:35:53Z</time>
   </trkpt>
   <trkpt lat="49.8080910" lon="19.9463520">
    <ele>357.2</ele>
    <time>2025-09-07T06:35:54Z</time>
   </trkpt>
   <trkpt lat="49.8080640" lon="19.9463970">
    <ele>357.4</ele>
    <time>2025-09-07T06:35:55Z</time>
   </trkpt>
   <trkpt lat="49.8080420" lon="19.9464390">
    <ele>357.8</ele>
    <time>2025-09-07T06:35:56Z</time>
   </trkpt>
   <trkpt lat="49.8080210" lon="19.9464820">
    <ele>358.0</ele>
    <time>2025-09-07T06:35:57Z</time>
   </trkpt>
   <trkpt lat="49.8079780" lon="19.9465740">
    <ele>358.8</ele>
    <time>2025-09-07T06:35:59Z</time>
   </trkpt>
   <trkpt lat="49.8079550" lon="19.9466180">
    <ele>359.0</ele>
    <time>2025-09-07T06:36:00Z</time>
   </trkpt>
   <trkpt lat="49.8079310" lon="19.9466630">
    <ele>359.2</ele>
    <time>2025-09-07T06:36:01Z</time>
   </trkpt>
   <trkpt lat="49.8079110" lon="19.9467040">
    <ele>359.6</ele>
    <time>2025-09-07T06:36:02Z</time>
   </trkpt>
   <trkpt lat="49.8078900" lon="19.9467480">
    <ele>359.8</ele>
    <time>2025-09-07T06:36:03Z</time>
   </trkpt>
   <trkpt lat="49.8078700" lon="19.9467940">
    <ele>360.0</ele>
    <time>2025-09-07T06:36:04Z</time>
   </trkpt>
   <trkpt lat="49.8078520" lon="19.9468400">
    <ele>360.6</ele>
    <time>2025-09-07T06:36:05Z</time>
   </trkpt>
   <trkpt lat="49.8078340" lon="19.9468880">
    <ele>360.6</ele>
    <time>2025-09-07T06:36:06Z</time>
   </trkpt>
   <trkpt lat="49.8078140" lon="19.9469370">
    <ele>360.8</ele>
    <time>2025-09-07T06:36:07Z</time>
   </trkpt>
   <trkpt lat="49.8077930" lon="19.9469820">
    <ele>360.8</ele>
    <time>2025-09-07T06:36:08Z</time>
   </trkpt>
   <trkpt lat="49.8077740" lon="19.9470210">
    <ele>361.0</ele>
    <time>2025-09-07T06:36:09Z</time>
   </trkpt>
   <trkpt lat="49.8077580" lon="19.9470610">
    <ele>361.2</ele>
    <time>2025-09-07T06:36:10Z</time>
   </trkpt>
   <trkpt lat="49.8077370" lon="19.9470930">
    <ele>361.4</ele>
    <time>2025-09-07T06:36:11Z</time>
   </trkpt>
   <trkpt lat="49.8077120" lon="19.9471290">
    <ele>361.4</ele>
    <time>2025-09-07T06:36:12Z</time>
   </trkpt>
   <trkpt lat="49.8076880" lon="19.9471690">
    <ele>361.6</ele>
    <time>2025-09-07T06:36:13Z</time>
   </trkpt>
   <trkpt lat="49.8076600" lon="19.9472150">
    <ele>361.6</ele>
    <time>2025-09-07T06:36:14Z</time>
   </trkpt>
   <trkpt lat="49.8076350" lon="19.9472610">
    <ele>361.8</ele>
    <time>2025-09-07T06:36:15Z</time>
   </trkpt>
   <trkpt lat="49.8076100" lon="19.9473100">
    <ele>362.0</ele>
    <time>2025-09-07T06:36:16Z</time>
   </trkpt>
   <trkpt lat="49.8075780" lon="19.9473620">
    <ele>362.0</ele>
    <time>2025-09-07T06:36:17Z</time>
   </trkpt>
   <trkpt lat="49.8075520" lon="19.9474160">
    <ele>362.2</ele>
    <time>2025-09-07T06:36:18Z</time>
   </trkpt>
   <trkpt lat="49.8075220" lon="19.9474660">
    <ele>362.4</ele>
    <time>2025-09-07T06:36:19Z</time>
   </trkpt>
   <trkpt lat="49.8074910" lon="19.9475150">
    <ele>362.6</ele>
    <time>2025-09-07T06:36:20Z</time>
   </trkpt>
   <trkpt lat="49.8074600" lon="19.9475580">
    <ele>362.6</ele>
    <time>2025-09-07T06:36:21Z</time>
   </trkpt>
   <trkpt lat="49.8074290" lon="19.9475960">
    <ele>362.8</ele>
    <time>2025-09-07T06:36:22Z</time>
   </trkpt>
   <trkpt lat="49.8073960" lon="19.9476400">
    <ele>363.0</ele>
    <time>2025-09-07T06:36:23Z</time>
   </trkpt>
   <trkpt lat="49.8073650" lon="19.9476820">
    <ele>363.0</ele>
    <time>2025-09-07T06:36:24Z</time>
   </trkpt>
   <trkpt lat="49.8073300" lon="19.9477300">
    <ele>363.4</ele>
    <time>2025-09-07T06:36:25Z</time>
   </trkpt>
   <trkpt lat="49.8073060" lon="19.9477730">
    <ele>363.4</ele>
    <time>2025-09-07T06:36:26Z</time>
   </trkpt>
   <trkpt lat="49.8072820" lon="19.9478150">
    <ele>363.6</ele>
    <time>2025-09-07T06:36:27Z</time>
   </trkpt>
   <trkpt lat="49.8072600" lon="19.9478650">
    <ele>363.6</ele>
    <time>2025-09-07T06:36:28Z</time>
   </trkpt>
   <trkpt lat="49.8072430" lon="19.9479190">
    <ele>363.8</ele>
    <time>2025-09-07T06:36:29Z</time>
   </trkpt>
   <trkpt lat="49.8072300" lon="19.9479720">
    <ele>363.8</ele>
    <time>2025-09-07T06:36:30Z</time>
   </trkpt>
   <trkpt lat="49.8072270" lon="19.9480320">
    <ele>364.0</ele>
    <time>2025-09-07T06:36:31Z</time>
   </trkpt>
   <trkpt lat="49.8072210" lon="19.9481020">
    <ele>364.0</ele>
    <time>2025-09-07T06:36:32Z</time>
   </trkpt>
   <trkpt lat="49.8072120" lon="19.9481680">
    <ele>364.0</ele>
    <time>2025-09-07T06:36:33Z</time>
   </trkpt>
   <trkpt lat="49.8072050" lon="19.9482260">
    <ele>364.0</ele>
    <time>2025-09-07T06:36:34Z</time>
   </trkpt>
   <trkpt lat="49.8071960" lon="19.9482850">
    <ele>364.0</ele>
    <time>2025-09-07T06:36:35Z</time>
   </trkpt>
   <trkpt lat="49.8071860" lon="19.9483500">
    <ele>363.8</ele>
    <time>2025-09-07T06:36:36Z</time>
   </trkpt>
   <trkpt lat="49.8071750" lon="19.9484220">
    <ele>363.8</ele>
    <time>2025-09-07T06:36:37Z</time>
   </trkpt>
   <trkpt lat="49.8071650" lon="19.9484900">
    <ele>363.6</ele>
    <time>2025-09-07T06:36:38Z</time>
   </trkpt>
   <trkpt lat="49.8071550" lon="19.9485740">
    <ele>363.6</ele>
    <time>2025-09-07T06:36:39Z</time>
   </trkpt>
   <trkpt lat="49.8071450" lon="19.9486390">
    <ele>363.4</ele>
    <time>2025-09-07T06:36:40Z</time>
   </trkpt>
   <trkpt lat="49.8071360" lon="19.9487010">
    <ele>363.4</ele>
    <time>2025-09-07T06:36:41Z</time>
   </trkpt>
   <trkpt lat="49.8070950" lon="19.9489840">
    <ele>363.8</ele>
    <time>2025-09-07T06:36:45Z</time>
   </trkpt>
   <trkpt lat="49.8070860" lon="19.9490510">
    <ele>363.8</ele>
    <time>2025-09-07T06:36:46Z</time>
   </trkpt>
   <trkpt lat="49.8070770" lon="19.9491170">
    <ele>364.0</ele>
    <time>2025-09-07T06:36:47Z</time>
   </trkpt>
   <trkpt lat="49.8070660" lon="19.9491800">
    <ele>364.8</ele>
    <time>2025-09-07T06:36:48Z</time>
   </trkpt>
   <trkpt lat="49.8070500" lon="19.9492420">
    <ele>365.2</ele>
    <time>2025-09-07T06:36:49Z</time>
   </trkpt>
   <trkpt lat="49.8070260" lon="19.9493010">
    <ele>365.4</ele>
    <time>2025-09-07T06:36:50Z</time>
   </trkpt>
   <trkpt lat="49.8070070" lon="19.9493480">
    <ele>366.0</ele>
    <time>2025-09-07T06:36:51Z</time>
   </trkpt>
   <trkpt lat="49.8069920" lon="19.9493940">
    <ele>366.4</ele>
    <time>2025-09-07T06:36:52Z</time>
   </trkpt>
   <trkpt lat="49.8069790" lon="19.9494420">
    <ele>367.0</ele>
    <time>2025-09-07T06:36:53Z</time>
   </trkpt>
   <trkpt lat="49.8069640" lon="19.9494850">
    <ele>367.4</ele>
    <time>2025-09-07T06:36:54Z</time>
   </trkpt>
   <trkpt lat="49.8069480" lon="19.9495270">
    <ele>367.6</ele>
    <time>2025-09-07T06:36:55Z</time>
   </trkpt>
   <trkpt lat="49.8069280" lon="19.9495610">
    <ele>368.0</ele>
    <time>2025-09-07T06:36:56Z</time>
   </trkpt>
   <trkpt lat="49.8069100" lon="19.9495930">
    <ele>368.4</ele>
    <time>2025-09-07T06:36:57Z</time>
   </trkpt>
   <trkpt lat="49.8068930" lon="19.9496290">
    <ele>368.6</ele>
    <time>2025-09-07T06:36:58Z</time>
   </trkpt>
   <trkpt lat="49.8068760" lon="19.9496640">
    <ele>369.2</ele>
    <time>2025-09-07T06:36:59Z</time>
   </trkpt>
   <trkpt lat="49.8068580" lon="19.9496920">
    <ele>369.4</ele>
    <time>2025-09-07T06:37:00Z</time>
   </trkpt>
   <trkpt lat="49.8068390" lon="19.9497130">
    <ele>370.0</ele>
    <time>2025-09-07T06:37:01Z</time>
   </trkpt>
   <trkpt lat="49.8068240" lon="19.9497380">
    <ele>370.2</ele>
    <time>2025-09-07T06:37:02Z</time>
   </trkpt>
   <trkpt lat="49.8068080" lon="19.9497660">
    <ele>370.4</ele>
    <time>2025-09-07T06:37:03Z</time>
   </trkpt>
   <trkpt lat="49.8067920" lon="19.9497930">
    <ele>371.0</ele>
    <time>2025-09-07T06:37:04Z</time>
   </trkpt>
   <trkpt lat="49.8067770" lon="19.9498190">
    <ele>371.4</ele>
    <time>2025-09-07T06:37:05Z</time>
   </trkpt>
   <trkpt lat="49.8067630" lon="19.9498460">
    <ele>371.6</ele>
    <time>2025-09-07T06:37:06Z</time>
   </trkpt>
   <trkpt lat="49.8067480" lon="19.9498690">
    <ele>372.0</ele>
    <time>2025-09-07T06:37:07Z</time>
   </trkpt>
   <trkpt lat="49.8067330" lon="19.9498970">
    <ele>372.4</ele>
    <time>2025-09-07T06:37:08Z</time>
   </trkpt>
   <trkpt lat="49.8067210" lon="19.9499230">
    <ele>372.8</ele>
    <time>2025-09-07T06:37:09Z</time>
   </trkpt>
   <trkpt lat="49.8067090" lon="19.9499480">
    <ele>373.2</ele>
    <time>2025-09-07T06:37:10Z</time>
   </trkpt>
   <trkpt lat="49.8066960" lon="19.9499770">
    <ele>373.2</ele>
    <time>2025-09-07T06:37:11Z</time>
   </trkpt>
   <trkpt lat="49.8066850" lon="19.9500040">
    <ele>373.6</ele>
    <time>2025-09-07T06:37:12Z</time>
   </trkpt>
   <trkpt lat="49.8066730" lon="19.9500330">
    <ele>374.0</ele>
    <time>2025-09-07T06:37:13Z</time>
   </trkpt>
   <trkpt lat="49.8066600" lon="19.9500550">
    <ele>374.4</ele>
    <time>2025-09-07T06:37:14Z</time>
   </trkpt>
   <trkpt lat="49.8066470" lon="19.9500760">
    <ele>374.8</ele>
    <time>2025-09-07T06:37:15Z</time>
   </trkpt>
   <trkpt lat="49.8066340" lon="19.9500990">
    <ele>375.2</ele>
    <time>2025-09-07T06:37:16Z</time>
   </trkpt>
   <trkpt lat="49.8066180" lon="19.9501260">
    <ele>375.4</ele>
    <time>2025-09-07T06:37:17Z</time>
   </trkpt>
   <trkpt lat="49.8066010" lon="19.9501520">
    <ele>376.0</ele>
    <time>2025-09-07T06:37:18Z</time>
   </trkpt>
   <trkpt lat="49.8065830" lon="19.9501760">
    <ele>376.2</ele>
    <time>2025-09-07T06:37:19Z</time>
   </trkpt>
   <trkpt lat="49.8065680" lon="19.9502040">
    <ele>376.4</ele>
    <time>2025-09-07T06:37:20Z</time>
   </trkpt>
   <trkpt lat="49.8065550" lon="19.9502320">
    <ele>376.6</ele>
    <time>2025-09-07T06:37:21Z</time>
   </trkpt>
   <trkpt lat="49.8065440" lon="19.9502600">
    <ele>376.8</ele>
    <time>2025-09-07T06:37:22Z</time>
   </trkpt>
   <trkpt lat="49.8065310" lon="19.9502910">
    <ele>377.0</ele>
    <time>2025-09-07T06:37:23Z</time>
   </trkpt>
   <trkpt lat="49.8065170" lon="19.9503280">
    <ele>377.0</ele>
    <time>2025-09-07T06:37:24Z</time>
   </trkpt>
   <trkpt lat="49.8065050" lon="19.9503680">
    <ele>377.2</ele>
    <time>2025-09-07T06:37:25Z</time>
   </trkpt>
   <trkpt lat="49.8064930" lon="19.9504150">
    <ele>377.2</ele>
    <time>2025-09-07T06:37:26Z</time>
   </trkpt>
   <trkpt lat="49.8064820" lon="19.9504590">
    <ele>377.2</ele>
    <time>2025-09-07T06:37:27Z</time>
   </trkpt>
   <trkpt lat="49.8064730" lon="19.9504990">
    <ele>377.2</ele>
    <time>2025-09-07T06:37:28Z</time>
   </trkpt>
   <trkpt lat="49.8064680" lon="19.9505370">
    <ele>377.4</ele>
    <time>2025-09-07T06:37:29Z</time>
   </trkpt>
   <trkpt lat="49.8064640" lon="19.9505760">
    <ele>377.4</ele>
    <time>2025-09-07T06:37:30Z</time>
   </trkpt>
   <trkpt lat="49.8064640" lon="19.9506200">
    <ele>377.6</ele>
    <time>2025-09-07T06:37:31Z</time>
   </trkpt>
   <trkpt lat="49.8064660" lon="19.9506640">
    <ele>377.6</ele>
    <time>2025-09-07T06:37:32Z</time>
   </trkpt>
   <trkpt lat="49.8064680" lon="19.9507090">
    <ele>378.0</ele>
    <time>2025-09-07T06:37:33Z</time>
   </trkpt>
   <trkpt lat="49.8064730" lon="19.9507520">
    <ele>378.2</ele>
    <time>2025-09-07T06:37:34Z</time>
   </trkpt>
   <trkpt lat="49.8064790" lon="19.9507920">
    <ele>378.2</ele>
    <time>2025-09-07T06:37:35Z</time>
   </trkpt>
   <trkpt lat="49.8064820" lon="19.9508330">
    <ele>378.4</ele>
    <time>2025-09-07T06:37:36Z</time>
   </trkpt>
   <trkpt lat="49.8064860" lon="19.9508810">
    <ele>378.6</ele>
    <time>2025-09-07T06:37:37Z</time>
   </trkpt>
   <trkpt lat="49.8064860" lon="19.9509320">
    <ele>378.8</ele>
    <time>2025-09-07T06:37:38Z</time>
   </trkpt>
   <trkpt lat="49.8064810" lon="19.9509810">
    <ele>378.8</ele>
    <time>2025-09-07T06:37:39Z</time>
   </trkpt>
   <trkpt lat="49.8064750" lon="19.9510230">
    <ele>379.0</ele>
    <time>2025-09-07T06:37:40Z</time>
   </trkpt>
   <trkpt lat="49.8064700" lon="19.9510550">
    <ele>379.0</ele>
    <time>2025-09-07T06:37:41Z</time>
   </trkpt>
   <trkpt lat="49.8064680" lon="19.9510860">
    <ele>379.2</ele>
    <time>2025-09-07T06:37:42Z</time>
   </trkpt>
   <trkpt lat="49.8064600" lon="19.9511250">
    <ele>379.6</ele>
    <time>2025-09-07T06:37:43Z</time>
   </trkpt>
   <trkpt lat="49.8064550" lon="19.9511640">
    <ele>379.8</ele>
    <time>2025-09-07T06:37:44Z</time>
   </trkpt>
   <trkpt lat="49.8064460" lon="19.9512060">
    <ele>380.0</ele>
    <time>2025-09-07T06:37:45Z</time>
   </trkpt>
   <trkpt lat="49.8064340" lon="19.9512450">
    <ele>380.2</ele>
    <time>2025-09-07T06:37:46Z</time>
   </trkpt>
   <trkpt lat="49.8064220" lon="19.9512800">
    <ele>380.6</ele>
    <time>2025-09-07T06:37:47Z</time>
   </trkpt>
   <trkpt lat="49.8064100" lon="19.9513120">
    <ele>380.6</ele>
    <time>2025-09-07T06:37:48Z</time>
   </trkpt>
   <trkpt lat="49.8063990" lon="19.9513470">
    <ele>381.0</ele>
    <time>2025-09-07T06:37:49Z</time>
   </trkpt>
   <trkpt lat="49.8063890" lon="19.9513800">
    <ele>381.2</ele>
    <time>2025-09-07T06:37:50Z</time>
   </trkpt>
   <trkpt lat="49.8063790" lon="19.9514120">
    <ele>381.6</ele>
    <time>2025-09-07T06:37:51Z</time>
   </trkpt>
   <trkpt lat="49.8063680" lon="19.9514460">
    <ele>382.0</ele>
    <time>2025-09-07T06:37:52Z</time>
   </trkpt>
   <trkpt lat="49.8063560" lon="19.9514800">
    <ele>382.0</ele>
    <time>2025-09-07T06:37:53Z</time>
   </trkpt>
   <trkpt lat="49.8063410" lon="19.9515120">
    <ele>382.2</ele>
    <time>2025-09-07T06:37:54Z</time>
   </trkpt>
   <trkpt lat="49.8063230" lon="19.9515430">
    <ele>382.4</ele>
    <time>2025-09-07T06:37:55Z</time>
   </trkpt>
   <trkpt lat="49.8063070" lon="19.9515750">
    <ele>382.8</ele>
    <time>2025-09-07T06:37:56Z</time>
   </trkpt>
   <trkpt lat="49.8062960" lon="19.9516080">
    <ele>383.0</ele>
    <time>2025-09-07T06:37:57Z</time>
   </trkpt>
   <trkpt lat="49.8062850" lon="19.9516410">
    <ele>383.4</ele>
    <time>2025-09-07T06:37:58Z</time>
   </trkpt>
   <trkpt lat="49.8062730" lon="19.9516750">
    <ele>383.6</ele>
    <time>2025-09-07T06:37:59Z</time>
   </trkpt>
   <trkpt lat="49.8062610" lon="19.9517120">
    <ele>383.8</ele>
    <time>2025-09-07T06:38:00Z</time>
   </trkpt>
   <trkpt lat="49.8062510" lon="19.9517480">
    <ele>384.0</ele>
    <time>2025-09-07T06:38:01Z</time>
   </trkpt>
   <trkpt lat="49.8062430" lon="19.9517790">
    <ele>384.4</ele>
    <time>2025-09-07T06:38:02Z</time>
   </trkpt>
   <trkpt lat="49.8062350" lon="19.9518100">
    <ele>384.8</ele>
    <time>2025-09-07T06:38:03Z</time>
   </trkpt>
   <trkpt lat="49.8062250" lon="19.9518450">
    <ele>385.0</ele>
    <time>2025-09-07T06:38:04Z</time>
   </trkpt>
   <trkpt lat="49.8062160" lon="19.9518820">
    <ele>385.2</ele>
    <time>2025-09-07T06:38:05Z</time>
   </trkpt>
   <trkpt lat="49.8062090" lon="19.9519190">
    <ele>385.4</ele>
    <time>2025-09-07T06:38:06Z</time>
   </trkpt>
   <trkpt lat="49.8062040" lon="19.9519550">
    <ele>385.8</ele>
    <time>2025-09-07T06:38:07Z</time>
   </trkpt>
   <trkpt lat="49.8061990" lon="19.9519920">
    <ele>386.2</ele>
    <time>2025-09-07T06:38:08Z</time>
   </trkpt>
   <trkpt lat="49.8061960" lon="19.9520270">
    <ele>386.4</ele>
    <time>2025-09-07T06:38:09Z</time>
   </trkpt>
   <trkpt lat="49.8061960" lon="19.9520580">
    <ele>386.4</ele>
    <time>2025-09-07T06:38:10Z</time>
   </trkpt>
   <trkpt lat="49.8061910" lon="19.9520920">
    <ele>386.8</ele>
    <time>2025-09-07T06:38:11Z</time>
   </trkpt>
   <trkpt lat="49.8061820" lon="19.9521260">
    <ele>387.0</ele>
    <time>2025-09-07T06:38:12Z</time>
   </trkpt>
   <trkpt lat="49.8061650" lon="19.9521610">
    <ele>387.4</ele>
    <time>2025-09-07T06:38:13Z</time>
   </trkpt>
   <trkpt lat="49.8061570" lon="19.9521950">
    <ele>387.6</ele>
    <time>2025-09-07T06:38:14Z</time>
   </trkpt>
   <trkpt lat="49.8061460" lon="19.9522300">
    <ele>387.8</ele>
    <time>2025-09-07T06:38:15Z</time>
   </trkpt>
   <trkpt lat="49.8061320" lon="19.9522630">
    <ele>388.0</ele>
    <time>2025-09-07T06:38:16Z</time>
   </trkpt>
   <trkpt lat="49.8061230" lon="19.9522880">
    <ele>388.4</ele>
    <time>2025-09-07T06:38:17Z</time>
   </trkpt>
   <trkpt lat="49.8061050" lon="19.9523150">
    <ele>388.6</ele>
    <time>2025-09-07T06:38:18Z</time>
   </trkpt>
   <trkpt lat="49.8060900" lon="19.9523490">
    <ele>389.0</ele>
    <time>2025-09-07T06:38:19Z</time>
   </trkpt>
   <trkpt lat="49.8060850" lon="19.9523790">
    <ele>389.4</ele>
    <time>2025-09-07T06:38:20Z</time>
   </trkpt>
   <trkpt lat="49.8060780" lon="19.9524140">
    <ele>389.6</ele>
    <time>2025-09-07T06:38:21Z</time>
   </trkpt>
   <trkpt lat="49.8060770" lon="19.9524510">
    <ele>389.8</ele>
    <time>2025-09-07T06:38:22Z</time>
   </trkpt>
   <trkpt lat="49.8060750" lon="19.9524890">
    <ele>390.2</ele>
    <time>2025-09-07T06:38:23Z</time>
   </trkpt>
   <trkpt lat="49.8060710" lon="19.9525210">
    <ele>390.6</ele>
    <time>2025-09-07T06:38:24Z</time>
   </trkpt>
   <trkpt lat="49.8060620" lon="19.9525570">
    <ele>390.8</ele>
    <time>2025-09-07T06:38:25Z</time>
   </trkpt>
   <trkpt lat="49.8060490" lon="19.9525840">
    <ele>391.2</ele>
    <time>2025-09-07T06:38:26Z</time>
   </trkpt>
   <trkpt lat="49.8060390" lon="19.9526150">
    <ele>391.4</ele>
    <time>2025-09-07T06:38:27Z</time>
   </trkpt>
   <trkpt lat="49.8060300" lon="19.9526460">
    <ele>391.8</ele>
    <time>2025-09-07T06:38:28Z</time>
   </trkpt>
   <trkpt lat="49.8060230" lon="19.9526770">
    <ele>392.0</ele>
    <time>2025-09-07T06:38:29Z</time>
   </trkpt>
   <trkpt lat="49.8060210" lon="19.9527080">
    <ele>392.4</ele>
    <time>2025-09-07T06:38:30Z</time>
   </trkpt>
   <trkpt lat="49.8060140" lon="19.9527400">
    <ele>392.6</ele>
    <time>2025-09-07T06:38:31Z</time>
   </trkpt>
   <trkpt lat="49.8060060" lon="19.9527740">
    <ele>393.0</ele>
    <time>2025-09-07T06:38:32Z</time>
   </trkpt>
   <trkpt lat="49.8059930" lon="19.9528090">
    <ele>393.4</ele>
    <time>2025-09-07T06:38:33Z</time>
   </trkpt>
   <trkpt lat="49.8059790" lon="19.9528400">
    <ele>393.6</ele>
    <time>2025-09-07T06:38:34Z</time>
   </trkpt>
   <trkpt lat="49.8059680" lon="19.9528700">
    <ele>394.0</ele>
    <time>2025-09-07T06:38:35Z</time>
   </trkpt>
   <trkpt lat="49.8059590" lon="19.9529030">
    <ele>394.2</ele>
    <time>2025-09-07T06:38:36Z</time>
   </trkpt>
   <trkpt lat="49.8059480" lon="19.9529310">
    <ele>394.6</ele>
    <time>2025-09-07T06:38:37Z</time>
   </trkpt>
   <trkpt lat="49.8059390" lon="19.9529630">
    <ele>395.0</ele>
    <time>2025-09-07T06:38:38Z</time>
   </trkpt>
   <trkpt lat="49.8059320" lon="19.9529990">
    <ele>395.2</ele>
    <time>2025-09-07T06:38:39Z</time>
   </trkpt>
   <trkpt lat="49.8059270" lon="19.9530360">
    <ele>395.4</ele>
    <time>2025-09-07T06:38:40Z</time>
   </trkpt>
   <trkpt lat="49.8059210" lon="19.9530650">
    <ele>395.6</ele>
    <time>2025-09-07T06:38:41Z</time>
   </trkpt>
   <trkpt lat="49.8059040" lon="19.9530920">
    <ele>396.0</ele>
    <time>2025-09-07T06:38:42Z</time>
   </trkpt>
   <trkpt lat="49.8058930" lon="19.9531180">
    <ele>396.2</ele>
    <time>2025-09-07T06:38:43Z</time>
   </trkpt>
   <trkpt lat="49.8058830" lon="19.9531400">
    <ele>396.6</ele>
    <time>2025-09-07T06:38:44Z</time>
   </trkpt>
   <trkpt lat="49.8058730" lon="19.9531640">
    <ele>396.6</ele>
    <time>2025-09-07T06:38:45Z</time>
   </trkpt>
   <trkpt lat="49.8058590" lon="19.9531910">
    <ele>396.8</ele>
    <time>2025-09-07T06:38:46Z</time>
   </trkpt>
   <trkpt lat="49.8058430" lon="19.9532190">
    <ele>397.0</ele>
    <time>2025-09-07T06:38:47Z</time>
   </trkpt>
   <trkpt lat="49.8058310" lon="19.9532530">
    <ele>397.6</ele>
    <time>2025-09-07T06:38:48Z</time>
   </trkpt>
   <trkpt lat="49.8058240" lon="19.9532910">
    <ele>397.8</ele>
    <time>2025-09-07T06:38:49Z</time>
   </trkpt>
   <trkpt lat="49.8058130" lon="19.9533320">
    <ele>397.8</ele>
    <time>2025-09-07T06:38:50Z</time>
   </trkpt>
   <trkpt lat="49.8057990" lon="19.9533710">
    <ele>398.0</ele>
    <time>2025-09-07T06:38:51Z</time>
   </trkpt>
   <trkpt lat="49.8057970" lon="19.9534110">
    <ele>398.0</ele>
    <time>2025-09-07T06:38:52Z</time>
   </trkpt>
   <trkpt lat="49.8057900" lon="19.9534390">
    <ele>398.2</ele>
    <time>2025-09-07T06:38:53Z</time>
   </trkpt>
   <trkpt lat="49.8057760" lon="19.9534750">
    <ele>398.4</ele>
    <time>2025-09-07T06:38:54Z</time>
   </trkpt>
   <trkpt lat="49.8057570" lon="19.9535130">
    <ele>398.4</ele>
    <time>2025-09-07T06:38:55Z</time>
   </trkpt>
   <trkpt lat="49.8057450" lon="19.9535530">
    <ele>398.6</ele>
    <time>2025-09-07T06:38:56Z</time>
   </trkpt>
   <trkpt lat="49.8057330" lon="19.9535980">
    <ele>398.6</ele>
    <time>2025-09-07T06:38:57Z</time>
   </trkpt>
   <trkpt lat="49.8057200" lon="19.9536390">
    <ele>398.8</ele>
    <time>2025-09-07T06:38:58Z</time>
   </trkpt>
   <trkpt lat="49.8057060" lon="19.9536790">
    <ele>399.0</ele>
    <time>2025-09-07T06:38:59Z</time>
   </trkpt>
   <trkpt lat="49.8056910" lon="19.9537220">
    <ele>399.2</ele>
    <time>2025-09-07T06:39:00Z</time>
   </trkpt>
   <trkpt lat="49.8056770" lon="19.9537670">
    <ele>399.4</ele>
    <time>2025-09-07T06:39:01Z</time>
   </trkpt>
   <trkpt lat="49.8056580" lon="19.9537990">
    <ele>399.8</ele>
    <time>2025-09-07T06:39:02Z</time>
   </trkpt>
   <trkpt lat="49.8056390" lon="19.9538270">
    <ele>400.0</ele>
    <time>2025-09-07T06:39:03Z</time>
   </trkpt>
   <trkpt lat="49.8056200" lon="19.9538590">
    <ele>400.2</ele>
    <time>2025-09-07T06:39:04Z</time>
   </trkpt>
   <trkpt lat="49.8056000" lon="19.9538920">
    <ele>400.4</ele>
    <time>2025-09-07T06:39:05Z</time>
   </trkpt>
   <trkpt lat="49.8055820" lon="19.9539260">
    <ele>400.6</ele>
    <time>2025-09-07T06:39:06Z</time>
   </trkpt>
   <trkpt lat="49.8055660" lon="19.9539590">
    <ele>400.8</ele>
    <time>2025-09-07T06:39:07Z</time>
   </trkpt>
   <trkpt lat="49.8055490" lon="19.9539900">
    <ele>400.8</ele>
    <time>2025-09-07T06:39:08Z</time>
   </trkpt>
   <trkpt lat="49.8055320" lon="19.9540250">
    <ele>401.0</ele>
    <time>2025-09-07T06:39:09Z</time>
   </trkpt>
   <trkpt lat="49.8055140" lon="19.9540650">
    <ele>401.0</ele>
    <time>2025-09-07T06:39:10Z</time>
   </trkpt>
   <trkpt lat="49.8055010" lon="19.9541030">
    <ele>401.0</ele>
    <time>2025-09-07T06:39:11Z</time>
   </trkpt>
   <trkpt lat="49.8054870" lon="19.9541450">
    <ele>401.0</ele>
    <time>2025-09-07T06:39:12Z</time>
   </trkpt>
   <trkpt lat="49.8054760" lon="19.9541860">
    <ele>401.2</ele>
    <time>2025-09-07T06:39:13Z</time>
   </trkpt>
   <trkpt lat="49.8054750" lon="19.9542270">
    <ele>401.6</ele>
    <time>2025-09-07T06:39:14Z</time>
   </trkpt>
   <trkpt lat="49.8054730" lon="19.9542670">
    <ele>401.8</ele>
    <time>2025-09-07T06:39:15Z</time>
   </trkpt>
   <trkpt lat="49.8054720" lon="19.9543050">
    <ele>402.0</ele>
    <time>2025-09-07T06:39:16Z</time>
   </trkpt>
   <trkpt lat="49.8054730" lon="19.9543420">
    <ele>402.4</ele>
    <time>2025-09-07T06:39:17Z</time>
   </trkpt>
   <trkpt lat="49.8054720" lon="19.9543740">
    <ele>402.8</ele>
    <time>2025-09-07T06:39:18Z</time>
   </trkpt>
   <trkpt lat="49.8054700" lon="19.9544120">
    <ele>403.2</ele>
    <time>2025-09-07T06:39:19Z</time>
   </trkpt>
   <trkpt lat="49.8054620" lon="19.9544430">
    <ele>403.6</ele>
    <time>2025-09-07T06:39:20Z</time>
   </trkpt>
   <trkpt lat="49.8054530" lon="19.9544730">
    <ele>403.8</ele>
    <time>2025-09-07T06:39:21Z</time>
   </trkpt>
   <trkpt lat="49.8054460" lon="19.9545010">
    <ele>404.2</ele>
    <time>2025-09-07T06:39:22Z</time>
   </trkpt>
   <trkpt lat="49.8054510" lon="19.9545290">
    <ele>404.6</ele>
    <time>2025-09-07T06:39:23Z</time>
   </trkpt>
   <trkpt lat="49.8054510" lon="19.9545640">
    <ele>404.8</ele>
    <time>2025-09-07T06:39:24Z</time>
   </trkpt>
   <trkpt lat="49.8054480" lon="19.9546040">
    <ele>405.0</ele>
    <time>2025-09-07T06:39:25Z</time>
   </trkpt>
   <trkpt lat="49.8054380" lon="19.9546370">
    <ele>405.2</ele>
    <time>2025-09-07T06:39:26Z</time>
   </trkpt>
   <trkpt lat="49.8054270" lon="19.9546750">
    <ele>405.6</ele>
    <time>2025-09-07T06:39:27Z</time>
   </trkpt>
   <trkpt lat="49.8054170" lon="19.9547120">
    <ele>406.0</ele>
    <time>2025-09-07T06:39:28Z</time>
   </trkpt>
   <trkpt lat="49.8054130" lon="19.9547560">
    <ele>406.0</ele>
    <time>2025-09-07T06:39:29Z</time>
   </trkpt>
   <trkpt lat="49.8054080" lon="19.9547940">
    <ele>406.2</ele>
    <time>2025-09-07T06:39:30Z</time>
   </trkpt>
   <trkpt lat="49.8054000" lon="19.9548300">
    <ele>406.2</ele>
    <time>2025-09-07T06:39:31Z</time>
   </trkpt>
   <trkpt lat="49.8053910" lon="19.9548750">
    <ele>406.4</ele>
    <time>2025-09-07T06:39:32Z</time>
   </trkpt>
   <trkpt lat="49.8053800" lon="19.9549210">
    <ele>406.4</ele>
    <time>2025-09-07T06:39:33Z</time>
   </trkpt>
   <trkpt lat="49.8053670" lon="19.9549610">
    <ele>406.4</ele>
    <time>2025-09-07T06:39:34Z</time>
   </trkpt>
   <trkpt lat="49.8053520" lon="19.9550000">
    <ele>406.4</ele>
    <time>2025-09-07T06:39:35Z</time>
   </trkpt>
   <trkpt lat="49.8053380" lon="19.9550340">
    <ele>406.6</ele>
    <time>2025-09-07T06:39:36Z</time>
   </trkpt>
   <trkpt lat="49.8053220" lon="19.9550710">
    <ele>406.6</ele>
    <time>2025-09-07T06:39:37Z</time>
   </trkpt>
   <trkpt lat="49.8053020" lon="19.9551100">
    <ele>406.8</ele>
    <time>2025-09-07T06:39:38Z</time>
   </trkpt>
   <trkpt lat="49.8052820" lon="19.9551420">
    <ele>406.8</ele>
    <time>2025-09-07T06:39:39Z</time>
   </trkpt>
   <trkpt lat="49.8052660" lon="19.9551740">
    <ele>406.8</ele>
    <time>2025-09-07T06:39:40Z</time>
   </trkpt>
   <trkpt lat="49.8052520" lon="19.9552100">
    <ele>407.2</ele>
    <time>2025-09-07T06:39:41Z</time>
   </trkpt>
   <trkpt lat="49.8052420" lon="19.9552470">
    <ele>407.4</ele>
    <time>2025-09-07T06:39:42Z</time>
   </trkpt>
   <trkpt lat="49.8052360" lon="19.9552840">
    <ele>407.8</ele>
    <time>2025-09-07T06:39:43Z</time>
   </trkpt>
   <trkpt lat="49.8052260" lon="19.9553090">
    <ele>408.2</ele>
    <time>2025-09-07T06:39:44Z</time>
   </trkpt>
   <trkpt lat="49.8052140" lon="19.9553280">
    <ele>408.4</ele>
    <time>2025-09-07T06:39:45Z</time>
   </trkpt>
   <trkpt lat="49.8051980" lon="19.9553540">
    <ele>408.6</ele>
    <time>2025-09-07T06:39:46Z</time>
   </trkpt>
   <trkpt lat="49.8051810" lon="19.9553840">
    <ele>408.8</ele>
    <time>2025-09-07T06:39:47Z</time>
   </trkpt>
   <trkpt lat="49.8051680" lon="19.9554150">
    <ele>409.2</ele>
    <time>2025-09-07T06:39:48Z</time>
   </trkpt>
   <trkpt lat="49.8051540" lon="19.9554470">
    <ele>409.4</ele>
    <time>2025-09-07T06:39:49Z</time>
   </trkpt>
   <trkpt lat="49.8051420" lon="19.9554820">
    <ele>409.8</ele>
    <time>2025-09-07T06:39:50Z</time>
   </trkpt>
   <trkpt lat="49.8051280" lon="19.9555150">
    <ele>410.0</ele>
    <time>2025-09-07T06:39:51Z</time>
   </trkpt>
   <trkpt lat="49.8051170" lon="19.9555490">
    <ele>410.2</ele>
    <time>2025-09-07T06:39:52Z</time>
   </trkpt>
   <trkpt lat="49.8051110" lon="19.9555780">
    <ele>410.6</ele>
    <time>2025-09-07T06:39:53Z</time>
   </trkpt>
   <trkpt lat="49.8051000" lon="19.9556020">
    <ele>410.8</ele>
    <time>2025-09-07T06:39:54Z</time>
   </trkpt>
   <trkpt lat="49.8050890" lon="19.9556300">
    <ele>411.4</ele>
    <time>2025-09-07T06:39:55Z</time>
   </trkpt>
   <trkpt lat="49.8050720" lon="19.9556580">
    <ele>411.6</ele>
    <time>2025-09-07T06:39:56Z</time>
   </trkpt>
   <trkpt lat="49.8050620" lon="19.9556930">
    <ele>411.8</ele>
    <time>2025-09-07T06:39:57Z</time>
   </trkpt>
   <trkpt lat="49.8050570" lon="19.9557250">
    <ele>412.2</ele>
    <time>2025-09-07T06:39:58Z</time>
   </trkpt>
   <trkpt lat="49.8050480" lon="19.9557560">
    <ele>412.4</ele>
    <time>2025-09-07T06:39:59Z</time>
   </trkpt>
   <trkpt lat="49.8050350" lon="19.9557880">
    <ele>412.6</ele>
    <time>2025-09-07T06:40:00Z</time>
   </trkpt>
   <trkpt lat="49.8050280" lon="19.9558180">
    <ele>412.8</ele>
    <time>2025-09-07T06:40:01Z</time>
   </trkpt>
   <trkpt lat="49.8050180" lon="19.9558490">
    <ele>413.0</ele>
    <time>2025-09-07T06:40:02Z</time>
   </trkpt>
   <trkpt lat="49.8050060" lon="19.9558760">
    <ele>413.2</ele>
    <time>2025-09-07T06:40:03Z</time>
   </trkpt>
   <trkpt lat="49.8049960" lon="19.9559150">
    <ele>413.6</ele>
    <time>2025-09-07T06:40:04Z</time>
   </trkpt>
   <trkpt lat="49.8049900" lon="19.9559570">
    <ele>413.6</ele>
    <time>2025-09-07T06:40:05Z</time>
   </trkpt>
   <trkpt lat="49.8049820" lon="19.9559940">
    <ele>414.0</ele>
    <time>2025-09-07T06:40:06Z</time>
   </trkpt>
   <trkpt lat="49.8049770" lon="19.9560260">
    <ele>414.0</ele>
    <time>2025-09-07T06:40:07Z</time>
   </trkpt>
   <trkpt lat="49.8049700" lon="19.9560640">
    <ele>414.2</ele>
    <time>2025-09-07T06:40:08Z</time>
   </trkpt>
   <trkpt lat="49.8049680" lon="19.9560990">
    <ele>414.4</ele>
    <time>2025-09-07T06:40:09Z</time>
   </trkpt>
   <trkpt lat="49.8049680" lon="19.9561320">
    <ele>414.6</ele>
    <time>2025-09-07T06:40:10Z</time>
   </trkpt>
   <trkpt lat="49.8049600" lon="19.9561680">
    <ele>414.8</ele>
    <time>2025-09-07T06:40:11Z</time>
   </trkpt>
   <trkpt lat="49.8049550" lon="19.9562080">
    <ele>415.0</ele>
    <time>2025-09-07T06:40:12Z</time>
   </trkpt>
   <trkpt lat="49.8049490" lon="19.9562440">
    <ele>415.0</ele>
    <time>2025-09-07T06:40:13Z</time>
   </trkpt>
   <trkpt lat="49.8049410" lon="19.9562830">
    <ele>415.2</ele>
    <time>2025-09-07T06:40:14Z</time>
   </trkpt>
   <trkpt lat="49.8049370" lon="19.9563200">
    <ele>415.4</ele>
    <time>2025-09-07T06:40:15Z</time>
   </trkpt>
   <trkpt lat="49.8049360" lon="19.9563560">
    <ele>415.6</ele>
    <time>2025-09-07T06:40:16Z</time>
   </trkpt>
   <trkpt lat="49.8049340" lon="19.9563870">
    <ele>416.4</ele>
    <time>2025-09-07T06:40:17Z</time>
   </trkpt>
   <trkpt lat="49.8049340" lon="19.9564180">
    <ele>416.6</ele>
    <time>2025-09-07T06:40:18Z</time>
   </trkpt>
   <trkpt lat="49.8049340" lon="19.9564570">
    <ele>416.6</ele>
    <time>2025-09-07T06:40:19Z</time>
   </trkpt>
   <trkpt lat="49.8049350" lon="19.9564950">
    <ele>416.6</ele>
    <time>2025-09-07T06:40:20Z</time>
   </trkpt>
   <trkpt lat="49.8049350" lon="19.9565340">
    <ele>416.8</ele>
    <time>2025-09-07T06:40:21Z</time>
   </trkpt>
   <trkpt lat="49.8049330" lon="19.9565740">
    <ele>416.8</ele>
    <time>2025-09-07T06:40:22Z</time>
   </trkpt>
   <trkpt lat="49.8049330" lon="19.9566160">
    <ele>416.8</ele>
    <time>2025-09-07T06:40:23Z</time>
   </trkpt>
   <trkpt lat="49.8049290" lon="19.9566610">
    <ele>416.8</ele>
    <time>2025-09-07T06:40:24Z</time>
   </trkpt>
   <trkpt lat="49.8049270" lon="19.9567000">
    <ele>417.0</ele>
    <time>2025-09-07T06:40:25Z</time>
   </trkpt>
   <trkpt lat="49.8049230" lon="19.9567350">
    <ele>417.2</ele>
    <time>2025-09-07T06:40:26Z</time>
   </trkpt>
   <trkpt lat="49.8049150" lon="19.9567690">
    <ele>417.6</ele>
    <time>2025-09-07T06:40:27Z</time>
   </trkpt>
   <trkpt lat="49.8049090" lon="19.9568060">
    <ele>417.8</ele>
    <time>2025-09-07T06:40:28Z</time>
   </trkpt>
   <trkpt lat="49.8049070" lon="19.9568380">
    <ele>418.0</ele>
    <time>2025-09-07T06:40:29Z</time>
   </trkpt>
   <trkpt lat="49.8049060" lon="19.9568760">
    <ele>418.4</ele>
    <time>2025-09-07T06:40:30Z</time>
   </trkpt>
   <trkpt lat="49.8049040" lon="19.9569210">
    <ele>418.8</ele>
    <time>2025-09-07T06:40:31Z</time>
   </trkpt>
   <trkpt lat="49.8048980" lon="19.9569600">
    <ele>418.8</ele>
    <time>2025-09-07T06:40:32Z</time>
   </trkpt>
   <trkpt lat="49.8048950" lon="19.9570000">
    <ele>419.2</ele>
    <time>2025-09-07T06:40:33Z</time>
   </trkpt>
   <trkpt lat="49.8048930" lon="19.9570350">
    <ele>419.4</ele>
    <time>2025-09-07T06:40:34Z</time>
   </trkpt>
   <trkpt lat="49.8048940" lon="19.9570700">
    <ele>420.0</ele>
    <time>2025-09-07T06:40:35Z</time>
   </trkpt>
   <trkpt lat="49.8048980" lon="19.9571100">
    <ele>420.2</ele>
    <time>2025-09-07T06:40:36Z</time>
   </trkpt>
   <trkpt lat="49.8049010" lon="19.9571340">
    <ele>420.4</ele>
    <time>2025-09-07T06:40:37Z</time>
   </trkpt>
   <trkpt lat="49.8048980" lon="19.9571610">
    <ele>421.0</ele>
    <time>2025-09-07T06:40:38Z</time>
   </trkpt>
   <trkpt lat="49.8048890" lon="19.9571920">
    <ele>421.2</ele>
    <time>2025-09-07T06:40:39Z</time>
   </trkpt>
   <trkpt lat="49.8048910" lon="19.9572150">
    <ele>421.4</ele>
    <time>2025-09-07T06:40:40Z</time>
   </trkpt>
   <trkpt lat="49.8048870" lon="19.9572400">
    <ele>421.8</ele>
    <time>2025-09-07T06:40:41Z</time>
   </trkpt>
   <trkpt lat="49.8048900" lon="19.9572690">
    <ele>422.2</ele>
    <time>2025-09-07T06:40:42Z</time>
   </trkpt>
   <trkpt lat="49.8048880" lon="19.9572920">
    <ele>422.4</ele>
    <time>2025-09-07T06:40:43Z</time>
   </trkpt>
   <trkpt lat="49.8048970" lon="19.9573230">
    <ele>422.8</ele>
    <time>2025-09-07T06:40:44Z</time>
   </trkpt>
   <trkpt lat="49.8048800" lon="19.9573570">
    <ele>423.0</ele>
    <time>2025-09-07T06:40:45Z</time>
   </trkpt>
   <trkpt lat="49.8048630" lon="19.9573930">
    <ele>423.4</ele>
    <time>2025-09-07T06:40:46Z</time>
   </trkpt>
   <trkpt lat="49.8048570" lon="19.9574150">
    <ele>423.8</ele>
    <time>2025-09-07T06:40:47Z</time>
   </trkpt>
   <trkpt lat="49.8048550" lon="19.9574330">
    <ele>424.0</ele>
    <time>2025-09-07T06:40:48Z</time>
   </trkpt>
   <trkpt lat="49.8048510" lon="19.9574600">
    <ele>424.4</ele>
    <time>2025-09-07T06:40:49Z</time>
   </trkpt>
   <trkpt lat="49.8048450" lon="19.9574900">
    <ele>424.8</ele>
    <time>2025-09-07T06:40:50Z</time>
   </trkpt>
   <trkpt lat="49.8048380" lon="19.9575140">
    <ele>425.0</ele>
    <time>2025-09-07T06:40:51Z</time>
   </trkpt>
   <trkpt lat="49.8048320" lon="19.9575400">
    <ele>425.4</ele>
    <time>2025-09-07T06:40:52Z</time>
   </trkpt>
   <trkpt lat="49.8048250" lon="19.9575660">
    <ele>425.6</ele>
    <time>2025-09-07T06:40:53Z</time>
   </trkpt>
   <trkpt lat="49.8048170" lon="19.9575870">
    <ele>425.8</ele>
    <time>2025-09-07T06:40:54Z</time>
   </trkpt>
   <trkpt lat="49.8048110" lon="19.9576060">
    <ele>426.0</ele>
    <time>2025-09-07T06:40:55Z</time>
   </trkpt>
   <trkpt lat="49.8048110" lon="19.9576340">
    <ele>426.4</ele>
    <time>2025-09-07T06:40:56Z</time>
   </trkpt>
   <trkpt lat="49.8048070" lon="19.9576670">
    <ele>426.4</ele>
    <time>2025-09-07T06:40:57Z</time>
   </trkpt>
   <trkpt lat="49.8048020" lon="19.9577090">
    <ele>426.8</ele>
    <time>2025-09-07T06:40:58Z</time>
   </trkpt>
   <trkpt lat="49.8047930" lon="19.9577480">
    <ele>426.8</ele>
    <time>2025-09-07T06:40:59Z</time>
   </trkpt>
   <trkpt lat="49.8047830" lon="19.9577880">
    <ele>426.8</ele>
    <time>2025-09-07T06:41:00Z</time>
   </trkpt>
   <trkpt lat="49.8047780" lon="19.9578320">
    <ele>427.0</ele>
    <time>2025-09-07T06:41:01Z</time>
   </trkpt>
   <trkpt lat="49.8047800" lon="19.9578730">
    <ele>427.0</ele>
    <time>2025-09-07T06:41:02Z</time>
   </trkpt>
   <trkpt lat="49.8047790" lon="19.9579110">
    <ele>427.0</ele>
    <time>2025-09-07T06:41:03Z</time>
   </trkpt>
   <trkpt lat="49.8047790" lon="19.9579560">
    <ele>427.0</ele>
    <time>2025-09-07T06:41:04Z</time>
   </trkpt>
   <trkpt lat="49.8047780" lon="19.9580080">
    <ele>427.0</ele>
    <time>2025-09-07T06:41:05Z</time>
   </trkpt>
   <trkpt lat="49.8047780" lon="19.9580510">
    <ele>427.0</ele>
    <time>2025-09-07T06:41:06Z</time>
   </trkpt>
   <trkpt lat="49.8047780" lon="19.9580970">
    <ele>427.0</ele>
    <time>2025-09-07T06:41:07Z</time>
   </trkpt>
   <trkpt lat="49.8047880" lon="19.9581220">
    <ele>427.0</ele>
    <time>2025-09-07T06:41:08Z</time>
   </trkpt>
   <trkpt lat="49.8047950" lon="19.9581610">
    <ele>427.0</ele>
    <time>2025-09-07T06:41:09Z</time>
   </trkpt>
   <trkpt lat="49.8047970" lon="19.9582040">
    <ele>427.0</ele>
    <time>2025-09-07T06:41:10Z</time>
   </trkpt>
   <trkpt lat="49.8048000" lon="19.9582470">
    <ele>427.0</ele>
    <time>2025-09-07T06:41:11Z</time>
   </trkpt>
   <trkpt lat="49.8048020" lon="19.9582890">
    <ele>427.0</ele>
    <time>2025-09-07T06:41:12Z</time>
   </trkpt>
   <trkpt lat="49.8047930" lon="19.9583370">
    <ele>426.8</ele>
    <time>2025-09-07T06:41:13Z</time>
   </trkpt>
   <trkpt lat="49.8047900" lon="19.9583900">
    <ele>426.8</ele>
    <time>2025-09-07T06:41:14Z</time>
   </trkpt>
   <trkpt lat="49.8047880" lon="19.9584490">
    <ele>426.6</ele>
    <time>2025-09-07T06:41:15Z</time>
   </trkpt>
   <trkpt lat="49.8047750" lon="19.9585140">
    <ele>426.4</ele>
    <time>2025-09-07T06:41:16Z</time>
   </trkpt>
   <trkpt lat="49.8047640" lon="19.9585750">
    <ele>426.4</ele>
    <time>2025-09-07T06:41:17Z</time>
   </trkpt>
   <trkpt lat="49.8047620" lon="19.9586360">
    <ele>426.2</ele>
    <time>2025-09-07T06:41:18Z</time>
   </trkpt>
   <trkpt lat="49.8047580" lon="19.9586930">
    <ele>426.2</ele>
    <time>2025-09-07T06:41:19Z</time>
   </trkpt>
   <trkpt lat="49.8047600" lon="19.9588220">
    <ele>425.8</ele>
    <time>2025-09-07T06:41:21Z</time>
   </trkpt>
   <trkpt lat="49.8047650" lon="19.9588900">
    <ele>425.8</ele>
    <time>2025-09-07T06:41:22Z</time>
   </trkpt>
   <trkpt lat="49.8047660" lon="19.9589530">
    <ele>425.8</ele>
    <time>2025-09-07T06:41:23Z</time>
   </trkpt>
   <trkpt lat="49.8047680" lon="19.9590100">
    <ele>425.6</ele>
    <time>2025-09-07T06:41:24Z</time>
   </trkpt>
   <trkpt lat="49.8047730" lon="19.9590610">
    <ele>425.8</ele>
    <time>2025-09-07T06:41:25Z</time>
   </trkpt>
   <trkpt lat="49.8047700" lon="19.9591140">
    <ele>425.8</ele>
    <time>2025-09-07T06:41:26Z</time>
   </trkpt>
   <trkpt lat="49.8047880" lon="19.9591720">
    <ele>425.8</ele>
    <time>2025-09-07T06:41:27Z</time>
   </trkpt>
   <trkpt lat="49.8047940" lon="19.9592380">
    <ele>425.8</ele>
    <time>2025-09-07T06:41:28Z</time>
   </trkpt>
   <trkpt lat="49.8047960" lon="19.9593120">
    <ele>425.6</ele>
    <time>2025-09-07T06:41:29Z</time>
   </trkpt>
   <trkpt lat="49.8047820" lon="19.9594740">
    <ele>425.0</ele>
    <time>2025-09-07T06:41:31Z</time>
   </trkpt>
   <trkpt lat="49.8047760" lon="19.9595500">
    <ele>424.8</ele>
    <time>2025-09-07T06:41:32Z</time>
   </trkpt>
   <trkpt lat="49.8047880" lon="19.9596200">
    <ele>424.8</ele>
    <time>2025-09-07T06:41:33Z</time>
   </trkpt>
   <trkpt lat="49.8047830" lon="19.9598980">
    <ele>424.4</ele>
    <time>2025-09-07T06:41:37Z</time>
   </trkpt>
   <trkpt lat="49.8047500" lon="19.9601000">
    <ele>424.4</ele>
    <time>2025-09-07T06:41:40Z</time>
   </trkpt>
   <trkpt lat="49.8047510" lon="19.9602410">
    <ele>424.4</ele>
    <time>2025-09-07T06:41:42Z</time>
   </trkpt>
   <trkpt lat="49.8047410" lon="19.9603000">
    <ele>424.4</ele>
    <time>2025-09-07T06:41:43Z</time>
   </trkpt>
   <trkpt lat="49.8047460" lon="19.9603570">
    <ele>424.6</ele>
    <time>2025-09-07T06:41:44Z</time>
   </trkpt>
   <trkpt lat="49.8047560" lon="19.9604280">
    <ele>424.6</ele>
    <time>2025-09-07T06:41:45Z</time>
   </trkpt>
   <trkpt lat="49.8047480" lon="19.9605640">
    <ele>425.0</ele>
    <time>2025-09-07T06:41:47Z</time>
   </trkpt>
   <trkpt lat="49.8047350" lon="19.9606350">
    <ele>425.0</ele>
    <time>2025-09-07T06:41:48Z</time>
   </trkpt>
   <trkpt lat="49.8047280" lon="19.9606980">
    <ele>425.0</ele>
    <time>2025-09-07T06:41:49Z</time>
   </trkpt>
   <trkpt lat="49.8047220" lon="19.9607550">
    <ele>425.4</ele>
    <time>2025-09-07T06:41:50Z</time>
   </trkpt>
   <trkpt lat="49.8047010" lon="19.9608750">
    <ele>425.8</ele>
    <time>2025-09-07T06:41:52Z</time>
   </trkpt>
   <trkpt lat="49.8046870" lon="19.9609380">
    <ele>426.0</ele>
    <time>2025-09-07T06:41:53Z</time>
   </trkpt>
   <trkpt lat="49.8046720" lon="19.9609950">
    <ele>426.2</ele>
    <time>2025-09-07T06:41:54Z</time>
   </trkpt>
   <trkpt lat="49.8046510" lon="19.9610440">
    <ele>426.8</ele>
    <time>2025-09-07T06:41:55Z</time>
   </trkpt>
   <trkpt lat="49.8046320" lon="19.9610880">
    <ele>427.0</ele>
    <time>2025-09-07T06:41:56Z</time>
   </trkpt>
   <trkpt lat="49.8046130" lon="19.9611290">
    <ele>427.4</ele>
    <time>2025-09-07T06:41:57Z</time>
   </trkpt>
   <trkpt lat="49.8045950" lon="19.9611680">
    <ele>427.8</ele>
    <time>2025-09-07T06:41:58Z</time>
   </trkpt>
   <trkpt lat="49.8045720" lon="19.9612050">
    <ele>428.4</ele>
    <time>2025-09-07T06:41:59Z</time>
   </trkpt>
   <trkpt lat="49.8045530" lon="19.9612380">
    <ele>428.6</ele>
    <time>2025-09-07T06:42:00Z</time>
   </trkpt>
   <trkpt lat="49.8045330" lon="19.9612730">
    <ele>429.0</ele>
    <time>2025-09-07T06:42:01Z</time>
   </trkpt>
   <trkpt lat="49.8045160" lon="19.9613120">
    <ele>429.4</ele>
    <time>2025-09-07T06:42:02Z</time>
   </trkpt>
   <trkpt lat="49.8044980" lon="19.9613530">
    <ele>429.6</ele>
    <time>2025-09-07T06:42:03Z</time>
   </trkpt>
   <trkpt lat="49.8044820" lon="19.9613890">
    <ele>429.8</ele>
    <time>2025-09-07T06:42:04Z</time>
   </trkpt>
   <trkpt lat="49.8044670" lon="19.9614190">
    <ele>430.0</ele>
    <time>2025-09-07T06:42:05Z</time>
   </trkpt>
   <trkpt lat="49.8044650" lon="19.9614530">
    <ele>430.4</ele>
    <time>2025-09-07T06:42:06Z</time>
   </trkpt>
   <trkpt lat="49.8044640" lon="19.9614860">
    <ele>430.6</ele>
    <time>2025-09-07T06:42:07Z</time>
   </trkpt>
   <trkpt lat="49.8044590" lon="19.9615190">
    <ele>431.0</ele>
    <time>2025-09-07T06:42:08Z</time>
   </trkpt>
   <trkpt lat="49.8044520" lon="19.9615550">
    <ele>431.4</ele>
    <time>2025-09-07T06:42:09Z</time>
   </trkpt>
   <trkpt lat="49.8044490" lon="19.9615860">
    <ele>431.8</ele>
    <time>2025-09-07T06:42:10Z</time>
   </trkpt>
   <trkpt lat="49.8044450" lon="19.9616230">
    <ele>432.0</ele>
    <time>2025-09-07T06:42:11Z</time>
   </trkpt>
   <trkpt lat="49.8044470" lon="19.9616620">
    <ele>432.4</ele>
    <time>2025-09-07T06:42:12Z</time>
   </trkpt>
   <trkpt lat="49.8044500" lon="19.9616950">
    <ele>432.6</ele>
    <time>2025-09-07T06:42:13Z</time>
   </trkpt>
   <trkpt lat="49.8044510" lon="19.9617290">
    <ele>433.0</ele>
    <time>2025-09-07T06:42:14Z</time>
   </trkpt>
   <trkpt lat="49.8044530" lon="19.9617660">
    <ele>433.2</ele>
    <time>2025-09-07T06:42:15Z</time>
   </trkpt>
   <trkpt lat="49.8044560" lon="19.9618050">
    <ele>433.4</ele>
    <time>2025-09-07T06:42:16Z</time>
   </trkpt>
   <trkpt lat="49.8044590" lon="19.9618410">
    <ele>433.8</ele>
    <time>2025-09-07T06:42:17Z</time>
   </trkpt>
   <trkpt lat="49.8044620" lon="19.9618760">
    <ele>434.0</ele>
    <time>2025-09-07T06:42:18Z</time>
   </trkpt>
   <trkpt lat="49.8044660" lon="19.9619150">
    <ele>434.4</ele>
    <time>2025-09-07T06:42:19Z</time>
   </trkpt>
   <trkpt lat="49.8044650" lon="19.9619550">
    <ele>434.6</ele>
    <time>2025-09-07T06:42:20Z</time>
   </trkpt>
   <trkpt lat="49.8044640" lon="19.9619970">
    <ele>434.8</ele>
    <time>2025-09-07T06:42:21Z</time>
   </trkpt>
   <trkpt lat="49.8044610" lon="19.9620330">
    <ele>435.0</ele>
    <time>2025-09-07T06:42:22Z</time>
   </trkpt>
   <trkpt lat="49.8044570" lon="19.9620700">
    <ele>435.2</ele>
    <time>2025-09-07T06:42:23Z</time>
   </trkpt>
   <trkpt lat="49.8044510" lon="19.9621070">
    <ele>435.4</ele>
    <time>2025-09-07T06:42:24Z</time>
   </trkpt>
   <trkpt lat="49.8044460" lon="19.9621460">
    <ele>435.6</ele>
    <time>2025-09-07T06:42:25Z</time>
   </trkpt>
   <trkpt lat="49.8044380" lon="19.9621820">
    <ele>435.8</ele>
    <time>2025-09-07T06:42:26Z</time>
   </trkpt>
   <trkpt lat="49.8044340" lon="19.9622160">
    <ele>435.8</ele>
    <time>2025-09-07T06:42:27Z</time>
   </trkpt>
   <trkpt lat="49.8044300" lon="19.9622540">
    <ele>436.2</ele>
    <time>2025-09-07T06:42:28Z</time>
   </trkpt>
   <trkpt lat="49.8044250" lon="19.9622920">
    <ele>436.4</ele>
    <time>2025-09-07T06:42:29Z</time>
   </trkpt>
   <trkpt lat="49.8044180" lon="19.9623300">
    <ele>436.6</ele>
    <time>2025-09-07T06:42:30Z</time>
   </trkpt>
   <trkpt lat="49.8044140" lon="19.9623720">
    <ele>436.8</ele>
    <time>2025-09-07T06:42:31Z</time>
   </trkpt>
   <trkpt lat="49.8044130" lon="19.9624110">
    <ele>437.0</ele>
    <time>2025-09-07T06:42:32Z</time>
   </trkpt>
   <trkpt lat="49.8044060" lon="19.9624480">
    <ele>437.2</ele>
    <time>2025-09-07T06:42:33Z</time>
   </trkpt>
   <trkpt lat="49.8044000" lon="19.9624860">
    <ele>437.4</ele>
    <time>2025-09-07T06:42:34Z</time>
   </trkpt>
   <trkpt lat="49.8043960" lon="19.9625220">
    <ele>437.6</ele>
    <time>2025-09-07T06:42:35Z</time>
   </trkpt>
   <trkpt lat="49.8043910" lon="19.9625600">
    <ele>437.8</ele>
    <time>2025-09-07T06:42:36Z</time>
   </trkpt>
   <trkpt lat="49.8043860" lon="19.9625950">
    <ele>438.0</ele>
    <time>2025-09-07T06:42:37Z</time>
   </trkpt>
   <trkpt lat="49.8043810" lon="19.9626250">
    <ele>438.2</ele>
    <time>2025-09-07T06:42:38Z</time>
   </trkpt>
   <trkpt lat="49.8043760" lon="19.9626560">
    <ele>438.6</ele>
    <time>2025-09-07T06:42:39Z</time>
   </trkpt>
   <trkpt lat="49.8043710" lon="19.9626880">
    <ele>438.8</ele>
    <time>2025-09-07T06:42:40Z</time>
   </trkpt>
   <trkpt lat="49.8043650" lon="19.9627180">
    <ele>439.2</ele>
    <time>2025-09-07T06:42:41Z</time>
   </trkpt>
   <trkpt lat="49.8043610" lon="19.9627460">
    <ele>439.6</ele>
    <time>2025-09-07T06:42:42Z</time>
   </trkpt>
   <trkpt lat="49.8043530" lon="19.9627740">
    <ele>439.8</ele>
    <time>2025-09-07T06:42:43Z</time>
   </trkpt>
   <trkpt lat="49.8043450" lon="19.9628050">
    <ele>440.2</ele>
    <time>2025-09-07T06:42:44Z</time>
   </trkpt>
   <trkpt lat="49.8043410" lon="19.9628330">
    <ele>440.6</ele>
    <time>2025-09-07T06:42:45Z</time>
   </trkpt>
   <trkpt lat="49.8043340" lon="19.9628630">
    <ele>440.8</ele>
    <time>2025-09-07T06:42:46Z</time>
   </trkpt>
   <trkpt lat="49.8043270" lon="19.9628910">
    <ele>441.2</ele>
    <time>2025-09-07T06:42:47Z</time>
   </trkpt>
   <trkpt lat="49.8043200" lon="19.9629180">
    <ele>441.4</ele>
    <time>2025-09-07T06:42:48Z</time>
   </trkpt>
   <trkpt lat="49.8043100" lon="19.9629450">
    <ele>441.6</ele>
    <time>2025-09-07T06:42:49Z</time>
   </trkpt>
   <trkpt lat="49.8042950" lon="19.9629700">
    <ele>442.0</ele>
    <time>2025-09-07T06:42:50Z</time>
   </trkpt>
   <trkpt lat="49.8042830" lon="19.9629990">
    <ele>442.4</ele>
    <time>2025-09-07T06:42:51Z</time>
   </trkpt>
   <trkpt lat="49.8042750" lon="19.9630240">
    <ele>442.6</ele>
    <time>2025-09-07T06:42:52Z</time>
   </trkpt>
   <trkpt lat="49.8042700" lon="19.9630470">
    <ele>443.0</ele>
    <time>2025-09-07T06:42:53Z</time>
   </trkpt>
   <trkpt lat="49.8042660" lon="19.9630650">
    <ele>443.2</ele>
    <time>2025-09-07T06:42:54Z</time>
   </trkpt>
   <trkpt lat="49.8042620" lon="19.9630860">
    <ele>443.6</ele>
    <time>2025-09-07T06:42:55Z</time>
   </trkpt>
   <trkpt lat="49.8042560" lon="19.9631070">
    <ele>443.6</ele>
    <time>2025-09-07T06:42:56Z</time>
   </trkpt>
   <trkpt lat="49.8042500" lon="19.9631170">
    <ele>444.0</ele>
    <time>2025-09-07T06:42:57Z</time>
   </trkpt>
   <trkpt lat="49.8042480" lon="19.9631210">
    <ele>444.2</ele>
    <time>2025-09-07T06:42:58Z</time>
   </trkpt>
   <trkpt lat="49.8042480" lon="19.9631210">
    <ele>444.4</ele>
    <time>2025-09-07T06:42:59Z</time>
   </trkpt>
   <trkpt lat="49.8042500" lon="19.9631170">
    <ele>444.4</ele>
    <time>2025-09-07T06:43:07Z</time>
   </trkpt>
   <trkpt lat="49.8042500" lon="19.9631070">
    <ele>444.4</ele>
    <time>2025-09-07T06:43:13Z</time>
   </trkpt>
   <trkpt lat="49.8042610" lon="19.9630940">
    <ele>444.6</ele>
    <time>2025-09-07T06:43:19Z</time>
   </trkpt>
   <trkpt lat="49.8042610" lon="19.9630870">
    <ele>444.4</ele>
    <time>2025-09-07T06:43:24Z</time>
   </trkpt>
   <trkpt lat="49.8042610" lon="19.9630870">
    <ele>444.8</ele>
    <time>2025-09-07T06:43:28Z</time>
   </trkpt>
   <trkpt lat="49.8042510" lon="19.9630970">
    <ele>444.8</ele>
    <time>2025-09-07T06:43:30Z</time>
   </trkpt>
   <trkpt lat="49.8042470" lon="19.9630950">
    <ele>444.8</ele>
    <time>2025-09-07T06:43:33Z</time>
   </trkpt>
   <trkpt lat="49.8042470" lon="19.9630950">
    <ele>444.8</ele>
    <time>2025-09-07T06:43:34Z</time>
   </trkpt>
   <trkpt lat="49.8042730" lon="19.9630790">
    <ele>444.6</ele>
    <time>2025-09-07T06:43:36Z</time>
   </trkpt>
   <trkpt lat="49.8042800" lon="19.9630630">
    <ele>444.6</ele>
    <time>2025-09-07T06:43:37Z</time>
   </trkpt>
   <trkpt lat="49.8042870" lon="19.9630430">
    <ele>444.4</ele>
    <time>2025-09-07T06:43:38Z</time>
   </trkpt>
   <trkpt lat="49.8042970" lon="19.9629970">
    <ele>443.8</ele>
    <time>2025-09-07T06:43:40Z</time>
   </trkpt>
   <trkpt lat="49.8043050" lon="19.9629800">
    <ele>443.6</ele>
    <time>2025-09-07T06:43:41Z</time>
   </trkpt>
   <trkpt lat="49.8043140" lon="19.9629700">
    <ele>443.2</ele>
    <time>2025-09-07T06:43:42Z</time>
   </trkpt>
   <trkpt lat="49.8043230" lon="19.9629640">
    <ele>443.0</ele>
    <time>2025-09-07T06:43:43Z</time>
   </trkpt>
   <trkpt lat="49.8043290" lon="19.9629560">
    <ele>442.8</ele>
    <time>2025-09-07T06:43:44Z</time>
   </trkpt>
   <trkpt lat="49.8043410" lon="19.9629420">
    <ele>442.8</ele>
    <time>2025-09-07T06:43:45Z</time>
   </trkpt>
   <trkpt lat="49.8043530" lon="19.9629350">
    <ele>442.4</ele>
    <time>2025-09-07T06:43:46Z</time>
   </trkpt>
   <trkpt lat="49.8043640" lon="19.9629370">
    <ele>442.2</ele>
    <time>2025-09-07T06:43:47Z</time>
   </trkpt>
   <trkpt lat="49.8043730" lon="19.9629450">
    <ele>442.2</ele>
    <time>2025-09-07T06:43:48Z</time>
   </trkpt>
   <trkpt lat="49.8043760" lon="19.9629480">
    <ele>442.0</ele>
    <time>2025-09-07T06:43:49Z</time>
   </trkpt>
   <trkpt lat="49.8043780" lon="19.9629490">
    <ele>442.0</ele>
    <time>2025-09-07T06:43:50Z</time>
   </trkpt>
   <trkpt lat="49.8043810" lon="19.9629470">
    <ele>442.0</ele>
    <time>2025-09-07T06:43:54Z</time>
   </trkpt>
   <trkpt lat="49.8043810" lon="19.9629470">
    <ele>441.8</ele>
    <time>2025-09-07T06:44:01Z</time>
   </trkpt>
   <trkpt lat="49.8043820" lon="19.9629570">
    <ele>442.2</ele>
    <time>2025-09-07T06:44:10Z</time>
   </trkpt>
   <trkpt lat="49.8043890" lon="19.9629360">
    <ele>442.2</ele>
    <time>2025-09-07T06:44:13Z</time>
   </trkpt>
   <trkpt lat="49.8043940" lon="19.9629370">
    <ele>442.2</ele>
    <time>2025-09-07T06:44:16Z</time>
   </trkpt>
   <trkpt lat="49.8043900" lon="19.9629520">
    <ele>442.0</ele>
    <time>2025-09-07T06:44:25Z</time>
   </trkpt>
   <trkpt lat="49.8043840" lon="19.9629520">
    <ele>442.2</ele>
    <time>2025-09-07T06:44:32Z</time>
   </trkpt>
   <trkpt lat="49.8043970" lon="19.9629450">
    <ele>441.8</ele>
    <time>2025-09-07T06:44:38Z</time>
   </trkpt>
   <trkpt lat="49.8043970" lon="19.9629450">
    <ele>441.8</ele>
    <time>2025-09-07T06:44:46Z</time>
   </trkpt>
   <trkpt lat="49.8043970" lon="19.9629500">
    <ele>442.2</ele>
    <time>2025-09-07T06:44:59Z</time>
   </trkpt>
   <trkpt lat="49.8044020" lon="19.9629520">
    <ele>442.2</ele>
    <time>2025-09-07T06:45:05Z</time>
   </trkpt>
   <trkpt lat="49.8044020" lon="19.9629520">
    <ele>442.2</ele>
    <time>2025-09-07T06:45:08Z</time>
   </trkpt>
   <trkpt lat="49.8044040" lon="19.9629450">
    <ele>442.2</ele>
    <time>2025-09-07T06:45:09Z</time>
   </trkpt>
   <trkpt lat="49.8044080" lon="19.9629460">
    <ele>442.2</ele>
    <time>2025-09-07T06:45:14Z</time>
   </trkpt>
   <trkpt lat="49.8043990" lon="19.9629500">
    <ele>442.2</ele>
    <time>2025-09-07T06:45:20Z</time>
   </trkpt>
   <trkpt lat="49.8043990" lon="19.9629500">
    <ele>442.2</ele>
    <time>2025-09-07T06:45:21Z</time>
   </trkpt>
   <trkpt lat="49.8043990" lon="19.9629500">
    <ele>442.2</ele>
    <time>2025-09-07T06:45:24Z</time>
   </trkpt>
   <trkpt lat="49.8044060" lon="19.9629500">
    <ele>442.2</ele>
    <time>2025-09-07T06:45:31Z</time>
   </trkpt>
   <trkpt lat="49.8044060" lon="19.9629500">
    <ele>442.2</ele>
    <time>2025-09-07T06:45:41Z</time>
   </trkpt>
   <trkpt lat="49.8044060" lon="19.9629500">
    <ele>442.2</ele>
    <time>2025-09-07T06:45:48Z</time>
   </trkpt>
   <trkpt lat="49.8044060" lon="19.9629500">
    <ele>442.2</ele>
    <time>2025-09-07T06:45:49Z</time>
   </trkpt>
   <trkpt lat="49.8044130" lon="19.9629470">
    <ele>442.2</ele>
    <time>2025-09-07T06:45:56Z</time>
   </trkpt>
   <trkpt lat="49.8044130" lon="19.9629470">
    <ele>442.2</ele>
    <time>2025-09-07T06:46:03Z</time>
   </trkpt>
   <trkpt lat="49.8044130" lon="19.9629470">
    <ele>442.2</ele>
    <time>2025-09-07T06:46:06Z</time>
   </trkpt>
   <trkpt lat="49.8044000" lon="19.9629470">
    <ele>442.2</ele>
    <time>2025-09-07T06:46:10Z</time>
   </trkpt>
   <trkpt lat="49.8043990" lon="19.9629470">
    <ele>442.2</ele>
    <time>2025-09-07T06:46:13Z</time>
   </trkpt>
   <trkpt lat="49.8043920" lon="19.9629500">
    <ele>442.2</ele>
    <time>2025-09-07T06:46:20Z</time>
   </trkpt>
   <trkpt lat="49.8043920" lon="19.9629500">
    <ele>442.2</ele>
    <time>2025-09-07T06:46:29Z</time>
   </trkpt>
   <trkpt lat="49.8043920" lon="19.9629500">
    <ele>442.2</ele>
    <time>2025-09-07T06:46:30Z</time>
   </trkpt>
   <trkpt lat="49.8043890" lon="19.9629480">
    <ele>442.2</ele>
    <time>2025-09-07T06:46:39Z</time>
   </trkpt>
   <trkpt lat="49.8043890" lon="19.9629480">
    <ele>442.2</ele>
    <time>2025-09-07T06:46:47Z</time>
   </trkpt>
   <trkpt lat="49.8043890" lon="19.9629480">
    <ele>442.2</ele>
    <time>2025-09-07T06:46:53Z</time>
   </trkpt>
   <trkpt lat="49.8043910" lon="19.9629410">
    <ele>442.2</ele>
    <time>2025-09-07T06:47:03Z</time>
   </trkpt>
   <trkpt lat="49.8043910" lon="19.9629410">
    <ele>442.2</ele>
    <time>2025-09-07T06:47:04Z</time>
   </trkpt>
   <trkpt lat="49.8043910" lon="19.9629410">
    <ele>442.2</ele>
    <time>2025-09-07T06:47:15Z</time>
   </trkpt>
   <trkpt lat="49.8043910" lon="19.9629410">
    <ele>442.2</ele>
    <time>2025-09-07T06:47:16Z</time>
   </trkpt>
   <trkpt lat="49.8043910" lon="19.9629410">
    <ele>442.2</ele>
    <time>2025-09-07T06:47:23Z</time>
   </trkpt>
   <trkpt lat="49.8043990" lon="19.9629290">
    <ele>442.2</ele>
    <time>2025-09-07T06:47:27Z</time>
   </trkpt>
   <trkpt lat="49.8044020" lon="19.9629270">
    <ele>442.2</ele>
    <time>2025-09-07T06:47:33Z</time>
   </trkpt>
   <trkpt lat="49.8044020" lon="19.9629200">
    <ele>442.2</ele>
    <time>2025-09-07T06:47:41Z</time>
   </trkpt>
   <trkpt lat="49.8044040" lon="19.9629100">
    <ele>442.2</ele>
    <time>2025-09-07T06:47:51Z</time>
   </trkpt>
   <trkpt lat="49.8044040" lon="19.9629100">
    <ele>442.2</ele>
    <time>2025-09-07T06:48:00Z</time>
   </trkpt>
   <trkpt lat="49.8044040" lon="19.9629100">
    <ele>442.2</ele>
    <time>2025-09-07T06:48:04Z</time>
   </trkpt>
   <trkpt lat="49.8044010" lon="19.9629060">
    <ele>442.2</ele>
    <time>2025-09-07T06:48:09Z</time>
   </trkpt>
   <trkpt lat="49.8043980" lon="19.9629000">
    <ele>442.2</ele>
    <time>2025-09-07T06:48:10Z</time>
   </trkpt>
   <trkpt lat="49.8043890" lon="19.9628970">
    <ele>442.2</ele>
    <time>2025-09-07T06:48:13Z</time>
   </trkpt>
   <trkpt lat="49.8043890" lon="19.9628970">
    <ele>442.4</ele>
    <time>2025-09-07T06:48:14Z</time>
   </trkpt>
   <trkpt lat="49.8043760" lon="19.9629260">
    <ele>442.4</ele>
    <time>2025-09-07T06:48:16Z</time>
   </trkpt>
   <trkpt lat="49.8043620" lon="19.9629420">
    <ele>442.8</ele>
    <time>2025-09-07T06:48:17Z</time>
   </trkpt>
   <trkpt lat="49.8043570" lon="19.9629570">
    <ele>443.0</ele>
    <time>2025-09-07T06:48:18Z</time>
   </trkpt>
   <trkpt lat="49.8043550" lon="19.9629720">
    <ele>443.2</ele>
    <time>2025-09-07T06:48:19Z</time>
   </trkpt>
   <trkpt lat="49.8043520" lon="19.9629910">
    <ele>443.4</ele>
    <time>2025-09-07T06:48:20Z</time>
   </trkpt>
   <trkpt lat="49.8043460" lon="19.9630050">
    <ele>443.6</ele>
    <time>2025-09-07T06:48:21Z</time>
   </trkpt>
   <trkpt lat="49.8043240" lon="19.9630670">
    <ele>444.0</ele>
    <time>2025-09-07T06:48:24Z</time>
   </trkpt>
   <trkpt lat="49.8043100" lon="19.9630820">
    <ele>444.2</ele>
    <time>2025-09-07T06:48:25Z</time>
   </trkpt>
   <trkpt lat="49.8042940" lon="19.9630920">
    <ele>444.4</ele>
    <time>2025-09-07T06:48:26Z</time>
   </trkpt>
   <trkpt lat="49.8042830" lon="19.9631100">
    <ele>444.8</ele>
    <time>2025-09-07T06:48:27Z</time>
   </trkpt>
   <trkpt lat="49.8042760" lon="19.9631350">
    <ele>445.0</ele>
    <time>2025-09-07T06:48:28Z</time>
   </trkpt>
   <trkpt lat="49.8042710" lon="19.9631580">
    <ele>445.2</ele>
    <time>2025-09-07T06:48:29Z</time>
   </trkpt>
   <trkpt lat="49.8042630" lon="19.9631770">
    <ele>445.4</ele>
    <time>2025-09-07T06:48:30Z</time>
   </trkpt>
   <trkpt lat="49.8042530" lon="19.9631960">
    <ele>445.6</ele>
    <time>2025-09-07T06:48:31Z</time>
   </trkpt>
   <trkpt lat="49.8042430" lon="19.9632130">
    <ele>445.8</ele>
    <time>2025-09-07T06:48:32Z</time>
   </trkpt>
   <trkpt lat="49.8042360" lon="19.9632200">
    <ele>446.2</ele>
    <time>2025-09-07T06:48:33Z</time>
   </trkpt>
   <trkpt lat="49.8042340" lon="19.9632280">
    <ele>446.4</ele>
    <time>2025-09-07T06:48:34Z</time>
   </trkpt>
   <trkpt lat="49.8042280" lon="19.9632400">
    <ele>446.8</ele>
    <time>2025-09-07T06:48:35Z</time>
   </trkpt>
   <trkpt lat="49.8042200" lon="19.9632540">
    <ele>447.0</ele>
    <time>2025-09-07T06:48:36Z</time>
   </trkpt>
   <trkpt lat="49.8042120" lon="19.9632740">
    <ele>447.4</ele>
    <time>2025-09-07T06:48:37Z</time>
   </trkpt>
   <trkpt lat="49.8042040" lon="19.9633010">
    <ele>447.8</ele>
    <time>2025-09-07T06:48:38Z</time>
   </trkpt>
   <trkpt lat="49.8041910" lon="19.9633280">
    <ele>448.0</ele>
    <time>2025-09-07T06:48:39Z</time>
   </trkpt>
   <trkpt lat="49.8041830" lon="19.9633540">
    <ele>448.2</ele>
    <time>2025-09-07T06:48:40Z</time>
   </trkpt>
   <trkpt lat="49.8041790" lon="19.9633780">
    <ele>448.4</ele>
    <time>2025-09-07T06:48:41Z</time>
   </trkpt>
   <trkpt lat="49.8041710" lon="19.9634050">
    <ele>448.8</ele>
    <time>2025-09-07T06:48:42Z</time>
   </trkpt>
   <trkpt lat="49.8041660" lon="19.9634310">
    <ele>449.2</ele>
    <time>2025-09-07T06:48:43Z</time>
   </trkpt>
   <trkpt lat="49.8041610" lon="19.9634540">
    <ele>449.4</ele>
    <time>2025-09-07T06:48:44Z</time>
   </trkpt>
   <trkpt lat="49.8041530" lon="19.9634820">
    <ele>449.6</ele>
    <time>2025-09-07T06:48:45Z</time>
   </trkpt>
   <trkpt lat="49.8041390" lon="19.9635070">
    <ele>450.0</ele>
    <time>2025-09-07T06:48:46Z</time>
   </trkpt>
   <trkpt lat="49.8041290" lon="19.9635310">
    <ele>450.4</ele>
    <time>2025-09-07T06:48:47Z</time>
   </trkpt>
   <trkpt lat="49.8041200" lon="19.9635510">
    <ele>450.8</ele>
    <time>2025-09-07T06:48:48Z</time>
   </trkpt>
   <trkpt lat="49.8041110" lon="19.9635690">
    <ele>451.0</ele>
    <time>2025-09-07T06:48:49Z</time>
   </trkpt>
   <trkpt lat="49.8041010" lon="19.9635890">
    <ele>451.2</ele>
    <time>2025-09-07T06:48:50Z</time>
   </trkpt>
   <trkpt lat="49.8040910" lon="19.9636130">
    <ele>451.6</ele>
    <time>2025-09-07T06:48:51Z</time>
   </trkpt>
   <trkpt lat="49.8040800" lon="19.9636330">
    <ele>451.8</ele>
    <time>2025-09-07T06:48:52Z</time>
   </trkpt>
   <trkpt lat="49.8040720" lon="19.9636520">
    <ele>452.2</ele>
    <time>2025-09-07T06:48:53Z</time>
   </trkpt>
   <trkpt lat="49.8040630" lon="19.9636730">
    <ele>452.4</ele>
    <time>2025-09-07T06:48:54Z</time>
   </trkpt>
   <trkpt lat="49.8040540" lon="19.9636970">
    <ele>452.8</ele>
    <time>2025-09-07T06:48:55Z</time>
   </trkpt>
   <trkpt lat="49.8040460" lon="19.9637180">
    <ele>453.0</ele>
    <time>2025-09-07T06:48:56Z</time>
   </trkpt>
   <trkpt lat="49.8040350" lon="19.9637400">
    <ele>453.4</ele>
    <time>2025-09-07T06:48:57Z</time>
   </trkpt>
   <trkpt lat="49.8040250" lon="19.9637620">
    <ele>453.6</ele>
    <time>2025-09-07T06:48:58Z</time>
   </trkpt>
   <trkpt lat="49.8040200" lon="19.9637820">
    <ele>454.0</ele>
    <time>2025-09-07T06:48:59Z</time>
   </trkpt>
   <trkpt lat="49.8040150" lon="19.9638020">
    <ele>454.2</ele>
    <time>2025-09-07T06:49:00Z</time>
   </trkpt>
   <trkpt lat="49.8040090" lon="19.9638250">
    <ele>454.4</ele>
    <time>2025-09-07T06:49:01Z</time>
   </trkpt>
   <trkpt lat="49.8040000" lon="19.9638470">
    <ele>454.8</ele>
    <time>2025-09-07T06:49:02Z</time>
   </trkpt>
   <trkpt lat="49.8039930" lon="19.9638710">
    <ele>455.0</ele>
    <time>2025-09-07T06:49:03Z</time>
   </trkpt>
   <trkpt lat="49.8039900" lon="19.9638960">
    <ele>455.4</ele>
    <time>2025-09-07T06:49:04Z</time>
   </trkpt>
   <trkpt lat="49.8039790" lon="19.9639200">
    <ele>455.8</ele>
    <time>2025-09-07T06:49:05Z</time>
   </trkpt>
   <trkpt lat="49.8039730" lon="19.9639430">
    <ele>456.0</ele>
    <time>2025-09-07T06:49:06Z</time>
   </trkpt>
   <trkpt lat="49.8039710" lon="19.9639680">
    <ele>456.2</ele>
    <time>2025-09-07T06:49:07Z</time>
   </trkpt>
   <trkpt lat="49.8039700" lon="19.9639960">
    <ele>456.6</ele>
    <time>2025-09-07T06:49:08Z</time>
   </trkpt>
   <trkpt lat="49.8039670" lon="19.9640210">
    <ele>456.8</ele>
    <time>2025-09-07T06:49:09Z</time>
   </trkpt>
   <trkpt lat="49.8039590" lon="19.9640420">
    <ele>457.0</ele>
    <time>2025-09-07T06:49:10Z</time>
   </trkpt>
   <trkpt lat="49.8039500" lon="19.9640620">
    <ele>457.4</ele>
    <time>2025-09-07T06:49:11Z</time>
   </trkpt>
   <trkpt lat="49.8039400" lon="19.9640840">
    <ele>457.6</ele>
    <time>2025-09-07T06:49:12Z</time>
   </trkpt>
   <trkpt lat="49.8039310" lon="19.9641070">
    <ele>457.8</ele>
    <time>2025-09-07T06:49:13Z</time>
   </trkpt>
   <trkpt lat="49.8039260" lon="19.9641290">
    <ele>458.2</ele>
    <time>2025-09-07T06:49:14Z</time>
   </trkpt>
   <trkpt lat="49.8039170" lon="19.9641550">
    <ele>458.4</ele>
    <time>2025-09-07T06:49:15Z</time>
   </trkpt>
   <trkpt lat="49.8039100" lon="19.9641800">
    <ele>458.6</ele>
    <time>2025-09-07T06:49:16Z</time>
   </trkpt>
   <trkpt lat="49.8039010" lon="19.9642070">
    <ele>458.8</ele>
    <time>2025-09-07T06:49:17Z</time>
   </trkpt>
   <trkpt lat="49.8038940" lon="19.9642300">
    <ele>459.2</ele>
    <time>2025-09-07T06:49:18Z</time>
   </trkpt>
   <trkpt lat="49.8038870" lon="19.9642540">
    <ele>459.4</ele>
    <time>2025-09-07T06:49:19Z</time>
   </trkpt>
   <trkpt lat="49.8038760" lon="19.9642710">
    <ele>459.6</ele>
    <time>2025-09-07T06:49:20Z</time>
   </trkpt>
   <trkpt lat="49.8038650" lon="19.9642870">
    <ele>460.0</ele>
    <time>2025-09-07T06:49:21Z</time>
   </trkpt>
   <trkpt lat="49.8038580" lon="19.9643040">
    <ele>460.2</ele>
    <time>2025-09-07T06:49:22Z</time>
   </trkpt>
   <trkpt lat="49.8038520" lon="19.9643260">
    <ele>460.2</ele>
    <time>2025-09-07T06:49:23Z</time>
   </trkpt>
   <trkpt lat="49.8038440" lon="19.9643540">
    <ele>460.4</ele>
    <time>2025-09-07T06:49:24Z</time>
   </trkpt>
   <trkpt lat="49.8038360" lon="19.9643880">
    <ele>460.6</ele>
    <time>2025-09-07T06:49:25Z</time>
   </trkpt>
   <trkpt lat="49.8038240" lon="19.9644200">
    <ele>460.8</ele>
    <time>2025-09-07T06:49:26Z</time>
   </trkpt>
   <trkpt lat="49.8038140" lon="19.9644550">
    <ele>461.0</ele>
    <time>2025-09-07T06:49:27Z</time>
   </trkpt>
   <trkpt lat="49.8038060" lon="19.9644880">
    <ele>461.2</ele>
    <time>2025-09-07T06:49:28Z</time>
   </trkpt>
   <trkpt lat="49.8038000" lon="19.9645220">
    <ele>461.6</ele>
    <time>2025-09-07T06:49:29Z</time>
   </trkpt>
   <trkpt lat="49.8037870" lon="19.9645580">
    <ele>461.8</ele>
    <time>2025-09-07T06:49:30Z</time>
   </trkpt>
   <trkpt lat="49.8037740" lon="19.9645950">
    <ele>462.2</ele>
    <time>2025-09-07T06:49:31Z</time>
   </trkpt>
   <trkpt lat="49.8037660" lon="19.9646270">
    <ele>462.4</ele>
    <time>2025-09-07T06:49:32Z</time>
   </trkpt>
   <trkpt lat="49.8037530" lon="19.9646640">
    <ele>462.6</ele>
    <time>2025-09-07T06:49:33Z</time>
   </trkpt>
   <trkpt lat="49.8037420" lon="19.9647010">
    <ele>463.0</ele>
    <time>2025-09-07T06:49:34Z</time>
   </trkpt>
   <trkpt lat="49.8037370" lon="19.9647360">
    <ele>463.2</ele>
    <time>2025-09-07T06:49:35Z</time>
   </trkpt>
   <trkpt lat="49.8037270" lon="19.9647690">
    <ele>463.6</ele>
    <time>2025-09-07T06:49:36Z</time>
   </trkpt>
   <trkpt lat="49.8037170" lon="19.9648060">
    <ele>464.0</ele>
    <time>2025-09-07T06:49:37Z</time>
   </trkpt>
   <trkpt lat="49.8037050" lon="19.9648410">
    <ele>464.2</ele>
    <time>2025-09-07T06:49:38Z</time>
   </trkpt>
   <trkpt lat="49.8036970" lon="19.9648770">
    <ele>464.4</ele>
    <time>2025-09-07T06:49:39Z</time>
   </trkpt>
   <trkpt lat="49.8036900" lon="19.9649100">
    <ele>464.6</ele>
    <time>2025-09-07T06:49:40Z</time>
   </trkpt>
   <trkpt lat="49.8036790" lon="19.9649420">
    <ele>464.8</ele>
    <time>2025-09-07T06:49:41Z</time>
   </trkpt>
   <trkpt lat="49.8036660" lon="19.9649730">
    <ele>465.2</ele>
    <time>2025-09-07T06:49:42Z</time>
   </trkpt>
   <trkpt lat="49.8036520" lon="19.9650000">
    <ele>465.2</ele>
    <time>2025-09-07T06:49:43Z</time>
   </trkpt>
   <trkpt lat="49.8036400" lon="19.9650290">
    <ele>465.6</ele>
    <time>2025-09-07T06:49:44Z</time>
   </trkpt>
   <trkpt lat="49.8036320" lon="19.9650600">
    <ele>465.8</ele>
    <time>2025-09-07T06:49:45Z</time>
   </trkpt>
   <trkpt lat="49.8036250" lon="19.9650920">
    <ele>465.8</ele>
    <time>2025-09-07T06:49:46Z</time>
   </trkpt>
   <trkpt lat="49.8036180" lon="19.9651260">
    <ele>465.8</ele>
    <time>2025-09-07T06:49:47Z</time>
   </trkpt>
   <trkpt lat="49.8036100" lon="19.9651590">
    <ele>466.0</ele>
    <time>2025-09-07T06:49:48Z</time>
   </trkpt>
   <trkpt lat="49.8036020" lon="19.9651900">
    <ele>466.2</ele>
    <time>2025-09-07T06:49:49Z</time>
   </trkpt>
   <trkpt lat="49.8035940" lon="19.9652230">
    <ele>466.4</ele>
    <time>2025-09-07T06:49:50Z</time>
   </trkpt>
   <trkpt lat="49.8035820" lon="19.9652550">
    <ele>466.6</ele>
    <time>2025-09-07T06:49:51Z</time>
   </trkpt>
   <trkpt lat="49.8035640" lon="19.9652890">
    <ele>466.8</ele>
    <time>2025-09-07T06:49:52Z</time>
   </trkpt>
   <trkpt lat="49.8035530" lon="19.9653230">
    <ele>466.8</ele>
    <time>2025-09-07T06:49:53Z</time>
   </trkpt>
   <trkpt lat="49.8035420" lon="19.9653560">
    <ele>467.0</ele>
    <time>2025-09-07T06:49:54Z</time>
   </trkpt>
   <trkpt lat="49.8035320" lon="19.9653890">
    <ele>467.0</ele>
    <time>2025-09-07T06:49:55Z</time>
   </trkpt>
   <trkpt lat="49.8035220" lon="19.9654170">
    <ele>467.2</ele>
    <time>2025-09-07T06:49:56Z</time>
   </trkpt>
   <trkpt lat="49.8035110" lon="19.9654480">
    <ele>467.2</ele>
    <time>2025-09-07T06:49:57Z</time>
   </trkpt>
   <trkpt lat="49.8035000" lon="19.9654800">
    <ele>467.6</ele>
    <time>2025-09-07T06:49:58Z</time>
   </trkpt>
   <trkpt lat="49.8034860" lon="19.9655100">
    <ele>467.6</ele>
    <time>2025-09-07T06:49:59Z</time>
   </trkpt>
   <trkpt lat="49.8034760" lon="19.9655400">
    <ele>467.6</ele>
    <time>2025-09-07T06:50:00Z</time>
   </trkpt>
   <trkpt lat="49.8034680" lon="19.9655730">
    <ele>467.8</ele>
    <time>2025-09-07T06:50:01Z</time>
   </trkpt>
   <trkpt lat="49.8034610" lon="19.9656090">
    <ele>468.0</ele>
    <time>2025-09-07T06:50:02Z</time>
   </trkpt>
   <trkpt lat="49.8034500" lon="19.9656420">
    <ele>468.0</ele>
    <time>2025-09-07T06:50:03Z</time>
   </trkpt>
   <trkpt lat="49.8034400" lon="19.9656760">
    <ele>468.2</ele>
    <time>2025-09-07T06:50:04Z</time>
   </trkpt>
   <trkpt lat="49.8034300" lon="19.9657090">
    <ele>468.2</ele>
    <time>2025-09-07T06:50:05Z</time>
   </trkpt>
   <trkpt lat="49.8034220" lon="19.9657430">
    <ele>468.4</ele>
    <time>2025-09-07T06:50:06Z</time>
   </trkpt>
   <trkpt lat="49.8034120" lon="19.9657760">
    <ele>468.4</ele>
    <time>2025-09-07T06:50:07Z</time>
   </trkpt>
   <trkpt lat="49.8034060" lon="19.9658050">
    <ele>468.6</ele>
    <time>2025-09-07T06:50:08Z</time>
   </trkpt>
   <trkpt lat="49.8033990" lon="19.9658350">
    <ele>468.8</ele>
    <time>2025-09-07T06:50:09Z</time>
   </trkpt>
   <trkpt lat="49.8033880" lon="19.9658650">
    <ele>469.0</ele>
    <time>2025-09-07T06:50:10Z</time>
   </trkpt>
   <trkpt lat="49.8033800" lon="19.9658970">
    <ele>469.2</ele>
    <time>2025-09-07T06:50:11Z</time>
   </trkpt>
   <trkpt lat="49.8033690" lon="19.9659290">
    <ele>469.2</ele>
    <time>2025-09-07T06:50:12Z</time>
   </trkpt>
   <trkpt lat="49.8033600" lon="19.9659580">
    <ele>469.4</ele>
    <time>2025-09-07T06:50:13Z</time>
   </trkpt>
   <trkpt lat="49.8033490" lon="19.9659870">
    <ele>469.6</ele>
    <time>2025-09-07T06:50:14Z</time>
   </trkpt>
   <trkpt lat="49.8033400" lon="19.9660210">
    <ele>469.8</ele>
    <time>2025-09-07T06:50:15Z</time>
   </trkpt>
   <trkpt lat="49.8033240" lon="19.9660530">
    <ele>470.2</ele>
    <time>2025-09-07T06:50:16Z</time>
   </trkpt>
   <trkpt lat="49.8033140" lon="19.9660800">
    <ele>470.4</ele>
    <time>2025-09-07T06:50:17Z</time>
   </trkpt>
   <trkpt lat="49.8033010" lon="19.9661080">
    <ele>470.6</ele>
    <time>2025-09-07T06:50:18Z</time>
   </trkpt>
   <trkpt lat="49.8032870" lon="19.9661390">
    <ele>470.6</ele>
    <time>2025-09-07T06:50:19Z</time>
   </trkpt>
   <trkpt lat="49.8032700" lon="19.9661680">
    <ele>471.0</ele>
    <time>2025-09-07T06:50:20Z</time>
   </trkpt>
   <trkpt lat="49.8032560" lon="19.9661970">
    <ele>471.0</ele>
    <time>2025-09-07T06:50:21Z</time>
   </trkpt>
   <trkpt lat="49.8032470" lon="19.9662290">
    <ele>471.2</ele>
    <time>2025-09-07T06:50:22Z</time>
   </trkpt>
   <trkpt lat="49.8032340" lon="19.9662580">
    <ele>471.2</ele>
    <time>2025-09-07T06:50:23Z</time>
   </trkpt>
   <trkpt lat="49.8032210" lon="19.9662890">
    <ele>471.4</ele>
    <time>2025-09-07T06:50:24Z</time>
   </trkpt>
   <trkpt lat="49.8032070" lon="19.9663150">
    <ele>471.6</ele>
    <time>2025-09-07T06:50:25Z</time>
   </trkpt>
   <trkpt lat="49.8031950" lon="19.9663430">
    <ele>471.8</ele>
    <time>2025-09-07T06:50:26Z</time>
   </trkpt>
   <trkpt lat="49.8031820" lon="19.9663730">
    <ele>472.2</ele>
    <time>2025-09-07T06:50:27Z</time>
   </trkpt>
   <trkpt lat="49.8031700" lon="19.9664050">
    <ele>472.4</ele>
    <time>2025-09-07T06:50:28Z</time>
   </trkpt>
   <trkpt lat="49.8031570" lon="19.9664340">
    <ele>472.4</ele>
    <time>2025-09-07T06:50:29Z</time>
   </trkpt>
   <trkpt lat="49.8031430" lon="19.9664560">
    <ele>472.6</ele>
    <time>2025-09-07T06:50:30Z</time>
   </trkpt>
   <trkpt lat="49.8031300" lon="19.9664830">
    <ele>473.0</ele>
    <time>2025-09-07T06:50:31Z</time>
   </trkpt>
   <trkpt lat="49.8031130" lon="19.9665070">
    <ele>473.2</ele>
    <time>2025-09-07T06:50:32Z</time>
   </trkpt>
   <trkpt lat="49.8030940" lon="19.9665350">
    <ele>473.4</ele>
    <time>2025-09-07T06:50:33Z</time>
   </trkpt>
   <trkpt lat="49.8030790" lon="19.9665650">
    <ele>473.6</ele>
    <time>2025-09-07T06:50:34Z</time>
   </trkpt>
   <trkpt lat="49.8030660" lon="19.9665940">
    <ele>474.0</ele>
    <time>2025-09-07T06:50:35Z</time>
   </trkpt>
   <trkpt lat="49.8030530" lon="19.9666220">
    <ele>474.2</ele>
    <time>2025-09-07T06:50:36Z</time>
   </trkpt>
   <trkpt lat="49.8030380" lon="19.9666490">
    <ele>474.4</ele>
    <time>2025-09-07T06:50:37Z</time>
   </trkpt>
   <trkpt lat="49.8030230" lon="19.9666760">
    <ele>474.8</ele>
    <time>2025-09-07T06:50:38Z</time>
   </trkpt>
   <trkpt lat="49.8030070" lon="19.9667040">
    <ele>475.0</ele>
    <time>2025-09-07T06:50:39Z</time>
   </trkpt>
   <trkpt lat="49.8029930" lon="19.9667310">
    <ele>475.4</ele>
    <time>2025-09-07T06:50:40Z</time>
   </trkpt>
   <trkpt lat="49.8029790" lon="19.9667560">
    <ele>475.6</ele>
    <time>2025-09-07T06:50:41Z</time>
   </trkpt>
   <trkpt lat="49.8029650" lon="19.9667840">
    <ele>475.8</ele>
    <time>2025-09-07T06:50:42Z</time>
   </trkpt>
   <trkpt lat="49.8029500" lon="19.9668120">
    <ele>476.0</ele>
    <time>2025-09-07T06:50:43Z</time>
   </trkpt>
   <trkpt lat="49.8029360" lon="19.9668410">
    <ele>476.2</ele>
    <time>2025-09-07T06:50:44Z</time>
   </trkpt>
   <trkpt lat="49.8029200" lon="19.9668700">
    <ele>476.4</ele>
    <time>2025-09-07T06:50:45Z</time>
   </trkpt>
   <trkpt lat="49.8029090" lon="19.9668970">
    <ele>476.6</ele>
    <time>2025-09-07T06:50:46Z</time>
   </trkpt>
   <trkpt lat="49.8028980" lon="19.9669200">
    <ele>477.0</ele>
    <time>2025-09-07T06:50:47Z</time>
   </trkpt>
   <trkpt lat="49.8028870" lon="19.9669470">
    <ele>477.2</ele>
    <time>2025-09-07T06:50:48Z</time>
   </trkpt>
   <trkpt lat="49.8028740" lon="19.9669760">
    <ele>477.4</ele>
    <time>2025-09-07T06:50:49Z</time>
   </trkpt>
   <trkpt lat="49.8028630" lon="19.9670020">
    <ele>477.4</ele>
    <time>2025-09-07T06:50:50Z</time>
   </trkpt>
   <trkpt lat="49.8028490" lon="19.9670310">
    <ele>477.8</ele>
    <time>2025-09-07T06:50:51Z</time>
   </trkpt>
   <trkpt lat="49.8028300" lon="19.9670620">
    <ele>478.0</ele>
    <time>2025-09-07T06:50:52Z</time>
   </trkpt>
   <trkpt lat="49.8028140" lon="19.9670920">
    <ele>478.0</ele>
    <time>2025-09-07T06:50:53Z</time>
   </trkpt>
   <trkpt lat="49.8027980" lon="19.9671220">
    <ele>478.2</ele>
    <time>2025-09-07T06:50:54Z</time>
   </trkpt>
   <trkpt lat="49.8027790" lon="19.9671540">
    <ele>478.4</ele>
    <time>2025-09-07T06:50:55Z</time>
   </trkpt>
   <trkpt lat="49.8027630" lon="19.9671840">
    <ele>478.6</ele>
    <time>2025-09-07T06:50:56Z</time>
   </trkpt>
   <trkpt lat="49.8027490" lon="19.9672170">
    <ele>479.0</ele>
    <time>2025-09-07T06:50:57Z</time>
   </trkpt>
   <trkpt lat="49.8027370" lon="19.9672510">
    <ele>479.2</ele>
    <time>2025-09-07T06:50:58Z</time>
   </trkpt>
   <trkpt lat="49.8027270" lon="19.9672850">
    <ele>479.2</ele>
    <time>2025-09-07T06:50:59Z</time>
   </trkpt>
   <trkpt lat="49.8027180" lon="19.9673170">
    <ele>479.6</ele>
    <time>2025-09-07T06:51:00Z</time>
   </trkpt>
   <trkpt lat="49.8027060" lon="19.9673420">
    <ele>479.6</ele>
    <time>2025-09-07T06:51:01Z</time>
   </trkpt>
   <trkpt lat="49.8026980" lon="19.9673670">
    <ele>479.8</ele>
    <time>2025-09-07T06:51:02Z</time>
   </trkpt>
   <trkpt lat="49.8026850" lon="19.9674010">
    <ele>480.0</ele>
    <time>2025-09-07T06:51:03Z</time>
   </trkpt>
   <trkpt lat="49.8026690" lon="19.9674380">
    <ele>480.0</ele>
    <time>2025-09-07T06:51:04Z</time>
   </trkpt>
   <trkpt lat="49.8026520" lon="19.9674750">
    <ele>480.0</ele>
    <time>2025-09-07T06:51:05Z</time>
   </trkpt>
   <trkpt lat="49.8026330" lon="19.9675170">
    <ele>480.0</ele>
    <time>2025-09-07T06:51:06Z</time>
   </trkpt>
   <trkpt lat="49.8026130" lon="19.9675570">
    <ele>480.2</ele>
    <time>2025-09-07T06:51:07Z</time>
   </trkpt>
   <trkpt lat="49.8025940" lon="19.9675990">
    <ele>480.2</ele>
    <time>2025-09-07T06:51:08Z</time>
   </trkpt>
   <trkpt lat="49.8025780" lon="19.9676400">
    <ele>480.2</ele>
    <time>2025-09-07T06:51:09Z</time>
   </trkpt>
   <trkpt lat="49.8025620" lon="19.9676800">
    <ele>480.4</ele>
    <time>2025-09-07T06:51:10Z</time>
   </trkpt>
   <trkpt lat="49.8025430" lon="19.9677180">
    <ele>480.6</ele>
    <time>2025-09-07T06:51:11Z</time>
   </trkpt>
   <trkpt lat="49.8025220" lon="19.9677500">
    <ele>480.6</ele>
    <time>2025-09-07T06:51:12Z</time>
   </trkpt>
   <trkpt lat="49.8025000" lon="19.9677840">
    <ele>480.8</ele>
    <time>2025-09-07T06:51:13Z</time>
   </trkpt>
   <trkpt lat="49.8024770" lon="19.9678160">
    <ele>480.8</ele>
    <time>2025-09-07T06:51:14Z</time>
   </trkpt>
   <trkpt lat="49.8024570" lon="19.9678460">
    <ele>481.0</ele>
    <time>2025-09-07T06:51:15Z</time>
   </trkpt>
   <trkpt lat="49.8024380" lon="19.9678770">
    <ele>481.2</ele>
    <time>2025-09-07T06:51:16Z</time>
   </trkpt>
   <trkpt lat="49.8024170" lon="19.9679060">
    <ele>481.2</ele>
    <time>2025-09-07T06:51:17Z</time>
   </trkpt>
   <trkpt lat="49.8023950" lon="19.9679340">
    <ele>481.4</ele>
    <time>2025-09-07T06:51:18Z</time>
   </trkpt>
   <trkpt lat="49.8023720" lon="19.9679600">
    <ele>481.4</ele>
    <time>2025-09-07T06:51:19Z</time>
   </trkpt>
   <trkpt lat="49.8023460" lon="19.9679820">
    <ele>481.4</ele>
    <time>2025-09-07T06:51:20Z</time>
   </trkpt>
   <trkpt lat="49.8023150" lon="19.9680000">
    <ele>481.4</ele>
    <time>2025-09-07T06:51:21Z</time>
   </trkpt>
   <trkpt lat="49.8022810" lon="19.9680170">
    <ele>481.2</ele>
    <time>2025-09-07T06:51:22Z</time>
   </trkpt>
   <trkpt lat="49.8022490" lon="19.9680350">
    <ele>481.0</ele>
    <time>2025-09-07T06:51:23Z</time>
   </trkpt>
   <trkpt lat="49.8022150" lon="19.9680580">
    <ele>480.8</ele>
    <time>2025-09-07T06:51:24Z</time>
   </trkpt>
   <trkpt lat="49.8021730" lon="19.9680790">
    <ele>480.6</ele>
    <time>2025-09-07T06:51:25Z</time>
   </trkpt>
   <trkpt lat="49.8021290" lon="19.9681040">
    <ele>480.2</ele>
    <time>2025-09-07T06:51:26Z</time>
   </trkpt>
   <trkpt lat="49.8020900" lon="19.9681300">
    <ele>479.8</ele>
    <time>2025-09-07T06:51:27Z</time>
   </trkpt>
   <trkpt lat="49.8020550" lon="19.9681570">
    <ele>479.8</ele>
    <time>2025-09-07T06:51:28Z</time>
   </trkpt>
   <trkpt lat="49.8020290" lon="19.9681850">
    <ele>479.8</ele>
    <time>2025-09-07T06:51:29Z</time>
   </trkpt>
   <trkpt lat="49.8020110" lon="19.9682130">
    <ele>479.8</ele>
    <time>2025-09-07T06:51:30Z</time>
   </trkpt>
   <trkpt lat="49.8019990" lon="19.9682400">
    <ele>480.2</ele>
    <time>2025-09-07T06:51:31Z</time>
   </trkpt>
   <trkpt lat="49.8019860" lon="19.9682730">
    <ele>480.6</ele>
    <time>2025-09-07T06:51:32Z</time>
   </trkpt>
   <trkpt lat="49.8019770" lon="19.9683020">
    <ele>481.2</ele>
    <time>2025-09-07T06:51:33Z</time>
   </trkpt>
   <trkpt lat="49.8019660" lon="19.9683410">
    <ele>481.6</ele>
    <time>2025-09-07T06:51:34Z</time>
   </trkpt>
   <trkpt lat="49.8019520" lon="19.9683710">
    <ele>481.8</ele>
    <time>2025-09-07T06:51:35Z</time>
   </trkpt>
   <trkpt lat="49.8019400" lon="19.9683960">
    <ele>482.2</ele>
    <time>2025-09-07T06:51:36Z</time>
   </trkpt>
   <trkpt lat="49.8019300" lon="19.9684560">
    <ele>482.8</ele>
    <time>2025-09-07T06:51:38Z</time>
   </trkpt>
   <trkpt lat="49.8019200" lon="19.9685190">
    <ele>483.4</ele>
    <time>2025-09-07T06:51:40Z</time>
   </trkpt>
   <trkpt lat="49.8019120" lon="19.9685820">
    <ele>484.0</ele>
    <time>2025-09-07T06:51:42Z</time>
   </trkpt>
   <trkpt lat="49.8019010" lon="19.9686140">
    <ele>484.4</ele>
    <time>2025-09-07T06:51:43Z</time>
   </trkpt>
   <trkpt lat="49.8018900" lon="19.9686460">
    <ele>484.6</ele>
    <time>2025-09-07T06:51:44Z</time>
   </trkpt>
   <trkpt lat="49.8018750" lon="19.9686740">
    <ele>484.8</ele>
    <time>2025-09-07T06:51:45Z</time>
   </trkpt>
   <trkpt lat="49.8018610" lon="19.9687000">
    <ele>485.2</ele>
    <time>2025-09-07T06:51:46Z</time>
   </trkpt>
   <trkpt lat="49.8018430" lon="19.9687310">
    <ele>485.4</ele>
    <time>2025-09-07T06:51:47Z</time>
   </trkpt>
   <trkpt lat="49.8018300" lon="19.9687560">
    <ele>485.8</ele>
    <time>2025-09-07T06:51:48Z</time>
   </trkpt>
   <trkpt lat="49.8018160" lon="19.9687820">
    <ele>486.0</ele>
    <time>2025-09-07T06:51:49Z</time>
   </trkpt>
   <trkpt lat="49.8018010" lon="19.9688090">
    <ele>486.2</ele>
    <time>2025-09-07T06:51:50Z</time>
   </trkpt>
   <trkpt lat="49.8017850" lon="19.9688420">
    <ele>486.4</ele>
    <time>2025-09-07T06:51:51Z</time>
   </trkpt>
   <trkpt lat="49.8017680" lon="19.9688740">
    <ele>486.6</ele>
    <time>2025-09-07T06:51:52Z</time>
   </trkpt>
   <trkpt lat="49.8017520" lon="19.9689020">
    <ele>487.0</ele>
    <time>2025-09-07T06:51:53Z</time>
   </trkpt>
   <trkpt lat="49.8017370" lon="19.9689320">
    <ele>487.2</ele>
    <time>2025-09-07T06:51:54Z</time>
   </trkpt>
   <trkpt lat="49.8017200" lon="19.9689610">
    <ele>487.4</ele>
    <time>2025-09-07T06:51:55Z</time>
   </trkpt>
   <trkpt lat="49.8017010" lon="19.9689900">
    <ele>487.4</ele>
    <time>2025-09-07T06:51:56Z</time>
   </trkpt>
   <trkpt lat="49.8016840" lon="19.9690180">
    <ele>487.8</ele>
    <time>2025-09-07T06:51:57Z</time>
   </trkpt>
   <trkpt lat="49.8016700" lon="19.9690480">
    <ele>487.8</ele>
    <time>2025-09-07T06:51:58Z</time>
   </trkpt>
   <trkpt lat="49.8016550" lon="19.9690720">
    <ele>488.0</ele>
    <time>2025-09-07T06:51:59Z</time>
   </trkpt>
   <trkpt lat="49.8016400" lon="19.9691010">
    <ele>488.4</ele>
    <time>2025-09-07T06:52:00Z</time>
   </trkpt>
   <trkpt lat="49.8016240" lon="19.9691310">
    <ele>488.6</ele>
    <time>2025-09-07T06:52:01Z</time>
   </trkpt>
   <trkpt lat="49.8016120" lon="19.9691640">
    <ele>488.8</ele>
    <time>2025-09-07T06:52:02Z</time>
   </trkpt>
   <trkpt lat="49.8015980" lon="19.9691970">
    <ele>489.0</ele>
    <time>2025-09-07T06:52:03Z</time>
   </trkpt>
   <trkpt lat="49.8015820" lon="19.9692290">
    <ele>489.2</ele>
    <time>2025-09-07T06:52:04Z</time>
   </trkpt>
   <trkpt lat="49.8015660" lon="19.9692560">
    <ele>489.4</ele>
    <time>2025-09-07T06:52:05Z</time>
   </trkpt>
   <trkpt lat="49.8015510" lon="19.9692760">
    <ele>489.8</ele>
    <time>2025-09-07T06:52:06Z</time>
   </trkpt>
   <trkpt lat="49.8015360" lon="19.9693010">
    <ele>490.0</ele>
    <time>2025-09-07T06:52:07Z</time>
   </trkpt>
   <trkpt lat="49.8015210" lon="19.9693310">
    <ele>490.2</ele>
    <time>2025-09-07T06:52:08Z</time>
   </trkpt>
   <trkpt lat="49.8015070" lon="19.9693620">
    <ele>490.4</ele>
    <time>2025-09-07T06:52:09Z</time>
   </trkpt>
   <trkpt lat="49.8014940" lon="19.9693950">
    <ele>490.8</ele>
    <time>2025-09-07T06:52:10Z</time>
   </trkpt>
   <trkpt lat="49.8014790" lon="19.9694250">
    <ele>491.0</ele>
    <time>2025-09-07T06:52:11Z</time>
   </trkpt>
   <trkpt lat="49.8014620" lon="19.9694510">
    <ele>491.4</ele>
    <time>2025-09-07T06:52:12Z</time>
   </trkpt>
   <trkpt lat="49.8014470" lon="19.9694750">
    <ele>491.4</ele>
    <time>2025-09-07T06:52:13Z</time>
   </trkpt>
   <trkpt lat="49.8014310" lon="19.9695000">
    <ele>491.8</ele>
    <time>2025-09-07T06:52:14Z</time>
   </trkpt>
   <trkpt lat="49.8014160" lon="19.9695240">
    <ele>491.8</ele>
    <time>2025-09-07T06:52:15Z</time>
   </trkpt>
   <trkpt lat="49.8014010" lon="19.9695480">
    <ele>492.2</ele>
    <time>2025-09-07T06:52:16Z</time>
   </trkpt>
   <trkpt lat="49.8013870" lon="19.9695760">
    <ele>492.6</ele>
    <time>2025-09-07T06:52:17Z</time>
   </trkpt>
   <trkpt lat="49.8013710" lon="19.9696060">
    <ele>492.8</ele>
    <time>2025-09-07T06:52:18Z</time>
   </trkpt>
   <trkpt lat="49.8013590" lon="19.9696330">
    <ele>493.0</ele>
    <time>2025-09-07T06:52:19Z</time>
   </trkpt>
   <trkpt lat="49.8013460" lon="19.9696580">
    <ele>493.4</ele>
    <time>2025-09-07T06:52:20Z</time>
   </trkpt>
   <trkpt lat="49.8013290" lon="19.9696830">
    <ele>493.6</ele>
    <time>2025-09-07T06:52:21Z</time>
   </trkpt>
   <trkpt lat="49.8013140" lon="19.9697060">
    <ele>494.0</ele>
    <time>2025-09-07T06:52:22Z</time>
   </trkpt>
   <trkpt lat="49.8012990" lon="19.9697280">
    <ele>494.2</ele>
    <time>2025-09-07T06:52:23Z</time>
   </trkpt>
   <trkpt lat="49.8012860" lon="19.9697490">
    <ele>494.4</ele>
    <time>2025-09-07T06:52:24Z</time>
   </trkpt>
   <trkpt lat="49.8012720" lon="19.9697700">
    <ele>494.6</ele>
    <time>2025-09-07T06:52:25Z</time>
   </trkpt>
   <trkpt lat="49.8012590" lon="19.9697930">
    <ele>494.8</ele>
    <time>2025-09-07T06:52:26Z</time>
   </trkpt>
   <trkpt lat="49.8012460" lon="19.9698170">
    <ele>495.0</ele>
    <time>2025-09-07T06:52:27Z</time>
   </trkpt>
   <trkpt lat="49.8012320" lon="19.9698380">
    <ele>495.4</ele>
    <time>2025-09-07T06:52:28Z</time>
   </trkpt>
   <trkpt lat="49.8012180" lon="19.9698600">
    <ele>495.6</ele>
    <time>2025-09-07T06:52:29Z</time>
   </trkpt>
   <trkpt lat="49.8012050" lon="19.9698820">
    <ele>495.8</ele>
    <time>2025-09-07T06:52:30Z</time>
   </trkpt>
   <trkpt lat="49.8011890" lon="19.9699080">
    <ele>496.2</ele>
    <time>2025-09-07T06:52:31Z</time>
   </trkpt>
   <trkpt lat="49.8011720" lon="19.9699320">
    <ele>496.4</ele>
    <time>2025-09-07T06:52:32Z</time>
   </trkpt>
   <trkpt lat="49.8011550" lon="19.9699570">
    <ele>496.8</ele>
    <time>2025-09-07T06:52:33Z</time>
   </trkpt>
   <trkpt lat="49.8011380" lon="19.9699790">
    <ele>497.2</ele>
    <time>2025-09-07T06:52:34Z</time>
   </trkpt>
   <trkpt lat="49.8011230" lon="19.9699990">
    <ele>497.4</ele>
    <time>2025-09-07T06:52:35Z</time>
   </trkpt>
   <trkpt lat="49.8011080" lon="19.9700210">
    <ele>497.8</ele>
    <time>2025-09-07T06:52:36Z</time>
   </trkpt>
   <trkpt lat="49.8010920" lon="19.9700450">
    <ele>497.8</ele>
    <time>2025-09-07T06:52:37Z</time>
   </trkpt>
   <trkpt lat="49.8010760" lon="19.9700680">
    <ele>498.2</ele>
    <time>2025-09-07T06:52:38Z</time>
   </trkpt>
   <trkpt lat="49.8010610" lon="19.9700890">
    <ele>498.4</ele>
    <time>2025-09-07T06:52:39Z</time>
   </trkpt>
   <trkpt lat="49.8010480" lon="19.9701080">
    <ele>498.8</ele>
    <time>2025-09-07T06:52:40Z</time>
   </trkpt>
   <trkpt lat="49.8010340" lon="19.9701330">
    <ele>498.8</ele>
    <time>2025-09-07T06:52:41Z</time>
   </trkpt>
   <trkpt lat="49.8010180" lon="19.9701600">
    <ele>499.0</ele>
    <time>2025-09-07T06:52:42Z</time>
   </trkpt>
   <trkpt lat="49.8010040" lon="19.9701860">
    <ele>499.4</ele>
    <time>2025-09-07T06:52:43Z</time>
   </trkpt>
   <trkpt lat="49.8009900" lon="19.9702090">
    <ele>499.6</ele>
    <time>2025-09-07T06:52:44Z</time>
   </trkpt>
   <trkpt lat="49.8009730" lon="19.9702330">
    <ele>499.8</ele>
    <time>2025-09-07T06:52:45Z</time>
   </trkpt>
   <trkpt lat="49.8009540" lon="19.9702580">
    <ele>500.2</ele>
    <time>2025-09-07T06:52:46Z</time>
   </trkpt>
   <trkpt lat="49.8009360" lon="19.9702800">
    <ele>500.4</ele>
    <time>2025-09-07T06:52:47Z</time>
   </trkpt>
   <trkpt lat="49.8009260" lon="19.9703040">
    <ele>500.6</ele>
    <time>2025-09-07T06:52:48Z</time>
   </trkpt>
   <trkpt lat="49.8009110" lon="19.9703270">
    <ele>501.0</ele>
    <time>2025-09-07T06:52:49Z</time>
   </trkpt>
   <trkpt lat="49.8008950" lon="19.9703470">
    <ele>501.2</ele>
    <time>2025-09-07T06:52:50Z</time>
   </trkpt>
   <trkpt lat="49.8008790" lon="19.9703700">
    <ele>501.4</ele>
    <time>2025-09-07T06:52:51Z</time>
   </trkpt>
   <trkpt lat="49.8008650" lon="19.9703920">
    <ele>501.6</ele>
    <time>2025-09-07T06:52:52Z</time>
   </trkpt>
   <trkpt lat="49.8008510" lon="19.9704160">
    <ele>502.0</ele>
    <time>2025-09-07T06:52:53Z</time>
   </trkpt>
   <trkpt lat="49.8008350" lon="19.9704370">
    <ele>502.4</ele>
    <time>2025-09-07T06:52:54Z</time>
   </trkpt>
   <trkpt lat="49.8008190" lon="19.9704620">
    <ele>502.6</ele>
    <time>2025-09-07T06:52:55Z</time>
   </trkpt>
   <trkpt lat="49.8008020" lon="19.9704830">
    <ele>502.8</ele>
    <time>2025-09-07T06:52:56Z</time>
   </trkpt>
   <trkpt lat="49.8007840" lon="19.9705040">
    <ele>503.2</ele>
    <time>2025-09-07T06:52:57Z</time>
   </trkpt>
   <trkpt lat="49.8007680" lon="19.9705280">
    <ele>503.4</ele>
    <time>2025-09-07T06:52:58Z</time>
   </trkpt>
   <trkpt lat="49.8007510" lon="19.9705540">
    <ele>503.6</ele>
    <time>2025-09-07T06:52:59Z</time>
   </trkpt>
   <trkpt lat="49.8007380" lon="19.9705770">
    <ele>504.0</ele>
    <time>2025-09-07T06:53:00Z</time>
   </trkpt>
   <trkpt lat="49.8007260" lon="19.9706040">
    <ele>504.2</ele>
    <time>2025-09-07T06:53:01Z</time>
   </trkpt>
   <trkpt lat="49.8007120" lon="19.9706280">
    <ele>504.8</ele>
    <time>2025-09-07T06:53:02Z</time>
   </trkpt>
   <trkpt lat="49.8006960" lon="19.9706480">
    <ele>504.8</ele>
    <time>2025-09-07T06:53:03Z</time>
   </trkpt>
   <trkpt lat="49.8006810" lon="19.9706740">
    <ele>505.2</ele>
    <time>2025-09-07T06:53:04Z</time>
   </trkpt>
   <trkpt lat="49.8006660" lon="19.9707050">
    <ele>505.4</ele>
    <time>2025-09-07T06:53:05Z</time>
   </trkpt>
   <trkpt lat="49.8006530" lon="19.9707400">
    <ele>505.6</ele>
    <time>2025-09-07T06:53:06Z</time>
   </trkpt>
   <trkpt lat="49.8006410" lon="19.9707740">
    <ele>505.8</ele>
    <time>2025-09-07T06:53:07Z</time>
   </trkpt>
   <trkpt lat="49.8006300" lon="19.9708060">
    <ele>505.8</ele>
    <time>2025-09-07T06:53:08Z</time>
   </trkpt>
   <trkpt lat="49.8006210" lon="19.9708390">
    <ele>505.8</ele>
    <time>2025-09-07T06:53:09Z</time>
   </trkpt>
   <trkpt lat="49.8006140" lon="19.9708770">
    <ele>505.8</ele>
    <time>2025-09-07T06:53:10Z</time>
   </trkpt>
   <trkpt lat="49.8006100" lon="19.9709170">
    <ele>505.8</ele>
    <time>2025-09-07T06:53:11Z</time>
   </trkpt>
   <trkpt lat="49.8006040" lon="19.9709580">
    <ele>506.0</ele>
    <time>2025-09-07T06:53:12Z</time>
   </trkpt>
   <trkpt lat="49.8006010" lon="19.9709990">
    <ele>506.0</ele>
    <time>2025-09-07T06:53:13Z</time>
   </trkpt>
   <trkpt lat="49.8005970" lon="19.9710410">
    <ele>506.0</ele>
    <time>2025-09-07T06:53:14Z</time>
   </trkpt>
   <trkpt lat="49.8005920" lon="19.9710860">
    <ele>506.0</ele>
    <time>2025-09-07T06:53:15Z</time>
   </trkpt>
   <trkpt lat="49.8005840" lon="19.9711360">
    <ele>506.0</ele>
    <time>2025-09-07T06:53:16Z</time>
   </trkpt>
   <trkpt lat="49.8005790" lon="19.9711860">
    <ele>506.0</ele>
    <time>2025-09-07T06:53:17Z</time>
   </trkpt>
   <trkpt lat="49.8005710" lon="19.9712370">
    <ele>506.0</ele>
    <time>2025-09-07T06:53:18Z</time>
   </trkpt>
   <trkpt lat="49.8005650" lon="19.9712900">
    <ele>506.0</ele>
    <time>2025-09-07T06:53:19Z</time>
   </trkpt>
   <trkpt lat="49.8005590" lon="19.9713400">
    <ele>506.0</ele>
    <time>2025-09-07T06:53:20Z</time>
   </trkpt>
   <trkpt lat="49.8005480" lon="19.9713900">
    <ele>506.2</ele>
    <time>2025-09-07T06:53:21Z</time>
   </trkpt>
   <trkpt lat="49.8005390" lon="19.9714410">
    <ele>506.2</ele>
    <time>2025-09-07T06:53:22Z</time>
   </trkpt>
   <trkpt lat="49.8005280" lon="19.9714930">
    <ele>506.2</ele>
    <time>2025-09-07T06:53:23Z</time>
   </trkpt>
   <trkpt lat="49.8005170" lon="19.9715440">
    <ele>506.4</ele>
    <time>2025-09-07T06:53:24Z</time>
   </trkpt>
   <trkpt lat="49.8005030" lon="19.9715930">
    <ele>506.6</ele>
    <time>2025-09-07T06:53:25Z</time>
   </trkpt>
   <trkpt lat="49.8004890" lon="19.9716400">
    <ele>506.6</ele>
    <time>2025-09-07T06:53:26Z</time>
   </trkpt>
   <trkpt lat="49.8004730" lon="19.9716890">
    <ele>506.6</ele>
    <time>2025-09-07T06:53:27Z</time>
   </trkpt>
   <trkpt lat="49.8004600" lon="19.9717400">
    <ele>506.8</ele>
    <time>2025-09-07T06:53:28Z</time>
   </trkpt>
   <trkpt lat="49.8004460" lon="19.9717910">
    <ele>506.8</ele>
    <time>2025-09-07T06:53:29Z</time>
   </trkpt>
   <trkpt lat="49.8004320" lon="19.9718390">
    <ele>506.8</ele>
    <time>2025-09-07T06:53:30Z</time>
   </trkpt>
   <trkpt lat="49.8003890" lon="19.9719830">
    <ele>507.0</ele>
    <time>2025-09-07T06:53:33Z</time>
   </trkpt>
   <trkpt lat="49.8003740" lon="19.9720280">
    <ele>507.0</ele>
    <time>2025-09-07T06:53:34Z</time>
   </trkpt>
   <trkpt lat="49.8003600" lon="19.9720690">
    <ele>507.2</ele>
    <time>2025-09-07T06:53:35Z</time>
   </trkpt>
   <trkpt lat="49.8003460" lon="19.9721070">
    <ele>507.4</ele>
    <time>2025-09-07T06:53:36Z</time>
   </trkpt>
   <trkpt lat="49.8003330" lon="19.9721420">
    <ele>507.6</ele>
    <time>2025-09-07T06:53:37Z</time>
   </trkpt>
   <trkpt lat="49.8003210" lon="19.9721750">
    <ele>508.0</ele>
    <time>2025-09-07T06:53:38Z</time>
   </trkpt>
   <trkpt lat="49.8002920" lon="19.9722420">
    <ele>508.4</ele>
    <time>2025-09-07T06:53:40Z</time>
   </trkpt>
   <trkpt lat="49.8002680" lon="19.9723090">
    <ele>508.8</ele>
    <time>2025-09-07T06:53:42Z</time>
   </trkpt>
   <trkpt lat="49.8002530" lon="19.9723420">
    <ele>509.0</ele>
    <time>2025-09-07T06:53:43Z</time>
   </trkpt>
   <trkpt lat="49.8002370" lon="19.9723760">
    <ele>509.4</ele>
    <time>2025-09-07T06:53:44Z</time>
   </trkpt>
   <trkpt lat="49.8002220" lon="19.9724090">
    <ele>509.4</ele>
    <time>2025-09-07T06:53:45Z</time>
   </trkpt>
   <trkpt lat="49.8002070" lon="19.9724390">
    <ele>509.8</ele>
    <time>2025-09-07T06:53:46Z</time>
   </trkpt>
   <trkpt lat="49.8001950" lon="19.9724640">
    <ele>510.0</ele>
    <time>2025-09-07T06:53:47Z</time>
   </trkpt>
   <trkpt lat="49.8001820" lon="19.9724970">
    <ele>510.0</ele>
    <time>2025-09-07T06:53:48Z</time>
   </trkpt>
   <trkpt lat="49.8001680" lon="19.9725270">
    <ele>510.2</ele>
    <time>2025-09-07T06:53:49Z</time>
   </trkpt>
   <trkpt lat="49.8001500" lon="19.9725530">
    <ele>510.4</ele>
    <time>2025-09-07T06:53:50Z</time>
   </trkpt>
   <trkpt lat="49.8001310" lon="19.9725760">
    <ele>510.4</ele>
    <time>2025-09-07T06:53:51Z</time>
   </trkpt>
   <trkpt lat="49.8001140" lon="19.9726030">
    <ele>510.6</ele>
    <time>2025-09-07T06:53:52Z</time>
   </trkpt>
   <trkpt lat="49.8000990" lon="19.9726290">
    <ele>510.8</ele>
    <time>2025-09-07T06:53:53Z</time>
   </trkpt>
   <trkpt lat="49.8000830" lon="19.9726600">
    <ele>511.0</ele>
    <time>2025-09-07T06:53:54Z</time>
   </trkpt>
   <trkpt lat="49.8000670" lon="19.9726910">
    <ele>511.0</ele>
    <time>2025-09-07T06:53:55Z</time>
   </trkpt>
   <trkpt lat="49.8000530" lon="19.9727210">
    <ele>511.2</ele>
    <time>2025-09-07T06:53:56Z</time>
   </trkpt>
   <trkpt lat="49.8000370" lon="19.9727530">
    <ele>511.4</ele>
    <time>2025-09-07T06:53:57Z</time>
   </trkpt>
   <trkpt lat="49.8000220" lon="19.9727840">
    <ele>511.6</ele>
    <time>2025-09-07T06:53:58Z</time>
   </trkpt>
   <trkpt lat="49.8000080" lon="19.9728150">
    <ele>511.8</ele>
    <time>2025-09-07T06:53:59Z</time>
   </trkpt>
   <trkpt lat="49.7999950" lon="19.9728450">
    <ele>512.0</ele>
    <time>2025-09-07T06:54:00Z</time>
   </trkpt>
   <trkpt lat="49.7999820" lon="19.9728780">
    <ele>512.2</ele>
    <time>2025-09-07T06:54:01Z</time>
   </trkpt>
   <trkpt lat="49.7999700" lon="19.9729090">
    <ele>512.4</ele>
    <time>2025-09-07T06:54:02Z</time>
   </trkpt>
   <trkpt lat="49.7999560" lon="19.9729470">
    <ele>512.6</ele>
    <time>2025-09-07T06:54:03Z</time>
   </trkpt>
   <trkpt lat="49.7999430" lon="19.9729800">
    <ele>512.8</ele>
    <time>2025-09-07T06:54:04Z</time>
   </trkpt>
   <trkpt lat="49.7999300" lon="19.9730130">
    <ele>512.8</ele>
    <time>2025-09-07T06:54:05Z</time>
   </trkpt>
   <trkpt lat="49.7999190" lon="19.9730470">
    <ele>513.0</ele>
    <time>2025-09-07T06:54:06Z</time>
   </trkpt>
   <trkpt lat="49.7999090" lon="19.9730790">
    <ele>513.2</ele>
    <time>2025-09-07T06:54:07Z</time>
   </trkpt>
   <trkpt lat="49.7998970" lon="19.9731110">
    <ele>513.6</ele>
    <time>2025-09-07T06:54:08Z</time>
   </trkpt>
   <trkpt lat="49.7998850" lon="19.9731450">
    <ele>513.6</ele>
    <time>2025-09-07T06:54:09Z</time>
   </trkpt>
   <trkpt lat="49.7998740" lon="19.9731760">
    <ele>513.8</ele>
    <time>2025-09-07T06:54:10Z</time>
   </trkpt>
   <trkpt lat="49.7998640" lon="19.9732070">
    <ele>514.0</ele>
    <time>2025-09-07T06:54:11Z</time>
   </trkpt>
   <trkpt lat="49.7998540" lon="19.9732380">
    <ele>514.4</ele>
    <time>2025-09-07T06:54:12Z</time>
   </trkpt>
   <trkpt lat="49.7998440" lon="19.9732700">
    <ele>514.6</ele>
    <time>2025-09-07T06:54:13Z</time>
   </trkpt>
   <trkpt lat="49.7998320" lon="19.9732980">
    <ele>514.8</ele>
    <time>2025-09-07T06:54:14Z</time>
   </trkpt>
   <trkpt lat="49.7998210" lon="19.9733200">
    <ele>515.0</ele>
    <time>2025-09-07T06:54:15Z</time>
   </trkpt>
   <trkpt lat="49.7998060" lon="19.9733570">
    <ele>515.2</ele>
    <time>2025-09-07T06:54:16Z</time>
   </trkpt>
   <trkpt lat="49.7997960" lon="19.9733890">
    <ele>515.4</ele>
    <time>2025-09-07T06:54:17Z</time>
   </trkpt>
   <trkpt lat="49.7997820" lon="19.9734190">
    <ele>515.6</ele>
    <time>2025-09-07T06:54:18Z</time>
   </trkpt>
   <trkpt lat="49.7997710" lon="19.9734400">
    <ele>516.0</ele>
    <time>2025-09-07T06:54:19Z</time>
   </trkpt>
   <trkpt lat="49.7997580" lon="19.9734670">
    <ele>516.2</ele>
    <time>2025-09-07T06:54:20Z</time>
   </trkpt>
   <trkpt lat="49.7997440" lon="19.9734980">
    <ele>516.4</ele>
    <time>2025-09-07T06:54:21Z</time>
   </trkpt>
   <trkpt lat="49.7997340" lon="19.9735300">
    <ele>516.4</ele>
    <time>2025-09-07T06:54:22Z</time>
   </trkpt>
   <trkpt lat="49.7997220" lon="19.9735610">
    <ele>516.6</ele>
    <time>2025-09-07T06:54:23Z</time>
   </trkpt>
   <trkpt lat="49.7997080" lon="19.9735870">
    <ele>516.8</ele>
    <time>2025-09-07T06:54:24Z</time>
   </trkpt>
   <trkpt lat="49.7996970" lon="19.9736140">
    <ele>517.2</ele>
    <time>2025-09-07T06:54:25Z</time>
   </trkpt>
   <trkpt lat="49.7996850" lon="19.9736460">
    <ele>517.4</ele>
    <time>2025-09-07T06:54:26Z</time>
   </trkpt>
   <trkpt lat="49.7996680" lon="19.9736780">
    <ele>517.4</ele>
    <time>2025-09-07T06:54:27Z</time>
   </trkpt>
   <trkpt lat="49.7996550" lon="19.9737100">
    <ele>517.6</ele>
    <time>2025-09-07T06:54:28Z</time>
   </trkpt>
   <trkpt lat="49.7996410" lon="19.9737410">
    <ele>517.8</ele>
    <time>2025-09-07T06:54:29Z</time>
   </trkpt>
   <trkpt lat="49.7996270" lon="19.9737710">
    <ele>517.8</ele>
    <time>2025-09-07T06:54:30Z</time>
   </trkpt>
   <trkpt lat="49.7996150" lon="19.9738010">
    <ele>518.0</ele>
    <time>2025-09-07T06:54:31Z</time>
   </trkpt>
   <trkpt lat="49.7996040" lon="19.9738300">
    <ele>518.0</ele>
    <time>2025-09-07T06:54:32Z</time>
   </trkpt>
   <trkpt lat="49.7995920" lon="19.9738610">
    <ele>518.2</ele>
    <time>2025-09-07T06:54:33Z</time>
   </trkpt>
   <trkpt lat="49.7995780" lon="19.9738940">
    <ele>518.2</ele>
    <time>2025-09-07T06:54:34Z</time>
   </trkpt>
   <trkpt lat="49.7995620" lon="19.9739230">
    <ele>518.4</ele>
    <time>2025-09-07T06:54:35Z</time>
   </trkpt>
   <trkpt lat="49.7995470" lon="19.9739510">
    <ele>518.4</ele>
    <time>2025-09-07T06:54:36Z</time>
   </trkpt>
   <trkpt lat="49.7995320" lon="19.9739760">
    <ele>518.6</ele>
    <time>2025-09-07T06:54:37Z</time>
   </trkpt>
   <trkpt lat="49.7995170" lon="19.9740050">
    <ele>518.6</ele>
    <time>2025-09-07T06:54:38Z</time>
   </trkpt>
   <trkpt lat="49.7995020" lon="19.9740360">
    <ele>518.8</ele>
    <time>2025-09-07T06:54:39Z</time>
   </trkpt>
   <trkpt lat="49.7994900" lon="19.9740670">
    <ele>519.0</ele>
    <time>2025-09-07T06:54:40Z</time>
   </trkpt>
   <trkpt lat="49.7994760" lon="19.9740960">
    <ele>519.2</ele>
    <time>2025-09-07T06:54:41Z</time>
   </trkpt>
   <trkpt lat="49.7994630" lon="19.9741270">
    <ele>519.4</ele>
    <time>2025-09-07T06:54:42Z</time>
   </trkpt>
   <trkpt lat="49.7994530" lon="19.9741570">
    <ele>519.6</ele>
    <time>2025-09-07T06:54:43Z</time>
   </trkpt>
   <trkpt lat="49.7994390" lon="19.9741870">
    <ele>520.0</ele>
    <time>2025-09-07T06:54:44Z</time>
   </trkpt>
   <trkpt lat="49.7994260" lon="19.9742190">
    <ele>520.2</ele>
    <time>2025-09-07T06:54:45Z</time>
   </trkpt>
   <trkpt lat="49.7994130" lon="19.9742510">
    <ele>520.4</ele>
    <time>2025-09-07T06:54:46Z</time>
   </trkpt>
   <trkpt lat="49.7994000" lon="19.9742770">
    <ele>520.6</ele>
    <time>2025-09-07T06:54:47Z</time>
   </trkpt>
   <trkpt lat="49.7993880" lon="19.9743020">
    <ele>520.8</ele>
    <time>2025-09-07T06:54:48Z</time>
   </trkpt>
   <trkpt lat="49.7993740" lon="19.9743280">
    <ele>521.2</ele>
    <time>2025-09-07T06:54:49Z</time>
   </trkpt>
   <trkpt lat="49.7993630" lon="19.9743560">
    <ele>521.4</ele>
    <time>2025-09-07T06:54:50Z</time>
   </trkpt>
   <trkpt lat="49.7993500" lon="19.9743850">
    <ele>521.4</ele>
    <time>2025-09-07T06:54:51Z</time>
   </trkpt>
   <trkpt lat="49.7993350" lon="19.9744120">
    <ele>521.6</ele>
    <time>2025-09-07T06:54:52Z</time>
   </trkpt>
   <trkpt lat="49.7993230" lon="19.9744370">
    <ele>522.0</ele>
    <time>2025-09-07T06:54:53Z</time>
   </trkpt>
   <trkpt lat="49.7993090" lon="19.9744590">
    <ele>522.2</ele>
    <time>2025-09-07T06:54:54Z</time>
   </trkpt>
   <trkpt lat="49.7992960" lon="19.9744820">
    <ele>522.4</ele>
    <time>2025-09-07T06:54:55Z</time>
   </trkpt>
   <trkpt lat="49.7992770" lon="19.9745080">
    <ele>522.6</ele>
    <time>2025-09-07T06:54:56Z</time>
   </trkpt>
   <trkpt lat="49.7992600" lon="19.9745300">
    <ele>522.8</ele>
    <time>2025-09-07T06:54:57Z</time>
   </trkpt>
   <trkpt lat="49.7992420" lon="19.9745530">
    <ele>523.0</ele>
    <time>2025-09-07T06:54:58Z</time>
   </trkpt>
   <trkpt lat="49.7992280" lon="19.9745730">
    <ele>523.2</ele>
    <time>2025-09-07T06:54:59Z</time>
   </trkpt>
   <trkpt lat="49.7992120" lon="19.9745920">
    <ele>523.2</ele>
    <time>2025-09-07T06:55:00Z</time>
   </trkpt>
   <trkpt lat="49.7991960" lon="19.9746130">
    <ele>523.6</ele>
    <time>2025-09-07T06:55:01Z</time>
   </trkpt>
   <trkpt lat="49.7991790" lon="19.9746340">
    <ele>523.6</ele>
    <time>2025-09-07T06:55:02Z</time>
   </trkpt>
   <trkpt lat="49.7991630" lon="19.9746540">
    <ele>524.0</ele>
    <time>2025-09-07T06:55:03Z</time>
   </trkpt>
   <trkpt lat="49.7991470" lon="19.9746730">
    <ele>524.2</ele>
    <time>2025-09-07T06:55:04Z</time>
   </trkpt>
   <trkpt lat="49.7991290" lon="19.9746920">
    <ele>524.2</ele>
    <time>2025-09-07T06:55:05Z</time>
   </trkpt>
   <trkpt lat="49.7991110" lon="19.9747100">
    <ele>524.2</ele>
    <time>2025-09-07T06:55:06Z</time>
   </trkpt>
   <trkpt lat="49.7990940" lon="19.9747300">
    <ele>524.4</ele>
    <time>2025-09-07T06:55:07Z</time>
   </trkpt>
   <trkpt lat="49.7990780" lon="19.9747490">
    <ele>524.6</ele>
    <time>2025-09-07T06:55:08Z</time>
   </trkpt>
   <trkpt lat="49.7990610" lon="19.9747660">
    <ele>524.6</ele>
    <time>2025-09-07T06:55:09Z</time>
   </trkpt>
   <trkpt lat="49.7990450" lon="19.9747790">
    <ele>525.0</ele>
    <time>2025-09-07T06:55:10Z</time>
   </trkpt>
   <trkpt lat="49.7990280" lon="19.9747910">
    <ele>525.2</ele>
    <time>2025-09-07T06:55:11Z</time>
   </trkpt>
   <trkpt lat="49.7990110" lon="19.9748030">
    <ele>525.4</ele>
    <time>2025-09-07T06:55:12Z</time>
   </trkpt>
   <trkpt lat="49.7989940" lon="19.9748190">
    <ele>525.8</ele>
    <time>2025-09-07T06:55:13Z</time>
   </trkpt>
   <trkpt lat="49.7989740" lon="19.9748340">
    <ele>526.0</ele>
    <time>2025-09-07T06:55:14Z</time>
   </trkpt>
   <trkpt lat="49.7989560" lon="19.9748410">
    <ele>526.2</ele>
    <time>2025-09-07T06:55:15Z</time>
   </trkpt>
   <trkpt lat="49.7989370" lon="19.9748540">
    <ele>526.4</ele>
    <time>2025-09-07T06:55:16Z</time>
   </trkpt>
   <trkpt lat="49.7989250" lon="19.9748670">
    <ele>526.6</ele>
    <time>2025-09-07T06:55:17Z</time>
   </trkpt>
   <trkpt lat="49.7989080" lon="19.9748870">
    <ele>526.8</ele>
    <time>2025-09-07T06:55:18Z</time>
   </trkpt>
   <trkpt lat="49.7988920" lon="19.9749110">
    <ele>527.0</ele>
    <time>2025-09-07T06:55:19Z</time>
   </trkpt>
   <trkpt lat="49.7988770" lon="19.9749320">
    <ele>527.0</ele>
    <time>2025-09-07T06:55:20Z</time>
   </trkpt>
   <trkpt lat="49.7988640" lon="19.9749550">
    <ele>527.0</ele>
    <time>2025-09-07T06:55:21Z</time>
   </trkpt>
   <trkpt lat="49.7988510" lon="19.9749800">
    <ele>527.2</ele>
    <time>2025-09-07T06:55:22Z</time>
   </trkpt>
   <trkpt lat="49.7988370" lon="19.9750040">
    <ele>527.2</ele>
    <time>2025-09-07T06:55:23Z</time>
   </trkpt>
   <trkpt lat="49.7988230" lon="19.9750270">
    <ele>527.4</ele>
    <time>2025-09-07T06:55:24Z</time>
   </trkpt>
   <trkpt lat="49.7988060" lon="19.9750490">
    <ele>527.4</ele>
    <time>2025-09-07T06:55:25Z</time>
   </trkpt>
   <trkpt lat="49.7987900" lon="19.9750720">
    <ele>527.6</ele>
    <time>2025-09-07T06:55:26Z</time>
   </trkpt>
   <trkpt lat="49.7987750" lon="19.9750930">
    <ele>527.8</ele>
    <time>2025-09-07T06:55:27Z</time>
   </trkpt>
   <trkpt lat="49.7987630" lon="19.9751160">
    <ele>528.0</ele>
    <time>2025-09-07T06:55:28Z</time>
   </trkpt>
   <trkpt lat="49.7987500" lon="19.9751390">
    <ele>528.2</ele>
    <time>2025-09-07T06:55:29Z</time>
   </trkpt>
   <trkpt lat="49.7987350" lon="19.9751580">
    <ele>528.4</ele>
    <time>2025-09-07T06:55:30Z</time>
   </trkpt>
   <trkpt lat="49.7987200" lon="19.9751780">
    <ele>528.6</ele>
    <time>2025-09-07T06:55:31Z</time>
   </trkpt>
   <trkpt lat="49.7987070" lon="19.9751980">
    <ele>529.0</ele>
    <time>2025-09-07T06:55:32Z</time>
   </trkpt>
   <trkpt lat="49.7986930" lon="19.9752190">
    <ele>529.0</ele>
    <time>2025-09-07T06:55:33Z</time>
   </trkpt>
   <trkpt lat="49.7986790" lon="19.9752380">
    <ele>529.4</ele>
    <time>2025-09-07T06:55:34Z</time>
   </trkpt>
   <trkpt lat="49.7986650" lon="19.9752580">
    <ele>529.4</ele>
    <time>2025-09-07T06:55:35Z</time>
   </trkpt>
   <trkpt lat="49.7986480" lon="19.9752780">
    <ele>529.6</ele>
    <time>2025-09-07T06:55:36Z</time>
   </trkpt>
   <trkpt lat="49.7986330" lon="19.9752970">
    <ele>529.8</ele>
    <time>2025-09-07T06:55:37Z</time>
   </trkpt>
   <trkpt lat="49.7986180" lon="19.9753160">
    <ele>530.0</ele>
    <time>2025-09-07T06:55:38Z</time>
   </trkpt>
   <trkpt lat="49.7986030" lon="19.9753340">
    <ele>530.2</ele>
    <time>2025-09-07T06:55:39Z</time>
   </trkpt>
   <trkpt lat="49.7985860" lon="19.9753520">
    <ele>530.4</ele>
    <time>2025-09-07T06:55:40Z</time>
   </trkpt>
   <trkpt lat="49.7985710" lon="19.9753730">
    <ele>530.4</ele>
    <time>2025-09-07T06:55:41Z</time>
   </trkpt>
   <trkpt lat="49.7985540" lon="19.9753950">
    <ele>530.6</ele>
    <time>2025-09-07T06:55:42Z</time>
   </trkpt>
   <trkpt lat="49.7985370" lon="19.9754190">
    <ele>530.8</ele>
    <time>2025-09-07T06:55:43Z</time>
   </trkpt>
   <trkpt lat="49.7985210" lon="19.9754410">
    <ele>531.0</ele>
    <time>2025-09-07T06:55:44Z</time>
   </trkpt>
   <trkpt lat="49.7985040" lon="19.9754650">
    <ele>531.4</ele>
    <time>2025-09-07T06:55:45Z</time>
   </trkpt>
   <trkpt lat="49.7984840" lon="19.9754880">
    <ele>531.6</ele>
    <time>2025-09-07T06:55:46Z</time>
   </trkpt>
   <trkpt lat="49.7984650" lon="19.9755090">
    <ele>531.8</ele>
    <time>2025-09-07T06:55:47Z</time>
   </trkpt>
   <trkpt lat="49.7984480" lon="19.9755270">
    <ele>532.0</ele>
    <time>2025-09-07T06:55:48Z</time>
   </trkpt>
   <trkpt lat="49.7984310" lon="19.9755460">
    <ele>532.2</ele>
    <time>2025-09-07T06:55:49Z</time>
   </trkpt>
   <trkpt lat="49.7984140" lon="19.9755620">
    <ele>532.4</ele>
    <time>2025-09-07T06:55:50Z</time>
   </trkpt>
   <trkpt lat="49.7983950" lon="19.9755810">
    <ele>532.6</ele>
    <time>2025-09-07T06:55:51Z</time>
   </trkpt>
   <trkpt lat="49.7983790" lon="19.9756000">
    <ele>533.0</ele>
    <time>2025-09-07T06:55:52Z</time>
   </trkpt>
   <trkpt lat="49.7983620" lon="19.9756190">
    <ele>533.2</ele>
    <time>2025-09-07T06:55:53Z</time>
   </trkpt>
   <trkpt lat="49.7983470" lon="19.9756370">
    <ele>533.6</ele>
    <time>2025-09-07T06:55:54Z</time>
   </trkpt>
   <trkpt lat="49.7983310" lon="19.9756500">
    <ele>533.8</ele>
    <time>2025-09-07T06:55:55Z</time>
   </trkpt>
   <trkpt lat="49.7983140" lon="19.9756640">
    <ele>534.2</ele>
    <time>2025-09-07T06:55:56Z</time>
   </trkpt>
   <trkpt lat="49.7982980" lon="19.9756770">
    <ele>534.4</ele>
    <time>2025-09-07T06:55:57Z</time>
   </trkpt>
   <trkpt lat="49.7982810" lon="19.9756910">
    <ele>534.8</ele>
    <time>2025-09-07T06:55:58Z</time>
   </trkpt>
   <trkpt lat="49.7982640" lon="19.9757060">
    <ele>535.0</ele>
    <time>2025-09-07T06:55:59Z</time>
   </trkpt>
   <trkpt lat="49.7982470" lon="19.9757230">
    <ele>535.4</ele>
    <time>2025-09-07T06:56:00Z</time>
   </trkpt>
   <trkpt lat="49.7982320" lon="19.9757390">
    <ele>535.6</ele>
    <time>2025-09-07T06:56:01Z</time>
   </trkpt>
   <trkpt lat="49.7982140" lon="19.9757560">
    <ele>535.8</ele>
    <time>2025-09-07T06:56:02Z</time>
   </trkpt>
   <trkpt lat="49.7981960" lon="19.9757750">
    <ele>536.2</ele>
    <time>2025-09-07T06:56:03Z</time>
   </trkpt>
   <trkpt lat="49.7981780" lon="19.9757910">
    <ele>536.4</ele>
    <time>2025-09-07T06:56:04Z</time>
   </trkpt>
   <trkpt lat="49.7981610" lon="19.9758090">
    <ele>536.8</ele>
    <time>2025-09-07T06:56:05Z</time>
   </trkpt>
   <trkpt lat="49.7981440" lon="19.9758280">
    <ele>537.0</ele>
    <time>2025-09-07T06:56:06Z</time>
   </trkpt>
   <trkpt lat="49.7981290" lon="19.9758460">
    <ele>537.2</ele>
    <time>2025-09-07T06:56:07Z</time>
   </trkpt>
   <trkpt lat="49.7981140" lon="19.9758670">
    <ele>537.4</ele>
    <time>2025-09-07T06:56:08Z</time>
   </trkpt>
   <trkpt lat="49.7980980" lon="19.9758910">
    <ele>537.6</ele>
    <time>2025-09-07T06:56:09Z</time>
   </trkpt>
   <trkpt lat="49.7980830" lon="19.9759130">
    <ele>537.8</ele>
    <time>2025-09-07T06:56:10Z</time>
   </trkpt>
   <trkpt lat="49.7980660" lon="19.9759420">
    <ele>538.0</ele>
    <time>2025-09-07T06:56:11Z</time>
   </trkpt>
   <trkpt lat="49.7980480" lon="19.9759680">
    <ele>538.2</ele>
    <time>2025-09-07T06:56:12Z</time>
   </trkpt>
   <trkpt lat="49.7980320" lon="19.9759950">
    <ele>538.2</ele>
    <time>2025-09-07T06:56:13Z</time>
   </trkpt>
   <trkpt lat="49.7980180" lon="19.9760240">
    <ele>538.4</ele>
    <time>2025-09-07T06:56:14Z</time>
   </trkpt>
   <trkpt lat="49.7980040" lon="19.9760550">
    <ele>538.6</ele>
    <time>2025-09-07T06:56:15Z</time>
   </trkpt>
   <trkpt lat="49.7979900" lon="19.9760880">
    <ele>538.6</ele>
    <time>2025-09-07T06:56:16Z</time>
   </trkpt>
   <trkpt lat="49.7979790" lon="19.9761240">
    <ele>538.8</ele>
    <time>2025-09-07T06:56:17Z</time>
   </trkpt>
   <trkpt lat="49.7979680" lon="19.9761590">
    <ele>539.0</ele>
    <time>2025-09-07T06:56:18Z</time>
   </trkpt>
   <trkpt lat="49.7979560" lon="19.9761920">
    <ele>539.2</ele>
    <time>2025-09-07T06:56:19Z</time>
   </trkpt>
   <trkpt lat="49.7979440" lon="19.9762240">
    <ele>539.2</ele>
    <time>2025-09-07T06:56:20Z</time>
   </trkpt>
   <trkpt lat="49.7979320" lon="19.9762590">
    <ele>539.2</ele>
    <time>2025-09-07T06:56:21Z</time>
   </trkpt>
   <trkpt lat="49.7979200" lon="19.9762960">
    <ele>539.4</ele>
    <time>2025-09-07T06:56:22Z</time>
   </trkpt>
   <trkpt lat="49.7979120" lon="19.9763250">
    <ele>539.6</ele>
    <time>2025-09-07T06:56:23Z</time>
   </trkpt>
   <trkpt lat="49.7978970" lon="19.9763670">
    <ele>539.6</ele>
    <time>2025-09-07T06:56:24Z</time>
   </trkpt>
   <trkpt lat="49.7978850" lon="19.9764030">
    <ele>539.6</ele>
    <time>2025-09-07T06:56:25Z</time>
   </trkpt>
   <trkpt lat="49.7978730" lon="19.9764410">
    <ele>539.6</ele>
    <time>2025-09-07T06:56:26Z</time>
   </trkpt>
   <trkpt lat="49.7978620" lon="19.9764700">
    <ele>539.8</ele>
    <time>2025-09-07T06:56:27Z</time>
   </trkpt>
   <trkpt lat="49.7978480" lon="19.9765150">
    <ele>539.8</ele>
    <time>2025-09-07T06:56:28Z</time>
   </trkpt>
   <trkpt lat="49.7978370" lon="19.9765510">
    <ele>540.0</ele>
    <time>2025-09-07T06:56:29Z</time>
   </trkpt>
   <trkpt lat="49.7978270" lon="19.9765800">
    <ele>540.0</ele>
    <time>2025-09-07T06:56:30Z</time>
   </trkpt>
   <trkpt lat="49.7978130" lon="19.9766150">
    <ele>540.2</ele>
    <time>2025-09-07T06:56:31Z</time>
   </trkpt>
   <trkpt lat="49.7977990" lon="19.9766480">
    <ele>540.2</ele>
    <time>2025-09-07T06:56:32Z</time>
   </trkpt>
   <trkpt lat="49.7977840" lon="19.9766820">
    <ele>540.4</ele>
    <time>2025-09-07T06:56:33Z</time>
   </trkpt>
   <trkpt lat="49.7977700" lon="19.9767170">
    <ele>540.6</ele>
    <time>2025-09-07T06:56:34Z</time>
   </trkpt>
   <trkpt lat="49.7977540" lon="19.9767500">
    <ele>540.8</ele>
    <time>2025-09-07T06:56:35Z</time>
   </trkpt>
   <trkpt lat="49.7977340" lon="19.9767890">
    <ele>541.0</ele>
    <time>2025-09-07T06:56:36Z</time>
   </trkpt>
   <trkpt lat="49.7977220" lon="19.9768170">
    <ele>541.0</ele>
    <time>2025-09-07T06:56:37Z</time>
   </trkpt>
   <trkpt lat="49.7977050" lon="19.9768600">
    <ele>541.0</ele>
    <time>2025-09-07T06:56:38Z</time>
   </trkpt>
   <trkpt lat="49.7976940" lon="19.9768890">
    <ele>541.0</ele>
    <time>2025-09-07T06:56:39Z</time>
   </trkpt>
   <trkpt lat="49.7976750" lon="19.9769250">
    <ele>541.2</ele>
    <time>2025-09-07T06:56:40Z</time>
   </trkpt>
   <trkpt lat="49.7976540" lon="19.9769630">
    <ele>541.2</ele>
    <time>2025-09-07T06:56:41Z</time>
   </trkpt>
   <trkpt lat="49.7976390" lon="19.9769830">
    <ele>541.4</ele>
    <time>2025-09-07T06:56:42Z</time>
   </trkpt>
   <trkpt lat="49.7976200" lon="19.9770130">
    <ele>541.4</ele>
    <time>2025-09-07T06:56:43Z</time>
   </trkpt>
   <trkpt lat="49.7975990" lon="19.9770480">
    <ele>541.6</ele>
    <time>2025-09-07T06:56:44Z</time>
   </trkpt>
   <trkpt lat="49.7975800" lon="19.9770810">
    <ele>541.6</ele>
    <time>2025-09-07T06:56:45Z</time>
   </trkpt>
   <trkpt lat="49.7975590" lon="19.9771100">
    <ele>541.8</ele>
    <time>2025-09-07T06:56:46Z</time>
   </trkpt>
   <trkpt lat="49.7975440" lon="19.9771320">
    <ele>541.8</ele>
    <time>2025-09-07T06:56:47Z</time>
   </trkpt>
   <trkpt lat="49.7975160" lon="19.9771640">
    <ele>541.8</ele>
    <time>2025-09-07T06:56:48Z</time>
   </trkpt>
   <trkpt lat="49.7974920" lon="19.9771930">
    <ele>542.0</ele>
    <time>2025-09-07T06:56:49Z</time>
   </trkpt>
   <trkpt lat="49.7974720" lon="19.9772140">
    <ele>542.2</ele>
    <time>2025-09-07T06:56:50Z</time>
   </trkpt>
   <trkpt lat="49.7974490" lon="19.9772360">
    <ele>542.4</ele>
    <time>2025-09-07T06:56:51Z</time>
   </trkpt>
   <trkpt lat="49.7974220" lon="19.9772580">
    <ele>542.4</ele>
    <time>2025-09-07T06:56:52Z</time>
   </trkpt>
   <trkpt lat="49.7973930" lon="19.9772830">
    <ele>542.4</ele>
    <time>2025-09-07T06:56:53Z</time>
   </trkpt>
   <trkpt lat="49.7973740" lon="19.9772970">
    <ele>542.4</ele>
    <time>2025-09-07T06:56:54Z</time>
   </trkpt>
   <trkpt lat="49.7973490" lon="19.9773180">
    <ele>542.4</ele>
    <time>2025-09-07T06:56:55Z</time>
   </trkpt>
   <trkpt lat="49.7973220" lon="19.9773450">
    <ele>542.4</ele>
    <time>2025-09-07T06:56:56Z</time>
   </trkpt>
   <trkpt lat="49.7972750" lon="19.9773860">
    <ele>542.6</ele>
    <time>2025-09-07T06:56:58Z</time>
   </trkpt>
   <trkpt lat="49.7972590" lon="19.9773980">
    <ele>542.8</ele>
    <time>2025-09-07T06:56:59Z</time>
   </trkpt>
   <trkpt lat="49.7972360" lon="19.9774150">
    <ele>542.8</ele>
    <time>2025-09-07T06:57:00Z</time>
   </trkpt>
   <trkpt lat="49.7972120" lon="19.9774280">
    <ele>543.2</ele>
    <time>2025-09-07T06:57:01Z</time>
   </trkpt>
   <trkpt lat="49.7971620" lon="19.9774430">
    <ele>543.4</ele>
    <time>2025-09-07T06:57:03Z</time>
   </trkpt>
   <trkpt lat="49.7971360" lon="19.9774470">
    <ele>543.4</ele>
    <time>2025-09-07T06:57:04Z</time>
   </trkpt>
   <trkpt lat="49.7971080" lon="19.9774520">
    <ele>543.6</ele>
    <time>2025-09-07T06:57:05Z</time>
   </trkpt>
   <trkpt lat="49.7970900" lon="19.9774560">
    <ele>543.6</ele>
    <time>2025-09-07T06:57:06Z</time>
   </trkpt>
   <trkpt lat="49.7969890" lon="19.9774660">
    <ele>544.6</ele>
    <time>2025-09-07T06:57:10Z</time>
   </trkpt>
   <trkpt lat="49.7969560" lon="19.9774630">
    <ele>544.8</ele>
    <time>2025-09-07T06:57:11Z</time>
   </trkpt>
   <trkpt lat="49.7969340" lon="19.9774570">
    <ele>545.0</ele>
    <time>2025-09-07T06:57:12Z</time>
   </trkpt>
   <trkpt lat="49.7969110" lon="19.9774440">
    <ele>545.0</ele>
    <time>2025-09-07T06:57:13Z</time>
   </trkpt>
   <trkpt lat="49.7968890" lon="19.9774310">
    <ele>545.4</ele>
    <time>2025-09-07T06:57:14Z</time>
   </trkpt>
   <trkpt lat="49.7968670" lon="19.9774200">
    <ele>545.6</ele>
    <time>2025-09-07T06:57:15Z</time>
   </trkpt>
   <trkpt lat="49.7968490" lon="19.9774070">
    <ele>546.0</ele>
    <time>2025-09-07T06:57:16Z</time>
   </trkpt>
   <trkpt lat="49.7968270" lon="19.9773930">
    <ele>546.2</ele>
    <time>2025-09-07T06:57:17Z</time>
   </trkpt>
   <trkpt lat="49.7968050" lon="19.9773790">
    <ele>546.6</ele>
    <time>2025-09-07T06:57:18Z</time>
   </trkpt>
   <trkpt lat="49.7967830" lon="19.9773670">
    <ele>546.6</ele>
    <time>2025-09-07T06:57:19Z</time>
   </trkpt>
   <trkpt lat="49.7967610" lon="19.9773560">
    <ele>547.0</ele>
    <time>2025-09-07T06:57:20Z</time>
   </trkpt>
   <trkpt lat="49.7967390" lon="19.9773490">
    <ele>547.2</ele>
    <time>2025-09-07T06:57:21Z</time>
   </trkpt>
   <trkpt lat="49.7967170" lon="19.9773430">
    <ele>547.4</ele>
    <time>2025-09-07T06:57:22Z</time>
   </trkpt>
   <trkpt lat="49.7966910" lon="19.9773400">
    <ele>547.4</ele>
    <time>2025-09-07T06:57:23Z</time>
   </trkpt>
   <trkpt lat="49.7966610" lon="19.9773380">
    <ele>547.4</ele>
    <time>2025-09-07T06:57:24Z</time>
   </trkpt>
   <trkpt lat="49.7966330" lon="19.9773340">
    <ele>547.4</ele>
    <time>2025-09-07T06:57:25Z</time>
   </trkpt>
   <trkpt lat="49.7966030" lon="19.9773340">
    <ele>547.6</ele>
    <time>2025-09-07T06:57:26Z</time>
   </trkpt>
   <trkpt lat="49.7965690" lon="19.9773340">
    <ele>547.6</ele>
    <time>2025-09-07T06:57:27Z</time>
   </trkpt>
   <trkpt lat="49.7965480" lon="19.9773330">
    <ele>547.6</ele>
    <time>2025-09-07T06:57:28Z</time>
   </trkpt>
   <trkpt lat="49.7965190" lon="19.9773290">
    <ele>547.8</ele>
    <time>2025-09-07T06:57:29Z</time>
   </trkpt>
   <trkpt lat="49.7964860" lon="19.9773280">
    <ele>547.8</ele>
    <time>2025-09-07T06:57:30Z</time>
   </trkpt>
   <trkpt lat="49.7964570" lon="19.9773210">
    <ele>547.8</ele>
    <time>2025-09-07T06:57:31Z</time>
   </trkpt>
   <trkpt lat="49.7964300" lon="19.9773110">
    <ele>548.0</ele>
    <time>2025-09-07T06:57:32Z</time>
   </trkpt>
   <trkpt lat="49.7964020" lon="19.9773040">
    <ele>548.0</ele>
    <time>2025-09-07T06:57:33Z</time>
   </trkpt>
   <trkpt lat="49.7963760" lon="19.9773010">
    <ele>548.6</ele>
    <time>2025-09-07T06:57:34Z</time>
   </trkpt>
   <trkpt lat="49.7963540" lon="19.9772930">
    <ele>548.6</ele>
    <time>2025-09-07T06:57:35Z</time>
   </trkpt>
   <trkpt lat="49.7963330" lon="19.9772760">
    <ele>549.2</ele>
    <time>2025-09-07T06:57:36Z</time>
   </trkpt>
   <trkpt lat="49.7963140" lon="19.9772630">
    <ele>549.6</ele>
    <time>2025-09-07T06:57:37Z</time>
   </trkpt>
   <trkpt lat="49.7962970" lon="19.9772590">
    <ele>549.8</ele>
    <time>2025-09-07T06:57:38Z</time>
   </trkpt>
   <trkpt lat="49.7962680" lon="19.9772550">
    <ele>550.0</ele>
    <time>2025-09-07T06:57:39Z</time>
   </trkpt>
   <trkpt lat="49.7962410" lon="19.9772530">
    <ele>550.2</ele>
    <time>2025-09-07T06:57:40Z</time>
   </trkpt>
   <trkpt lat="49.7962180" lon="19.9772520">
    <ele>550.4</ele>
    <time>2025-09-07T06:57:41Z</time>
   </trkpt>
   <trkpt lat="49.7961840" lon="19.9772490">
    <ele>551.0</ele>
    <time>2025-09-07T06:57:42Z</time>
   </trkpt>
   <trkpt lat="49.7961550" lon="19.9772470">
    <ele>551.2</ele>
    <time>2025-09-07T06:57:43Z</time>
   </trkpt>
   <trkpt lat="49.7961310" lon="19.9772440">
    <ele>551.2</ele>
    <time>2025-09-07T06:57:44Z</time>
   </trkpt>
   <trkpt lat="49.7960940" lon="19.9772360">
    <ele>551.4</ele>
    <time>2025-09-07T06:57:45Z</time>
   </trkpt>
   <trkpt lat="49.7960610" lon="19.9772280">
    <ele>551.6</ele>
    <time>2025-09-07T06:57:46Z</time>
   </trkpt>
   <trkpt lat="49.7960360" lon="19.9772240">
    <ele>551.6</ele>
    <time>2025-09-07T06:57:47Z</time>
   </trkpt>
   <trkpt lat="49.7959980" lon="19.9772210">
    <ele>551.6</ele>
    <time>2025-09-07T06:57:48Z</time>
   </trkpt>
   <trkpt lat="49.7959730" lon="19.9772250">
    <ele>551.6</ele>
    <time>2025-09-07T06:57:49Z</time>
   </trkpt>
   <trkpt lat="49.7959400" lon="19.9772360">
    <ele>551.8</ele>
    <time>2025-09-07T06:57:50Z</time>
   </trkpt>
   <trkpt lat="49.7959070" lon="19.9772510">
    <ele>551.8</ele>
    <time>2025-09-07T06:57:51Z</time>
   </trkpt>
   <trkpt lat="49.7958770" lon="19.9772730">
    <ele>551.8</ele>
    <time>2025-09-07T06:57:52Z</time>
   </trkpt>
   <trkpt lat="49.7958450" lon="19.9773020">
    <ele>551.8</ele>
    <time>2025-09-07T06:57:53Z</time>
   </trkpt>
   <trkpt lat="49.7958260" lon="19.9773210">
    <ele>552.2</ele>
    <time>2025-09-07T06:57:54Z</time>
   </trkpt>
   <trkpt lat="49.7958030" lon="19.9773440">
    <ele>552.2</ele>
    <time>2025-09-07T06:57:55Z</time>
   </trkpt>
   <trkpt lat="49.7957790" lon="19.9773710">
    <ele>552.4</ele>
    <time>2025-09-07T06:57:56Z</time>
   </trkpt>
   <trkpt lat="49.7957550" lon="19.9774000">
    <ele>552.6</ele>
    <time>2025-09-07T06:57:57Z</time>
   </trkpt>
   <trkpt lat="49.7957300" lon="19.9774360">
    <ele>552.8</ele>
    <time>2025-09-07T06:57:58Z</time>
   </trkpt>
   <trkpt lat="49.7957130" lon="19.9774610">
    <ele>553.2</ele>
    <time>2025-09-07T06:57:59Z</time>
   </trkpt>
   <trkpt lat="49.7956930" lon="19.9774910">
    <ele>553.4</ele>
    <time>2025-09-07T06:58:00Z</time>
   </trkpt>
   <trkpt lat="49.7956790" lon="19.9775100">
    <ele>553.8</ele>
    <time>2025-09-07T06:58:01Z</time>
   </trkpt>
   <trkpt lat="49.7956600" lon="19.9775350">
    <ele>554.0</ele>
    <time>2025-09-07T06:58:02Z</time>
   </trkpt>
   <trkpt lat="49.7956360" lon="19.9775680">
    <ele>554.4</ele>
    <time>2025-09-07T06:58:03Z</time>
   </trkpt>
   <trkpt lat="49.7956190" lon="19.9775920">
    <ele>554.6</ele>
    <time>2025-09-07T06:58:04Z</time>
   </trkpt>
   <trkpt lat="49.7955970" lon="19.9776220">
    <ele>555.0</ele>
    <time>2025-09-07T06:58:05Z</time>
   </trkpt>
   <trkpt lat="49.7955720" lon="19.9776580">
    <ele>555.4</ele>
    <time>2025-09-07T06:58:06Z</time>
   </trkpt>
   <trkpt lat="49.7955540" lon="19.9776800">
    <ele>555.8</ele>
    <time>2025-09-07T06:58:07Z</time>
   </trkpt>
   <trkpt lat="49.7955310" lon="19.9777080">
    <ele>556.2</ele>
    <time>2025-09-07T06:58:08Z</time>
   </trkpt>
   <trkpt lat="49.7955040" lon="19.9777480">
    <ele>556.4</ele>
    <time>2025-09-07T06:58:09Z</time>
   </trkpt>
   <trkpt lat="49.7954860" lon="19.9777760">
    <ele>556.6</ele>
    <time>2025-09-07T06:58:10Z</time>
   </trkpt>
   <trkpt lat="49.7954650" lon="19.9778090">
    <ele>556.8</ele>
    <time>2025-09-07T06:58:11Z</time>
   </trkpt>
   <trkpt lat="49.7954390" lon="19.9778510">
    <ele>557.2</ele>
    <time>2025-09-07T06:58:12Z</time>
   </trkpt>
   <trkpt lat="49.7954180" lon="19.9778870">
    <ele>557.4</ele>
    <time>2025-09-07T06:58:13Z</time>
   </trkpt>
   <trkpt lat="49.7954020" lon="19.9779200">
    <ele>557.4</ele>
    <time>2025-09-07T06:58:14Z</time>
   </trkpt>
   <trkpt lat="49.7953790" lon="19.9779650">
    <ele>557.6</ele>
    <time>2025-09-07T06:58:15Z</time>
   </trkpt>
   <trkpt lat="49.7953650" lon="19.9779970">
    <ele>557.8</ele>
    <time>2025-09-07T06:58:16Z</time>
   </trkpt>
   <trkpt lat="49.7953460" lon="19.9780360">
    <ele>558.0</ele>
    <time>2025-09-07T06:58:17Z</time>
   </trkpt>
   <trkpt lat="49.7953280" lon="19.9780800">
    <ele>558.0</ele>
    <time>2025-09-07T06:58:18Z</time>
   </trkpt>
   <trkpt lat="49.7953090" lon="19.9781240">
    <ele>558.2</ele>
    <time>2025-09-07T06:58:19Z</time>
   </trkpt>
   <trkpt lat="49.7952900" lon="19.9781690">
    <ele>558.2</ele>
    <time>2025-09-07T06:58:20Z</time>
   </trkpt>
   <trkpt lat="49.7952660" lon="19.9782230">
    <ele>558.2</ele>
    <time>2025-09-07T06:58:21Z</time>
   </trkpt>
   <trkpt lat="49.7952470" lon="19.9782700">
    <ele>558.2</ele>
    <time>2025-09-07T06:58:22Z</time>
   </trkpt>
   <trkpt lat="49.7952330" lon="19.9783090">
    <ele>558.4</ele>
    <time>2025-09-07T06:58:23Z</time>
   </trkpt>
   <trkpt lat="49.7952110" lon="19.9783660">
    <ele>558.4</ele>
    <time>2025-09-07T06:58:24Z</time>
   </trkpt>
   <trkpt lat="49.7951970" lon="19.9784050">
    <ele>558.6</ele>
    <time>2025-09-07T06:58:25Z</time>
   </trkpt>
   <trkpt lat="49.7951770" lon="19.9784530">
    <ele>558.8</ele>
    <time>2025-09-07T06:58:26Z</time>
   </trkpt>
   <trkpt lat="49.7951550" lon="19.9785080">
    <ele>559.0</ele>
    <time>2025-09-07T06:58:27Z</time>
   </trkpt>
   <trkpt lat="49.7951380" lon="19.9785550">
    <ele>559.0</ele>
    <time>2025-09-07T06:58:28Z</time>
   </trkpt>
   <trkpt lat="49.7951270" lon="19.9785920">
    <ele>559.4</ele>
    <time>2025-09-07T06:58:29Z</time>
   </trkpt>
   <trkpt lat="49.7951110" lon="19.9786460">
    <ele>559.8</ele>
    <time>2025-09-07T06:58:30Z</time>
   </trkpt>
   <trkpt lat="49.7951030" lon="19.9786810">
    <ele>560.0</ele>
    <time>2025-09-07T06:58:31Z</time>
   </trkpt>
   <trkpt lat="49.7950940" lon="19.9787250">
    <ele>560.2</ele>
    <time>2025-09-07T06:58:32Z</time>
   </trkpt>
   <trkpt lat="49.7950860" lon="19.9787710">
    <ele>560.6</ele>
    <time>2025-09-07T06:58:33Z</time>
   </trkpt>
   <trkpt lat="49.7950810" lon="19.9788180">
    <ele>560.8</ele>
    <time>2025-09-07T06:58:34Z</time>
   </trkpt>
   <trkpt lat="49.7950730" lon="19.9788670">
    <ele>561.2</ele>
    <time>2025-09-07T06:58:35Z</time>
   </trkpt>
   <trkpt lat="49.7950650" lon="19.9789230">
    <ele>561.2</ele>
    <time>2025-09-07T06:58:36Z</time>
   </trkpt>
   <trkpt lat="49.7950620" lon="19.9789690">
    <ele>561.4</ele>
    <time>2025-09-07T06:58:37Z</time>
   </trkpt>
   <trkpt lat="49.7950580" lon="19.9790090">
    <ele>561.4</ele>
    <time>2025-09-07T06:58:38Z</time>
   </trkpt>
   <trkpt lat="49.7950500" lon="19.9790560">
    <ele>561.4</ele>
    <time>2025-09-07T06:58:39Z</time>
   </trkpt>
   <trkpt lat="49.7950400" lon="19.9791030">
    <ele>561.6</ele>
    <time>2025-09-07T06:58:40Z</time>
   </trkpt>
   <trkpt lat="49.7950320" lon="19.9791510">
    <ele>561.8</ele>
    <time>2025-09-07T06:58:41Z</time>
   </trkpt>
   <trkpt lat="49.7950230" lon="19.9792030">
    <ele>561.8</ele>
    <time>2025-09-07T06:58:42Z</time>
   </trkpt>
   <trkpt lat="49.7950120" lon="19.9792520">
    <ele>562.0</ele>
    <time>2025-09-07T06:58:43Z</time>
   </trkpt>
   <trkpt lat="49.7949990" lon="19.9792970">
    <ele>562.0</ele>
    <time>2025-09-07T06:58:44Z</time>
   </trkpt>
   <trkpt lat="49.7949830" lon="19.9793520">
    <ele>562.0</ele>
    <time>2025-09-07T06:58:45Z</time>
   </trkpt>
   <trkpt lat="49.7949760" lon="19.9793970">
    <ele>562.2</ele>
    <time>2025-09-07T06:58:46Z</time>
   </trkpt>
   <trkpt lat="49.7949700" lon="19.9794350">
    <ele>562.2</ele>
    <time>2025-09-07T06:58:47Z</time>
   </trkpt>
   <trkpt lat="49.7949630" lon="19.9794970">
    <ele>562.4</ele>
    <time>2025-09-07T06:58:48Z</time>
   </trkpt>
   <trkpt lat="49.7949590" lon="19.9795500">
    <ele>562.6</ele>
    <time>2025-09-07T06:58:49Z</time>
   </trkpt>
   <trkpt lat="49.7949580" lon="19.9795920">
    <ele>562.6</ele>
    <time>2025-09-07T06:58:50Z</time>
   </trkpt>
   <trkpt lat="49.7949600" lon="19.9796450">
    <ele>562.4</ele>
    <time>2025-09-07T06:58:51Z</time>
   </trkpt>
   <trkpt lat="49.7949650" lon="19.9797080">
    <ele>562.4</ele>
    <time>2025-09-07T06:58:52Z</time>
   </trkpt>
   <trkpt lat="49.7949710" lon="19.9797490">
    <ele>562.4</ele>
    <time>2025-09-07T06:58:53Z</time>
   </trkpt>
   <trkpt lat="49.7949790" lon="19.9798000">
    <ele>562.4</ele>
    <time>2025-09-07T06:58:54Z</time>
   </trkpt>
   <trkpt lat="49.7949880" lon="19.9798610">
    <ele>562.2</ele>
    <time>2025-09-07T06:58:55Z</time>
   </trkpt>
   <trkpt lat="49.7949950" lon="19.9799070">
    <ele>562.2</ele>
    <time>2025-09-07T06:58:56Z</time>
   </trkpt>
   <trkpt lat="49.7950060" lon="19.9799780">
    <ele>562.0</ele>
    <time>2025-09-07T06:58:57Z</time>
   </trkpt>
   <trkpt lat="49.7950100" lon="19.9800290">
    <ele>562.0</ele>
    <time>2025-09-07T06:58:58Z</time>
   </trkpt>
   <trkpt lat="49.7950130" lon="19.9800980">
    <ele>561.8</ele>
    <time>2025-09-07T06:58:59Z</time>
   </trkpt>
   <trkpt lat="49.7950190" lon="19.9802270">
    <ele>561.6</ele>
    <time>2025-09-07T06:59:01Z</time>
   </trkpt>
   <trkpt lat="49.7950160" lon="19.9803630">
    <ele>561.4</ele>
    <time>2025-09-07T06:59:03Z</time>
   </trkpt>
   <trkpt lat="49.7950070" lon="19.9805110">
    <ele>561.2</ele>
    <time>2025-09-07T06:59:05Z</time>
   </trkpt>
   <trkpt lat="49.7949990" lon="19.9806000">
    <ele>561.2</ele>
    <time>2025-09-07T06:59:06Z</time>
   </trkpt>
   <trkpt lat="49.7949920" lon="19.9806560">
    <ele>561.2</ele>
    <time>2025-09-07T06:59:07Z</time>
   </trkpt>
   <trkpt lat="49.7949840" lon="19.9807240">
    <ele>561.2</ele>
    <time>2025-09-07T06:59:08Z</time>
   </trkpt>
   <trkpt lat="49.7949750" lon="19.9808030">
    <ele>561.2</ele>
    <time>2025-09-07T06:59:09Z</time>
   </trkpt>
   <trkpt lat="49.7949680" lon="19.9808550">
    <ele>561.4</ele>
    <time>2025-09-07T06:59:10Z</time>
   </trkpt>
   <trkpt lat="49.7949610" lon="19.9809170">
    <ele>561.4</ele>
    <time>2025-09-07T06:59:11Z</time>
   </trkpt>
   <trkpt lat="49.7949530" lon="19.9809920">
    <ele>561.6</ele>
    <time>2025-09-07T06:59:12Z</time>
   </trkpt>
   <trkpt lat="49.7949420" lon="19.9811100">
    <ele>562.0</ele>
    <time>2025-09-07T06:59:14Z</time>
   </trkpt>
   <trkpt lat="49.7948940" lon="19.9816070">
    <ele>561.8</ele>
    <time>2025-09-07T06:59:21Z</time>
   </trkpt>
   <trkpt lat="49.7948790" lon="19.9818270">
    <ele>561.6</ele>
    <time>2025-09-07T06:59:24Z</time>
   </trkpt>
   <trkpt lat="49.7948750" lon="19.9818990">
    <ele>561.6</ele>
    <time>2025-09-07T06:59:25Z</time>
   </trkpt>
   <trkpt lat="49.7948700" lon="19.9819680">
    <ele>561.6</ele>
    <time>2025-09-07T06:59:26Z</time>
   </trkpt>
   <trkpt lat="49.7948650" lon="19.9820380">
    <ele>561.6</ele>
    <time>2025-09-07T06:59:27Z</time>
   </trkpt>
   <trkpt lat="49.7948540" lon="19.9823220">
    <ele>561.8</ele>
    <time>2025-09-07T06:59:31Z</time>
   </trkpt>
   <trkpt lat="49.7948520" lon="19.9823920">
    <ele>561.8</ele>
    <time>2025-09-07T06:59:32Z</time>
   </trkpt>
   <trkpt lat="49.7948500" lon="19.9824640">
    <ele>561.8</ele>
    <time>2025-09-07T06:59:33Z</time>
   </trkpt>
   <trkpt lat="49.7948470" lon="19.9825330">
    <ele>562.0</ele>
    <time>2025-09-07T06:59:34Z</time>
   </trkpt>
   <trkpt lat="49.7948420" lon="19.9825980">
    <ele>562.0</ele>
    <time>2025-09-07T06:59:35Z</time>
   </trkpt>
   <trkpt lat="49.7948390" lon="19.9826660">
    <ele>562.0</ele>
    <time>2025-09-07T06:59:36Z</time>
   </trkpt>
   <trkpt lat="49.7948340" lon="19.9827450">
    <ele>562.2</ele>
    <time>2025-09-07T06:59:37Z</time>
   </trkpt>
   <trkpt lat="49.7948310" lon="19.9827940">
    <ele>562.4</ele>
    <time>2025-09-07T06:59:38Z</time>
   </trkpt>
   <trkpt lat="49.7948280" lon="19.9828590">
    <ele>562.4</ele>
    <time>2025-09-07T06:59:39Z</time>
   </trkpt>
   <trkpt lat="49.7948230" lon="19.9829230">
    <ele>562.6</ele>
    <time>2025-09-07T06:59:40Z</time>
   </trkpt>
   <trkpt lat="49.7948170" lon="19.9829840">
    <ele>562.8</ele>
    <time>2025-09-07T06:59:41Z</time>
   </trkpt>
   <trkpt lat="49.7947960" lon="19.9831660">
    <ele>563.0</ele>
    <time>2025-09-07T06:59:44Z</time>
   </trkpt>
   <trkpt lat="49.7947900" lon="19.9832260">
    <ele>563.2</ele>
    <time>2025-09-07T06:59:45Z</time>
   </trkpt>
   <trkpt lat="49.7947820" lon="19.9832960">
    <ele>563.2</ele>
    <time>2025-09-07T06:59:46Z</time>
   </trkpt>
   <trkpt lat="49.7947750" lon="19.9833430">
    <ele>563.2</ele>
    <time>2025-09-07T06:59:47Z</time>
   </trkpt>
   <trkpt lat="49.7947520" lon="19.9835230">
    <ele>563.4</ele>
    <time>2025-09-07T06:59:50Z</time>
   </trkpt>
   <trkpt lat="49.7947390" lon="19.9837050">
    <ele>563.6</ele>
    <time>2025-09-07T06:59:53Z</time>
   </trkpt>
   <trkpt lat="49.7947550" lon="19.9838960">
    <ele>563.4</ele>
    <time>2025-09-07T06:59:56Z</time>
   </trkpt>
   <trkpt lat="49.7947920" lon="19.9840900">
    <ele>563.0</ele>
    <time>2025-09-07T06:59:59Z</time>
   </trkpt>
   <trkpt lat="49.7948020" lon="19.9842260">
    <ele>562.8</ele>
    <time>2025-09-07T07:00:01Z</time>
   </trkpt>
   <trkpt lat="49.7948070" lon="19.9842930">
    <ele>562.8</ele>
    <time>2025-09-07T07:00:02Z</time>
   </trkpt>
   <trkpt lat="49.7948120" lon="19.9843580">
    <ele>562.8</ele>
    <time>2025-09-07T07:00:03Z</time>
   </trkpt>
   <trkpt lat="49.7948190" lon="19.9844210">
    <ele>562.6</ele>
    <time>2025-09-07T07:00:04Z</time>
   </trkpt>
   <trkpt lat="49.7948240" lon="19.9844830">
    <ele>562.6</ele>
    <time>2025-09-07T07:00:05Z</time>
   </trkpt>
   <trkpt lat="49.7948270" lon="19.9845570">
    <ele>562.6</ele>
    <time>2025-09-07T07:00:06Z</time>
   </trkpt>
   <trkpt lat="49.7948250" lon="19.9846070">
    <ele>562.4</ele>
    <time>2025-09-07T07:00:07Z</time>
   </trkpt>
   <trkpt lat="49.7948190" lon="19.9847500">
    <ele>562.2</ele>
    <time>2025-09-07T07:00:09Z</time>
   </trkpt>
   <trkpt lat="49.7948430" lon="19.9848820">
    <ele>561.6</ele>
    <time>2025-09-07T07:00:11Z</time>
   </trkpt>
   <trkpt lat="49.7948630" lon="19.9849530">
    <ele>561.4</ele>
    <time>2025-09-07T07:00:12Z</time>
   </trkpt>
   <trkpt lat="49.7948830" lon="19.9850180">
    <ele>561.4</ele>
    <time>2025-09-07T07:00:13Z</time>
   </trkpt>
   <trkpt lat="49.7949040" lon="19.9850790">
    <ele>561.4</ele>
    <time>2025-09-07T07:00:14Z</time>
   </trkpt>
   <trkpt lat="49.7949230" lon="19.9851350">
    <ele>561.6</ele>
    <time>2025-09-07T07:00:15Z</time>
   </trkpt>
   <trkpt lat="49.7949390" lon="19.9851870">
    <ele>561.8</ele>
    <time>2025-09-07T07:00:16Z</time>
   </trkpt>
   <trkpt lat="49.7949550" lon="19.9852360">
    <ele>562.2</ele>
    <time>2025-09-07T07:00:17Z</time>
   </trkpt>
   <trkpt lat="49.7949680" lon="19.9852850">
    <ele>562.4</ele>
    <time>2025-09-07T07:00:18Z</time>
   </trkpt>
   <trkpt lat="49.7949780" lon="19.9853350">
    <ele>562.6</ele>
    <time>2025-09-07T07:00:19Z</time>
   </trkpt>
   <trkpt lat="49.7949870" lon="19.9853890">
    <ele>562.6</ele>
    <time>2025-09-07T07:00:20Z</time>
   </trkpt>
   <trkpt lat="49.7949950" lon="19.9854420">
    <ele>562.8</ele>
    <time>2025-09-07T07:00:21Z</time>
   </trkpt>
   <trkpt lat="49.7950050" lon="19.9855010">
    <ele>563.0</ele>
    <time>2025-09-07T07:00:22Z</time>
   </trkpt>
   <trkpt lat="49.7950130" lon="19.9855410">
    <ele>563.2</ele>
    <time>2025-09-07T07:00:23Z</time>
   </trkpt>
   <trkpt lat="49.7950210" lon="19.9855910">
    <ele>563.4</ele>
    <time>2025-09-07T07:00:24Z</time>
   </trkpt>
   <trkpt lat="49.7950240" lon="19.9856400">
    <ele>563.6</ele>
    <time>2025-09-07T07:00:25Z</time>
   </trkpt>
   <trkpt lat="49.7950280" lon="19.9856890">
    <ele>564.0</ele>
    <time>2025-09-07T07:00:26Z</time>
   </trkpt>
   <trkpt lat="49.7950420" lon="19.9857880">
    <ele>564.4</ele>
    <time>2025-09-07T07:00:28Z</time>
   </trkpt>
   <trkpt lat="49.7950490" lon="19.9858340">
    <ele>564.6</ele>
    <time>2025-09-07T07:00:29Z</time>
   </trkpt>
   <trkpt lat="49.7950580" lon="19.9858870">
    <ele>565.2</ele>
    <time>2025-09-07T07:00:30Z</time>
   </trkpt>
   <trkpt lat="49.7950640" lon="19.9859300">
    <ele>565.4</ele>
    <time>2025-09-07T07:00:31Z</time>
   </trkpt>
   <trkpt lat="49.7950680" lon="19.9859650">
    <ele>565.6</ele>
    <time>2025-09-07T07:00:32Z</time>
   </trkpt>
   <trkpt lat="49.7950740" lon="19.9860100">
    <ele>565.6</ele>
    <time>2025-09-07T07:00:33Z</time>
   </trkpt>
   <trkpt lat="49.7950800" lon="19.9860550">
    <ele>565.8</ele>
    <time>2025-09-07T07:00:34Z</time>
   </trkpt>
   <trkpt lat="49.7950870" lon="19.9861010">
    <ele>566.0</ele>
    <time>2025-09-07T07:00:35Z</time>
   </trkpt>
   <trkpt lat="49.7950940" lon="19.9861540">
    <ele>566.2</ele>
    <time>2025-09-07T07:00:36Z</time>
   </trkpt>
   <trkpt lat="49.7950990" lon="19.9861920">
    <ele>566.4</ele>
    <time>2025-09-07T07:00:37Z</time>
   </trkpt>
   <trkpt lat="49.7951050" lon="19.9862430">
    <ele>566.4</ele>
    <time>2025-09-07T07:00:38Z</time>
   </trkpt>
   <trkpt lat="49.7951110" lon="19.9863020">
    <ele>566.6</ele>
    <time>2025-09-07T07:00:39Z</time>
   </trkpt>
   <trkpt lat="49.7951150" lon="19.9863420">
    <ele>566.6</ele>
    <time>2025-09-07T07:00:40Z</time>
   </trkpt>
   <trkpt lat="49.7951180" lon="19.9863980">
    <ele>566.8</ele>
    <time>2025-09-07T07:00:41Z</time>
   </trkpt>
   <trkpt lat="49.7951200" lon="19.9864430">
    <ele>567.0</ele>
    <time>2025-09-07T07:00:42Z</time>
   </trkpt>
   <trkpt lat="49.7951200" lon="19.9864870">
    <ele>567.0</ele>
    <time>2025-09-07T07:00:43Z</time>
   </trkpt>
   <trkpt lat="49.7951200" lon="19.9865220">
    <ele>567.0</ele>
    <time>2025-09-07T07:00:44Z</time>
   </trkpt>
   <trkpt lat="49.7951240" lon="19.9865730">
    <ele>567.0</ele>
    <time>2025-09-07T07:00:45Z</time>
   </trkpt>
   <trkpt lat="49.7951270" lon="19.9866150">
    <ele>567.0</ele>
    <time>2025-09-07T07:00:46Z</time>
   </trkpt>
   <trkpt lat="49.7951300" lon="19.9866500">
    <ele>567.0</ele>
    <time>2025-09-07T07:00:47Z</time>
   </trkpt>
   <trkpt lat="49.7951330" lon="19.9866940">
    <ele>567.0</ele>
    <time>2025-09-07T07:00:48Z</time>
   </trkpt>
   <trkpt lat="49.7951350" lon="19.9867410">
    <ele>567.0</ele>
    <time>2025-09-07T07:00:49Z</time>
   </trkpt>
   <trkpt lat="49.7951420" lon="19.9868010">
    <ele>567.0</ele>
    <time>2025-09-07T07:00:50Z</time>
   </trkpt>
   <trkpt lat="49.7951470" lon="19.9868380">
    <ele>567.0</ele>
    <time>2025-09-07T07:00:51Z</time>
   </trkpt>
   <trkpt lat="49.7951540" lon="19.9868930">
    <ele>567.2</ele>
    <time>2025-09-07T07:00:52Z</time>
   </trkpt>
   <trkpt lat="49.7951570" lon="19.9869380">
    <ele>567.2</ele>
    <time>2025-09-07T07:00:53Z</time>
   </trkpt>
   <trkpt lat="49.7951610" lon="19.9869830">
    <ele>567.2</ele>
    <time>2025-09-07T07:00:54Z</time>
   </trkpt>
   <trkpt lat="49.7951650" lon="19.9870280">
    <ele>567.4</ele>
    <time>2025-09-07T07:00:55Z</time>
   </trkpt>
   <trkpt lat="49.7951690" lon="19.9870710">
    <ele>567.4</ele>
    <time>2025-09-07T07:00:56Z</time>
   </trkpt>
   <trkpt lat="49.7951750" lon="19.9871140">
    <ele>567.4</ele>
    <time>2025-09-07T07:00:57Z</time>
   </trkpt>
   <trkpt lat="49.7951970" lon="19.9873510">
    <ele>567.6</ele>
    <time>2025-09-07T07:01:02Z</time>
   </trkpt>
   <trkpt lat="49.7952050" lon="19.9876370">
    <ele>567.6</ele>
    <time>2025-09-07T07:01:08Z</time>
   </trkpt>
   <trkpt lat="49.7952040" lon="19.9876890">
    <ele>567.4</ele>
    <time>2025-09-07T07:01:09Z</time>
   </trkpt>
   <trkpt lat="49.7952030" lon="19.9877380">
    <ele>567.4</ele>
    <time>2025-09-07T07:01:10Z</time>
   </trkpt>
   <trkpt lat="49.7951980" lon="19.9878290">
    <ele>567.4</ele>
    <time>2025-09-07T07:01:12Z</time>
   </trkpt>
   <trkpt lat="49.7951910" lon="19.9878740">
    <ele>567.4</ele>
    <time>2025-09-07T07:01:13Z</time>
   </trkpt>
   <trkpt lat="49.7951780" lon="19.9879660">
    <ele>567.4</ele>
    <time>2025-09-07T07:01:15Z</time>
   </trkpt>
   <trkpt lat="49.7951670" lon="19.9880660">
    <ele>567.4</ele>
    <time>2025-09-07T07:01:17Z</time>
   </trkpt>
   <trkpt lat="49.7951610" lon="19.9881080">
    <ele>567.4</ele>
    <time>2025-09-07T07:01:18Z</time>
   </trkpt>
   <trkpt lat="49.7951600" lon="19.9881470">
    <ele>567.6</ele>
    <time>2025-09-07T07:01:19Z</time>
   </trkpt>
   <trkpt lat="49.7951590" lon="19.9881920">
    <ele>567.6</ele>
    <time>2025-09-07T07:01:20Z</time>
   </trkpt>
   <trkpt lat="49.7951570" lon="19.9882340">
    <ele>567.6</ele>
    <time>2025-09-07T07:01:21Z</time>
   </trkpt>
   <trkpt lat="49.7951520" lon="19.9882760">
    <ele>567.6</ele>
    <time>2025-09-07T07:01:22Z</time>
   </trkpt>
   <trkpt lat="49.7951490" lon="19.9883100">
    <ele>567.6</ele>
    <time>2025-09-07T07:01:23Z</time>
   </trkpt>
   <trkpt lat="49.7951470" lon="19.9883500">
    <ele>567.6</ele>
    <time>2025-09-07T07:01:24Z</time>
   </trkpt>
   <trkpt lat="49.7951490" lon="19.9883910">
    <ele>567.6</ele>
    <time>2025-09-07T07:01:25Z</time>
   </trkpt>
   <trkpt lat="49.7951540" lon="19.9884290">
    <ele>567.8</ele>
    <time>2025-09-07T07:01:26Z</time>
   </trkpt>
   <trkpt lat="49.7951580" lon="19.9884990">
    <ele>568.0</ele>
    <time>2025-09-07T07:01:28Z</time>
   </trkpt>
   <trkpt lat="49.7951640" lon="19.9885300">
    <ele>568.2</ele>
    <time>2025-09-07T07:01:29Z</time>
   </trkpt>
   <trkpt lat="49.7951730" lon="19.9885630">
    <ele>568.4</ele>
    <time>2025-09-07T07:01:30Z</time>
   </trkpt>
   <trkpt lat="49.7951820" lon="19.9886330">
    <ele>568.8</ele>
    <time>2025-09-07T07:01:32Z</time>
   </trkpt>
   <trkpt lat="49.7951880" lon="19.9886660">
    <ele>568.8</ele>
    <time>2025-09-07T07:01:33Z</time>
   </trkpt>
   <trkpt lat="49.7951940" lon="19.9886950">
    <ele>569.0</ele>
    <time>2025-09-07T07:01:34Z</time>
   </trkpt>
   <trkpt lat="49.7952030" lon="19.9887250">
    <ele>569.2</ele>
    <time>2025-09-07T07:01:35Z</time>
   </trkpt>
   <trkpt lat="49.7952110" lon="19.9887490">
    <ele>569.6</ele>
    <time>2025-09-07T07:01:36Z</time>
   </trkpt>
   <trkpt lat="49.7952180" lon="19.9887790">
    <ele>569.8</ele>
    <time>2025-09-07T07:01:37Z</time>
   </trkpt>
   <trkpt lat="49.7952250" lon="19.9888040">
    <ele>569.8</ele>
    <time>2025-09-07T07:01:38Z</time>
   </trkpt>
   <trkpt lat="49.7952290" lon="19.9888240">
    <ele>570.0</ele>
    <time>2025-09-07T07:01:39Z</time>
   </trkpt>
   <trkpt lat="49.7952320" lon="19.9888470">
    <ele>570.2</ele>
    <time>2025-09-07T07:01:40Z</time>
   </trkpt>
   <trkpt lat="49.7952410" lon="19.9889050">
    <ele>570.6</ele>
    <time>2025-09-07T07:01:42Z</time>
   </trkpt>
   <trkpt lat="49.7952510" lon="19.9889330">
    <ele>570.6</ele>
    <time>2025-09-07T07:01:43Z</time>
   </trkpt>
   <trkpt lat="49.7952610" lon="19.9889610">
    <ele>570.8</ele>
    <time>2025-09-07T07:01:44Z</time>
   </trkpt>
   <trkpt lat="49.7952720" lon="19.9889870">
    <ele>571.0</ele>
    <time>2025-09-07T07:01:45Z</time>
   </trkpt>
   <trkpt lat="49.7952780" lon="19.9890170">
    <ele>571.4</ele>
    <time>2025-09-07T07:01:46Z</time>
   </trkpt>
   <trkpt lat="49.7952790" lon="19.9890480">
    <ele>571.4</ele>
    <time>2025-09-07T07:01:47Z</time>
   </trkpt>
   <trkpt lat="49.7952780" lon="19.9890760">
    <ele>571.6</ele>
    <time>2025-09-07T07:01:48Z</time>
   </trkpt>
   <trkpt lat="49.7952780" lon="19.9891090">
    <ele>571.8</ele>
    <time>2025-09-07T07:01:49Z</time>
   </trkpt>
   <trkpt lat="49.7952910" lon="19.9891420">
    <ele>572.0</ele>
    <time>2025-09-07T07:01:50Z</time>
   </trkpt>
   <trkpt lat="49.7952940" lon="19.9891720">
    <ele>572.4</ele>
    <time>2025-09-07T07:01:51Z</time>
   </trkpt>
   <trkpt lat="49.7953010" lon="19.9891990">
    <ele>572.4</ele>
    <time>2025-09-07T07:01:52Z</time>
   </trkpt>
   <trkpt lat="49.7953080" lon="19.9892280">
    <ele>572.8</ele>
    <time>2025-09-07T07:01:53Z</time>
   </trkpt>
   <trkpt lat="49.7953170" lon="19.9892570">
    <ele>572.8</ele>
    <time>2025-09-07T07:01:54Z</time>
   </trkpt>
   <trkpt lat="49.7953260" lon="19.9892850">
    <ele>573.0</ele>
    <time>2025-09-07T07:01:55Z</time>
   </trkpt>
   <trkpt lat="49.7953390" lon="19.9893140">
    <ele>573.4</ele>
    <time>2025-09-07T07:01:56Z</time>
   </trkpt>
   <trkpt lat="49.7953470" lon="19.9893520">
    <ele>573.6</ele>
    <time>2025-09-07T07:01:57Z</time>
   </trkpt>
   <trkpt lat="49.7953510" lon="19.9893900">
    <ele>573.6</ele>
    <time>2025-09-07T07:01:58Z</time>
   </trkpt>
   <trkpt lat="49.7953580" lon="19.9894170">
    <ele>573.8</ele>
    <time>2025-09-07T07:01:59Z</time>
   </trkpt>
   <trkpt lat="49.7953660" lon="19.9894440">
    <ele>574.0</ele>
    <time>2025-09-07T07:02:00Z</time>
   </trkpt>
   <trkpt lat="49.7953800" lon="19.9894970">
    <ele>574.0</ele>
    <time>2025-09-07T07:02:01Z</time>
   </trkpt>
   <trkpt lat="49.7953900" lon="19.9895240">
    <ele>574.2</ele>
    <time>2025-09-07T07:02:02Z</time>
   </trkpt>
   <trkpt lat="49.7953970" lon="19.9895470">
    <ele>574.2</ele>
    <time>2025-09-07T07:02:03Z</time>
   </trkpt>
   <trkpt lat="49.7954040" lon="19.9895630">
    <ele>574.2</ele>
    <time>2025-09-07T07:02:04Z</time>
   </trkpt>
   <trkpt lat="49.7954090" lon="19.9895840">
    <ele>574.2</ele>
    <time>2025-09-07T07:02:05Z</time>
   </trkpt>
   <trkpt lat="49.7954130" lon="19.9896210">
    <ele>574.2</ele>
    <time>2025-09-07T07:02:06Z</time>
   </trkpt>
   <trkpt lat="49.7954280" lon="19.9896440">
    <ele>574.2</ele>
    <time>2025-09-07T07:02:07Z</time>
   </trkpt>
   <trkpt lat="49.7954490" lon="19.9896710">
    <ele>574.2</ele>
    <time>2025-09-07T07:02:08Z</time>
   </trkpt>
   <trkpt lat="49.7954820" lon="19.9897100">
    <ele>574.2</ele>
    <time>2025-09-07T07:02:09Z</time>
   </trkpt>
   <trkpt lat="49.7954980" lon="19.9897480">
    <ele>574.2</ele>
    <time>2025-09-07T07:02:10Z</time>
   </trkpt>
   <trkpt lat="49.7955050" lon="19.9897860">
    <ele>574.2</ele>
    <time>2025-09-07T07:02:11Z</time>
   </trkpt>
   <trkpt lat="49.7955090" lon="19.9898200">
    <ele>574.2</ele>
    <time>2025-09-07T07:02:12Z</time>
   </trkpt>
   <trkpt lat="49.7955280" lon="19.9898580">
    <ele>574.4</ele>
    <time>2025-09-07T07:02:13Z</time>
   </trkpt>
   <trkpt lat="49.7955410" lon="19.9899190">
    <ele>574.4</ele>
    <time>2025-09-07T07:02:14Z</time>
   </trkpt>
   <trkpt lat="49.7955270" lon="19.9899510">
    <ele>574.6</ele>
    <time>2025-09-07T07:02:15Z</time>
   </trkpt>
   <trkpt lat="49.7955310" lon="19.9899800">
    <ele>574.6</ele>
    <time>2025-09-07T07:02:16Z</time>
   </trkpt>
   <trkpt lat="49.7955340" lon="19.9900110">
    <ele>574.8</ele>
    <time>2025-09-07T07:02:17Z</time>
   </trkpt>
   <trkpt lat="49.7955350" lon="19.9900300">
    <ele>575.2</ele>
    <time>2025-09-07T07:02:18Z</time>
   </trkpt>
   <trkpt lat="49.7955620" lon="19.9901050">
    <ele>575.8</ele>
    <time>2025-09-07T07:02:21Z</time>
   </trkpt>
   <trkpt lat="49.7955650" lon="19.9901260">
    <ele>576.2</ele>
    <time>2025-09-07T07:02:22Z</time>
   </trkpt>
   <trkpt lat="49.7955720" lon="19.9901500">
    <ele>576.6</ele>
    <time>2025-09-07T07:02:23Z</time>
   </trkpt>
   <trkpt lat="49.7955790" lon="19.9901720">
    <ele>576.8</ele>
    <time>2025-09-07T07:02:24Z</time>
   </trkpt>
   <trkpt lat="49.7955770" lon="19.9901870">
    <ele>577.0</ele>
    <time>2025-09-07T07:02:25Z</time>
   </trkpt>
   <trkpt lat="49.7955790" lon="19.9902020">
    <ele>577.2</ele>
    <time>2025-09-07T07:02:26Z</time>
   </trkpt>
   <trkpt lat="49.7955890" lon="19.9902230">
    <ele>577.6</ele>
    <time>2025-09-07T07:02:27Z</time>
   </trkpt>
   <trkpt lat="49.7956010" lon="19.9902470">
    <ele>577.8</ele>
    <time>2025-09-07T07:02:28Z</time>
   </trkpt>
   <trkpt lat="49.7956160" lon="19.9902680">
    <ele>578.0</ele>
    <time>2025-09-07T07:02:29Z</time>
   </trkpt>
   <trkpt lat="49.7956330" lon="19.9902930">
    <ele>578.2</ele>
    <time>2025-09-07T07:02:30Z</time>
   </trkpt>
   <trkpt lat="49.7956360" lon="19.9903270">
    <ele>578.4</ele>
    <time>2025-09-07T07:02:31Z</time>
   </trkpt>
   <trkpt lat="49.7956510" lon="19.9903500">
    <ele>578.8</ele>
    <time>2025-09-07T07:02:32Z</time>
   </trkpt>
   <trkpt lat="49.7956610" lon="19.9903760">
    <ele>579.0</ele>
    <time>2025-09-07T07:02:33Z</time>
   </trkpt>
   <trkpt lat="49.7956650" lon="19.9904070">
    <ele>579.0</ele>
    <time>2025-09-07T07:02:34Z</time>
   </trkpt>
   <trkpt lat="49.7956700" lon="19.9904440">
    <ele>579.2</ele>
    <time>2025-09-07T07:02:35Z</time>
   </trkpt>
   <trkpt lat="49.7956760" lon="19.9904750">
    <ele>579.6</ele>
    <time>2025-09-07T07:02:36Z</time>
   </trkpt>
   <trkpt lat="49.7956840" lon="19.9905040">
    <ele>579.8</ele>
    <time>2025-09-07T07:02:37Z</time>
   </trkpt>
   <trkpt lat="49.7956900" lon="19.9905270">
    <ele>580.0</ele>
    <time>2025-09-07T07:02:38Z</time>
   </trkpt>
   <trkpt lat="49.7956970" lon="19.9905490">
    <ele>580.2</ele>
    <time>2025-09-07T07:02:39Z</time>
   </trkpt>
   <trkpt lat="49.7957040" lon="19.9905800">
    <ele>580.4</ele>
    <time>2025-09-07T07:02:40Z</time>
   </trkpt>
   <trkpt lat="49.7957040" lon="19.9906240">
    <ele>580.8</ele>
    <time>2025-09-07T07:02:41Z</time>
   </trkpt>
   <trkpt lat="49.7957060" lon="19.9906550">
    <ele>581.0</ele>
    <time>2025-09-07T07:02:42Z</time>
   </trkpt>
   <trkpt lat="49.7957100" lon="19.9906920">
    <ele>581.0</ele>
    <time>2025-09-07T07:02:43Z</time>
   </trkpt>
   <trkpt lat="49.7957220" lon="19.9907310">
    <ele>581.2</ele>
    <time>2025-09-07T07:02:44Z</time>
   </trkpt>
   <trkpt lat="49.7957280" lon="19.9907800">
    <ele>581.6</ele>
    <time>2025-09-07T07:02:45Z</time>
   </trkpt>
   <trkpt lat="49.7957390" lon="19.9908040">
    <ele>581.6</ele>
    <time>2025-09-07T07:02:46Z</time>
   </trkpt>
   <trkpt lat="49.7957510" lon="19.9908280">
    <ele>581.8</ele>
    <time>2025-09-07T07:02:47Z</time>
   </trkpt>
   <trkpt lat="49.7957580" lon="19.9908580">
    <ele>581.8</ele>
    <time>2025-09-07T07:02:48Z</time>
   </trkpt>
   <trkpt lat="49.7957570" lon="19.9908950">
    <ele>582.0</ele>
    <time>2025-09-07T07:02:49Z</time>
   </trkpt>
   <trkpt lat="49.7957490" lon="19.9909230">
    <ele>582.0</ele>
    <time>2025-09-07T07:02:50Z</time>
   </trkpt>
   <trkpt lat="49.7957450" lon="19.9909650">
    <ele>582.0</ele>
    <time>2025-09-07T07:02:51Z</time>
   </trkpt>
   <trkpt lat="49.7957380" lon="19.9910040">
    <ele>582.0</ele>
    <time>2025-09-07T07:02:52Z</time>
   </trkpt>
   <trkpt lat="49.7957240" lon="19.9910510">
    <ele>582.0</ele>
    <time>2025-09-07T07:02:53Z</time>
   </trkpt>
   <trkpt lat="49.7957120" lon="19.9910910">
    <ele>582.0</ele>
    <time>2025-09-07T07:02:54Z</time>
   </trkpt>
   <trkpt lat="49.7957020" lon="19.9911300">
    <ele>581.8</ele>
    <time>2025-09-07T07:02:55Z</time>
   </trkpt>
   <trkpt lat="49.7956980" lon="19.9911630">
    <ele>581.8</ele>
    <time>2025-09-07T07:02:56Z</time>
   </trkpt>
   <trkpt lat="49.7956970" lon="19.9912110">
    <ele>581.8</ele>
    <time>2025-09-07T07:02:57Z</time>
   </trkpt>
   <trkpt lat="49.7956800" lon="19.9912540">
    <ele>581.8</ele>
    <time>2025-09-07T07:02:58Z</time>
   </trkpt>
   <trkpt lat="49.7956670" lon="19.9912690">
    <ele>581.8</ele>
    <time>2025-09-07T07:02:59Z</time>
   </trkpt>
   <trkpt lat="49.7956560" lon="19.9913030">
    <ele>581.8</ele>
    <time>2025-09-07T07:03:00Z</time>
   </trkpt>
   <trkpt lat="49.7956420" lon="19.9913300">
    <ele>582.0</ele>
    <time>2025-09-07T07:03:01Z</time>
   </trkpt>
   <trkpt lat="49.7956250" lon="19.9913400">
    <ele>582.0</ele>
    <time>2025-09-07T07:03:02Z</time>
   </trkpt>
   <trkpt lat="49.7956060" lon="19.9913530">
    <ele>582.0</ele>
    <time>2025-09-07T07:03:03Z</time>
   </trkpt>
   <trkpt lat="49.7955830" lon="19.9913570">
    <ele>582.0</ele>
    <time>2025-09-07T07:03:04Z</time>
   </trkpt>
   <trkpt lat="49.7955610" lon="19.9913530">
    <ele>582.0</ele>
    <time>2025-09-07T07:03:05Z</time>
   </trkpt>
   <trkpt lat="49.7955430" lon="19.9913470">
    <ele>582.0</ele>
    <time>2025-09-07T07:03:06Z</time>
   </trkpt>
   <trkpt lat="49.7955270" lon="19.9913470">
    <ele>582.2</ele>
    <time>2025-09-07T07:03:07Z</time>
   </trkpt>
   <trkpt lat="49.7955160" lon="19.9913580">
    <ele>582.2</ele>
    <time>2025-09-07T07:03:08Z</time>
   </trkpt>
   <trkpt lat="49.7955060" lon="19.9913780">
    <ele>582.2</ele>
    <time>2025-09-07T07:03:09Z</time>
   </trkpt>
   <trkpt lat="49.7954990" lon="19.9914050">
    <ele>582.4</ele>
    <time>2025-09-07T07:03:10Z</time>
   </trkpt>
   <trkpt lat="49.7954890" lon="19.9914310">
    <ele>582.4</ele>
    <time>2025-09-07T07:03:11Z</time>
   </trkpt>
   <trkpt lat="49.7954780" lon="19.9914530">
    <ele>582.4</ele>
    <time>2025-09-07T07:03:12Z</time>
   </trkpt>
   <trkpt lat="49.7954620" lon="19.9914670">
    <ele>582.6</ele>
    <time>2025-09-07T07:03:13Z</time>
   </trkpt>
   <trkpt lat="49.7954450" lon="19.9914820">
    <ele>582.6</ele>
    <time>2025-09-07T07:03:14Z</time>
   </trkpt>
   <trkpt lat="49.7954300" lon="19.9914980">
    <ele>582.6</ele>
    <time>2025-09-07T07:03:15Z</time>
   </trkpt>
   <trkpt lat="49.7954150" lon="19.9915140">
    <ele>583.0</ele>
    <time>2025-09-07T07:03:16Z</time>
   </trkpt>
   <trkpt lat="49.7954010" lon="19.9915370">
    <ele>583.0</ele>
    <time>2025-09-07T07:03:17Z</time>
   </trkpt>
   <trkpt lat="49.7953460" lon="19.9916140">
    <ele>583.8</ele>
    <time>2025-09-07T07:03:21Z</time>
   </trkpt>
   <trkpt lat="49.7953320" lon="19.9916330">
    <ele>583.8</ele>
    <time>2025-09-07T07:03:22Z</time>
   </trkpt>
   <trkpt lat="49.7953020" lon="19.9916830">
    <ele>584.4</ele>
    <time>2025-09-07T07:03:24Z</time>
   </trkpt>
   <trkpt lat="49.7952910" lon="19.9917080">
    <ele>584.6</ele>
    <time>2025-09-07T07:03:25Z</time>
   </trkpt>
   <trkpt lat="49.7952740" lon="19.9917260">
    <ele>585.0</ele>
    <time>2025-09-07T07:03:26Z</time>
   </trkpt>
   <trkpt lat="49.7952590" lon="19.9917430">
    <ele>585.2</ele>
    <time>2025-09-07T07:03:27Z</time>
   </trkpt>
   <trkpt lat="49.7952430" lon="19.9917590">
    <ele>585.6</ele>
    <time>2025-09-07T07:03:28Z</time>
   </trkpt>
   <trkpt lat="49.7952280" lon="19.9917770">
    <ele>585.8</ele>
    <time>2025-09-07T07:03:29Z</time>
   </trkpt>
   <trkpt lat="49.7952140" lon="19.9917930">
    <ele>586.0</ele>
    <time>2025-09-07T07:03:30Z</time>
   </trkpt>
   <trkpt lat="49.7952020" lon="19.9918050">
    <ele>586.0</ele>
    <time>2025-09-07T07:03:31Z</time>
   </trkpt>
   <trkpt lat="49.7951880" lon="19.9918220">
    <ele>586.2</ele>
    <time>2025-09-07T07:03:32Z</time>
   </trkpt>
   <trkpt lat="49.7951680" lon="19.9918360">
    <ele>586.2</ele>
    <time>2025-09-07T07:03:33Z</time>
   </trkpt>
   <trkpt lat="49.7951440" lon="19.9918420">
    <ele>586.2</ele>
    <time>2025-09-07T07:03:34Z</time>
   </trkpt>
   <trkpt lat="49.7951150" lon="19.9918590">
    <ele>586.4</ele>
    <time>2025-09-07T07:03:35Z</time>
   </trkpt>
   <trkpt lat="49.7951010" lon="19.9918690">
    <ele>586.4</ele>
    <time>2025-09-07T07:03:36Z</time>
   </trkpt>
   <trkpt lat="49.7950890" lon="19.9918810">
    <ele>586.4</ele>
    <time>2025-09-07T07:03:37Z</time>
   </trkpt>
   <trkpt lat="49.7950710" lon="19.9919060">
    <ele>586.6</ele>
    <time>2025-09-07T07:03:38Z</time>
   </trkpt>
   <trkpt lat="49.7950480" lon="19.9919320">
    <ele>586.6</ele>
    <time>2025-09-07T07:03:39Z</time>
   </trkpt>
   <trkpt lat="49.7950330" lon="19.9919540">
    <ele>586.8</ele>
    <time>2025-09-07T07:03:40Z</time>
   </trkpt>
   <trkpt lat="49.7950150" lon="19.9919810">
    <ele>586.8</ele>
    <time>2025-09-07T07:03:41Z</time>
   </trkpt>
   <trkpt lat="49.7950030" lon="19.9920160">
    <ele>586.8</ele>
    <time>2025-09-07T07:03:42Z</time>
   </trkpt>
   <trkpt lat="49.7949880" lon="19.9920500">
    <ele>586.8</ele>
    <time>2025-09-07T07:03:43Z</time>
   </trkpt>
   <trkpt lat="49.7949630" lon="19.9920780">
    <ele>587.0</ele>
    <time>2025-09-07T07:03:44Z</time>
   </trkpt>
   <trkpt lat="49.7949510" lon="19.9920860">
    <ele>587.0</ele>
    <time>2025-09-07T07:03:45Z</time>
   </trkpt>
   <trkpt lat="49.7949380" lon="19.9921060">
    <ele>587.0</ele>
    <time>2025-09-07T07:03:46Z</time>
   </trkpt>
   <trkpt lat="49.7949260" lon="19.9921270">
    <ele>587.0</ele>
    <time>2025-09-07T07:03:47Z</time>
   </trkpt>
   <trkpt lat="49.7949190" lon="19.9921550">
    <ele>587.2</ele>
    <time>2025-09-07T07:03:48Z</time>
   </trkpt>
   <trkpt lat="49.7949120" lon="19.9921710">
    <ele>587.2</ele>
    <time>2025-09-07T07:03:49Z</time>
   </trkpt>
   <trkpt lat="49.7948990" lon="19.9921930">
    <ele>587.4</ele>
    <time>2025-09-07T07:03:50Z</time>
   </trkpt>
   <trkpt lat="49.7948830" lon="19.9922130">
    <ele>587.6</ele>
    <time>2025-09-07T07:03:51Z</time>
   </trkpt>
   <trkpt lat="49.7948690" lon="19.9922300">
    <ele>587.6</ele>
    <time>2025-09-07T07:03:52Z</time>
   </trkpt>
   <trkpt lat="49.7948550" lon="19.9922570">
    <ele>587.6</ele>
    <time>2025-09-07T07:03:53Z</time>
   </trkpt>
   <trkpt lat="49.7948430" lon="19.9922880">
    <ele>587.8</ele>
    <time>2025-09-07T07:03:54Z</time>
   </trkpt>
   <trkpt lat="49.7948150" lon="19.9923690">
    <ele>587.8</ele>
    <time>2025-09-07T07:03:57Z</time>
   </trkpt>
   <trkpt lat="49.7948090" lon="19.9923970">
    <ele>588.0</ele>
    <time>2025-09-07T07:03:58Z</time>
   </trkpt>
   <trkpt lat="49.7948020" lon="19.9924250">
    <ele>588.2</ele>
    <time>2025-09-07T07:03:59Z</time>
   </trkpt>
   <trkpt lat="49.7947950" lon="19.9924410">
    <ele>588.4</ele>
    <time>2025-09-07T07:04:00Z</time>
   </trkpt>
   <trkpt lat="49.7947780" lon="19.9924550">
    <ele>588.4</ele>
    <time>2025-09-07T07:04:01Z</time>
   </trkpt>
   <trkpt lat="49.7947620" lon="19.9924670">
    <ele>588.6</ele>
    <time>2025-09-07T07:04:02Z</time>
   </trkpt>
   <trkpt lat="49.7947460" lon="19.9924900">
    <ele>588.6</ele>
    <time>2025-09-07T07:04:03Z</time>
   </trkpt>
   <trkpt lat="49.7947190" lon="19.9925500">
    <ele>588.8</ele>
    <time>2025-09-07T07:04:05Z</time>
   </trkpt>
   <trkpt lat="49.7947040" lon="19.9925760">
    <ele>588.8</ele>
    <time>2025-09-07T07:04:06Z</time>
   </trkpt>
   <trkpt lat="49.7946910" lon="19.9926000">
    <ele>588.8</ele>
    <time>2025-09-07T07:04:07Z</time>
   </trkpt>
   <trkpt lat="49.7946730" lon="19.9926470">
    <ele>589.2</ele>
    <time>2025-09-07T07:04:09Z</time>
   </trkpt>
   <trkpt lat="49.7946630" lon="19.9926720">
    <ele>589.6</ele>
    <time>2025-09-07T07:04:10Z</time>
   </trkpt>
   <trkpt lat="49.7946600" lon="19.9926780">
    <ele>589.8</ele>
    <time>2025-09-07T07:04:11Z</time>
   </trkpt>
   <trkpt lat="49.7946600" lon="19.9926780">
    <ele>590.0</ele>
    <time>2025-09-07T07:04:12Z</time>
   </trkpt>
   <trkpt lat="49.7946600" lon="19.9926780">
    <ele>590.0</ele>
    <time>2025-09-07T07:04:13Z</time>
   </trkpt>
   <trkpt lat="49.7946600" lon="19.9926780">
    <ele>590.0</ele>
    <time>2025-09-07T07:04:19Z</time>
   </trkpt>
   <trkpt lat="49.7946600" lon="19.9926780">
    <ele>590.2</ele>
    <time>2025-09-07T07:04:23Z</time>
   </trkpt>
   <trkpt lat="49.7946600" lon="19.9926780">
    <ele>590.0</ele>
    <time>2025-09-07T07:04:29Z</time>
   </trkpt>
   <trkpt lat="49.7946600" lon="19.9926780">
    <ele>590.0</ele>
    <time>2025-09-07T07:04:31Z</time>
   </trkpt>
   <trkpt lat="49.7946600" lon="19.9926780">
    <ele>590.0</ele>
    <time>2025-09-07T07:04:37Z</time>
   </trkpt>
   <trkpt lat="49.7946600" lon="19.9926780">
    <ele>590.0</ele>
    <time>2025-09-07T07:04:39Z</time>
   </trkpt>
   <trkpt lat="49.7946600" lon="19.9926780">
    <ele>590.0</ele>
    <time>2025-09-07T07:04:40Z</time>
   </trkpt>
   <trkpt lat="49.7946600" lon="19.9926780">
    <ele>590.0</ele>
    <time>2025-09-07T07:04:41Z</time>
   </trkpt>
   <trkpt lat="49.7946600" lon="19.9926780">
    <ele>590.0</ele>
    <time>2025-09-07T07:04:43Z</time>
   </trkpt>
   <trkpt lat="49.7946600" lon="19.9926780">
    <ele>590.0</ele>
    <time>2025-09-07T07:04:46Z</time>
   </trkpt>
   <trkpt lat="49.7946600" lon="19.9926780">
    <ele>590.0</ele>
    <time>2025-09-07T07:04:59Z</time>
   </trkpt>
   <trkpt lat="49.7946560" lon="19.9926580">
    <ele>590.0</ele>
    <time>2025-09-07T07:05:06Z</time>
   </trkpt>
   <trkpt lat="49.7946560" lon="19.9926580">
    <ele>590.0</ele>
    <time>2025-09-07T07:05:07Z</time>
   </trkpt>
   <trkpt lat="49.7946560" lon="19.9926580">
    <ele>590.0</ele>
    <time>2025-09-07T07:05:09Z</time>
   </trkpt>
   <trkpt lat="49.7946560" lon="19.9926580">
    <ele>589.8</ele>
    <time>2025-09-07T07:05:15Z</time>
   </trkpt>
   <trkpt lat="49.7946510" lon="19.9926610">
    <ele>589.8</ele>
    <time>2025-09-07T07:05:19Z</time>
   </trkpt>
   <trkpt lat="49.7946740" lon="19.9927360">
    <ele>589.8</ele>
    <time>2025-09-07T07:06:12Z</time>
   </trkpt>
   <trkpt lat="49.7946740" lon="19.9927360">
    <ele>589.8</ele>
    <time>2025-09-07T07:06:13Z</time>
   </trkpt>
   <trkpt lat="49.7946740" lon="19.9927360">
    <ele>589.8</ele>
    <time>2025-09-07T07:06:14Z</time>
   </trkpt>
   <trkpt lat="49.7946740" lon="19.9927360">
    <ele>589.8</ele>
    <time>2025-09-07T07:06:23Z</time>
   </trkpt>
   <trkpt lat="49.7946680" lon="19.9927500">
    <ele>589.8</ele>
    <time>2025-09-07T07:06:35Z</time>
   </trkpt>
   <trkpt lat="49.7946610" lon="19.9927660">
    <ele>589.8</ele>
    <time>2025-09-07T07:06:36Z</time>
   </trkpt>
   <trkpt lat="49.7946580" lon="19.9927720">
    <ele>589.6</ele>
    <time>2025-09-07T07:06:37Z</time>
   </trkpt>
   <trkpt lat="49.7946530" lon="19.9927830">
    <ele>589.6</ele>
    <time>2025-09-07T07:06:38Z</time>
   </trkpt>
   <trkpt lat="49.7946410" lon="19.9928080">
    <ele>589.6</ele>
    <time>2025-09-07T07:06:39Z</time>
   </trkpt>
   <trkpt lat="49.7946000" lon="19.9929050">
    <ele>589.8</ele>
    <time>2025-09-07T07:06:43Z</time>
   </trkpt>
   <trkpt lat="49.7945930" lon="19.9929440">
    <ele>589.8</ele>
    <time>2025-09-07T07:06:44Z</time>
   </trkpt>
   <trkpt lat="49.7945830" lon="19.9929840">
    <ele>589.8</ele>
    <time>2025-09-07T07:06:45Z</time>
   </trkpt>
   <trkpt lat="49.7945680" lon="19.9930170">
    <ele>589.8</ele>
    <time>2025-09-07T07:06:46Z</time>
   </trkpt>
   <trkpt lat="49.7945460" lon="19.9930460">
    <ele>589.8</ele>
    <time>2025-09-07T07:06:47Z</time>
   </trkpt>
   <trkpt lat="49.7945290" lon="19.9930690">
    <ele>589.8</ele>
    <time>2025-09-07T07:06:48Z</time>
   </trkpt>
   <trkpt lat="49.7945180" lon="19.9930950">
    <ele>589.4</ele>
    <time>2025-09-07T07:06:49Z</time>
   </trkpt>
   <trkpt lat="49.7945130" lon="19.9931190">
    <ele>589.4</ele>
    <time>2025-09-07T07:06:50Z</time>
   </trkpt>
   <trkpt lat="49.7945050" lon="19.9931460">
    <ele>589.4</ele>
    <time>2025-09-07T07:06:51Z</time>
   </trkpt>
   <trkpt lat="49.7945020" lon="19.9931850">
    <ele>589.4</ele>
    <time>2025-09-07T07:06:52Z</time>
   </trkpt>
   <trkpt lat="49.7945090" lon="19.9932180">
    <ele>589.6</ele>
    <time>2025-09-07T07:06:53Z</time>
   </trkpt>
   <trkpt lat="49.7945040" lon="19.9932550">
    <ele>590.0</ele>
    <time>2025-09-07T07:06:54Z</time>
   </trkpt>
   <trkpt lat="49.7944920" lon="19.9932950">
    <ele>590.2</ele>
    <time>2025-09-07T07:06:55Z</time>
   </trkpt>
   <trkpt lat="49.7944800" lon="19.9933260">
    <ele>590.2</ele>
    <time>2025-09-07T07:06:56Z</time>
   </trkpt>
   <trkpt lat="49.7944710" lon="19.9933550">
    <ele>590.2</ele>
    <time>2025-09-07T07:06:57Z</time>
   </trkpt>
   <trkpt lat="49.7944560" lon="19.9934040">
    <ele>590.2</ele>
    <time>2025-09-07T07:06:58Z</time>
   </trkpt>
   <trkpt lat="49.7944200" lon="19.9934840">
    <ele>590.2</ele>
    <time>2025-09-07T07:07:00Z</time>
   </trkpt>
   <trkpt lat="49.7944130" lon="19.9935100">
    <ele>590.2</ele>
    <time>2025-09-07T07:07:01Z</time>
   </trkpt>
   <trkpt lat="49.7943990" lon="19.9935410">
    <ele>590.2</ele>
    <time>2025-09-07T07:07:02Z</time>
   </trkpt>
   <trkpt lat="49.7943440" lon="19.9936310">
    <ele>590.0</ele>
    <time>2025-09-07T07:07:05Z</time>
   </trkpt>
   <trkpt lat="49.7943300" lon="19.9936680">
    <ele>589.8</ele>
    <time>2025-09-07T07:07:06Z</time>
   </trkpt>
   <trkpt lat="49.7943250" lon="19.9936770">
    <ele>589.6</ele>
    <time>2025-09-07T07:07:07Z</time>
   </trkpt>
   <trkpt lat="49.7943250" lon="19.9936770">
    <ele>589.6</ele>
    <time>2025-09-07T07:07:08Z</time>
   </trkpt>
   <trkpt lat="49.7943240" lon="19.9936880">
    <ele>589.6</ele>
    <time>2025-09-07T07:07:09Z</time>
   </trkpt>
   <trkpt lat="49.7943270" lon="19.9937020">
    <ele>589.8</ele>
    <time>2025-09-07T07:07:10Z</time>
   </trkpt>
   <trkpt lat="49.7943310" lon="19.9937200">
    <ele>589.8</ele>
    <time>2025-09-07T07:07:11Z</time>
   </trkpt>
   <trkpt lat="49.7943370" lon="19.9937460">
    <ele>589.6</ele>
    <time>2025-09-07T07:07:12Z</time>
   </trkpt>
   <trkpt lat="49.7943300" lon="19.9937860">
    <ele>589.6</ele>
    <time>2025-09-07T07:07:14Z</time>
   </trkpt>
   <trkpt lat="49.7943300" lon="19.9937860">
    <ele>589.8</ele>
    <time>2025-09-07T07:07:15Z</time>
   </trkpt>
   <trkpt lat="49.7943250" lon="19.9938230">
    <ele>589.8</ele>
    <time>2025-09-07T07:07:16Z</time>
   </trkpt>
   <trkpt lat="49.7943280" lon="19.9938450">
    <ele>589.8</ele>
    <time>2025-09-07T07:07:17Z</time>
   </trkpt>
   <trkpt lat="49.7943160" lon="19.9939900">
    <ele>590.0</ele>
    <time>2025-09-07T07:07:21Z</time>
   </trkpt>
   <trkpt lat="49.7942960" lon="19.9940860">
    <ele>589.8</ele>
    <time>2025-09-07T07:07:23Z</time>
   </trkpt>
   <trkpt lat="49.7942760" lon="19.9941860">
    <ele>589.0</ele>
    <time>2025-09-07T07:07:25Z</time>
   </trkpt>
   <trkpt lat="49.7942690" lon="19.9942680">
    <ele>589.0</ele>
    <time>2025-09-07T07:07:26Z</time>
   </trkpt>
   <trkpt lat="49.7942710" lon="19.9943450">
    <ele>588.6</ele>
    <time>2025-09-07T07:07:27Z</time>
   </trkpt>
   <trkpt lat="49.7942710" lon="19.9945170">
    <ele>587.0</ele>
    <time>2025-09-07T07:07:29Z</time>
   </trkpt>
   <trkpt lat="49.7942560" lon="19.9945960">
    <ele>586.6</ele>
    <time>2025-09-07T07:07:30Z</time>
   </trkpt>
   <trkpt lat="49.7942240" lon="19.9946660">
    <ele>585.6</ele>
    <time>2025-09-07T07:07:31Z</time>
   </trkpt>
   <trkpt lat="49.7941880" lon="19.9947400">
    <ele>584.4</ele>
    <time>2025-09-07T07:07:32Z</time>
   </trkpt>
   <trkpt lat="49.7941460" lon="19.9948250">
    <ele>584.0</ele>
    <time>2025-09-07T07:07:33Z</time>
   </trkpt>
   <trkpt lat="49.7941040" lon="19.9949100">
    <ele>583.4</ele>
    <time>2025-09-07T07:07:34Z</time>
   </trkpt>
   <trkpt lat="49.7940550" lon="19.9950120">
    <ele>583.2</ele>
    <time>2025-09-07T07:07:35Z</time>
   </trkpt>
   <trkpt lat="49.7940260" lon="19.9950930">
    <ele>583.2</ele>
    <time>2025-09-07T07:07:36Z</time>
   </trkpt>
   <trkpt lat="49.7940060" lon="19.9951530">
    <ele>583.0</ele>
    <time>2025-09-07T07:07:37Z</time>
   </trkpt>
   <trkpt lat="49.7939830" lon="19.9951880">
    <ele>583.0</ele>
    <time>2025-09-07T07:07:38Z</time>
   </trkpt>
   <trkpt lat="49.7939590" lon="19.9952250">
    <ele>583.0</ele>
    <time>2025-09-07T07:07:39Z</time>
   </trkpt>
   <trkpt lat="49.7939190" lon="19.9952970">
    <ele>583.2</ele>
    <time>2025-09-07T07:07:41Z</time>
   </trkpt>
   <trkpt lat="49.7938840" lon="19.9953520">
    <ele>583.0</ele>
    <time>2025-09-07T07:07:43Z</time>
   </trkpt>
   <trkpt lat="49.7938310" lon="19.9954190">
    <ele>582.8</ele>
    <time>2025-09-07T07:07:45Z</time>
   </trkpt>
   <trkpt lat="49.7938050" lon="19.9954550">
    <ele>582.6</ele>
    <time>2025-09-07T07:07:46Z</time>
   </trkpt>
   <trkpt lat="49.7937360" lon="19.9955160">
    <ele>582.4</ele>
    <time>2025-09-07T07:07:48Z</time>
   </trkpt>
   <trkpt lat="49.7937080" lon="19.9955650">
    <ele>582.2</ele>
    <time>2025-09-07T07:07:49Z</time>
   </trkpt>
   <trkpt lat="49.7936330" lon="19.9957250">
    <ele>580.4</ele>
    <time>2025-09-07T07:07:51Z</time>
   </trkpt>
   <trkpt lat="49.7936000" lon="19.9958140">
    <ele>579.2</ele>
    <time>2025-09-07T07:07:52Z</time>
   </trkpt>
   <trkpt lat="49.7935680" lon="19.9959340">
    <ele>578.4</ele>
    <time>2025-09-07T07:07:53Z</time>
   </trkpt>
   <trkpt lat="49.7935250" lon="19.9960400">
    <ele>577.4</ele>
    <time>2025-09-07T07:07:54Z</time>
   </trkpt>
   <trkpt lat="49.7934860" lon="19.9961000">
    <ele>575.6</ele>
    <time>2025-09-07T07:07:55Z</time>
   </trkpt>
   <trkpt lat="49.7934360" lon="19.9961420">
    <ele>575.0</ele>
    <time>2025-09-07T07:07:56Z</time>
   </trkpt>
   <trkpt lat="49.7933780" lon="19.9961820">
    <ele>574.4</ele>
    <time>2025-09-07T07:07:57Z</time>
   </trkpt>
   <trkpt lat="49.7933220" lon="19.9962330">
    <ele>574.2</ele>
    <time>2025-09-07T07:07:58Z</time>
   </trkpt>
   <trkpt lat="49.7932780" lon="19.9962920">
    <ele>572.8</ele>
    <time>2025-09-07T07:07:59Z</time>
   </trkpt>
   <trkpt lat="49.7932450" lon="19.9963470">
    <ele>571.4</ele>
    <time>2025-09-07T07:08:00Z</time>
   </trkpt>
   <trkpt lat="49.7932220" lon="19.9964020">
    <ele>571.2</ele>
    <time>2025-09-07T07:08:01Z</time>
   </trkpt>
   <trkpt lat="49.7932110" lon="19.9964520">
    <ele>571.0</ele>
    <time>2025-09-07T07:08:02Z</time>
   </trkpt>
   <trkpt lat="49.7932010" lon="19.9964970">
    <ele>570.8</ele>
    <time>2025-09-07T07:08:03Z</time>
   </trkpt>
   <trkpt lat="49.7931770" lon="19.9965350">
    <ele>570.6</ele>
    <time>2025-09-07T07:08:04Z</time>
   </trkpt>
   <trkpt lat="49.7931380" lon="19.9965600">
    <ele>570.2</ele>
    <time>2025-09-07T07:08:05Z</time>
   </trkpt>
   <trkpt lat="49.7930880" lon="19.9965820">
    <ele>569.6</ele>
    <time>2025-09-07T07:08:06Z</time>
   </trkpt>
   <trkpt lat="49.7930390" lon="19.9966130">
    <ele>568.4</ele>
    <time>2025-09-07T07:08:07Z</time>
   </trkpt>
   <trkpt lat="49.7929980" lon="19.9966560">
    <ele>567.8</ele>
    <time>2025-09-07T07:08:08Z</time>
   </trkpt>
   <trkpt lat="49.7929650" lon="19.9967150">
    <ele>567.6</ele>
    <time>2025-09-07T07:08:09Z</time>
   </trkpt>
   <trkpt lat="49.7929340" lon="19.9967930">
    <ele>566.4</ele>
    <time>2025-09-07T07:08:10Z</time>
   </trkpt>
   <trkpt lat="49.7929000" lon="19.9968810">
    <ele>566.2</ele>
    <time>2025-09-07T07:08:11Z</time>
   </trkpt>
   <trkpt lat="49.7928610" lon="19.9969700">
    <ele>565.6</ele>
    <time>2025-09-07T07:08:12Z</time>
   </trkpt>
   <trkpt lat="49.7928160" lon="19.9970520">
    <ele>565.0</ele>
    <time>2025-09-07T07:08:13Z</time>
   </trkpt>
   <trkpt lat="49.7927190" lon="19.9972080">
    <ele>563.6</ele>
    <time>2025-09-07T07:08:15Z</time>
   </trkpt>
   <trkpt lat="49.7926570" lon="19.9972880">
    <ele>562.6</ele>
    <time>2025-09-07T07:08:16Z</time>
   </trkpt>
   <trkpt lat="49.7925940" lon="19.9973440">
    <ele>561.8</ele>
    <time>2025-09-07T07:08:17Z</time>
   </trkpt>
   <trkpt lat="49.7925360" lon="19.9973680">
    <ele>561.2</ele>
    <time>2025-09-07T07:08:18Z</time>
   </trkpt>
   <trkpt lat="49.7924890" lon="19.9973820">
    <ele>561.0</ele>
    <time>2025-09-07T07:08:19Z</time>
   </trkpt>
   <trkpt lat="49.7924450" lon="19.9974080">
    <ele>560.6</ele>
    <time>2025-09-07T07:08:20Z</time>
   </trkpt>
   <trkpt lat="49.7923220" lon="19.9974940">
    <ele>560.0</ele>
    <time>2025-09-07T07:08:22Z</time>
   </trkpt>
   <trkpt lat="49.7922490" lon="19.9975320">
    <ele>558.2</ele>
    <time>2025-09-07T07:08:23Z</time>
   </trkpt>
   <trkpt lat="49.7920910" lon="19.9975860">
    <ele>557.6</ele>
    <time>2025-09-07T07:08:25Z</time>
   </trkpt>
   <trkpt lat="49.7920180" lon="19.9975930">
    <ele>556.4</ele>
    <time>2025-09-07T07:08:26Z</time>
   </trkpt>
   <trkpt lat="49.7919480" lon="19.9976040">
    <ele>555.0</ele>
    <time>2025-09-07T07:08:27Z</time>
   </trkpt>
   <trkpt lat="49.7918810" lon="19.9976210">
    <ele>554.6</ele>
    <time>2025-09-07T07:08:28Z</time>
   </trkpt>
   <trkpt lat="49.7918180" lon="19.9976550">
    <ele>554.4</ele>
    <time>2025-09-07T07:08:29Z</time>
   </trkpt>
   <trkpt lat="49.7917580" lon="19.9976920">
    <ele>554.2</ele>
    <time>2025-09-07T07:08:30Z</time>
   </trkpt>
   <trkpt lat="49.7917020" lon="19.9977230">
    <ele>554.4</ele>
    <time>2025-09-07T07:08:31Z</time>
   </trkpt>
   <trkpt lat="49.7916510" lon="19.9977570">
    <ele>554.6</ele>
    <time>2025-09-07T07:08:32Z</time>
   </trkpt>
   <trkpt lat="49.7916090" lon="19.9977890">
    <ele>554.8</ele>
    <time>2025-09-07T07:08:33Z</time>
   </trkpt>
   <trkpt lat="49.7915740" lon="19.9978210">
    <ele>554.8</ele>
    <time>2025-09-07T07:08:34Z</time>
   </trkpt>
   <trkpt lat="49.7915440" lon="19.9978520">
    <ele>554.8</ele>
    <time>2025-09-07T07:08:35Z</time>
   </trkpt>
   <trkpt lat="49.7915210" lon="19.9978770">
    <ele>554.8</ele>
    <time>2025-09-07T07:08:36Z</time>
   </trkpt>
   <trkpt lat="49.7914880" lon="19.9979130">
    <ele>554.8</ele>
    <time>2025-09-07T07:08:37Z</time>
   </trkpt>
   <trkpt lat="49.7914590" lon="19.9979390">
    <ele>554.8</ele>
    <time>2025-09-07T07:08:38Z</time>
   </trkpt>
   <trkpt lat="49.7913640" lon="19.9980150">
    <ele>554.8</ele>
    <time>2025-09-07T07:08:41Z</time>
   </trkpt>
   <trkpt lat="49.7912620" lon="19.9980890">
    <ele>555.2</ele>
    <time>2025-09-07T07:08:44Z</time>
   </trkpt>
   <trkpt lat="49.7912340" lon="19.9981130">
    <ele>555.2</ele>
    <time>2025-09-07T07:08:45Z</time>
   </trkpt>
   <trkpt lat="49.7912090" lon="19.9981330">
    <ele>555.2</ele>
    <time>2025-09-07T07:08:46Z</time>
   </trkpt>
   <trkpt lat="49.7910680" lon="19.9982700">
    <ele>555.4</ele>
    <time>2025-09-07T07:08:51Z</time>
   </trkpt>
   <trkpt lat="49.7910360" lon="19.9982930">
    <ele>555.6</ele>
    <time>2025-09-07T07:08:52Z</time>
   </trkpt>
   <trkpt lat="49.7910000" lon="19.9983180">
    <ele>555.8</ele>
    <time>2025-09-07T07:08:53Z</time>
   </trkpt>
   <trkpt lat="49.7909450" lon="19.9983410">
    <ele>556.0</ele>
    <time>2025-09-07T07:08:55Z</time>
   </trkpt>
   <trkpt lat="49.7909190" lon="19.9983540">
    <ele>556.0</ele>
    <time>2025-09-07T07:08:56Z</time>
   </trkpt>
   <trkpt lat="49.7908960" lon="19.9983720">
    <ele>556.4</ele>
    <time>2025-09-07T07:08:57Z</time>
   </trkpt>
   <trkpt lat="49.7908710" lon="19.9983820">
    <ele>557.0</ele>
    <time>2025-09-07T07:08:58Z</time>
   </trkpt>
   <trkpt lat="49.7908270" lon="19.9984020">
    <ele>557.2</ele>
    <time>2025-09-07T07:09:00Z</time>
   </trkpt>
   <trkpt lat="49.7908160" lon="19.9984250">
    <ele>557.2</ele>
    <time>2025-09-07T07:09:01Z</time>
   </trkpt>
   <trkpt lat="49.7908030" lon="19.9984660">
    <ele>557.2</ele>
    <time>2025-09-07T07:09:02Z</time>
   </trkpt>
   <trkpt lat="49.7907870" lon="19.9985030">
    <ele>557.2</ele>
    <time>2025-09-07T07:09:03Z</time>
   </trkpt>
   <trkpt lat="49.7907710" lon="19.9985370">
    <ele>557.4</ele>
    <time>2025-09-07T07:09:04Z</time>
   </trkpt>
   <trkpt lat="49.7907270" lon="19.9986480">
    <ele>558.4</ele>
    <time>2025-09-07T07:09:07Z</time>
   </trkpt>
   <trkpt lat="49.7907090" lon="19.9986920">
    <ele>558.4</ele>
    <time>2025-09-07T07:09:08Z</time>
   </trkpt>
   <trkpt lat="49.7906720" lon="19.9987730">
    <ele>558.6</ele>
    <time>2025-09-07T07:09:10Z</time>
   </trkpt>
   <trkpt lat="49.7906520" lon="19.9988250">
    <ele>558.6</ele>
    <time>2025-09-07T07:09:11Z</time>
   </trkpt>
   <trkpt lat="49.7906430" lon="19.9988650">
    <ele>558.6</ele>
    <time>2025-09-07T07:09:12Z</time>
   </trkpt>
   <trkpt lat="49.7906310" lon="19.9989070">
    <ele>558.6</ele>
    <time>2025-09-07T07:09:13Z</time>
   </trkpt>
   <trkpt lat="49.7906320" lon="19.9989560">
    <ele>558.8</ele>
    <time>2025-09-07T07:09:14Z</time>
   </trkpt>
   <trkpt lat="49.7906360" lon="19.9990010">
    <ele>559.0</ele>
    <time>2025-09-07T07:09:15Z</time>
   </trkpt>
   <trkpt lat="49.7906310" lon="19.9990400">
    <ele>559.4</ele>
    <time>2025-09-07T07:09:16Z</time>
   </trkpt>
   <trkpt lat="49.7906180" lon="19.9990580">
    <ele>559.6</ele>
    <time>2025-09-07T07:09:17Z</time>
   </trkpt>
   <trkpt lat="49.7905930" lon="19.9990860">
    <ele>559.8</ele>
    <time>2025-09-07T07:09:18Z</time>
   </trkpt>
   <trkpt lat="49.7905700" lon="19.9991090">
    <ele>560.0</ele>
    <time>2025-09-07T07:09:19Z</time>
   </trkpt>
   <trkpt lat="49.7905520" lon="19.9991320">
    <ele>560.2</ele>
    <time>2025-09-07T07:09:20Z</time>
   </trkpt>
   <trkpt lat="49.7905360" lon="19.9991610">
    <ele>560.6</ele>
    <time>2025-09-07T07:09:21Z</time>
   </trkpt>
   <trkpt lat="49.7905230" lon="19.9991870">
    <ele>561.0</ele>
    <time>2025-09-07T07:09:22Z</time>
   </trkpt>
   <trkpt lat="49.7905080" lon="19.9992180">
    <ele>561.6</ele>
    <time>2025-09-07T07:09:23Z</time>
   </trkpt>
   <trkpt lat="49.7904900" lon="19.9992460">
    <ele>561.8</ele>
    <time>2025-09-07T07:09:24Z</time>
   </trkpt>
   <trkpt lat="49.7904660" lon="19.9992740">
    <ele>562.0</ele>
    <time>2025-09-07T07:09:25Z</time>
   </trkpt>
   <trkpt lat="49.7904430" lon="19.9993020">
    <ele>562.0</ele>
    <time>2025-09-07T07:09:26Z</time>
   </trkpt>
   <trkpt lat="49.7904240" lon="19.9993260">
    <ele>562.2</ele>
    <time>2025-09-07T07:09:27Z</time>
   </trkpt>
   <trkpt lat="49.7904060" lon="19.9993460">
    <ele>562.2</ele>
    <time>2025-09-07T07:09:28Z</time>
   </trkpt>
   <trkpt lat="49.7903860" lon="19.9993590">
    <ele>562.4</ele>
    <time>2025-09-07T07:09:29Z</time>
   </trkpt>
   <trkpt lat="49.7903580" lon="19.9993690">
    <ele>562.4</ele>
    <time>2025-09-07T07:09:30Z</time>
   </trkpt>
   <trkpt lat="49.7903300" lon="19.9993760">
    <ele>562.6</ele>
    <time>2025-09-07T07:09:31Z</time>
   </trkpt>
   <trkpt lat="49.7903040" lon="19.9993840">
    <ele>563.0</ele>
    <time>2025-09-07T07:09:32Z</time>
   </trkpt>
   <trkpt lat="49.7902830" lon="19.9994010">
    <ele>563.8</ele>
    <time>2025-09-07T07:09:33Z</time>
   </trkpt>
   <trkpt lat="49.7902640" lon="19.9994260">
    <ele>564.2</ele>
    <time>2025-09-07T07:09:34Z</time>
   </trkpt>
   <trkpt lat="49.7902500" lon="19.9994540">
    <ele>564.4</ele>
    <time>2025-09-07T07:09:35Z</time>
   </trkpt>
   <trkpt lat="49.7902460" lon="19.9994870">
    <ele>564.8</ele>
    <time>2025-09-07T07:09:36Z</time>
   </trkpt>
   <trkpt lat="49.7902350" lon="19.9995250">
    <ele>565.0</ele>
    <time>2025-09-07T07:09:37Z</time>
   </trkpt>
   <trkpt lat="49.7902240" lon="19.9995610">
    <ele>565.4</ele>
    <time>2025-09-07T07:09:38Z</time>
   </trkpt>
   <trkpt lat="49.7902130" lon="19.9995970">
    <ele>565.6</ele>
    <time>2025-09-07T07:09:39Z</time>
   </trkpt>
   <trkpt lat="49.7902030" lon="19.9996280">
    <ele>565.6</ele>
    <time>2025-09-07T07:09:40Z</time>
   </trkpt>
   <trkpt lat="49.7901920" lon="19.9996600">
    <ele>566.0</ele>
    <time>2025-09-07T07:09:41Z</time>
   </trkpt>
   <trkpt lat="49.7901770" lon="19.9996910">
    <ele>566.4</ele>
    <time>2025-09-07T07:09:42Z</time>
   </trkpt>
   <trkpt lat="49.7901640" lon="19.9997240">
    <ele>566.4</ele>
    <time>2025-09-07T07:09:43Z</time>
   </trkpt>
   <trkpt lat="49.7901500" lon="19.9997550">
    <ele>566.8</ele>
    <time>2025-09-07T07:09:44Z</time>
   </trkpt>
   <trkpt lat="49.7901380" lon="19.9997790">
    <ele>567.2</ele>
    <time>2025-09-07T07:09:45Z</time>
   </trkpt>
   <trkpt lat="49.7901220" lon="19.9998000">
    <ele>567.2</ele>
    <time>2025-09-07T07:09:46Z</time>
   </trkpt>
   <trkpt lat="49.7901060" lon="19.9998220">
    <ele>567.4</ele>
    <time>2025-09-07T07:09:47Z</time>
   </trkpt>
   <trkpt lat="49.7900890" lon="19.9998430">
    <ele>567.4</ele>
    <time>2025-09-07T07:09:48Z</time>
   </trkpt>
   <trkpt lat="49.7900700" lon="19.9998660">
    <ele>568.0</ele>
    <time>2025-09-07T07:09:49Z</time>
   </trkpt>
   <trkpt lat="49.7900570" lon="19.9998910">
    <ele>568.6</ele>
    <time>2025-09-07T07:09:50Z</time>
   </trkpt>
   <trkpt lat="49.7900340" lon="19.9999220">
    <ele>569.0</ele>
    <time>2025-09-07T07:09:51Z</time>
   </trkpt>
   <trkpt lat="49.7900060" lon="19.9999490">
    <ele>569.2</ele>
    <time>2025-09-07T07:09:52Z</time>
   </trkpt>
   <trkpt lat="49.7899830" lon="19.9999660">
    <ele>569.6</ele>
    <time>2025-09-07T07:09:53Z</time>
   </trkpt>
   <trkpt lat="49.7899560" lon="19.9999840">
    <ele>570.6</ele>
    <time>2025-09-07T07:09:54Z</time>
   </trkpt>
   <trkpt lat="49.7899330" lon="20.0000020">
    <ele>571.8</ele>
    <time>2025-09-07T07:09:55Z</time>
   </trkpt>
   <trkpt lat="49.7898930" lon="20.0000270">
    <ele>572.4</ele>
    <time>2025-09-07T07:09:56Z</time>
   </trkpt>
   <trkpt lat="49.7898620" lon="20.0000690">
    <ele>572.6</ele>
    <time>2025-09-07T07:09:57Z</time>
   </trkpt>
   <trkpt lat="49.7898340" lon="20.0001040">
    <ele>573.4</ele>
    <time>2025-09-07T07:09:58Z</time>
   </trkpt>
   <trkpt lat="49.7898210" lon="20.0001250">
    <ele>573.6</ele>
    <time>2025-09-07T07:09:59Z</time>
   </trkpt>
   <trkpt lat="49.7898010" lon="20.0001420">
    <ele>574.4</ele>
    <time>2025-09-07T07:10:00Z</time>
   </trkpt>
   <trkpt lat="49.7897790" lon="20.0001480">
    <ele>575.0</ele>
    <time>2025-09-07T07:10:01Z</time>
   </trkpt>
   <trkpt lat="49.7897520" lon="20.0001580">
    <ele>575.6</ele>
    <time>2025-09-07T07:10:02Z</time>
   </trkpt>
   <trkpt lat="49.7897290" lon="20.0001690">
    <ele>576.0</ele>
    <time>2025-09-07T07:10:03Z</time>
   </trkpt>
   <trkpt lat="49.7897090" lon="20.0001800">
    <ele>576.4</ele>
    <time>2025-09-07T07:10:04Z</time>
   </trkpt>
   <trkpt lat="49.7896800" lon="20.0001810">
    <ele>577.2</ele>
    <time>2025-09-07T07:10:05Z</time>
   </trkpt>
   <trkpt lat="49.7896480" lon="20.0001850">
    <ele>577.8</ele>
    <time>2025-09-07T07:10:06Z</time>
   </trkpt>
   <trkpt lat="49.7896260" lon="20.0001940">
    <ele>578.2</ele>
    <time>2025-09-07T07:10:07Z</time>
   </trkpt>
   <trkpt lat="49.7896070" lon="20.0002040">
    <ele>578.6</ele>
    <time>2025-09-07T07:10:08Z</time>
   </trkpt>
   <trkpt lat="49.7895840" lon="20.0002150">
    <ele>579.4</ele>
    <time>2025-09-07T07:10:09Z</time>
   </trkpt>
   <trkpt lat="49.7895580" lon="20.0002160">
    <ele>580.6</ele>
    <time>2025-09-07T07:10:10Z</time>
   </trkpt>
   <trkpt lat="49.7895330" lon="20.0002190">
    <ele>581.0</ele>
    <time>2025-09-07T07:10:11Z</time>
   </trkpt>
   <trkpt lat="49.7895060" lon="20.0002130">
    <ele>581.2</ele>
    <time>2025-09-07T07:10:12Z</time>
   </trkpt>
   <trkpt lat="49.7894830" lon="20.0001960">
    <ele>581.6</ele>
    <time>2025-09-07T07:10:13Z</time>
   </trkpt>
   <trkpt lat="49.7894650" lon="20.0001870">
    <ele>581.8</ele>
    <time>2025-09-07T07:10:14Z</time>
   </trkpt>
   <trkpt lat="49.7894550" lon="20.0001850">
    <ele>582.4</ele>
    <time>2025-09-07T07:10:15Z</time>
   </trkpt>
   <trkpt lat="49.7894440" lon="20.0001990">
    <ele>582.8</ele>
    <time>2025-09-07T07:10:16Z</time>
   </trkpt>
   <trkpt lat="49.7894250" lon="20.0002040">
    <ele>583.6</ele>
    <time>2025-09-07T07:10:17Z</time>
   </trkpt>
   <trkpt lat="49.7893910" lon="20.0002140">
    <ele>584.0</ele>
    <time>2025-09-07T07:10:18Z</time>
   </trkpt>
   <trkpt lat="49.7893680" lon="20.0002190">
    <ele>584.4</ele>
    <time>2025-09-07T07:10:19Z</time>
   </trkpt>
   <trkpt lat="49.7893410" lon="20.0002210">
    <ele>584.6</ele>
    <time>2025-09-07T07:10:20Z</time>
   </trkpt>
   <trkpt lat="49.7893160" lon="20.0002310">
    <ele>585.0</ele>
    <time>2025-09-07T07:10:21Z</time>
   </trkpt>
   <trkpt lat="49.7892920" lon="20.0002450">
    <ele>585.6</ele>
    <time>2025-09-07T07:10:22Z</time>
   </trkpt>
   <trkpt lat="49.7892710" lon="20.0002560">
    <ele>586.0</ele>
    <time>2025-09-07T07:10:23Z</time>
   </trkpt>
   <trkpt lat="49.7892450" lon="20.0002700">
    <ele>586.6</ele>
    <time>2025-09-07T07:10:24Z</time>
   </trkpt>
   <trkpt lat="49.7892210" lon="20.0002760">
    <ele>586.8</ele>
    <time>2025-09-07T07:10:25Z</time>
   </trkpt>
   <trkpt lat="49.7891980" lon="20.0002860">
    <ele>587.4</ele>
    <time>2025-09-07T07:10:26Z</time>
   </trkpt>
   <trkpt lat="49.7891780" lon="20.0002940">
    <ele>587.8</ele>
    <time>2025-09-07T07:10:27Z</time>
   </trkpt>
   <trkpt lat="49.7891570" lon="20.0003010">
    <ele>588.0</ele>
    <time>2025-09-07T07:10:28Z</time>
   </trkpt>
   <trkpt lat="49.7891400" lon="20.0003110">
    <ele>588.4</ele>
    <time>2025-09-07T07:10:29Z</time>
   </trkpt>
   <trkpt lat="49.7891250" lon="20.0003290">
    <ele>588.6</ele>
    <time>2025-09-07T07:10:30Z</time>
   </trkpt>
   <trkpt lat="49.7891090" lon="20.0003460">
    <ele>588.8</ele>
    <time>2025-09-07T07:10:31Z</time>
   </trkpt>
   <trkpt lat="49.7890930" lon="20.0003620">
    <ele>589.0</ele>
    <time>2025-09-07T07:10:32Z</time>
   </trkpt>
   <trkpt lat="49.7890810" lon="20.0003790">
    <ele>589.2</ele>
    <time>2025-09-07T07:10:33Z</time>
   </trkpt>
   <trkpt lat="49.7890670" lon="20.0003970">
    <ele>589.4</ele>
    <time>2025-09-07T07:10:34Z</time>
   </trkpt>
   <trkpt lat="49.7890490" lon="20.0004120">
    <ele>589.6</ele>
    <time>2025-09-07T07:10:35Z</time>
   </trkpt>
   <trkpt lat="49.7890380" lon="20.0004270">
    <ele>589.8</ele>
    <time>2025-09-07T07:10:36Z</time>
   </trkpt>
   <trkpt lat="49.7890140" lon="20.0004350">
    <ele>590.0</ele>
    <time>2025-09-07T07:10:37Z</time>
   </trkpt>
   <trkpt lat="49.7889920" lon="20.0004390">
    <ele>590.2</ele>
    <time>2025-09-07T07:10:38Z</time>
   </trkpt>
   <trkpt lat="49.7889770" lon="20.0004360">
    <ele>590.6</ele>
    <time>2025-09-07T07:10:39Z</time>
   </trkpt>
   <trkpt lat="49.7889680" lon="20.0004340">
    <ele>591.2</ele>
    <time>2025-09-07T07:10:40Z</time>
   </trkpt>
   <trkpt lat="49.7889610" lon="20.0004320">
    <ele>591.8</ele>
    <time>2025-09-07T07:10:41Z</time>
   </trkpt>
   <trkpt lat="49.7889430" lon="20.0004290">
    <ele>592.2</ele>
    <time>2025-09-07T07:10:42Z</time>
   </trkpt>
   <trkpt lat="49.7889260" lon="20.0004260">
    <ele>592.4</ele>
    <time>2025-09-07T07:10:43Z</time>
   </trkpt>
   <trkpt lat="49.7889030" lon="20.0004310">
    <ele>592.8</ele>
    <time>2025-09-07T07:10:44Z</time>
   </trkpt>
   <trkpt lat="49.7888830" lon="20.0004370">
    <ele>593.2</ele>
    <time>2025-09-07T07:10:45Z</time>
   </trkpt>
   <trkpt lat="49.7888670" lon="20.0004400">
    <ele>593.4</ele>
    <time>2025-09-07T07:10:46Z</time>
   </trkpt>
   <trkpt lat="49.7888370" lon="20.0004360">
    <ele>593.8</ele>
    <time>2025-09-07T07:10:47Z</time>
   </trkpt>
   <trkpt lat="49.7888010" lon="20.0004300">
    <ele>594.0</ele>
    <time>2025-09-07T07:10:48Z</time>
   </trkpt>
   <trkpt lat="49.7887760" lon="20.0004310">
    <ele>594.0</ele>
    <time>2025-09-07T07:10:49Z</time>
   </trkpt>
   <trkpt lat="49.7887590" lon="20.0004400">
    <ele>594.2</ele>
    <time>2025-09-07T07:10:50Z</time>
   </trkpt>
   <trkpt lat="49.7887400" lon="20.0004510">
    <ele>594.2</ele>
    <time>2025-09-07T07:10:51Z</time>
   </trkpt>
   <trkpt lat="49.7887210" lon="20.0004680">
    <ele>594.2</ele>
    <time>2025-09-07T07:10:52Z</time>
   </trkpt>
   <trkpt lat="49.7886970" lon="20.0004830">
    <ele>594.2</ele>
    <time>2025-09-07T07:10:53Z</time>
   </trkpt>
   <trkpt lat="49.7886730" lon="20.0004890">
    <ele>594.2</ele>
    <time>2025-09-07T07:10:54Z</time>
   </trkpt>
   <trkpt lat="49.7886470" lon="20.0004840">
    <ele>594.2</ele>
    <time>2025-09-07T07:10:55Z</time>
   </trkpt>
   <trkpt lat="49.7886260" lon="20.0004810">
    <ele>594.2</ele>
    <time>2025-09-07T07:10:56Z</time>
   </trkpt>
   <trkpt lat="49.7886100" lon="20.0004820">
    <ele>594.2</ele>
    <time>2025-09-07T07:10:57Z</time>
   </trkpt>
   <trkpt lat="49.7885970" lon="20.0004890">
    <ele>594.2</ele>
    <time>2025-09-07T07:10:58Z</time>
   </trkpt>
   <trkpt lat="49.7885870" lon="20.0004890">
    <ele>594.2</ele>
    <time>2025-09-07T07:10:59Z</time>
   </trkpt>
   <trkpt lat="49.7885830" lon="20.0004900">
    <ele>594.2</ele>
    <time>2025-09-07T07:11:00Z</time>
   </trkpt>
   <trkpt lat="49.7885780" lon="20.0004950">
    <ele>594.2</ele>
    <time>2025-09-07T07:11:01Z</time>
   </trkpt>
   <trkpt lat="49.7885760" lon="20.0004960">
    <ele>594.2</ele>
    <time>2025-09-07T07:11:06Z</time>
   </trkpt>
   <trkpt lat="49.7885870" lon="20.0004850">
    <ele>594.4</ele>
    <time>2025-09-07T07:11:15Z</time>
   </trkpt>
   <trkpt lat="49.7885800" lon="20.0005070">
    <ele>593.8</ele>
    <time>2025-09-07T07:11:21Z</time>
   </trkpt>
   <trkpt lat="49.7885670" lon="20.0005070">
    <ele>594.0</ele>
    <time>2025-09-07T07:11:26Z</time>
   </trkpt>
   <trkpt lat="49.7885670" lon="20.0005070">
    <ele>594.0</ele>
    <time>2025-09-07T07:11:35Z</time>
   </trkpt>
   <trkpt lat="49.7885830" lon="20.0004990">
    <ele>594.0</ele>
    <time>2025-09-07T07:11:42Z</time>
   </trkpt>
   <trkpt lat="49.7885830" lon="20.0004990">
    <ele>594.0</ele>
    <time>2025-09-07T07:11:46Z</time>
   </trkpt>
   <trkpt lat="49.7885830" lon="20.0004990">
    <ele>594.2</ele>
    <time>2025-09-07T07:11:52Z</time>
   </trkpt>
   <trkpt lat="49.7885830" lon="20.0004990">
    <ele>594.2</ele>
    <time>2025-09-07T07:11:58Z</time>
   </trkpt>
   <trkpt lat="49.7885830" lon="20.0004990">
    <ele>594.2</ele>
    <time>2025-09-07T07:12:01Z</time>
   </trkpt>
   <trkpt lat="49.7885830" lon="20.0004990">
    <ele>594.2</ele>
    <time>2025-09-07T07:12:02Z</time>
   </trkpt>
   <trkpt lat="49.7885910" lon="20.0005000">
    <ele>594.2</ele>
    <time>2025-09-07T07:12:09Z</time>
   </trkpt>
   <trkpt lat="49.7885940" lon="20.0005010">
    <ele>594.2</ele>
    <time>2025-09-07T07:12:12Z</time>
   </trkpt>
   <trkpt lat="49.7885940" lon="20.0005010">
    <ele>594.2</ele>
    <time>2025-09-07T07:12:17Z</time>
   </trkpt>
   <trkpt lat="49.7885940" lon="20.0005010">
    <ele>594.2</ele>
    <time>2025-09-07T07:12:19Z</time>
   </trkpt>
   <trkpt lat="49.7885940" lon="20.0005010">
    <ele>594.2</ele>
    <time>2025-09-07T07:12:22Z</time>
   </trkpt>
   <trkpt lat="49.7885870" lon="20.0004990">
    <ele>594.2</ele>
    <time>2025-09-07T07:12:30Z</time>
   </trkpt>
   <trkpt lat="49.7885870" lon="20.0004990">
    <ele>594.2</ele>
    <time>2025-09-07T07:12:38Z</time>
   </trkpt>
   <trkpt lat="49.7885870" lon="20.0004990">
    <ele>594.2</ele>
    <time>2025-09-07T07:12:39Z</time>
   </trkpt>
   <trkpt lat="49.7885930" lon="20.0005070">
    <ele>594.2</ele>
    <time>2025-09-07T07:12:42Z</time>
   </trkpt>
   <trkpt lat="49.7886000" lon="20.0005340">
    <ele>594.2</ele>
    <time>2025-09-07T07:12:43Z</time>
   </trkpt>
   <trkpt lat="49.7886010" lon="20.0005620">
    <ele>595.0</ele>
    <time>2025-09-07T07:12:44Z</time>
   </trkpt>
   <trkpt lat="49.7885950" lon="20.0005980">
    <ele>594.8</ele>
    <time>2025-09-07T07:12:45Z</time>
   </trkpt>
   <trkpt lat="49.7885560" lon="20.0006510">
    <ele>593.8</ele>
    <time>2025-09-07T07:12:47Z</time>
   </trkpt>
   <trkpt lat="49.7884560" lon="20.0006720">
    <ele>593.0</ele>
    <time>2025-09-07T07:12:49Z</time>
   </trkpt>
   <trkpt lat="49.7884060" lon="20.0006930">
    <ele>592.8</ele>
    <time>2025-09-07T07:12:50Z</time>
   </trkpt>
   <trkpt lat="49.7883670" lon="20.0007170">
    <ele>592.2</ele>
    <time>2025-09-07T07:12:51Z</time>
   </trkpt>
   <trkpt lat="49.7882910" lon="20.0007750">
    <ele>591.2</ele>
    <time>2025-09-07T07:12:53Z</time>
   </trkpt>
   <trkpt lat="49.7882340" lon="20.0008150">
    <ele>590.6</ele>
    <time>2025-09-07T07:12:54Z</time>
   </trkpt>
   <trkpt lat="49.7881890" lon="20.0008430">
    <ele>590.2</ele>
    <time>2025-09-07T07:12:55Z</time>
   </trkpt>
   <trkpt lat="49.7881520" lon="20.0008660">
    <ele>589.0</ele>
    <time>2025-09-07T07:12:56Z</time>
   </trkpt>
   <trkpt lat="49.7880670" lon="20.0009270">
    <ele>587.2</ele>
    <time>2025-09-07T07:12:58Z</time>
   </trkpt>
   <trkpt lat="49.7880110" lon="20.0009430">
    <ele>585.4</ele>
    <time>2025-09-07T07:12:59Z</time>
   </trkpt>
   <trkpt lat="49.7879540" lon="20.0009460">
    <ele>584.6</ele>
    <time>2025-09-07T07:13:00Z</time>
   </trkpt>
   <trkpt lat="49.7878940" lon="20.0009420">
    <ele>583.6</ele>
    <time>2025-09-07T07:13:01Z</time>
   </trkpt>
   <trkpt lat="49.7878380" lon="20.0009390">
    <ele>583.0</ele>
    <time>2025-09-07T07:13:02Z</time>
   </trkpt>
   <trkpt lat="49.7877750" lon="20.0009300">
    <ele>582.2</ele>
    <time>2025-09-07T07:13:03Z</time>
   </trkpt>
   <trkpt lat="49.7876300" lon="20.0009080">
    <ele>580.2</ele>
    <time>2025-09-07T07:13:05Z</time>
   </trkpt>
   <trkpt lat="49.7875530" lon="20.0009200">
    <ele>576.6</ele>
    <time>2025-09-07T07:13:06Z</time>
   </trkpt>
   <trkpt lat="49.7874800" lon="20.0009660">
    <ele>576.2</ele>
    <time>2025-09-07T07:13:07Z</time>
   </trkpt>
   <trkpt lat="49.7874300" lon="20.0010170">
    <ele>576.0</ele>
    <time>2025-09-07T07:13:08Z</time>
   </trkpt>
   <trkpt lat="49.7873890" lon="20.0010920">
    <ele>575.8</ele>
    <time>2025-09-07T07:13:09Z</time>
   </trkpt>
   <trkpt lat="49.7873530" lon="20.0011670">
    <ele>575.4</ele>
    <time>2025-09-07T07:13:10Z</time>
   </trkpt>
   <trkpt lat="49.7873240" lon="20.0012320">
    <ele>575.2</ele>
    <time>2025-09-07T07:13:11Z</time>
   </trkpt>
   <trkpt lat="49.7872810" lon="20.0012980">
    <ele>575.0</ele>
    <time>2025-09-07T07:13:12Z</time>
   </trkpt>
   <trkpt lat="49.7871860" lon="20.0014170">
    <ele>574.4</ele>
    <time>2025-09-07T07:13:14Z</time>
   </trkpt>
   <trkpt lat="49.7871500" lon="20.0014520">
    <ele>573.8</ele>
    <time>2025-09-07T07:13:15Z</time>
   </trkpt>
   <trkpt lat="49.7871320" lon="20.0014800">
    <ele>573.4</ele>
    <time>2025-09-07T07:13:16Z</time>
   </trkpt>
   <trkpt lat="49.7871310" lon="20.0014760">
    <ele>573.4</ele>
    <time>2025-09-07T07:13:17Z</time>
   </trkpt>
   <trkpt lat="49.7871290" lon="20.0014780">
    <ele>573.2</ele>
    <time>2025-09-07T07:13:18Z</time>
   </trkpt>
   <trkpt lat="49.7871290" lon="20.0014780">
    <ele>573.2</ele>
    <time>2025-09-07T07:13:21Z</time>
   </trkpt>
   <trkpt lat="49.7871290" lon="20.0014780">
    <ele>573.2</ele>
    <time>2025-09-07T07:13:24Z</time>
   </trkpt>
   <trkpt lat="49.7871290" lon="20.0014780">
    <ele>573.4</ele>
    <time>2025-09-07T07:13:32Z</time>
   </trkpt>
   <trkpt lat="49.7871300" lon="20.0014810">
    <ele>573.4</ele>
    <time>2025-09-07T07:13:34Z</time>
   </trkpt>
   <trkpt lat="49.7871300" lon="20.0014850">
    <ele>573.2</ele>
    <time>2025-09-07T07:13:38Z</time>
   </trkpt>
   <trkpt lat="49.7871300" lon="20.0014850">
    <ele>573.2</ele>
    <time>2025-09-07T07:13:40Z</time>
   </trkpt>
   <trkpt lat="49.7871220" lon="20.0014800">
    <ele>573.2</ele>
    <time>2025-09-07T07:13:42Z</time>
   </trkpt>
   <trkpt lat="49.7871140" lon="20.0014720">
    <ele>573.2</ele>
    <time>2025-09-07T07:13:44Z</time>
   </trkpt>
   <trkpt lat="49.7871170" lon="20.0014770">
    <ele>573.2</ele>
    <time>2025-09-07T07:13:48Z</time>
   </trkpt>
   <trkpt lat="49.7870770" lon="20.0014750">
    <ele>573.2</ele>
    <time>2025-09-07T07:13:53Z</time>
   </trkpt>
   <trkpt lat="49.7870190" lon="20.0015110">
    <ele>573.0</ele>
    <time>2025-09-07T07:13:55Z</time>
   </trkpt>
   <trkpt lat="49.7869820" lon="20.0015370">
    <ele>572.8</ele>
    <time>2025-09-07T07:13:56Z</time>
   </trkpt>
   <trkpt lat="49.7868940" lon="20.0015990">
    <ele>572.0</ele>
    <time>2025-09-07T07:13:58Z</time>
   </trkpt>
   <trkpt lat="49.7868500" lon="20.0016480">
    <ele>570.6</ele>
    <time>2025-09-07T07:13:59Z</time>
   </trkpt>
   <trkpt lat="49.7868090" lon="20.0017070">
    <ele>570.2</ele>
    <time>2025-09-07T07:14:00Z</time>
   </trkpt>
   <trkpt lat="49.7867650" lon="20.0017680">
    <ele>569.4</ele>
    <time>2025-09-07T07:14:01Z</time>
   </trkpt>
   <trkpt lat="49.7866520" lon="20.0018790">
    <ele>568.2</ele>
    <time>2025-09-07T07:14:03Z</time>
   </trkpt>
   <trkpt lat="49.7865590" lon="20.0020450">
    <ele>567.0</ele>
    <time>2025-09-07T07:14:05Z</time>
   </trkpt>
   <trkpt lat="49.7865170" lon="20.0021400">
    <ele>566.2</ele>
    <time>2025-09-07T07:14:06Z</time>
   </trkpt>
   <trkpt lat="49.7864760" lon="20.0022330">
    <ele>564.2</ele>
    <time>2025-09-07T07:14:07Z</time>
   </trkpt>
   <trkpt lat="49.7864350" lon="20.0023210">
    <ele>563.6</ele>
    <time>2025-09-07T07:14:08Z</time>
   </trkpt>
   <trkpt lat="49.7863980" lon="20.0024080">
    <ele>563.2</ele>
    <time>2025-09-07T07:14:09Z</time>
   </trkpt>
   <trkpt lat="49.7863650" lon="20.0024970">
    <ele>563.2</ele>
    <time>2025-09-07T07:14:10Z</time>
   </trkpt>
   <trkpt lat="49.7863340" lon="20.0025840">
    <ele>563.2</ele>
    <time>2025-09-07T07:14:11Z</time>
   </trkpt>
   <trkpt lat="49.7863020" lon="20.0026640">
    <ele>563.2</ele>
    <time>2025-09-07T07:14:12Z</time>
   </trkpt>
   <trkpt lat="49.7862710" lon="20.0027460">
    <ele>563.2</ele>
    <time>2025-09-07T07:14:13Z</time>
   </trkpt>
   <trkpt lat="49.7862420" lon="20.0028310">
    <ele>563.2</ele>
    <time>2025-09-07T07:14:14Z</time>
   </trkpt>
   <trkpt lat="49.7862180" lon="20.0029210">
    <ele>563.4</ele>
    <time>2025-09-07T07:14:15Z</time>
   </trkpt>
   <trkpt lat="49.7862010" lon="20.0030130">
    <ele>563.6</ele>
    <time>2025-09-07T07:14:16Z</time>
   </trkpt>
   <trkpt lat="49.7861890" lon="20.0031050">
    <ele>563.8</ele>
    <time>2025-09-07T07:14:17Z</time>
   </trkpt>
   <trkpt lat="49.7861760" lon="20.0031970">
    <ele>563.8</ele>
    <time>2025-09-07T07:14:18Z</time>
   </trkpt>
   <trkpt lat="49.7861660" lon="20.0032630">
    <ele>564.4</ele>
    <time>2025-09-07T07:14:19Z</time>
   </trkpt>
   <trkpt lat="49.7861530" lon="20.0033500">
    <ele>564.8</ele>
    <time>2025-09-07T07:14:20Z</time>
   </trkpt>
   <trkpt lat="49.7861370" lon="20.0034340">
    <ele>565.0</ele>
    <time>2025-09-07T07:14:21Z</time>
   </trkpt>
   <trkpt lat="49.7861260" lon="20.0035090">
    <ele>565.2</ele>
    <time>2025-09-07T07:14:22Z</time>
   </trkpt>
   <trkpt lat="49.7861170" lon="20.0035770">
    <ele>565.6</ele>
    <time>2025-09-07T07:14:23Z</time>
   </trkpt>
   <trkpt lat="49.7861110" lon="20.0036390">
    <ele>566.4</ele>
    <time>2025-09-07T07:14:24Z</time>
   </trkpt>
   <trkpt lat="49.7861070" lon="20.0036950">
    <ele>566.6</ele>
    <time>2025-09-07T07:14:25Z</time>
   </trkpt>
   <trkpt lat="49.7861020" lon="20.0037520">
    <ele>566.8</ele>
    <time>2025-09-07T07:14:26Z</time>
   </trkpt>
   <trkpt lat="49.7860960" lon="20.0038030">
    <ele>567.2</ele>
    <time>2025-09-07T07:14:27Z</time>
   </trkpt>
   <trkpt lat="49.7860910" lon="20.0038460">
    <ele>567.8</ele>
    <time>2025-09-07T07:14:28Z</time>
   </trkpt>
   <trkpt lat="49.7860840" lon="20.0038840">
    <ele>568.0</ele>
    <time>2025-09-07T07:14:29Z</time>
   </trkpt>
   <trkpt lat="49.7860770" lon="20.0039200">
    <ele>568.6</ele>
    <time>2025-09-07T07:14:30Z</time>
   </trkpt>
   <trkpt lat="49.7860830" lon="20.0039620">
    <ele>569.0</ele>
    <time>2025-09-07T07:14:31Z</time>
   </trkpt>
   <trkpt lat="49.7860950" lon="20.0040380">
    <ele>569.4</ele>
    <time>2025-09-07T07:14:33Z</time>
   </trkpt>
   <trkpt lat="49.7860910" lon="20.0040770">
    <ele>569.8</ele>
    <time>2025-09-07T07:14:34Z</time>
   </trkpt>
   <trkpt lat="49.7860790" lon="20.0041160">
    <ele>570.2</ele>
    <time>2025-09-07T07:14:35Z</time>
   </trkpt>
   <trkpt lat="49.7860700" lon="20.0041610">
    <ele>570.4</ele>
    <time>2025-09-07T07:14:36Z</time>
   </trkpt>
   <trkpt lat="49.7860660" lon="20.0042110">
    <ele>570.8</ele>
    <time>2025-09-07T07:14:37Z</time>
   </trkpt>
   <trkpt lat="49.7860560" lon="20.0042550">
    <ele>570.8</ele>
    <time>2025-09-07T07:14:38Z</time>
   </trkpt>
   <trkpt lat="49.7860440" lon="20.0042940">
    <ele>571.0</ele>
    <time>2025-09-07T07:14:39Z</time>
   </trkpt>
   <trkpt lat="49.7860300" lon="20.0043380">
    <ele>571.2</ele>
    <time>2025-09-07T07:14:40Z</time>
   </trkpt>
   <trkpt lat="49.7860160" lon="20.0043810">
    <ele>571.2</ele>
    <time>2025-09-07T07:14:41Z</time>
   </trkpt>
   <trkpt lat="49.7860030" lon="20.0044200">
    <ele>571.2</ele>
    <time>2025-09-07T07:14:42Z</time>
   </trkpt>
   <trkpt lat="49.7859900" lon="20.0044620">
    <ele>571.4</ele>
    <time>2025-09-07T07:14:43Z</time>
   </trkpt>
   <trkpt lat="49.7859720" lon="20.0045000">
    <ele>571.4</ele>
    <time>2025-09-07T07:14:44Z</time>
   </trkpt>
   <trkpt lat="49.7859540" lon="20.0045320">
    <ele>571.4</ele>
    <time>2025-09-07T07:14:45Z</time>
   </trkpt>
   <trkpt lat="49.7859370" lon="20.0045530">
    <ele>571.6</ele>
    <time>2025-09-07T07:14:46Z</time>
   </trkpt>
   <trkpt lat="49.7859150" lon="20.0045790">
    <ele>571.6</ele>
    <time>2025-09-07T07:14:47Z</time>
   </trkpt>
   <trkpt lat="49.7858930" lon="20.0046210">
    <ele>571.8</ele>
    <time>2025-09-07T07:14:48Z</time>
   </trkpt>
   <trkpt lat="49.7858800" lon="20.0046490">
    <ele>571.8</ele>
    <time>2025-09-07T07:14:49Z</time>
   </trkpt>
   <trkpt lat="49.7858610" lon="20.0046930">
    <ele>572.0</ele>
    <time>2025-09-07T07:14:50Z</time>
   </trkpt>
   <trkpt lat="49.7858430" lon="20.0047250">
    <ele>572.0</ele>
    <time>2025-09-07T07:14:51Z</time>
   </trkpt>
   <trkpt lat="49.7858280" lon="20.0047610">
    <ele>572.2</ele>
    <time>2025-09-07T07:14:52Z</time>
   </trkpt>
   <trkpt lat="49.7858180" lon="20.0047940">
    <ele>572.2</ele>
    <time>2025-09-07T07:14:53Z</time>
   </trkpt>
   <trkpt lat="49.7858040" lon="20.0048380">
    <ele>572.0</ele>
    <time>2025-09-07T07:14:54Z</time>
   </trkpt>
   <trkpt lat="49.7857920" lon="20.0048700">
    <ele>572.0</ele>
    <time>2025-09-07T07:14:55Z</time>
   </trkpt>
   <trkpt lat="49.7857710" lon="20.0049170">
    <ele>572.2</ele>
    <time>2025-09-07T07:14:56Z</time>
   </trkpt>
   <trkpt lat="49.7857540" lon="20.0049510">
    <ele>572.0</ele>
    <time>2025-09-07T07:14:57Z</time>
   </trkpt>
   <trkpt lat="49.7857370" lon="20.0049870">
    <ele>572.0</ele>
    <time>2025-09-07T07:14:58Z</time>
   </trkpt>
   <trkpt lat="49.7857210" lon="20.0050300">
    <ele>572.0</ele>
    <time>2025-09-07T07:14:59Z</time>
   </trkpt>
   <trkpt lat="49.7857100" lon="20.0050790">
    <ele>572.0</ele>
    <time>2025-09-07T07:15:00Z</time>
   </trkpt>
   <trkpt lat="49.7856970" lon="20.0051250">
    <ele>572.4</ele>
    <time>2025-09-07T07:15:01Z</time>
   </trkpt>
   <trkpt lat="49.7856820" lon="20.0051700">
    <ele>572.6</ele>
    <time>2025-09-07T07:15:02Z</time>
   </trkpt>
   <trkpt lat="49.7856690" lon="20.0052130">
    <ele>572.8</ele>
    <time>2025-09-07T07:15:03Z</time>
   </trkpt>
   <trkpt lat="49.7856550" lon="20.0052580">
    <ele>572.8</ele>
    <time>2025-09-07T07:15:04Z</time>
   </trkpt>
   <trkpt lat="49.7856410" lon="20.0053040">
    <ele>573.0</ele>
    <time>2025-09-07T07:15:05Z</time>
   </trkpt>
   <trkpt lat="49.7856270" lon="20.0053560">
    <ele>573.2</ele>
    <time>2025-09-07T07:15:06Z</time>
   </trkpt>
   <trkpt lat="49.7856210" lon="20.0054130">
    <ele>573.6</ele>
    <time>2025-09-07T07:15:07Z</time>
   </trkpt>
   <trkpt lat="49.7856120" lon="20.0054680">
    <ele>573.6</ele>
    <time>2025-09-07T07:15:08Z</time>
   </trkpt>
   <trkpt lat="49.7856070" lon="20.0055230">
    <ele>573.8</ele>
    <time>2025-09-07T07:15:09Z</time>
   </trkpt>
   <trkpt lat="49.7856040" lon="20.0055750">
    <ele>574.0</ele>
    <time>2025-09-07T07:15:10Z</time>
   </trkpt>
   <trkpt lat="49.7855980" lon="20.0056300">
    <ele>574.6</ele>
    <time>2025-09-07T07:15:11Z</time>
   </trkpt>
   <trkpt lat="49.7855950" lon="20.0056850">
    <ele>574.6</ele>
    <time>2025-09-07T07:15:12Z</time>
   </trkpt>
   <trkpt lat="49.7855910" lon="20.0057360">
    <ele>575.0</ele>
    <time>2025-09-07T07:15:13Z</time>
   </trkpt>
   <trkpt lat="49.7855900" lon="20.0057890">
    <ele>575.0</ele>
    <time>2025-09-07T07:15:14Z</time>
   </trkpt>
   <trkpt lat="49.7855830" lon="20.0058430">
    <ele>575.4</ele>
    <time>2025-09-07T07:15:15Z</time>
   </trkpt>
   <trkpt lat="49.7855690" lon="20.0058920">
    <ele>575.8</ele>
    <time>2025-09-07T07:15:16Z</time>
   </trkpt>
   <trkpt lat="49.7855630" lon="20.0059390">
    <ele>576.2</ele>
    <time>2025-09-07T07:15:17Z</time>
   </trkpt>
   <trkpt lat="49.7855590" lon="20.0059880">
    <ele>576.6</ele>
    <time>2025-09-07T07:15:18Z</time>
   </trkpt>
   <trkpt lat="49.7855550" lon="20.0060350">
    <ele>576.8</ele>
    <time>2025-09-07T07:15:19Z</time>
   </trkpt>
   <trkpt lat="49.7855560" lon="20.0060840">
    <ele>577.0</ele>
    <time>2025-09-07T07:15:20Z</time>
   </trkpt>
   <trkpt lat="49.7855530" lon="20.0061300">
    <ele>577.2</ele>
    <time>2025-09-07T07:15:21Z</time>
   </trkpt>
   <trkpt lat="49.7855460" lon="20.0061740">
    <ele>577.4</ele>
    <time>2025-09-07T07:15:22Z</time>
   </trkpt>
   <trkpt lat="49.7855390" lon="20.0062200">
    <ele>577.6</ele>
    <time>2025-09-07T07:15:23Z</time>
   </trkpt>
   <trkpt lat="49.7855320" lon="20.0062660">
    <ele>578.0</ele>
    <time>2025-09-07T07:15:24Z</time>
   </trkpt>
   <trkpt lat="49.7855220" lon="20.0063120">
    <ele>578.2</ele>
    <time>2025-09-07T07:15:25Z</time>
   </trkpt>
   <trkpt lat="49.7855130" lon="20.0063570">
    <ele>578.4</ele>
    <time>2025-09-07T07:15:26Z</time>
   </trkpt>
   <trkpt lat="49.7855030" lon="20.0064020">
    <ele>578.4</ele>
    <time>2025-09-07T07:15:27Z</time>
   </trkpt>
   <trkpt lat="49.7854950" lon="20.0064500">
    <ele>578.4</ele>
    <time>2025-09-07T07:15:28Z</time>
   </trkpt>
   <trkpt lat="49.7854850" lon="20.0065010">
    <ele>578.6</ele>
    <time>2025-09-07T07:15:29Z</time>
   </trkpt>
   <trkpt lat="49.7854740" lon="20.0065520">
    <ele>578.6</ele>
    <time>2025-09-07T07:15:30Z</time>
   </trkpt>
   <trkpt lat="49.7854640" lon="20.0066050">
    <ele>578.6</ele>
    <time>2025-09-07T07:15:31Z</time>
   </trkpt>
   <trkpt lat="49.7854540" lon="20.0066590">
    <ele>578.4</ele>
    <time>2025-09-07T07:15:32Z</time>
   </trkpt>
   <trkpt lat="49.7854420" lon="20.0067110">
    <ele>578.6</ele>
    <time>2025-09-07T07:15:33Z</time>
   </trkpt>
   <trkpt lat="49.7854310" lon="20.0067640">
    <ele>578.6</ele>
    <time>2025-09-07T07:15:34Z</time>
   </trkpt>
   <trkpt lat="49.7854200" lon="20.0068140">
    <ele>578.8</ele>
    <time>2025-09-07T07:15:35Z</time>
   </trkpt>
   <trkpt lat="49.7854080" lon="20.0068640">
    <ele>578.8</ele>
    <time>2025-09-07T07:15:36Z</time>
   </trkpt>
   <trkpt lat="49.7853980" lon="20.0069130">
    <ele>579.2</ele>
    <time>2025-09-07T07:15:37Z</time>
   </trkpt>
   <trkpt lat="49.7853880" lon="20.0069620">
    <ele>579.2</ele>
    <time>2025-09-07T07:15:38Z</time>
   </trkpt>
   <trkpt lat="49.7853780" lon="20.0070100">
    <ele>579.4</ele>
    <time>2025-09-07T07:15:39Z</time>
   </trkpt>
   <trkpt lat="49.7853680" lon="20.0070580">
    <ele>579.4</ele>
    <time>2025-09-07T07:15:40Z</time>
   </trkpt>
   <trkpt lat="49.7853590" lon="20.0071070">
    <ele>579.4</ele>
    <time>2025-09-07T07:15:41Z</time>
   </trkpt>
   <trkpt lat="49.7853490" lon="20.0071550">
    <ele>579.6</ele>
    <time>2025-09-07T07:15:42Z</time>
   </trkpt>
   <trkpt lat="49.7853390" lon="20.0072150">
    <ele>579.6</ele>
    <time>2025-09-07T07:15:43Z</time>
   </trkpt>
   <trkpt lat="49.7853320" lon="20.0072640">
    <ele>579.6</ele>
    <time>2025-09-07T07:15:44Z</time>
   </trkpt>
   <trkpt lat="49.7853210" lon="20.0073110">
    <ele>579.8</ele>
    <time>2025-09-07T07:15:45Z</time>
   </trkpt>
   <trkpt lat="49.7853110" lon="20.0073570">
    <ele>579.8</ele>
    <time>2025-09-07T07:15:46Z</time>
   </trkpt>
   <trkpt lat="49.7853000" lon="20.0074050">
    <ele>580.0</ele>
    <time>2025-09-07T07:15:47Z</time>
   </trkpt>
   <trkpt lat="49.7852950" lon="20.0074430">
    <ele>580.0</ele>
    <time>2025-09-07T07:15:48Z</time>
   </trkpt>
   <trkpt lat="49.7852870" lon="20.0074920">
    <ele>580.4</ele>
    <time>2025-09-07T07:15:49Z</time>
   </trkpt>
   <trkpt lat="49.7852800" lon="20.0075410">
    <ele>580.6</ele>
    <time>2025-09-07T07:15:50Z</time>
   </trkpt>
   <trkpt lat="49.7852720" lon="20.0075880">
    <ele>580.8</ele>
    <time>2025-09-07T07:15:51Z</time>
   </trkpt>
   <trkpt lat="49.7852620" lon="20.0076420">
    <ele>581.0</ele>
    <time>2025-09-07T07:15:52Z</time>
   </trkpt>
   <trkpt lat="49.7852530" lon="20.0076880">
    <ele>581.2</ele>
    <time>2025-09-07T07:15:53Z</time>
   </trkpt>
   <trkpt lat="49.7852430" lon="20.0077340">
    <ele>581.4</ele>
    <time>2025-09-07T07:15:54Z</time>
   </trkpt>
   <trkpt lat="49.7852320" lon="20.0077780">
    <ele>581.6</ele>
    <time>2025-09-07T07:15:55Z</time>
   </trkpt>
   <trkpt lat="49.7852220" lon="20.0078140">
    <ele>581.8</ele>
    <time>2025-09-07T07:15:56Z</time>
   </trkpt>
   <trkpt lat="49.7852060" lon="20.0078680">
    <ele>581.8</ele>
    <time>2025-09-07T07:15:57Z</time>
   </trkpt>
   <trkpt lat="49.7851960" lon="20.0079050">
    <ele>581.8</ele>
    <time>2025-09-07T07:15:58Z</time>
   </trkpt>
   <trkpt lat="49.7851820" lon="20.0079600">
    <ele>582.0</ele>
    <time>2025-09-07T07:15:59Z</time>
   </trkpt>
   <trkpt lat="49.7851690" lon="20.0080080">
    <ele>582.0</ele>
    <time>2025-09-07T07:16:00Z</time>
   </trkpt>
   <trkpt lat="49.7851550" lon="20.0080460">
    <ele>582.0</ele>
    <time>2025-09-07T07:16:01Z</time>
   </trkpt>
   <trkpt lat="49.7851380" lon="20.0081070">
    <ele>582.0</ele>
    <time>2025-09-07T07:16:02Z</time>
   </trkpt>
   <trkpt lat="49.7851260" lon="20.0081600">
    <ele>582.0</ele>
    <time>2025-09-07T07:16:03Z</time>
   </trkpt>
   <trkpt lat="49.7851160" lon="20.0082130">
    <ele>582.0</ele>
    <time>2025-09-07T07:16:04Z</time>
   </trkpt>
   <trkpt lat="49.7851040" lon="20.0082650">
    <ele>582.0</ele>
    <time>2025-09-07T07:16:05Z</time>
   </trkpt>
   <trkpt lat="49.7850930" lon="20.0083060">
    <ele>582.0</ele>
    <time>2025-09-07T07:16:06Z</time>
   </trkpt>
   <trkpt lat="49.7850830" lon="20.0083650">
    <ele>582.0</ele>
    <time>2025-09-07T07:16:07Z</time>
   </trkpt>
   <trkpt lat="49.7850700" lon="20.0084130">
    <ele>582.2</ele>
    <time>2025-09-07T07:16:08Z</time>
   </trkpt>
   <trkpt lat="49.7850560" lon="20.0084620">
    <ele>582.4</ele>
    <time>2025-09-07T07:16:09Z</time>
   </trkpt>
   <trkpt lat="49.7850450" lon="20.0085140">
    <ele>582.4</ele>
    <time>2025-09-07T07:16:10Z</time>
   </trkpt>
   <trkpt lat="49.7850360" lon="20.0085600">
    <ele>582.6</ele>
    <time>2025-09-07T07:16:11Z</time>
   </trkpt>
   <trkpt lat="49.7850270" lon="20.0086020">
    <ele>583.0</ele>
    <time>2025-09-07T07:16:12Z</time>
   </trkpt>
   <trkpt lat="49.7850170" lon="20.0086460">
    <ele>583.0</ele>
    <time>2025-09-07T07:16:13Z</time>
   </trkpt>
   <trkpt lat="49.7850060" lon="20.0086890">
    <ele>583.2</ele>
    <time>2025-09-07T07:16:14Z</time>
   </trkpt>
   <trkpt lat="49.7849800" lon="20.0087720">
    <ele>583.2</ele>
    <time>2025-09-07T07:16:16Z</time>
   </trkpt>
   <trkpt lat="49.7849570" lon="20.0088630">
    <ele>583.8</ele>
    <time>2025-09-07T07:16:18Z</time>
   </trkpt>
   <trkpt lat="49.7849390" lon="20.0089220">
    <ele>584.2</ele>
    <time>2025-09-07T07:16:19Z</time>
   </trkpt>
   <trkpt lat="49.7849260" lon="20.0089640">
    <ele>584.2</ele>
    <time>2025-09-07T07:16:20Z</time>
   </trkpt>
   <trkpt lat="49.7849130" lon="20.0090090">
    <ele>584.0</ele>
    <time>2025-09-07T07:16:21Z</time>
   </trkpt>
   <trkpt lat="49.7849000" lon="20.0090640">
    <ele>584.0</ele>
    <time>2025-09-07T07:16:22Z</time>
   </trkpt>
   <trkpt lat="49.7848880" lon="20.0091060">
    <ele>583.8</ele>
    <time>2025-09-07T07:16:23Z</time>
   </trkpt>
   <trkpt lat="49.7848730" lon="20.0091530">
    <ele>583.8</ele>
    <time>2025-09-07T07:16:24Z</time>
   </trkpt>
   <trkpt lat="49.7848580" lon="20.0092040">
    <ele>583.8</ele>
    <time>2025-09-07T07:16:25Z</time>
   </trkpt>
   <trkpt lat="49.7848400" lon="20.0092560">
    <ele>583.8</ele>
    <time>2025-09-07T07:16:26Z</time>
   </trkpt>
   <trkpt lat="49.7848220" lon="20.0093070">
    <ele>584.0</ele>
    <time>2025-09-07T07:16:27Z</time>
   </trkpt>
   <trkpt lat="49.7848070" lon="20.0093380">
    <ele>584.2</ele>
    <time>2025-09-07T07:16:28Z</time>
   </trkpt>
   <trkpt lat="49.7847890" lon="20.0093550">
    <ele>584.2</ele>
    <time>2025-09-07T07:16:29Z</time>
   </trkpt>
   <trkpt lat="49.7847670" lon="20.0093830">
    <ele>584.4</ele>
    <time>2025-09-07T07:16:30Z</time>
   </trkpt>
   <trkpt lat="49.7847390" lon="20.0094190">
    <ele>584.4</ele>
    <time>2025-09-07T07:16:31Z</time>
   </trkpt>
   <trkpt lat="49.7847160" lon="20.0094450">
    <ele>584.6</ele>
    <time>2025-09-07T07:16:32Z</time>
   </trkpt>
   <trkpt lat="49.7847010" lon="20.0094770">
    <ele>584.6</ele>
    <time>2025-09-07T07:16:33Z</time>
   </trkpt>
   <trkpt lat="49.7846870" lon="20.0095170">
    <ele>584.8</ele>
    <time>2025-09-07T07:16:34Z</time>
   </trkpt>
   <trkpt lat="49.7846660" lon="20.0095600">
    <ele>584.8</ele>
    <time>2025-09-07T07:16:35Z</time>
   </trkpt>
   <trkpt lat="49.7846500" lon="20.0096030">
    <ele>585.2</ele>
    <time>2025-09-07T07:16:36Z</time>
   </trkpt>
   <trkpt lat="49.7846310" lon="20.0096480">
    <ele>585.6</ele>
    <time>2025-09-07T07:16:37Z</time>
   </trkpt>
   <trkpt lat="49.7846160" lon="20.0096780">
    <ele>585.8</ele>
    <time>2025-09-07T07:16:38Z</time>
   </trkpt>
   <trkpt lat="49.7845810" lon="20.0097340">
    <ele>586.4</ele>
    <time>2025-09-07T07:16:40Z</time>
   </trkpt>
   <trkpt lat="49.7845580" lon="20.0097640">
    <ele>586.6</ele>
    <time>2025-09-07T07:16:41Z</time>
   </trkpt>
   <trkpt lat="49.7845340" lon="20.0097960">
    <ele>586.8</ele>
    <time>2025-09-07T07:16:42Z</time>
   </trkpt>
   <trkpt lat="49.7845130" lon="20.0098210">
    <ele>587.0</ele>
    <time>2025-09-07T07:16:43Z</time>
   </trkpt>
   <trkpt lat="49.7844980" lon="20.0098400">
    <ele>587.0</ele>
    <time>2025-09-07T07:16:44Z</time>
   </trkpt>
   <trkpt lat="49.7844790" lon="20.0098800">
    <ele>587.2</ele>
    <time>2025-09-07T07:16:45Z</time>
   </trkpt>
   <trkpt lat="49.7844630" lon="20.0099190">
    <ele>587.6</ele>
    <time>2025-09-07T07:16:46Z</time>
   </trkpt>
   <trkpt lat="49.7844510" lon="20.0099750">
    <ele>587.8</ele>
    <time>2025-09-07T07:16:47Z</time>
   </trkpt>
   <trkpt lat="49.7844260" lon="20.0100190">
    <ele>588.0</ele>
    <time>2025-09-07T07:16:48Z</time>
   </trkpt>
   <trkpt lat="49.7844030" lon="20.0100450">
    <ele>588.0</ele>
    <time>2025-09-07T07:16:49Z</time>
   </trkpt>
   <trkpt lat="49.7843810" lon="20.0100710">
    <ele>588.2</ele>
    <time>2025-09-07T07:16:50Z</time>
   </trkpt>
   <trkpt lat="49.7843630" lon="20.0100830">
    <ele>588.4</ele>
    <time>2025-09-07T07:16:51Z</time>
   </trkpt>
   <trkpt lat="49.7843400" lon="20.0101070">
    <ele>588.6</ele>
    <time>2025-09-07T07:16:52Z</time>
   </trkpt>
   <trkpt lat="49.7843160" lon="20.0101290">
    <ele>588.6</ele>
    <time>2025-09-07T07:16:53Z</time>
   </trkpt>
   <trkpt lat="49.7842890" lon="20.0101510">
    <ele>588.6</ele>
    <time>2025-09-07T07:16:54Z</time>
   </trkpt>
   <trkpt lat="49.7842440" lon="20.0101630">
    <ele>588.6</ele>
    <time>2025-09-07T07:16:55Z</time>
   </trkpt>
   <trkpt lat="49.7842140" lon="20.0101740">
    <ele>588.8</ele>
    <time>2025-09-07T07:16:56Z</time>
   </trkpt>
   <trkpt lat="49.7841960" lon="20.0101960">
    <ele>589.0</ele>
    <time>2025-09-07T07:16:57Z</time>
   </trkpt>
   <trkpt lat="49.7841850" lon="20.0102210">
    <ele>589.0</ele>
    <time>2025-09-07T07:16:58Z</time>
   </trkpt>
   <trkpt lat="49.7841720" lon="20.0102460">
    <ele>589.0</ele>
    <time>2025-09-07T07:16:59Z</time>
   </trkpt>
   <trkpt lat="49.7841450" lon="20.0102800">
    <ele>589.2</ele>
    <time>2025-09-07T07:17:00Z</time>
   </trkpt>
   <trkpt lat="49.7841310" lon="20.0103030">
    <ele>589.4</ele>
    <time>2025-09-07T07:17:01Z</time>
   </trkpt>
   <trkpt lat="49.7841170" lon="20.0103300">
    <ele>589.4</ele>
    <time>2025-09-07T07:17:02Z</time>
   </trkpt>
   <trkpt lat="49.7841020" lon="20.0103650">
    <ele>589.6</ele>
    <time>2025-09-07T07:17:03Z</time>
   </trkpt>
   <trkpt lat="49.7840890" lon="20.0103980">
    <ele>589.8</ele>
    <time>2025-09-07T07:17:04Z</time>
   </trkpt>
   <trkpt lat="49.7840830" lon="20.0104160">
    <ele>589.8</ele>
    <time>2025-09-07T07:17:05Z</time>
   </trkpt>
   <trkpt lat="49.7840740" lon="20.0104450">
    <ele>590.0</ele>
    <time>2025-09-07T07:17:06Z</time>
   </trkpt>
   <trkpt lat="49.7840630" lon="20.0104700">
    <ele>590.0</ele>
    <time>2025-09-07T07:17:07Z</time>
   </trkpt>
   <trkpt lat="49.7840450" lon="20.0104880">
    <ele>590.2</ele>
    <time>2025-09-07T07:17:08Z</time>
   </trkpt>
   <trkpt lat="49.7840340" lon="20.0105040">
    <ele>590.4</ele>
    <time>2025-09-07T07:17:09Z</time>
   </trkpt>
   <trkpt lat="49.7840140" lon="20.0105360">
    <ele>590.6</ele>
    <time>2025-09-07T07:17:10Z</time>
   </trkpt>
   <trkpt lat="49.7839930" lon="20.0105570">
    <ele>590.8</ele>
    <time>2025-09-07T07:17:11Z</time>
   </trkpt>
   <trkpt lat="49.7839800" lon="20.0105740">
    <ele>590.8</ele>
    <time>2025-09-07T07:17:12Z</time>
   </trkpt>
   <trkpt lat="49.7839680" lon="20.0106000">
    <ele>591.2</ele>
    <time>2025-09-07T07:17:13Z</time>
   </trkpt>
   <trkpt lat="49.7839630" lon="20.0106180">
    <ele>591.4</ele>
    <time>2025-09-07T07:17:14Z</time>
   </trkpt>
   <trkpt lat="49.7839470" lon="20.0106440">
    <ele>591.4</ele>
    <time>2025-09-07T07:17:15Z</time>
   </trkpt>
   <trkpt lat="49.7839320" lon="20.0106670">
    <ele>591.6</ele>
    <time>2025-09-07T07:17:16Z</time>
   </trkpt>
   <trkpt lat="49.7839100" lon="20.0106920">
    <ele>591.6</ele>
    <time>2025-09-07T07:17:17Z</time>
   </trkpt>
   <trkpt lat="49.7838980" lon="20.0107110">
    <ele>591.8</ele>
    <time>2025-09-07T07:17:18Z</time>
   </trkpt>
   <trkpt lat="49.7838780" lon="20.0107380">
    <ele>592.2</ele>
    <time>2025-09-07T07:17:19Z</time>
   </trkpt>
   <trkpt lat="49.7838710" lon="20.0107620">
    <ele>592.4</ele>
    <time>2025-09-07T07:17:20Z</time>
   </trkpt>
   <trkpt lat="49.7838680" lon="20.0107880">
    <ele>592.6</ele>
    <time>2025-09-07T07:17:21Z</time>
   </trkpt>
   <trkpt lat="49.7838680" lon="20.0108090">
    <ele>593.0</ele>
    <time>2025-09-07T07:17:22Z</time>
   </trkpt>
   <trkpt lat="49.7838570" lon="20.0108360">
    <ele>593.0</ele>
    <time>2025-09-07T07:17:23Z</time>
   </trkpt>
   <trkpt lat="49.7838510" lon="20.0108660">
    <ele>593.2</ele>
    <time>2025-09-07T07:17:24Z</time>
   </trkpt>
   <trkpt lat="49.7838410" lon="20.0108920">
    <ele>593.4</ele>
    <time>2025-09-07T07:17:25Z</time>
   </trkpt>
   <trkpt lat="49.7838270" lon="20.0109160">
    <ele>593.6</ele>
    <time>2025-09-07T07:17:26Z</time>
   </trkpt>
   <trkpt lat="49.7838190" lon="20.0109410">
    <ele>593.8</ele>
    <time>2025-09-07T07:17:27Z</time>
   </trkpt>
   <trkpt lat="49.7838100" lon="20.0109630">
    <ele>594.2</ele>
    <time>2025-09-07T07:17:28Z</time>
   </trkpt>
   <trkpt lat="49.7838090" lon="20.0109970">
    <ele>594.4</ele>
    <time>2025-09-07T07:17:29Z</time>
   </trkpt>
   <trkpt lat="49.7838190" lon="20.0110370">
    <ele>594.6</ele>
    <time>2025-09-07T07:17:30Z</time>
   </trkpt>
   <trkpt lat="49.7838130" lon="20.0110650">
    <ele>594.6</ele>
    <time>2025-09-07T07:17:31Z</time>
   </trkpt>
   <trkpt lat="49.7837980" lon="20.0111040">
    <ele>594.8</ele>
    <time>2025-09-07T07:17:32Z</time>
   </trkpt>
   <trkpt lat="49.7837830" lon="20.0111400">
    <ele>595.2</ele>
    <time>2025-09-07T07:17:33Z</time>
   </trkpt>
   <trkpt lat="49.7837760" lon="20.0111740">
    <ele>595.4</ele>
    <time>2025-09-07T07:17:34Z</time>
   </trkpt>
   <trkpt lat="49.7837610" lon="20.0112160">
    <ele>595.6</ele>
    <time>2025-09-07T07:17:35Z</time>
   </trkpt>
   <trkpt lat="49.7837490" lon="20.0112420">
    <ele>595.6</ele>
    <time>2025-09-07T07:17:36Z</time>
   </trkpt>
   <trkpt lat="49.7837000" lon="20.0112920">
    <ele>595.6</ele>
    <time>2025-09-07T07:17:37Z</time>
   </trkpt>
   <trkpt lat="49.7836870" lon="20.0113390">
    <ele>595.6</ele>
    <time>2025-09-07T07:17:38Z</time>
   </trkpt>
   <trkpt lat="49.7836720" lon="20.0113680">
    <ele>595.6</ele>
    <time>2025-09-07T07:17:39Z</time>
   </trkpt>
   <trkpt lat="49.7836550" lon="20.0113900">
    <ele>595.6</ele>
    <time>2025-09-07T07:17:40Z</time>
   </trkpt>
   <trkpt lat="49.7836250" lon="20.0114140">
    <ele>595.4</ele>
    <time>2025-09-07T07:17:41Z</time>
   </trkpt>
   <trkpt lat="49.7836100" lon="20.0114310">
    <ele>595.4</ele>
    <time>2025-09-07T07:17:42Z</time>
   </trkpt>
   <trkpt lat="49.7835940" lon="20.0114570">
    <ele>595.4</ele>
    <time>2025-09-07T07:17:43Z</time>
   </trkpt>
   <trkpt lat="49.7835790" lon="20.0114960">
    <ele>595.6</ele>
    <time>2025-09-07T07:17:44Z</time>
   </trkpt>
   <trkpt lat="49.7835670" lon="20.0115400">
    <ele>595.4</ele>
    <time>2025-09-07T07:17:45Z</time>
   </trkpt>
   <trkpt lat="49.7835570" lon="20.0115830">
    <ele>595.4</ele>
    <time>2025-09-07T07:17:46Z</time>
   </trkpt>
   <trkpt lat="49.7835510" lon="20.0116200">
    <ele>595.6</ele>
    <time>2025-09-07T07:17:47Z</time>
   </trkpt>
   <trkpt lat="49.7835400" lon="20.0116560">
    <ele>595.6</ele>
    <time>2025-09-07T07:17:48Z</time>
   </trkpt>
   <trkpt lat="49.7835250" lon="20.0116860">
    <ele>595.6</ele>
    <time>2025-09-07T07:17:49Z</time>
   </trkpt>
   <trkpt lat="49.7835060" lon="20.0117290">
    <ele>595.6</ele>
    <time>2025-09-07T07:17:50Z</time>
   </trkpt>
   <trkpt lat="49.7834920" lon="20.0117600">
    <ele>595.8</ele>
    <time>2025-09-07T07:17:51Z</time>
   </trkpt>
   <trkpt lat="49.7834770" lon="20.0118220">
    <ele>595.8</ele>
    <time>2025-09-07T07:17:53Z</time>
   </trkpt>
   <trkpt lat="49.7834600" lon="20.0118670">
    <ele>595.8</ele>
    <time>2025-09-07T07:17:54Z</time>
   </trkpt>
   <trkpt lat="49.7834250" lon="20.0119960">
    <ele>596.0</ele>
    <time>2025-09-07T07:17:57Z</time>
   </trkpt>
   <trkpt lat="49.7834200" lon="20.0120380">
    <ele>596.0</ele>
    <time>2025-09-07T07:17:58Z</time>
   </trkpt>
   <trkpt lat="49.7834170" lon="20.0120790">
    <ele>596.0</ele>
    <time>2025-09-07T07:17:59Z</time>
   </trkpt>
   <trkpt lat="49.7834160" lon="20.0121210">
    <ele>596.4</ele>
    <time>2025-09-07T07:18:00Z</time>
   </trkpt>
   <trkpt lat="49.7834090" lon="20.0121610">
    <ele>596.6</ele>
    <time>2025-09-07T07:18:01Z</time>
   </trkpt>
   <trkpt lat="49.7834020" lon="20.0121970">
    <ele>597.0</ele>
    <time>2025-09-07T07:18:02Z</time>
   </trkpt>
   <trkpt lat="49.7833950" lon="20.0122290">
    <ele>597.2</ele>
    <time>2025-09-07T07:18:03Z</time>
   </trkpt>
   <trkpt lat="49.7833840" lon="20.0122620">
    <ele>597.2</ele>
    <time>2025-09-07T07:18:04Z</time>
   </trkpt>
   <trkpt lat="49.7833740" lon="20.0122930">
    <ele>597.6</ele>
    <time>2025-09-07T07:18:05Z</time>
   </trkpt>
   <trkpt lat="49.7833440" lon="20.0123510">
    <ele>598.0</ele>
    <time>2025-09-07T07:18:07Z</time>
   </trkpt>
   <trkpt lat="49.7833210" lon="20.0124090">
    <ele>598.2</ele>
    <time>2025-09-07T07:18:09Z</time>
   </trkpt>
   <trkpt lat="49.7833180" lon="20.0124280">
    <ele>598.4</ele>
    <time>2025-09-07T07:18:10Z</time>
   </trkpt>
   <trkpt lat="49.7832970" lon="20.0124530">
    <ele>598.4</ele>
    <time>2025-09-07T07:18:11Z</time>
   </trkpt>
   <trkpt lat="49.7832780" lon="20.0124800">
    <ele>598.8</ele>
    <time>2025-09-07T07:18:12Z</time>
   </trkpt>
   <trkpt lat="49.7832610" lon="20.0125040">
    <ele>598.8</ele>
    <time>2025-09-07T07:18:13Z</time>
   </trkpt>
   <trkpt lat="49.7832480" lon="20.0125290">
    <ele>598.8</ele>
    <time>2025-09-07T07:18:14Z</time>
   </trkpt>
   <trkpt lat="49.7832280" lon="20.0125550">
    <ele>598.8</ele>
    <time>2025-09-07T07:18:15Z</time>
   </trkpt>
   <trkpt lat="49.7831970" lon="20.0125860">
    <ele>598.8</ele>
    <time>2025-09-07T07:18:16Z</time>
   </trkpt>
   <trkpt lat="49.7831770" lon="20.0126200">
    <ele>598.8</ele>
    <time>2025-09-07T07:18:17Z</time>
   </trkpt>
   <trkpt lat="49.7831580" lon="20.0126480">
    <ele>598.8</ele>
    <time>2025-09-07T07:18:18Z</time>
   </trkpt>
   <trkpt lat="49.7831410" lon="20.0126950">
    <ele>598.6</ele>
    <time>2025-09-07T07:18:19Z</time>
   </trkpt>
   <trkpt lat="49.7831120" lon="20.0127330">
    <ele>598.6</ele>
    <time>2025-09-07T07:18:20Z</time>
   </trkpt>
   <trkpt lat="49.7830910" lon="20.0127750">
    <ele>598.6</ele>
    <time>2025-09-07T07:18:21Z</time>
   </trkpt>
   <trkpt lat="49.7830660" lon="20.0128200">
    <ele>598.4</ele>
    <time>2025-09-07T07:18:22Z</time>
   </trkpt>
   <trkpt lat="49.7830380" lon="20.0128630">
    <ele>598.4</ele>
    <time>2025-09-07T07:18:23Z</time>
   </trkpt>
   <trkpt lat="49.7830330" lon="20.0128980">
    <ele>598.4</ele>
    <time>2025-09-07T07:18:24Z</time>
   </trkpt>
   <trkpt lat="49.7830060" lon="20.0129430">
    <ele>598.4</ele>
    <time>2025-09-07T07:18:25Z</time>
   </trkpt>
   <trkpt lat="49.7829880" lon="20.0129940">
    <ele>598.6</ele>
    <time>2025-09-07T07:18:26Z</time>
   </trkpt>
   <trkpt lat="49.7829090" lon="20.0131660">
    <ele>598.8</ele>
    <time>2025-09-07T07:18:30Z</time>
   </trkpt>
   <trkpt lat="49.7828920" lon="20.0132020">
    <ele>598.8</ele>
    <time>2025-09-07T07:18:31Z</time>
   </trkpt>
   <trkpt lat="49.7828710" lon="20.0132430">
    <ele>599.0</ele>
    <time>2025-09-07T07:18:32Z</time>
   </trkpt>
   <trkpt lat="49.7827970" lon="20.0134380">
    <ele>599.4</ele>
    <time>2025-09-07T07:18:36Z</time>
   </trkpt>
   <trkpt lat="49.7827900" lon="20.0134790">
    <ele>599.4</ele>
    <time>2025-09-07T07:18:37Z</time>
   </trkpt>
   <trkpt lat="49.7827780" lon="20.0135150">
    <ele>599.6</ele>
    <time>2025-09-07T07:18:38Z</time>
   </trkpt>
   <trkpt lat="49.7827740" lon="20.0135510">
    <ele>599.6</ele>
    <time>2025-09-07T07:18:39Z</time>
   </trkpt>
   <trkpt lat="49.7827750" lon="20.0136060">
    <ele>599.8</ele>
    <time>2025-09-07T07:18:40Z</time>
   </trkpt>
   <trkpt lat="49.7827850" lon="20.0136630">
    <ele>600.4</ele>
    <time>2025-09-07T07:18:41Z</time>
   </trkpt>
   <trkpt lat="49.7828140" lon="20.0137180">
    <ele>600.4</ele>
    <time>2025-09-07T07:18:42Z</time>
   </trkpt>
   <trkpt lat="49.7828330" lon="20.0137730">
    <ele>600.6</ele>
    <time>2025-09-07T07:18:43Z</time>
   </trkpt>
   <trkpt lat="49.7828410" lon="20.0138190">
    <ele>600.8</ele>
    <time>2025-09-07T07:18:44Z</time>
   </trkpt>
   <trkpt lat="49.7828480" lon="20.0139070">
    <ele>600.8</ele>
    <time>2025-09-07T07:18:46Z</time>
   </trkpt>
   <trkpt lat="49.7828410" lon="20.0139460">
    <ele>601.0</ele>
    <time>2025-09-07T07:18:47Z</time>
   </trkpt>
   <trkpt lat="49.7828420" lon="20.0139800">
    <ele>601.4</ele>
    <time>2025-09-07T07:18:48Z</time>
   </trkpt>
   <trkpt lat="49.7828610" lon="20.0140190">
    <ele>601.6</ele>
    <time>2025-09-07T07:18:49Z</time>
   </trkpt>
   <trkpt lat="49.7828830" lon="20.0140710">
    <ele>601.6</ele>
    <time>2025-09-07T07:18:50Z</time>
   </trkpt>
   <trkpt lat="49.7828810" lon="20.0141130">
    <ele>602.0</ele>
    <time>2025-09-07T07:18:51Z</time>
   </trkpt>
   <trkpt lat="49.7828690" lon="20.0141430">
    <ele>602.2</ele>
    <time>2025-09-07T07:18:52Z</time>
   </trkpt>
   <trkpt lat="49.7828540" lon="20.0141710">
    <ele>602.6</ele>
    <time>2025-09-07T07:18:53Z</time>
   </trkpt>
   <trkpt lat="49.7828310" lon="20.0141990">
    <ele>602.8</ele>
    <time>2025-09-07T07:18:54Z</time>
   </trkpt>
   <trkpt lat="49.7828240" lon="20.0142230">
    <ele>603.0</ele>
    <time>2025-09-07T07:18:55Z</time>
   </trkpt>
   <trkpt lat="49.7828230" lon="20.0142490">
    <ele>603.4</ele>
    <time>2025-09-07T07:18:56Z</time>
   </trkpt>
   <trkpt lat="49.7828190" lon="20.0142750">
    <ele>603.6</ele>
    <time>2025-09-07T07:18:57Z</time>
   </trkpt>
   <trkpt lat="49.7828180" lon="20.0143060">
    <ele>603.6</ele>
    <time>2025-09-07T07:18:58Z</time>
   </trkpt>
   <trkpt lat="49.7828210" lon="20.0143290">
    <ele>603.8</ele>
    <time>2025-09-07T07:18:59Z</time>
   </trkpt>
   <trkpt lat="49.7828260" lon="20.0143460">
    <ele>604.2</ele>
    <time>2025-09-07T07:19:00Z</time>
   </trkpt>
   <trkpt lat="49.7828330" lon="20.0143580">
    <ele>604.4</ele>
    <time>2025-09-07T07:19:01Z</time>
   </trkpt>
   <trkpt lat="49.7828470" lon="20.0143720">
    <ele>604.4</ele>
    <time>2025-09-07T07:19:02Z</time>
   </trkpt>
   <trkpt lat="49.7828710" lon="20.0143670">
    <ele>604.2</ele>
    <time>2025-09-07T07:19:07Z</time>
   </trkpt>
   <trkpt lat="49.7828690" lon="20.0143500">
    <ele>604.2</ele>
    <time>2025-09-07T07:19:12Z</time>
   </trkpt>
   <trkpt lat="49.7828680" lon="20.0143270">
    <ele>604.4</ele>
    <time>2025-09-07T07:19:18Z</time>
   </trkpt>
   <trkpt lat="49.7828650" lon="20.0143250">
    <ele>604.4</ele>
    <time>2025-09-07T07:19:19Z</time>
   </trkpt>
   <trkpt lat="49.7828640" lon="20.0143320">
    <ele>604.4</ele>
    <time>2025-09-07T07:19:21Z</time>
   </trkpt>
   <trkpt lat="49.7828670" lon="20.0143330">
    <ele>604.8</ele>
    <time>2025-09-07T07:19:23Z</time>
   </trkpt>
   <trkpt lat="49.7828670" lon="20.0143350">
    <ele>605.0</ele>
    <time>2025-09-07T07:19:24Z</time>
   </trkpt>
   <trkpt lat="49.7828740" lon="20.0143440">
    <ele>605.2</ele>
    <time>2025-09-07T07:19:27Z</time>
   </trkpt>
   <trkpt lat="49.7828740" lon="20.0143440">
    <ele>605.2</ele>
    <time>2025-09-07T07:19:30Z</time>
   </trkpt>
   <trkpt lat="49.7828700" lon="20.0143510">
    <ele>605.2</ele>
    <time>2025-09-07T07:19:35Z</time>
   </trkpt>
   <trkpt lat="49.7828700" lon="20.0143510">
    <ele>605.2</ele>
    <time>2025-09-07T07:19:38Z</time>
   </trkpt>
   <trkpt lat="49.7828580" lon="20.0143490">
    <ele>605.2</ele>
    <time>2025-09-07T07:19:40Z</time>
   </trkpt>
   <trkpt lat="49.7828570" lon="20.0143460">
    <ele>605.4</ele>
    <time>2025-09-07T07:19:44Z</time>
   </trkpt>
   <trkpt lat="49.7828590" lon="20.0143330">
    <ele>605.4</ele>
    <time>2025-09-07T07:19:47Z</time>
   </trkpt>
   <trkpt lat="49.7828590" lon="20.0143330">
    <ele>605.4</ele>
    <time>2025-09-07T07:19:51Z</time>
   </trkpt>
   <trkpt lat="49.7828590" lon="20.0143330">
    <ele>605.8</ele>
    <time>2025-09-07T07:19:58Z</time>
   </trkpt>
   <trkpt lat="49.7828610" lon="20.0143620">
    <ele>606.4</ele>
    <time>2025-09-07T07:20:04Z</time>
   </trkpt>
   <trkpt lat="49.7828630" lon="20.0143700">
    <ele>606.4</ele>
    <time>2025-09-07T07:20:07Z</time>
   </trkpt>
   <trkpt lat="49.7828600" lon="20.0143740">
    <ele>606.4</ele>
    <time>2025-09-07T07:20:08Z</time>
   </trkpt>
   <trkpt lat="49.7828610" lon="20.0143760">
    <ele>606.4</ele>
    <time>2025-09-07T07:20:12Z</time>
   </trkpt>
   <trkpt lat="49.7828640" lon="20.0143750">
    <ele>606.4</ele>
    <time>2025-09-07T07:20:14Z</time>
   </trkpt>
   <trkpt lat="49.7828580" lon="20.0143850">
    <ele>606.4</ele>
    <time>2025-09-07T07:20:15Z</time>
   </trkpt>
   <trkpt lat="49.7828500" lon="20.0144070">
    <ele>606.4</ele>
    <time>2025-09-07T07:20:16Z</time>
   </trkpt>
   <trkpt lat="49.7828420" lon="20.0144310">
    <ele>606.6</ele>
    <time>2025-09-07T07:20:17Z</time>
   </trkpt>
   <trkpt lat="49.7828210" lon="20.0144870">
    <ele>607.0</ele>
    <time>2025-09-07T07:20:19Z</time>
   </trkpt>
   <trkpt lat="49.7828100" lon="20.0145200">
    <ele>607.0</ele>
    <time>2025-09-07T07:20:20Z</time>
   </trkpt>
   <trkpt lat="49.7828040" lon="20.0145930">
    <ele>607.8</ele>
    <time>2025-09-07T07:20:22Z</time>
   </trkpt>
   <trkpt lat="49.7827950" lon="20.0146190">
    <ele>608.2</ele>
    <time>2025-09-07T07:20:23Z</time>
   </trkpt>
   <trkpt lat="49.7827830" lon="20.0146520">
    <ele>608.6</ele>
    <time>2025-09-07T07:20:24Z</time>
   </trkpt>
   <trkpt lat="49.7827630" lon="20.0146840">
    <ele>609.0</ele>
    <time>2025-09-07T07:20:25Z</time>
   </trkpt>
   <trkpt lat="49.7827470" lon="20.0147080">
    <ele>609.2</ele>
    <time>2025-09-07T07:20:26Z</time>
   </trkpt>
   <trkpt lat="49.7827360" lon="20.0147300">
    <ele>609.4</ele>
    <time>2025-09-07T07:20:27Z</time>
   </trkpt>
   <trkpt lat="49.7827320" lon="20.0147380">
    <ele>609.4</ele>
    <time>2025-09-07T07:20:28Z</time>
   </trkpt>
   <trkpt lat="49.7827280" lon="20.0147510">
    <ele>609.6</ele>
    <time>2025-09-07T07:20:29Z</time>
   </trkpt>
   <trkpt lat="49.7827260" lon="20.0147530">
    <ele>609.6</ele>
    <time>2025-09-07T07:20:30Z</time>
   </trkpt>
   <trkpt lat="49.7827210" lon="20.0147600">
    <ele>609.6</ele>
    <time>2025-09-07T07:20:31Z</time>
   </trkpt>
   <trkpt lat="49.7827080" lon="20.0147790">
    <ele>609.8</ele>
    <time>2025-09-07T07:20:32Z</time>
   </trkpt>
   <trkpt lat="49.7826940" lon="20.0148000">
    <ele>609.8</ele>
    <time>2025-09-07T07:20:33Z</time>
   </trkpt>
   <trkpt lat="49.7826860" lon="20.0148160">
    <ele>609.8</ele>
    <time>2025-09-07T07:20:34Z</time>
   </trkpt>
   <trkpt lat="49.7826730" lon="20.0148400">
    <ele>610.0</ele>
    <time>2025-09-07T07:20:35Z</time>
   </trkpt>
   <trkpt lat="49.7826610" lon="20.0148650">
    <ele>610.0</ele>
    <time>2025-09-07T07:20:36Z</time>
   </trkpt>
   <trkpt lat="49.7826530" lon="20.0148800">
    <ele>610.0</ele>
    <time>2025-09-07T07:20:37Z</time>
   </trkpt>
   <trkpt lat="49.7826490" lon="20.0148840">
    <ele>610.2</ele>
    <time>2025-09-07T07:20:38Z</time>
   </trkpt>
   <trkpt lat="49.7826440" lon="20.0148900">
    <ele>610.4</ele>
    <time>2025-09-07T07:20:39Z</time>
   </trkpt>
   <trkpt lat="49.7826350" lon="20.0149020">
    <ele>610.4</ele>
    <time>2025-09-07T07:20:40Z</time>
   </trkpt>
   <trkpt lat="49.7826220" lon="20.0149210">
    <ele>610.6</ele>
    <time>2025-09-07T07:20:41Z</time>
   </trkpt>
   <trkpt lat="49.7826060" lon="20.0149440">
    <ele>610.6</ele>
    <time>2025-09-07T07:20:42Z</time>
   </trkpt>
   <trkpt lat="49.7826030" lon="20.0149490">
    <ele>610.6</ele>
    <time>2025-09-07T07:20:43Z</time>
   </trkpt>
   <trkpt lat="49.7826000" lon="20.0149640">
    <ele>610.8</ele>
    <time>2025-09-07T07:20:44Z</time>
   </trkpt>
   <trkpt lat="49.7825960" lon="20.0149900">
    <ele>611.0</ele>
    <time>2025-09-07T07:20:45Z</time>
   </trkpt>
   <trkpt lat="49.7825760" lon="20.0150140">
    <ele>611.2</ele>
    <time>2025-09-07T07:20:46Z</time>
   </trkpt>
   <trkpt lat="49.7825650" lon="20.0150360">
    <ele>611.4</ele>
    <time>2025-09-07T07:20:47Z</time>
   </trkpt>
   <trkpt lat="49.7825590" lon="20.0150590">
    <ele>611.4</ele>
    <time>2025-09-07T07:20:48Z</time>
   </trkpt>
   <trkpt lat="49.7825580" lon="20.0150880">
    <ele>611.4</ele>
    <time>2025-09-07T07:20:49Z</time>
   </trkpt>
   <trkpt lat="49.7825650" lon="20.0151160">
    <ele>611.8</ele>
    <time>2025-09-07T07:20:50Z</time>
   </trkpt>
   <trkpt lat="49.7825640" lon="20.0151480">
    <ele>612.0</ele>
    <time>2025-09-07T07:20:51Z</time>
   </trkpt>
   <trkpt lat="49.7825490" lon="20.0151690">
    <ele>612.2</ele>
    <time>2025-09-07T07:20:52Z</time>
   </trkpt>
   <trkpt lat="49.7825280" lon="20.0151890">
    <ele>612.6</ele>
    <time>2025-09-07T07:20:53Z</time>
   </trkpt>
   <trkpt lat="49.7825100" lon="20.0152090">
    <ele>612.8</ele>
    <time>2025-09-07T07:20:54Z</time>
   </trkpt>
   <trkpt lat="49.7824950" lon="20.0152400">
    <ele>613.0</ele>
    <time>2025-09-07T07:20:55Z</time>
   </trkpt>
   <trkpt lat="49.7824890" lon="20.0152720">
    <ele>613.2</ele>
    <time>2025-09-07T07:20:56Z</time>
   </trkpt>
   <trkpt lat="49.7824770" lon="20.0153010">
    <ele>613.4</ele>
    <time>2025-09-07T07:20:57Z</time>
   </trkpt>
   <trkpt lat="49.7824640" lon="20.0153220">
    <ele>613.8</ele>
    <time>2025-09-07T07:20:58Z</time>
   </trkpt>
   <trkpt lat="49.7824560" lon="20.0153470">
    <ele>614.2</ele>
    <time>2025-09-07T07:20:59Z</time>
   </trkpt>
   <trkpt lat="49.7824400" lon="20.0153680">
    <ele>614.6</ele>
    <time>2025-09-07T07:21:00Z</time>
   </trkpt>
   <trkpt lat="49.7824330" lon="20.0153970">
    <ele>615.0</ele>
    <time>2025-09-07T07:21:01Z</time>
   </trkpt>
   <trkpt lat="49.7824180" lon="20.0154380">
    <ele>615.2</ele>
    <time>2025-09-07T07:21:02Z</time>
   </trkpt>
   <trkpt lat="49.7824040" lon="20.0154660">
    <ele>615.4</ele>
    <time>2025-09-07T07:21:03Z</time>
   </trkpt>
   <trkpt lat="49.7824000" lon="20.0154980">
    <ele>616.0</ele>
    <time>2025-09-07T07:21:04Z</time>
   </trkpt>
   <trkpt lat="49.7823840" lon="20.0155290">
    <ele>616.2</ele>
    <time>2025-09-07T07:21:05Z</time>
   </trkpt>
   <trkpt lat="49.7823720" lon="20.0155650">
    <ele>616.6</ele>
    <time>2025-09-07T07:21:06Z</time>
   </trkpt>
   <trkpt lat="49.7823660" lon="20.0156030">
    <ele>617.2</ele>
    <time>2025-09-07T07:21:07Z</time>
   </trkpt>
   <trkpt lat="49.7823430" lon="20.0156330">
    <ele>617.4</ele>
    <time>2025-09-07T07:21:08Z</time>
   </trkpt>
   <trkpt lat="49.7823190" lon="20.0156670">
    <ele>617.8</ele>
    <time>2025-09-07T07:21:09Z</time>
   </trkpt>
   <trkpt lat="49.7822880" lon="20.0157050">
    <ele>618.2</ele>
    <time>2025-09-07T07:21:10Z</time>
   </trkpt>
   <trkpt lat="49.7822720" lon="20.0157240">
    <ele>618.8</ele>
    <time>2025-09-07T07:21:11Z</time>
   </trkpt>
   <trkpt lat="49.7822320" lon="20.0157520">
    <ele>619.4</ele>
    <time>2025-09-07T07:21:12Z</time>
   </trkpt>
   <trkpt lat="49.7822310" lon="20.0157660">
    <ele>619.8</ele>
    <time>2025-09-07T07:21:13Z</time>
   </trkpt>
   <trkpt lat="49.7822310" lon="20.0157860">
    <ele>620.2</ele>
    <time>2025-09-07T07:21:14Z</time>
   </trkpt>
   <trkpt lat="49.7822310" lon="20.0158130">
    <ele>620.8</ele>
    <time>2025-09-07T07:21:15Z</time>
   </trkpt>
   <trkpt lat="49.7822200" lon="20.0158510">
    <ele>621.0</ele>
    <time>2025-09-07T07:21:16Z</time>
   </trkpt>
   <trkpt lat="49.7822060" lon="20.0158760">
    <ele>621.4</ele>
    <time>2025-09-07T07:21:17Z</time>
   </trkpt>
   <trkpt lat="49.7821960" lon="20.0158910">
    <ele>622.0</ele>
    <time>2025-09-07T07:21:18Z</time>
   </trkpt>
   <trkpt lat="49.7821800" lon="20.0159010">
    <ele>622.2</ele>
    <time>2025-09-07T07:21:19Z</time>
   </trkpt>
   <trkpt lat="49.7821660" lon="20.0159130">
    <ele>622.4</ele>
    <time>2025-09-07T07:21:20Z</time>
   </trkpt>
   <trkpt lat="49.7821600" lon="20.0159170">
    <ele>622.8</ele>
    <time>2025-09-07T07:21:21Z</time>
   </trkpt>
   <trkpt lat="49.7821600" lon="20.0159170">
    <ele>623.4</ele>
    <time>2025-09-07T07:21:22Z</time>
   </trkpt>
   <trkpt lat="49.7821540" lon="20.0159250">
    <ele>623.6</ele>
    <time>2025-09-07T07:21:23Z</time>
   </trkpt>
   <trkpt lat="49.7821410" lon="20.0159370">
    <ele>624.0</ele>
    <time>2025-09-07T07:21:24Z</time>
   </trkpt>
   <trkpt lat="49.7821280" lon="20.0159520">
    <ele>624.4</ele>
    <time>2025-09-07T07:21:25Z</time>
   </trkpt>
   <trkpt lat="49.7821130" lon="20.0159700">
    <ele>624.6</ele>
    <time>2025-09-07T07:21:26Z</time>
   </trkpt>
   <trkpt lat="49.7820870" lon="20.0159820">
    <ele>624.8</ele>
    <time>2025-09-07T07:21:27Z</time>
   </trkpt>
   <trkpt lat="49.7820690" lon="20.0159990">
    <ele>625.0</ele>
    <time>2025-09-07T07:21:28Z</time>
   </trkpt>
   <trkpt lat="49.7820580" lon="20.0160060">
    <ele>625.4</ele>
    <time>2025-09-07T07:21:29Z</time>
   </trkpt>
   <trkpt lat="49.7820460" lon="20.0160110">
    <ele>625.8</ele>
    <time>2025-09-07T07:21:30Z</time>
   </trkpt>
   <trkpt lat="49.7820310" lon="20.0160200">
    <ele>626.0</ele>
    <time>2025-09-07T07:21:31Z</time>
   </trkpt>
   <trkpt lat="49.7820140" lon="20.0160390">
    <ele>626.2</ele>
    <time>2025-09-07T07:21:32Z</time>
   </trkpt>
   <trkpt lat="49.7819970" lon="20.0160610">
    <ele>626.4</ele>
    <time>2025-09-07T07:21:33Z</time>
   </trkpt>
   <trkpt lat="49.7819700" lon="20.0160830">
    <ele>626.6</ele>
    <time>2025-09-07T07:21:34Z</time>
   </trkpt>
   <trkpt lat="49.7819500" lon="20.0161030">
    <ele>627.0</ele>
    <time>2025-09-07T07:21:35Z</time>
   </trkpt>
   <trkpt lat="49.7819300" lon="20.0161340">
    <ele>627.2</ele>
    <time>2025-09-07T07:21:36Z</time>
   </trkpt>
   <trkpt lat="49.7819210" lon="20.0161780">
    <ele>627.4</ele>
    <time>2025-09-07T07:21:37Z</time>
   </trkpt>
   <trkpt lat="49.7819130" lon="20.0162000">
    <ele>627.6</ele>
    <time>2025-09-07T07:21:38Z</time>
   </trkpt>
   <trkpt lat="49.7819060" lon="20.0162240">
    <ele>627.8</ele>
    <time>2025-09-07T07:21:39Z</time>
   </trkpt>
   <trkpt lat="49.7818970" lon="20.0162410">
    <ele>628.2</ele>
    <time>2025-09-07T07:21:40Z</time>
   </trkpt>
   <trkpt lat="49.7818840" lon="20.0162550">
    <ele>628.4</ele>
    <time>2025-09-07T07:21:41Z</time>
   </trkpt>
   <trkpt lat="49.7818690" lon="20.0162600">
    <ele>628.6</ele>
    <time>2025-09-07T07:21:42Z</time>
   </trkpt>
   <trkpt lat="49.7818390" lon="20.0162630">
    <ele>629.0</ele>
    <time>2025-09-07T07:21:43Z</time>
   </trkpt>
   <trkpt lat="49.7818020" lon="20.0162750">
    <ele>629.2</ele>
    <time>2025-09-07T07:21:44Z</time>
   </trkpt>
   <trkpt lat="49.7817900" lon="20.0162800">
    <ele>629.4</ele>
    <time>2025-09-07T07:21:45Z</time>
   </trkpt>
   <trkpt lat="49.7817800" lon="20.0162900">
    <ele>629.8</ele>
    <time>2025-09-07T07:21:46Z</time>
   </trkpt>
   <trkpt lat="49.7817740" lon="20.0163010">
    <ele>630.2</ele>
    <time>2025-09-07T07:21:47Z</time>
   </trkpt>
   <trkpt lat="49.7817710" lon="20.0163040">
    <ele>630.6</ele>
    <time>2025-09-07T07:21:48Z</time>
   </trkpt>
   <trkpt lat="49.7817710" lon="20.0163040">
    <ele>630.8</ele>
    <time>2025-09-07T07:21:49Z</time>
   </trkpt>
   <trkpt lat="49.7817540" lon="20.0163080">
    <ele>631.2</ele>
    <time>2025-09-07T07:21:50Z</time>
   </trkpt>
   <trkpt lat="49.7817330" lon="20.0163110">
    <ele>631.4</ele>
    <time>2025-09-07T07:21:51Z</time>
   </trkpt>
   <trkpt lat="49.7817080" lon="20.0163130">
    <ele>631.8</ele>
    <time>2025-09-07T07:21:52Z</time>
   </trkpt>
   <trkpt lat="49.7816800" lon="20.0163110">
    <ele>632.0</ele>
    <time>2025-09-07T07:21:53Z</time>
   </trkpt>
   <trkpt lat="49.7816660" lon="20.0163200">
    <ele>632.4</ele>
    <time>2025-09-07T07:21:54Z</time>
   </trkpt>
   <trkpt lat="49.7816530" lon="20.0163360">
    <ele>632.8</ele>
    <time>2025-09-07T07:21:55Z</time>
   </trkpt>
   <trkpt lat="49.7816330" lon="20.0163550">
    <ele>633.0</ele>
    <time>2025-09-07T07:21:56Z</time>
   </trkpt>
   <trkpt lat="49.7816180" lon="20.0163670">
    <ele>633.2</ele>
    <time>2025-09-07T07:21:57Z</time>
   </trkpt>
   <trkpt lat="49.7816010" lon="20.0163820">
    <ele>633.8</ele>
    <time>2025-09-07T07:21:58Z</time>
   </trkpt>
   <trkpt lat="49.7815870" lon="20.0164020">
    <ele>634.0</ele>
    <time>2025-09-07T07:21:59Z</time>
   </trkpt>
   <trkpt lat="49.7815640" lon="20.0164190">
    <ele>634.2</ele>
    <time>2025-09-07T07:22:00Z</time>
   </trkpt>
   <trkpt lat="49.7815390" lon="20.0164270">
    <ele>634.4</ele>
    <time>2025-09-07T07:22:01Z</time>
   </trkpt>
   <trkpt lat="49.7815160" lon="20.0164410">
    <ele>634.4</ele>
    <time>2025-09-07T07:22:02Z</time>
   </trkpt>
   <trkpt lat="49.7814960" lon="20.0164680">
    <ele>634.6</ele>
    <time>2025-09-07T07:22:03Z</time>
   </trkpt>
   <trkpt lat="49.7814810" lon="20.0164800">
    <ele>634.8</ele>
    <time>2025-09-07T07:22:04Z</time>
   </trkpt>
   <trkpt lat="49.7814530" lon="20.0164950">
    <ele>635.0</ele>
    <time>2025-09-07T07:22:05Z</time>
   </trkpt>
   <trkpt lat="49.7814300" lon="20.0165040">
    <ele>635.2</ele>
    <time>2025-09-07T07:22:06Z</time>
   </trkpt>
   <trkpt lat="49.7814060" lon="20.0165210">
    <ele>635.6</ele>
    <time>2025-09-07T07:22:07Z</time>
   </trkpt>
   <trkpt lat="49.7813840" lon="20.0165350">
    <ele>635.8</ele>
    <time>2025-09-07T07:22:08Z</time>
   </trkpt>
   <trkpt lat="49.7813600" lon="20.0165510">
    <ele>636.2</ele>
    <time>2025-09-07T07:22:09Z</time>
   </trkpt>
   <trkpt lat="49.7813280" lon="20.0165530">
    <ele>636.6</ele>
    <time>2025-09-07T07:22:10Z</time>
   </trkpt>
   <trkpt lat="49.7813090" lon="20.0165720">
    <ele>636.8</ele>
    <time>2025-09-07T07:22:11Z</time>
   </trkpt>
   <trkpt lat="49.7813000" lon="20.0165750">
    <ele>637.6</ele>
    <time>2025-09-07T07:22:12Z</time>
   </trkpt>
   <trkpt lat="49.7812960" lon="20.0165850">
    <ele>638.0</ele>
    <time>2025-09-07T07:22:13Z</time>
   </trkpt>
   <trkpt lat="49.7812830" lon="20.0166010">
    <ele>638.4</ele>
    <time>2025-09-07T07:22:14Z</time>
   </trkpt>
   <trkpt lat="49.7812620" lon="20.0166160">
    <ele>638.8</ele>
    <time>2025-09-07T07:22:15Z</time>
   </trkpt>
   <trkpt lat="49.7812440" lon="20.0166360">
    <ele>639.4</ele>
    <time>2025-09-07T07:22:16Z</time>
   </trkpt>
   <trkpt lat="49.7812380" lon="20.0166440">
    <ele>639.6</ele>
    <time>2025-09-07T07:22:17Z</time>
   </trkpt>
   <trkpt lat="49.7812320" lon="20.0166460">
    <ele>639.8</ele>
    <time>2025-09-07T07:22:18Z</time>
   </trkpt>
   <trkpt lat="49.7812150" lon="20.0166510">
    <ele>640.8</ele>
    <time>2025-09-07T07:22:19Z</time>
   </trkpt>
   <trkpt lat="49.7812000" lon="20.0166610">
    <ele>641.0</ele>
    <time>2025-09-07T07:22:20Z</time>
   </trkpt>
   <trkpt lat="49.7811810" lon="20.0166730">
    <ele>641.4</ele>
    <time>2025-09-07T07:22:21Z</time>
   </trkpt>
   <trkpt lat="49.7811640" lon="20.0166920">
    <ele>641.8</ele>
    <time>2025-09-07T07:22:22Z</time>
   </trkpt>
   <trkpt lat="49.7811500" lon="20.0167090">
    <ele>642.4</ele>
    <time>2025-09-07T07:22:23Z</time>
   </trkpt>
   <trkpt lat="49.7811330" lon="20.0167190">
    <ele>642.6</ele>
    <time>2025-09-07T07:22:24Z</time>
   </trkpt>
   <trkpt lat="49.7810920" lon="20.0167270">
    <ele>642.8</ele>
    <time>2025-09-07T07:22:25Z</time>
   </trkpt>
   <trkpt lat="49.7810530" lon="20.0167320">
    <ele>643.0</ele>
    <time>2025-09-07T07:22:26Z</time>
   </trkpt>
   <trkpt lat="49.7810180" lon="20.0167400">
    <ele>643.4</ele>
    <time>2025-09-07T07:22:27Z</time>
   </trkpt>
   <trkpt lat="49.7809980" lon="20.0167430">
    <ele>644.2</ele>
    <time>2025-09-07T07:22:28Z</time>
   </trkpt>
   <trkpt lat="49.7809890" lon="20.0167410">
    <ele>644.6</ele>
    <time>2025-09-07T07:22:29Z</time>
   </trkpt>
   <trkpt lat="49.7809890" lon="20.0167470">
    <ele>645.0</ele>
    <time>2025-09-07T07:22:30Z</time>
   </trkpt>
   <trkpt lat="49.7809750" lon="20.0167620">
    <ele>645.0</ele>
    <time>2025-09-07T07:22:31Z</time>
   </trkpt>
   <trkpt lat="49.7809540" lon="20.0167700">
    <ele>645.4</ele>
    <time>2025-09-07T07:22:32Z</time>
   </trkpt>
   <trkpt lat="49.7809300" lon="20.0167770">
    <ele>645.6</ele>
    <time>2025-09-07T07:22:33Z</time>
   </trkpt>
   <trkpt lat="49.7809100" lon="20.0167840">
    <ele>646.0</ele>
    <time>2025-09-07T07:22:34Z</time>
   </trkpt>
   <trkpt lat="49.7808960" lon="20.0167960">
    <ele>646.6</ele>
    <time>2025-09-07T07:22:35Z</time>
   </trkpt>
   <trkpt lat="49.7808960" lon="20.0168040">
    <ele>647.0</ele>
    <time>2025-09-07T07:22:36Z</time>
   </trkpt>
   <trkpt lat="49.7808890" lon="20.0168050">
    <ele>647.2</ele>
    <time>2025-09-07T07:22:37Z</time>
   </trkpt>
   <trkpt lat="49.7808720" lon="20.0168090">
    <ele>647.6</ele>
    <time>2025-09-07T07:22:38Z</time>
   </trkpt>
   <trkpt lat="49.7808560" lon="20.0168120">
    <ele>648.0</ele>
    <time>2025-09-07T07:22:39Z</time>
   </trkpt>
   <trkpt lat="49.7808380" lon="20.0168150">
    <ele>648.4</ele>
    <time>2025-09-07T07:22:40Z</time>
   </trkpt>
   <trkpt lat="49.7808090" lon="20.0168190">
    <ele>648.8</ele>
    <time>2025-09-07T07:22:41Z</time>
   </trkpt>
   <trkpt lat="49.7807950" lon="20.0168280">
    <ele>649.2</ele>
    <time>2025-09-07T07:22:42Z</time>
   </trkpt>
   <trkpt lat="49.7807800" lon="20.0168430">
    <ele>649.6</ele>
    <time>2025-09-07T07:22:43Z</time>
   </trkpt>
   <trkpt lat="49.7807630" lon="20.0168560">
    <ele>650.0</ele>
    <time>2025-09-07T07:22:44Z</time>
   </trkpt>
   <trkpt lat="49.7807390" lon="20.0168680">
    <ele>650.4</ele>
    <time>2025-09-07T07:22:45Z</time>
   </trkpt>
   <trkpt lat="49.7807090" lon="20.0168860">
    <ele>650.8</ele>
    <time>2025-09-07T07:22:46Z</time>
   </trkpt>
   <trkpt lat="49.7806850" lon="20.0168940">
    <ele>651.2</ele>
    <time>2025-09-07T07:22:47Z</time>
   </trkpt>
   <trkpt lat="49.7806610" lon="20.0168950">
    <ele>651.6</ele>
    <time>2025-09-07T07:22:48Z</time>
   </trkpt>
   <trkpt lat="49.7806360" lon="20.0169010">
    <ele>652.0</ele>
    <time>2025-09-07T07:22:49Z</time>
   </trkpt>
   <trkpt lat="49.7806070" lon="20.0169030">
    <ele>652.4</ele>
    <time>2025-09-07T07:22:50Z</time>
   </trkpt>
   <trkpt lat="49.7805860" lon="20.0168980">
    <ele>652.8</ele>
    <time>2025-09-07T07:22:51Z</time>
   </trkpt>
   <trkpt lat="49.7805640" lon="20.0168880">
    <ele>652.8</ele>
    <time>2025-09-07T07:22:52Z</time>
   </trkpt>
   <trkpt lat="49.7805360" lon="20.0168960">
    <ele>653.2</ele>
    <time>2025-09-07T07:22:53Z</time>
   </trkpt>
   <trkpt lat="49.7805140" lon="20.0169050">
    <ele>653.6</ele>
    <time>2025-09-07T07:22:54Z</time>
   </trkpt>
   <trkpt lat="49.7805010" lon="20.0169110">
    <ele>654.2</ele>
    <time>2025-09-07T07:22:55Z</time>
   </trkpt>
   <trkpt lat="49.7804860" lon="20.0169150">
    <ele>654.4</ele>
    <time>2025-09-07T07:22:56Z</time>
   </trkpt>
   <trkpt lat="49.7804700" lon="20.0169170">
    <ele>655.0</ele>
    <time>2025-09-07T07:22:57Z</time>
   </trkpt>
   <trkpt lat="49.7804690" lon="20.0169170">
    <ele>655.2</ele>
    <time>2025-09-07T07:22:58Z</time>
   </trkpt>
   <trkpt lat="49.7804570" lon="20.0169130">
    <ele>655.4</ele>
    <time>2025-09-07T07:22:59Z</time>
   </trkpt>
   <trkpt lat="49.7804520" lon="20.0169090">
    <ele>655.6</ele>
    <time>2025-09-07T07:23:00Z</time>
   </trkpt>
   <trkpt lat="49.7804380" lon="20.0169000">
    <ele>656.0</ele>
    <time>2025-09-07T07:23:01Z</time>
   </trkpt>
   <trkpt lat="49.7804160" lon="20.0168890">
    <ele>656.0</ele>
    <time>2025-09-07T07:23:02Z</time>
   </trkpt>
   <trkpt lat="49.7804130" lon="20.0168890">
    <ele>656.2</ele>
    <time>2025-09-07T07:23:03Z</time>
   </trkpt>
   <trkpt lat="49.7803920" lon="20.0168860">
    <ele>656.2</ele>
    <time>2025-09-07T07:23:04Z</time>
   </trkpt>
   <trkpt lat="49.7803630" lon="20.0168860">
    <ele>656.4</ele>
    <time>2025-09-07T07:23:05Z</time>
   </trkpt>
   <trkpt lat="49.7803360" lon="20.0168850">
    <ele>656.6</ele>
    <time>2025-09-07T07:23:06Z</time>
   </trkpt>
   <trkpt lat="49.7803160" lon="20.0168890">
    <ele>657.0</ele>
    <time>2025-09-07T07:23:07Z</time>
   </trkpt>
   <trkpt lat="49.7803040" lon="20.0168950">
    <ele>657.2</ele>
    <time>2025-09-07T07:23:08Z</time>
   </trkpt>
   <trkpt lat="49.7803020" lon="20.0168970">
    <ele>657.4</ele>
    <time>2025-09-07T07:23:10Z</time>
   </trkpt>
   <trkpt lat="49.7802920" lon="20.0169010">
    <ele>657.6</ele>
    <time>2025-09-07T07:23:14Z</time>
   </trkpt>
   <trkpt lat="49.7824600" lon="20.0218450">
    <ele>723.6</ele>
    <time>2025-09-07T07:29:37Z</time>
   </trkpt>
   <trkpt lat="49.7824570" lon="20.0218710">
    <ele>723.8</ele>
    <time>2025-09-07T07:29:38Z</time>
   </trkpt>
   <trkpt lat="49.7824490" lon="20.0218980">
    <ele>724.2</ele>
    <time>2025-09-07T07:29:39Z</time>
   </trkpt>
   <trkpt lat="49.7824370" lon="20.0219430">
    <ele>724.4</ele>
    <time>2025-09-07T07:29:41Z</time>
   </trkpt>
   <trkpt lat="49.7824370" lon="20.0219650">
    <ele>725.2</ele>
    <time>2025-09-07T07:29:42Z</time>
   </trkpt>
   <trkpt lat="49.7824280" lon="20.0219870">
    <ele>725.6</ele>
    <time>2025-09-07T07:29:43Z</time>
   </trkpt>
   <trkpt lat="49.7824240" lon="20.0220120">
    <ele>725.8</ele>
    <time>2025-09-07T07:29:44Z</time>
   </trkpt>
   <trkpt lat="49.7824260" lon="20.0220860">
    <ele>726.0</ele>
    <time>2025-09-07T07:29:47Z</time>
   </trkpt>
   <trkpt lat="49.7824170" lon="20.0221030">
    <ele>726.0</ele>
    <time>2025-09-07T07:29:48Z</time>
   </trkpt>
   <trkpt lat="49.7824080" lon="20.0221150">
    <ele>726.4</ele>
    <time>2025-09-07T07:29:49Z</time>
   </trkpt>
   <trkpt lat="49.7823810" lon="20.0221800">
    <ele>726.6</ele>
    <time>2025-09-07T07:29:52Z</time>
   </trkpt>
   <trkpt lat="49.7823780" lon="20.0222060">
    <ele>726.8</ele>
    <time>2025-09-07T07:29:53Z</time>
   </trkpt>
   <trkpt lat="49.7823710" lon="20.0222330">
    <ele>727.0</ele>
    <time>2025-09-07T07:29:54Z</time>
   </trkpt>
   <trkpt lat="49.7823540" lon="20.0222970">
    <ele>727.4</ele>
    <time>2025-09-07T07:29:56Z</time>
   </trkpt>
   <trkpt lat="49.7823500" lon="20.0223180">
    <ele>727.4</ele>
    <time>2025-09-07T07:29:57Z</time>
   </trkpt>
   <trkpt lat="49.7823460" lon="20.0223370">
    <ele>727.6</ele>
    <time>2025-09-07T07:29:58Z</time>
   </trkpt>
   <trkpt lat="49.7823470" lon="20.0223690">
    <ele>727.8</ele>
    <time>2025-09-07T07:29:59Z</time>
   </trkpt>
   <trkpt lat="49.7823490" lon="20.0224040">
    <ele>728.0</ele>
    <time>2025-09-07T07:30:00Z</time>
   </trkpt>
   <trkpt lat="49.7823550" lon="20.0224390">
    <ele>728.4</ele>
    <time>2025-09-07T07:30:01Z</time>
   </trkpt>
   <trkpt lat="49.7823500" lon="20.0224540">
    <ele>728.6</ele>
    <time>2025-09-07T07:30:02Z</time>
   </trkpt>
   <trkpt lat="49.7823450" lon="20.0224570">
    <ele>728.8</ele>
    <time>2025-09-07T07:30:04Z</time>
   </trkpt>
   <trkpt lat="49.7823460" lon="20.0224680">
    <ele>728.8</ele>
    <time>2025-09-07T07:30:06Z</time>
   </trkpt>
   <trkpt lat="49.7823380" lon="20.0224600">
    <ele>729.0</ele>
    <time>2025-09-07T07:30:12Z</time>
   </trkpt>
   <trkpt lat="49.7823380" lon="20.0224600">
    <ele>729.0</ele>
    <time>2025-09-07T07:30:14Z</time>
   </trkpt>
   <trkpt lat="49.7823350" lon="20.0224570">
    <ele>729.0</ele>
    <time>2025-09-07T07:30:17Z</time>
   </trkpt>
   <trkpt lat="49.7823390" lon="20.0224530">
    <ele>728.8</ele>
    <time>2025-09-07T07:30:22Z</time>
   </trkpt>
   <trkpt lat="49.7823390" lon="20.0224530">
    <ele>728.8</ele>
    <time>2025-09-07T07:30:27Z</time>
   </trkpt>
   <trkpt lat="49.7823390" lon="20.0224530">
    <ele>734.4</ele>
    <time>2025-09-07T08:06:32Z</time>
   </trkpt>
   <trkpt lat="49.7820000" lon="20.0255010">
    <ele>734.0</ele>
    <time>2025-09-07T08:06:39Z</time>
   </trkpt>
   <trkpt lat="49.7818480" lon="20.0252420">
    <ele>734.0</ele>
    <time>2025-09-07T08:06:41Z</time>
   </trkpt>
   <trkpt lat="49.7818720" lon="20.0253920">
    <ele>734.0</ele>
    <time>2025-09-07T08:06:42Z</time>
   </trkpt>
   <trkpt lat="49.7819070" lon="20.0255070">
    <ele>734.0</ele>
    <time>2025-09-07T08:06:43Z</time>
   </trkpt>
   <trkpt lat="49.7818940" lon="20.0255750">
    <ele>734.0</ele>
    <time>2025-09-07T08:06:44Z</time>
   </trkpt>
   <trkpt lat="49.7819100" lon="20.0256460">
    <ele>734.2</ele>
    <time>2025-09-07T08:06:45Z</time>
   </trkpt>
   <trkpt lat="49.7819340" lon="20.0257150">
    <ele>734.2</ele>
    <time>2025-09-07T08:06:46Z</time>
   </trkpt>
   <trkpt lat="49.7819490" lon="20.0257730">
    <ele>734.2</ele>
    <time>2025-09-07T08:06:47Z</time>
   </trkpt>
   <trkpt lat="49.7819500" lon="20.0258390">
    <ele>734.2</ele>
    <time>2025-09-07T08:06:48Z</time>
   </trkpt>
   <trkpt lat="49.7819500" lon="20.0258920">
    <ele>734.2</ele>
    <time>2025-09-07T08:06:49Z</time>
   </trkpt>
   <trkpt lat="49.7819480" lon="20.0259320">
    <ele>734.4</ele>
    <time>2025-09-07T08:06:50Z</time>
   </trkpt>
   <trkpt lat="49.7819400" lon="20.0259570">
    <ele>734.4</ele>
    <time>2025-09-07T08:06:51Z</time>
   </trkpt>
   <trkpt lat="49.7819360" lon="20.0259920">
    <ele>734.6</ele>
    <time>2025-09-07T08:06:52Z</time>
   </trkpt>
   <trkpt lat="49.7819340" lon="20.0260270">
    <ele>734.6</ele>
    <time>2025-09-07T08:06:53Z</time>
   </trkpt>
   <trkpt lat="49.7819460" lon="20.0260720">
    <ele>734.6</ele>
    <time>2025-09-07T08:06:54Z</time>
   </trkpt>
   <trkpt lat="49.7819550" lon="20.0261050">
    <ele>734.6</ele>
    <time>2025-09-07T08:06:55Z</time>
   </trkpt>
   <trkpt lat="49.7819610" lon="20.0261340">
    <ele>734.8</ele>
    <time>2025-09-07T08:06:56Z</time>
   </trkpt>
   <trkpt lat="49.7819740" lon="20.0261870">
    <ele>734.8</ele>
    <time>2025-09-07T08:06:57Z</time>
   </trkpt>
   <trkpt lat="49.7819890" lon="20.0262350">
    <ele>734.8</ele>
    <time>2025-09-07T08:06:58Z</time>
   </trkpt>
   <trkpt lat="49.7820030" lon="20.0262840">
    <ele>734.8</ele>
    <time>2025-09-07T08:06:59Z</time>
   </trkpt>
   <trkpt lat="49.7820110" lon="20.0263290">
    <ele>735.0</ele>
    <time>2025-09-07T08:07:00Z</time>
   </trkpt>
   <trkpt lat="49.7820190" lon="20.0263770">
    <ele>735.0</ele>
    <time>2025-09-07T08:07:01Z</time>
   </trkpt>
   <trkpt lat="49.7820180" lon="20.0264120">
    <ele>735.2</ele>
    <time>2025-09-07T08:07:02Z</time>
   </trkpt>
   <trkpt lat="49.7820330" lon="20.0264550">
    <ele>735.4</ele>
    <time>2025-09-07T08:07:03Z</time>
   </trkpt>
   <trkpt lat="49.7820420" lon="20.0264950">
    <ele>735.4</ele>
    <time>2025-09-07T08:07:04Z</time>
   </trkpt>
   <trkpt lat="49.7820290" lon="20.0265410">
    <ele>735.6</ele>
    <time>2025-09-07T08:07:05Z</time>
   </trkpt>
   <trkpt lat="49.7820230" lon="20.0265680">
    <ele>735.6</ele>
    <time>2025-09-07T08:07:06Z</time>
   </trkpt>
   <trkpt lat="49.7820260" lon="20.0266100">
    <ele>735.8</ele>
    <time>2025-09-07T08:07:07Z</time>
   </trkpt>
   <trkpt lat="49.7820320" lon="20.0266460">
    <ele>736.0</ele>
    <time>2025-09-07T08:07:08Z</time>
   </trkpt>
   <trkpt lat="49.7820390" lon="20.0266840">
    <ele>736.0</ele>
    <time>2025-09-07T08:07:09Z</time>
   </trkpt>
   <trkpt lat="49.7820450" lon="20.0267200">
    <ele>736.2</ele>
    <time>2025-09-07T08:07:10Z</time>
   </trkpt>
   <trkpt lat="49.7820520" lon="20.0267510">
    <ele>736.2</ele>
    <time>2025-09-07T08:07:11Z</time>
   </trkpt>
   <trkpt lat="49.7820560" lon="20.0267850">
    <ele>736.4</ele>
    <time>2025-09-07T08:07:12Z</time>
   </trkpt>
   <trkpt lat="49.7820670" lon="20.0268200">
    <ele>736.6</ele>
    <time>2025-09-07T08:07:13Z</time>
   </trkpt>
   <trkpt lat="49.7820820" lon="20.0268530">
    <ele>736.6</ele>
    <time>2025-09-07T08:07:14Z</time>
   </trkpt>
   <trkpt lat="49.7820890" lon="20.0268870">
    <ele>736.6</ele>
    <time>2025-09-07T08:07:15Z</time>
   </trkpt>
   <trkpt lat="49.7820990" lon="20.0269280">
    <ele>736.8</ele>
    <time>2025-09-07T08:07:16Z</time>
   </trkpt>
   <trkpt lat="49.7821060" lon="20.0269640">
    <ele>737.0</ele>
    <time>2025-09-07T08:07:17Z</time>
   </trkpt>
   <trkpt lat="49.7821110" lon="20.0269930">
    <ele>737.0</ele>
    <time>2025-09-07T08:07:18Z</time>
   </trkpt>
   <trkpt lat="49.7821210" lon="20.0270280">
    <ele>737.2</ele>
    <time>2025-09-07T08:07:19Z</time>
   </trkpt>
   <trkpt lat="49.7821280" lon="20.0270640">
    <ele>737.4</ele>
    <time>2025-09-07T08:07:20Z</time>
   </trkpt>
   <trkpt lat="49.7821290" lon="20.0271050">
    <ele>737.4</ele>
    <time>2025-09-07T08:07:21Z</time>
   </trkpt>
   <trkpt lat="49.7821260" lon="20.0271410">
    <ele>737.6</ele>
    <time>2025-09-07T08:07:22Z</time>
   </trkpt>
   <trkpt lat="49.7821180" lon="20.0271710">
    <ele>737.8</ele>
    <time>2025-09-07T08:07:23Z</time>
   </trkpt>
   <trkpt lat="49.7821140" lon="20.0271940">
    <ele>738.0</ele>
    <time>2025-09-07T08:07:24Z</time>
   </trkpt>
   <trkpt lat="49.7821160" lon="20.0272370">
    <ele>738.2</ele>
    <time>2025-09-07T08:07:25Z</time>
   </trkpt>
   <trkpt lat="49.7821180" lon="20.0272600">
    <ele>738.2</ele>
    <time>2025-09-07T08:07:26Z</time>
   </trkpt>
   <trkpt lat="49.7821150" lon="20.0272880">
    <ele>738.4</ele>
    <time>2025-09-07T08:07:27Z</time>
   </trkpt>
   <trkpt lat="49.7821210" lon="20.0273290">
    <ele>738.4</ele>
    <time>2025-09-07T08:07:28Z</time>
   </trkpt>
   <trkpt lat="49.7821200" lon="20.0273580">
    <ele>738.4</ele>
    <time>2025-09-07T08:07:29Z</time>
   </trkpt>
   <trkpt lat="49.7821140" lon="20.0274060">
    <ele>738.6</ele>
    <time>2025-09-07T08:07:30Z</time>
   </trkpt>
   <trkpt lat="49.7821130" lon="20.0274510">
    <ele>738.6</ele>
    <time>2025-09-07T08:07:31Z</time>
   </trkpt>
   <trkpt lat="49.7821220" lon="20.0274980">
    <ele>738.6</ele>
    <time>2025-09-07T08:07:32Z</time>
   </trkpt>
   <trkpt lat="49.7821360" lon="20.0275380">
    <ele>738.6</ele>
    <time>2025-09-07T08:07:33Z</time>
   </trkpt>
   <trkpt lat="49.7821470" lon="20.0275810">
    <ele>738.6</ele>
    <time>2025-09-07T08:07:34Z</time>
   </trkpt>
   <trkpt lat="49.7821640" lon="20.0276400">
    <ele>738.8</ele>
    <time>2025-09-07T08:07:35Z</time>
   </trkpt>
   <trkpt lat="49.7821590" lon="20.0276920">
    <ele>738.8</ele>
    <time>2025-09-07T08:07:36Z</time>
   </trkpt>
   <trkpt lat="49.7821550" lon="20.0277150">
    <ele>738.8</ele>
    <time>2025-09-07T08:07:37Z</time>
   </trkpt>
   <trkpt lat="49.7821390" lon="20.0277420">
    <ele>739.0</ele>
    <time>2025-09-07T08:07:38Z</time>
   </trkpt>
   <trkpt lat="49.7821350" lon="20.0277760">
    <ele>739.0</ele>
    <time>2025-09-07T08:07:39Z</time>
   </trkpt>
   <trkpt lat="49.7821440" lon="20.0278250">
    <ele>739.2</ele>
    <time>2025-09-07T08:07:40Z</time>
   </trkpt>
   <trkpt lat="49.7821530" lon="20.0278730">
    <ele>739.2</ele>
    <time>2025-09-07T08:07:41Z</time>
   </trkpt>
   <trkpt lat="49.7821530" lon="20.0279310">
    <ele>739.4</ele>
    <time>2025-09-07T08:07:42Z</time>
   </trkpt>
   <trkpt lat="49.7821500" lon="20.0279720">
    <ele>739.6</ele>
    <time>2025-09-07T08:07:43Z</time>
   </trkpt>
   <trkpt lat="49.7821670" lon="20.0281230">
    <ele>739.8</ele>
    <time>2025-09-07T08:07:46Z</time>
   </trkpt>
   <trkpt lat="49.7821780" lon="20.0281670">
    <ele>739.8</ele>
    <time>2025-09-07T08:07:47Z</time>
   </trkpt>
   <trkpt lat="49.7821790" lon="20.0282210">
    <ele>740.0</ele>
    <time>2025-09-07T08:07:48Z</time>
   </trkpt>
   <trkpt lat="49.7821680" lon="20.0282640">
    <ele>740.0</ele>
    <time>2025-09-07T08:07:49Z</time>
   </trkpt>
   <trkpt lat="49.7821680" lon="20.0282920">
    <ele>740.0</ele>
    <time>2025-09-07T08:07:50Z</time>
   </trkpt>
   <trkpt lat="49.7821600" lon="20.0284150">
    <ele>740.8</ele>
    <time>2025-09-07T08:07:54Z</time>
   </trkpt>
   <trkpt lat="49.7821590" lon="20.0284520">
    <ele>741.0</ele>
    <time>2025-09-07T08:07:55Z</time>
   </trkpt>
   <trkpt lat="49.7821550" lon="20.0284850">
    <ele>741.2</ele>
    <time>2025-09-07T08:07:56Z</time>
   </trkpt>
   <trkpt lat="49.7821500" lon="20.0285140">
    <ele>741.4</ele>
    <time>2025-09-07T08:07:57Z</time>
   </trkpt>
   <trkpt lat="49.7821490" lon="20.0285520">
    <ele>741.4</ele>
    <time>2025-09-07T08:07:58Z</time>
   </trkpt>
   <trkpt lat="49.7821440" lon="20.0285840">
    <ele>741.4</ele>
    <time>2025-09-07T08:07:59Z</time>
   </trkpt>
   <trkpt lat="49.7821430" lon="20.0286210">
    <ele>741.4</ele>
    <time>2025-09-07T08:08:00Z</time>
   </trkpt>
   <trkpt lat="49.7821390" lon="20.0286540">
    <ele>741.6</ele>
    <time>2025-09-07T08:08:01Z</time>
   </trkpt>
   <trkpt lat="49.7821320" lon="20.0286960">
    <ele>741.8</ele>
    <time>2025-09-07T08:08:02Z</time>
   </trkpt>
   <trkpt lat="49.7821300" lon="20.0287280">
    <ele>741.8</ele>
    <time>2025-09-07T08:08:03Z</time>
   </trkpt>
   <trkpt lat="49.7821310" lon="20.0287630">
    <ele>742.0</ele>
    <time>2025-09-07T08:08:04Z</time>
   </trkpt>
   <trkpt lat="49.7821330" lon="20.0287990">
    <ele>742.2</ele>
    <time>2025-09-07T08:08:05Z</time>
   </trkpt>
   <trkpt lat="49.7821340" lon="20.0288240">
    <ele>742.2</ele>
    <time>2025-09-07T08:08:06Z</time>
   </trkpt>
   <trkpt lat="49.7821350" lon="20.0288500">
    <ele>742.4</ele>
    <time>2025-09-07T08:08:07Z</time>
   </trkpt>
   <trkpt lat="49.7821350" lon="20.0288760">
    <ele>742.4</ele>
    <time>2025-09-07T08:08:08Z</time>
   </trkpt>
   <trkpt lat="49.7821370" lon="20.0289080">
    <ele>742.6</ele>
    <time>2025-09-07T08:08:09Z</time>
   </trkpt>
   <trkpt lat="49.7821330" lon="20.0289410">
    <ele>742.6</ele>
    <time>2025-09-07T08:08:10Z</time>
   </trkpt>
   <trkpt lat="49.7821300" lon="20.0289670">
    <ele>742.8</ele>
    <time>2025-09-07T08:08:11Z</time>
   </trkpt>
   <trkpt lat="49.7821270" lon="20.0289930">
    <ele>743.0</ele>
    <time>2025-09-07T08:08:12Z</time>
   </trkpt>
   <trkpt lat="49.7821260" lon="20.0290260">
    <ele>743.2</ele>
    <time>2025-09-07T08:08:13Z</time>
   </trkpt>
   <trkpt lat="49.7821180" lon="20.0290530">
    <ele>743.2</ele>
    <time>2025-09-07T08:08:14Z</time>
   </trkpt>
   <trkpt lat="49.7821130" lon="20.0290890">
    <ele>743.2</ele>
    <time>2025-09-07T08:08:15Z</time>
   </trkpt>
   <trkpt lat="49.7821240" lon="20.0291480">
    <ele>743.4</ele>
    <time>2025-09-07T08:08:16Z</time>
   </trkpt>
   <trkpt lat="49.7821420" lon="20.0292050">
    <ele>743.4</ele>
    <time>2025-09-07T08:08:17Z</time>
   </trkpt>
   <trkpt lat="49.7821670" lon="20.0292930">
    <ele>743.4</ele>
    <time>2025-09-07T08:08:18Z</time>
   </trkpt>
   <trkpt lat="49.7821800" lon="20.0293530">
    <ele>743.4</ele>
    <time>2025-09-07T08:08:19Z</time>
   </trkpt>
   <trkpt lat="49.7821870" lon="20.0294010">
    <ele>743.6</ele>
    <time>2025-09-07T08:08:20Z</time>
   </trkpt>
   <trkpt lat="49.7821920" lon="20.0294290">
    <ele>743.6</ele>
    <time>2025-09-07T08:08:21Z</time>
   </trkpt>
   <trkpt lat="49.7821970" lon="20.0294540">
    <ele>743.8</ele>
    <time>2025-09-07T08:08:22Z</time>
   </trkpt>
   <trkpt lat="49.7822070" lon="20.0294900">
    <ele>743.8</ele>
    <time>2025-09-07T08:08:23Z</time>
   </trkpt>
   <trkpt lat="49.7822260" lon="20.0295720">
    <ele>743.8</ele>
    <time>2025-09-07T08:08:24Z</time>
   </trkpt>
   <trkpt lat="49.7822260" lon="20.0296330">
    <ele>743.8</ele>
    <time>2025-09-07T08:08:25Z</time>
   </trkpt>
   <trkpt lat="49.7822200" lon="20.0296830">
    <ele>743.8</ele>
    <time>2025-09-07T08:08:26Z</time>
   </trkpt>
   <trkpt lat="49.7822160" lon="20.0297250">
    <ele>743.8</ele>
    <time>2025-09-07T08:08:27Z</time>
   </trkpt>
   <trkpt lat="49.7822100" lon="20.0297640">
    <ele>743.8</ele>
    <time>2025-09-07T08:08:28Z</time>
   </trkpt>
   <trkpt lat="49.7822090" lon="20.0298030">
    <ele>743.8</ele>
    <time>2025-09-07T08:08:29Z</time>
   </trkpt>
   <trkpt lat="49.7822170" lon="20.0298440">
    <ele>744.0</ele>
    <time>2025-09-07T08:08:30Z</time>
   </trkpt>
   <trkpt lat="49.7822230" lon="20.0299140">
    <ele>744.0</ele>
    <time>2025-09-07T08:08:31Z</time>
   </trkpt>
   <trkpt lat="49.7822140" lon="20.0299690">
    <ele>744.0</ele>
    <time>2025-09-07T08:08:32Z</time>
   </trkpt>
   <trkpt lat="49.7822170" lon="20.0300140">
    <ele>744.2</ele>
    <time>2025-09-07T08:08:33Z</time>
   </trkpt>
   <trkpt lat="49.7822150" lon="20.0300770">
    <ele>744.4</ele>
    <time>2025-09-07T08:08:34Z</time>
   </trkpt>
   <trkpt lat="49.7822140" lon="20.0301400">
    <ele>744.4</ele>
    <time>2025-09-07T08:08:35Z</time>
   </trkpt>
   <trkpt lat="49.7822250" lon="20.0302550">
    <ele>744.8</ele>
    <time>2025-09-07T08:08:37Z</time>
   </trkpt>
   <trkpt lat="49.7822450" lon="20.0304060">
    <ele>745.2</ele>
    <time>2025-09-07T08:08:40Z</time>
   </trkpt>
   <trkpt lat="49.7822420" lon="20.0304270">
    <ele>745.6</ele>
    <time>2025-09-07T08:08:41Z</time>
   </trkpt>
   <trkpt lat="49.7822470" lon="20.0304570">
    <ele>745.8</ele>
    <time>2025-09-07T08:08:42Z</time>
   </trkpt>
   <trkpt lat="49.7822460" lon="20.0305390">
    <ele>746.0</ele>
    <time>2025-09-07T08:08:44Z</time>
   </trkpt>
   <trkpt lat="49.7822340" lon="20.0305740">
    <ele>746.2</ele>
    <time>2025-09-07T08:08:45Z</time>
   </trkpt>
   <trkpt lat="49.7822160" lon="20.0306010">
    <ele>746.4</ele>
    <time>2025-09-07T08:08:46Z</time>
   </trkpt>
   <trkpt lat="49.7822000" lon="20.0306380">
    <ele>746.8</ele>
    <time>2025-09-07T08:08:47Z</time>
   </trkpt>
   <trkpt lat="49.7821940" lon="20.0306660">
    <ele>747.0</ele>
    <time>2025-09-07T08:08:48Z</time>
   </trkpt>
   <trkpt lat="49.7821840" lon="20.0306990">
    <ele>747.2</ele>
    <time>2025-09-07T08:08:49Z</time>
   </trkpt>
   <trkpt lat="49.7821870" lon="20.0307430">
    <ele>747.4</ele>
    <time>2025-09-07T08:08:50Z</time>
   </trkpt>
   <trkpt lat="49.7821850" lon="20.0307730">
    <ele>747.4</ele>
    <time>2025-09-07T08:08:51Z</time>
   </trkpt>
   <trkpt lat="49.7821860" lon="20.0308160">
    <ele>747.6</ele>
    <time>2025-09-07T08:08:52Z</time>
   </trkpt>
   <trkpt lat="49.7821830" lon="20.0308520">
    <ele>748.0</ele>
    <time>2025-09-07T08:08:53Z</time>
   </trkpt>
   <trkpt lat="49.7821740" lon="20.0308790">
    <ele>748.0</ele>
    <time>2025-09-07T08:08:54Z</time>
   </trkpt>
   <trkpt lat="49.7821650" lon="20.0309030">
    <ele>748.2</ele>
    <time>2025-09-07T08:08:55Z</time>
   </trkpt>
   <trkpt lat="49.7821470" lon="20.0309410">
    <ele>748.4</ele>
    <time>2025-09-07T08:08:56Z</time>
   </trkpt>
   <trkpt lat="49.7821370" lon="20.0309720">
    <ele>748.6</ele>
    <time>2025-09-07T08:08:57Z</time>
   </trkpt>
   <trkpt lat="49.7821310" lon="20.0310000">
    <ele>748.6</ele>
    <time>2025-09-07T08:08:58Z</time>
   </trkpt>
   <trkpt lat="49.7821270" lon="20.0310320">
    <ele>748.8</ele>
    <time>2025-09-07T08:08:59Z</time>
   </trkpt>
   <trkpt lat="49.7821230" lon="20.0310650">
    <ele>749.0</ele>
    <time>2025-09-07T08:09:00Z</time>
   </trkpt>
   <trkpt lat="49.7821140" lon="20.0311000">
    <ele>749.2</ele>
    <time>2025-09-07T08:09:01Z</time>
   </trkpt>
   <trkpt lat="49.7821050" lon="20.0311270">
    <ele>749.4</ele>
    <time>2025-09-07T08:09:02Z</time>
   </trkpt>
   <trkpt lat="49.7820960" lon="20.0311620">
    <ele>749.6</ele>
    <time>2025-09-07T08:09:03Z</time>
   </trkpt>
   <trkpt lat="49.7820910" lon="20.0311870">
    <ele>749.6</ele>
    <time>2025-09-07T08:09:04Z</time>
   </trkpt>
   <trkpt lat="49.7820850" lon="20.0312200">
    <ele>749.8</ele>
    <time>2025-09-07T08:09:05Z</time>
   </trkpt>
   <trkpt lat="49.7820780" lon="20.0312570">
    <ele>750.0</ele>
    <time>2025-09-07T08:09:06Z</time>
   </trkpt>
   <trkpt lat="49.7820720" lon="20.0312880">
    <ele>750.2</ele>
    <time>2025-09-07T08:09:07Z</time>
   </trkpt>
   <trkpt lat="49.7820750" lon="20.0313170">
    <ele>750.4</ele>
    <time>2025-09-07T08:09:08Z</time>
   </trkpt>
   <trkpt lat="49.7820700" lon="20.0313460">
    <ele>750.6</ele>
    <time>2025-09-07T08:09:09Z</time>
   </trkpt>
   <trkpt lat="49.7820630" lon="20.0313870">
    <ele>750.8</ele>
    <time>2025-09-07T08:09:10Z</time>
   </trkpt>
   <trkpt lat="49.7820560" lon="20.0314150">
    <ele>750.8</ele>
    <time>2025-09-07T08:09:11Z</time>
   </trkpt>
   <trkpt lat="49.7820500" lon="20.0314590">
    <ele>751.0</ele>
    <time>2025-09-07T08:09:12Z</time>
   </trkpt>
   <trkpt lat="49.7820490" lon="20.0314940">
    <ele>751.0</ele>
    <time>2025-09-07T08:09:13Z</time>
   </trkpt>
   <trkpt lat="49.7820480" lon="20.0315310">
    <ele>751.2</ele>
    <time>2025-09-07T08:09:14Z</time>
   </trkpt>
   <trkpt lat="49.7820460" lon="20.0315680">
    <ele>751.6</ele>
    <time>2025-09-07T08:09:15Z</time>
   </trkpt>
   <trkpt lat="49.7820390" lon="20.0315980">
    <ele>751.8</ele>
    <time>2025-09-07T08:09:16Z</time>
   </trkpt>
   <trkpt lat="49.7820340" lon="20.0316240">
    <ele>752.0</ele>
    <time>2025-09-07T08:09:17Z</time>
   </trkpt>
   <trkpt lat="49.7820320" lon="20.0316610">
    <ele>752.2</ele>
    <time>2025-09-07T08:09:18Z</time>
   </trkpt>
   <trkpt lat="49.7820280" lon="20.0316980">
    <ele>752.6</ele>
    <time>2025-09-07T08:09:19Z</time>
   </trkpt>
   <trkpt lat="49.7820240" lon="20.0317350">
    <ele>752.8</ele>
    <time>2025-09-07T08:09:20Z</time>
   </trkpt>
   <trkpt lat="49.7820170" lon="20.0317650">
    <ele>753.0</ele>
    <time>2025-09-07T08:09:21Z</time>
   </trkpt>
   <trkpt lat="49.7820130" lon="20.0317880">
    <ele>753.0</ele>
    <time>2025-09-07T08:09:22Z</time>
   </trkpt>
   <trkpt lat="49.7819980" lon="20.0318160">
    <ele>753.2</ele>
    <time>2025-09-07T08:09:23Z</time>
   </trkpt>
   <trkpt lat="49.7819910" lon="20.0318570">
    <ele>753.4</ele>
    <time>2025-09-07T08:09:24Z</time>
   </trkpt>
   <trkpt lat="49.7819900" lon="20.0318890">
    <ele>753.8</ele>
    <time>2025-09-07T08:09:25Z</time>
   </trkpt>
   <trkpt lat="49.7819960" lon="20.0319290">
    <ele>754.0</ele>
    <time>2025-09-07T08:09:26Z</time>
   </trkpt>
   <trkpt lat="49.7819940" lon="20.0319770">
    <ele>754.2</ele>
    <time>2025-09-07T08:09:27Z</time>
   </trkpt>
   <trkpt lat="49.7819810" lon="20.0320180">
    <ele>754.2</ele>
    <time>2025-09-07T08:09:28Z</time>
   </trkpt>
   <trkpt lat="49.7819780" lon="20.0320480">
    <ele>754.4</ele>
    <time>2025-09-07T08:09:29Z</time>
   </trkpt>
   <trkpt lat="49.7819660" lon="20.0320830">
    <ele>754.6</ele>
    <time>2025-09-07T08:09:30Z</time>
   </trkpt>
   <trkpt lat="49.7819510" lon="20.0321170">
    <ele>754.6</ele>
    <time>2025-09-07T08:09:31Z</time>
   </trkpt>
   <trkpt lat="49.7819440" lon="20.0321590">
    <ele>755.0</ele>
    <time>2025-09-07T08:09:32Z</time>
   </trkpt>
   <trkpt lat="49.7819470" lon="20.0321890">
    <ele>755.2</ele>
    <time>2025-09-07T08:09:33Z</time>
   </trkpt>
   <trkpt lat="49.7819480" lon="20.0322360">
    <ele>755.4</ele>
    <time>2025-09-07T08:09:34Z</time>
   </trkpt>
   <trkpt lat="49.7819480" lon="20.0322690">
    <ele>755.6</ele>
    <time>2025-09-07T08:09:35Z</time>
   </trkpt>
   <trkpt lat="49.7819350" lon="20.0323100">
    <ele>755.8</ele>
    <time>2025-09-07T08:09:36Z</time>
   </trkpt>
   <trkpt lat="49.7819270" lon="20.0323510">
    <ele>756.0</ele>
    <time>2025-09-07T08:09:37Z</time>
   </trkpt>
   <trkpt lat="49.7819220" lon="20.0323950">
    <ele>756.2</ele>
    <time>2025-09-07T08:09:38Z</time>
   </trkpt>
   <trkpt lat="49.7819190" lon="20.0324240">
    <ele>756.2</ele>
    <time>2025-09-07T08:09:39Z</time>
   </trkpt>
   <trkpt lat="49.7819170" lon="20.0324650">
    <ele>756.4</ele>
    <time>2025-09-07T08:09:40Z</time>
   </trkpt>
   <trkpt lat="49.7819150" lon="20.0324920">
    <ele>756.8</ele>
    <time>2025-09-07T08:09:41Z</time>
   </trkpt>
   <trkpt lat="49.7819130" lon="20.0325320">
    <ele>756.8</ele>
    <time>2025-09-07T08:09:42Z</time>
   </trkpt>
   <trkpt lat="49.7819090" lon="20.0325650">
    <ele>757.0</ele>
    <time>2025-09-07T08:09:43Z</time>
   </trkpt>
   <trkpt lat="49.7819050" lon="20.0325890">
    <ele>757.0</ele>
    <time>2025-09-07T08:09:44Z</time>
   </trkpt>
   <trkpt lat="49.7819000" lon="20.0326180">
    <ele>757.2</ele>
    <time>2025-09-07T08:09:45Z</time>
   </trkpt>
   <trkpt lat="49.7818900" lon="20.0326450">
    <ele>757.4</ele>
    <time>2025-09-07T08:09:46Z</time>
   </trkpt>
   <trkpt lat="49.7818820" lon="20.0326740">
    <ele>757.6</ele>
    <time>2025-09-07T08:09:47Z</time>
   </trkpt>
   <trkpt lat="49.7818760" lon="20.0327120">
    <ele>757.6</ele>
    <time>2025-09-07T08:09:48Z</time>
   </trkpt>
   <trkpt lat="49.7818740" lon="20.0327500">
    <ele>757.8</ele>
    <time>2025-09-07T08:09:49Z</time>
   </trkpt>
   <trkpt lat="49.7818750" lon="20.0327770">
    <ele>758.0</ele>
    <time>2025-09-07T08:09:50Z</time>
   </trkpt>
   <trkpt lat="49.7818740" lon="20.0328170">
    <ele>758.0</ele>
    <time>2025-09-07T08:09:51Z</time>
   </trkpt>
   <trkpt lat="49.7818700" lon="20.0328490">
    <ele>758.2</ele>
    <time>2025-09-07T08:09:52Z</time>
   </trkpt>
   <trkpt lat="49.7818680" lon="20.0328720">
    <ele>758.2</ele>
    <time>2025-09-07T08:09:53Z</time>
   </trkpt>
   <trkpt lat="49.7818690" lon="20.0329060">
    <ele>758.4</ele>
    <time>2025-09-07T08:09:54Z</time>
   </trkpt>
   <trkpt lat="49.7818660" lon="20.0329500">
    <ele>758.4</ele>
    <time>2025-09-07T08:09:55Z</time>
   </trkpt>
   <trkpt lat="49.7818640" lon="20.0329820">
    <ele>758.4</ele>
    <time>2025-09-07T08:09:56Z</time>
   </trkpt>
   <trkpt lat="49.7818650" lon="20.0330340">
    <ele>758.6</ele>
    <time>2025-09-07T08:09:57Z</time>
   </trkpt>
   <trkpt lat="49.7818790" lon="20.0330960">
    <ele>758.8</ele>
    <time>2025-09-07T08:09:58Z</time>
   </trkpt>
   <trkpt lat="49.7818850" lon="20.0331360">
    <ele>759.0</ele>
    <time>2025-09-07T08:09:59Z</time>
   </trkpt>
   <trkpt lat="49.7818910" lon="20.0331780">
    <ele>759.0</ele>
    <time>2025-09-07T08:10:00Z</time>
   </trkpt>
   <trkpt lat="49.7818920" lon="20.0332150">
    <ele>759.0</ele>
    <time>2025-09-07T08:10:01Z</time>
   </trkpt>
   <trkpt lat="49.7818940" lon="20.0332520">
    <ele>759.2</ele>
    <time>2025-09-07T08:10:02Z</time>
   </trkpt>
   <trkpt lat="49.7818980" lon="20.0332890">
    <ele>759.2</ele>
    <time>2025-09-07T08:10:03Z</time>
   </trkpt>
   <trkpt lat="49.7818950" lon="20.0333230">
    <ele>759.4</ele>
    <time>2025-09-07T08:10:04Z</time>
   </trkpt>
   <trkpt lat="49.7818910" lon="20.0333550">
    <ele>759.8</ele>
    <time>2025-09-07T08:10:05Z</time>
   </trkpt>
   <trkpt lat="49.7818950" lon="20.0333950">
    <ele>759.8</ele>
    <time>2025-09-07T08:10:06Z</time>
   </trkpt>
   <trkpt lat="49.7818920" lon="20.0334350">
    <ele>760.0</ele>
    <time>2025-09-07T08:10:07Z</time>
   </trkpt>
   <trkpt lat="49.7818840" lon="20.0334700">
    <ele>760.0</ele>
    <time>2025-09-07T08:10:08Z</time>
   </trkpt>
   <trkpt lat="49.7818780" lon="20.0334970">
    <ele>760.2</ele>
    <time>2025-09-07T08:10:09Z</time>
   </trkpt>
   <trkpt lat="49.7818730" lon="20.0335250">
    <ele>760.4</ele>
    <time>2025-09-07T08:10:10Z</time>
   </trkpt>
   <trkpt lat="49.7818770" lon="20.0335690">
    <ele>760.4</ele>
    <time>2025-09-07T08:10:11Z</time>
   </trkpt>
   <trkpt lat="49.7818830" lon="20.0336160">
    <ele>760.6</ele>
    <time>2025-09-07T08:10:12Z</time>
   </trkpt>
   <trkpt lat="49.7818910" lon="20.0336610">
    <ele>760.8</ele>
    <time>2025-09-07T08:10:13Z</time>
   </trkpt>
   <trkpt lat="49.7818880" lon="20.0336960">
    <ele>760.8</ele>
    <time>2025-09-07T08:10:14Z</time>
   </trkpt>
   <trkpt lat="49.7818830" lon="20.0337320">
    <ele>760.8</ele>
    <time>2025-09-07T08:10:15Z</time>
   </trkpt>
   <trkpt lat="49.7818750" lon="20.0337710">
    <ele>761.0</ele>
    <time>2025-09-07T08:10:16Z</time>
   </trkpt>
   <trkpt lat="49.7818660" lon="20.0338130">
    <ele>761.0</ele>
    <time>2025-09-07T08:10:17Z</time>
   </trkpt>
   <trkpt lat="49.7818550" lon="20.0338470">
    <ele>761.2</ele>
    <time>2025-09-07T08:10:18Z</time>
   </trkpt>
   <trkpt lat="49.7818460" lon="20.0338830">
    <ele>761.4</ele>
    <time>2025-09-07T08:10:19Z</time>
   </trkpt>
   <trkpt lat="49.7818410" lon="20.0339180">
    <ele>761.6</ele>
    <time>2025-09-07T08:10:20Z</time>
   </trkpt>
   <trkpt lat="49.7818330" lon="20.0339510">
    <ele>761.6</ele>
    <time>2025-09-07T08:10:21Z</time>
   </trkpt>
   <trkpt lat="49.7818270" lon="20.0339750">
    <ele>762.0</ele>
    <time>2025-09-07T08:10:22Z</time>
   </trkpt>
   <trkpt lat="49.7818290" lon="20.0340020">
    <ele>762.2</ele>
    <time>2025-09-07T08:10:23Z</time>
   </trkpt>
   <trkpt lat="49.7818210" lon="20.0340360">
    <ele>762.2</ele>
    <time>2025-09-07T08:10:24Z</time>
   </trkpt>
   <trkpt lat="49.7818140" lon="20.0340740">
    <ele>762.4</ele>
    <time>2025-09-07T08:10:25Z</time>
   </trkpt>
   <trkpt lat="49.7818120" lon="20.0341110">
    <ele>762.6</ele>
    <time>2025-09-07T08:10:26Z</time>
   </trkpt>
   <trkpt lat="49.7818090" lon="20.0341470">
    <ele>763.0</ele>
    <time>2025-09-07T08:10:27Z</time>
   </trkpt>
   <trkpt lat="49.7818070" lon="20.0341840">
    <ele>763.0</ele>
    <time>2025-09-07T08:10:28Z</time>
   </trkpt>
   <trkpt lat="49.7818090" lon="20.0342220">
    <ele>763.2</ele>
    <time>2025-09-07T08:10:29Z</time>
   </trkpt>
   <trkpt lat="49.7818070" lon="20.0342530">
    <ele>763.4</ele>
    <time>2025-09-07T08:10:30Z</time>
   </trkpt>
   <trkpt lat="49.7818010" lon="20.0342820">
    <ele>763.4</ele>
    <time>2025-09-07T08:10:31Z</time>
   </trkpt>
   <trkpt lat="49.7817950" lon="20.0343090">
    <ele>763.6</ele>
    <time>2025-09-07T08:10:32Z</time>
   </trkpt>
   <trkpt lat="49.7817840" lon="20.0343330">
    <ele>763.6</ele>
    <time>2025-09-07T08:10:33Z</time>
   </trkpt>
   <trkpt lat="49.7817760" lon="20.0343550">
    <ele>764.0</ele>
    <time>2025-09-07T08:10:34Z</time>
   </trkpt>
   <trkpt lat="49.7817690" lon="20.0343730">
    <ele>764.2</ele>
    <time>2025-09-07T08:10:35Z</time>
   </trkpt>
   <trkpt lat="49.7817640" lon="20.0343880">
    <ele>764.6</ele>
    <time>2025-09-07T08:10:36Z</time>
   </trkpt>
   <trkpt lat="49.7817570" lon="20.0344020">
    <ele>764.6</ele>
    <time>2025-09-07T08:10:37Z</time>
   </trkpt>
   <trkpt lat="49.7817400" lon="20.0344190">
    <ele>764.8</ele>
    <time>2025-09-07T08:10:38Z</time>
   </trkpt>
   <trkpt lat="49.7817160" lon="20.0344310">
    <ele>764.8</ele>
    <time>2025-09-07T08:10:39Z</time>
   </trkpt>
   <trkpt lat="49.7816910" lon="20.0344550">
    <ele>765.0</ele>
    <time>2025-09-07T08:10:40Z</time>
   </trkpt>
   <trkpt lat="49.7816780" lon="20.0344810">
    <ele>765.2</ele>
    <time>2025-09-07T08:10:41Z</time>
   </trkpt>
   <trkpt lat="49.7816680" lon="20.0345030">
    <ele>765.2</ele>
    <time>2025-09-07T08:10:42Z</time>
   </trkpt>
   <trkpt lat="49.7816580" lon="20.0345250">
    <ele>765.6</ele>
    <time>2025-09-07T08:10:43Z</time>
   </trkpt>
   <trkpt lat="49.7816560" lon="20.0345640">
    <ele>765.8</ele>
    <time>2025-09-07T08:10:44Z</time>
   </trkpt>
   <trkpt lat="49.7816380" lon="20.0345910">
    <ele>765.8</ele>
    <time>2025-09-07T08:10:45Z</time>
   </trkpt>
   <trkpt lat="49.7816140" lon="20.0346170">
    <ele>766.0</ele>
    <time>2025-09-07T08:10:46Z</time>
   </trkpt>
   <trkpt lat="49.7815930" lon="20.0346300">
    <ele>766.2</ele>
    <time>2025-09-07T08:10:47Z</time>
   </trkpt>
   <trkpt lat="49.7815800" lon="20.0346490">
    <ele>766.4</ele>
    <time>2025-09-07T08:10:48Z</time>
   </trkpt>
   <trkpt lat="49.7815620" lon="20.0346740">
    <ele>766.8</ele>
    <time>2025-09-07T08:10:49Z</time>
   </trkpt>
   <trkpt lat="49.7815500" lon="20.0347020">
    <ele>767.0</ele>
    <time>2025-09-07T08:10:50Z</time>
   </trkpt>
   <trkpt lat="49.7815420" lon="20.0347240">
    <ele>767.0</ele>
    <time>2025-09-07T08:10:51Z</time>
   </trkpt>
   <trkpt lat="49.7815420" lon="20.0347510">
    <ele>767.2</ele>
    <time>2025-09-07T08:10:52Z</time>
   </trkpt>
   <trkpt lat="49.7815340" lon="20.0347970">
    <ele>767.2</ele>
    <time>2025-09-07T08:10:53Z</time>
   </trkpt>
   <trkpt lat="49.7815220" lon="20.0348400">
    <ele>767.4</ele>
    <time>2025-09-07T08:10:54Z</time>
   </trkpt>
   <trkpt lat="49.7815270" lon="20.0348720">
    <ele>767.4</ele>
    <time>2025-09-07T08:10:55Z</time>
   </trkpt>
   <trkpt lat="49.7815280" lon="20.0349040">
    <ele>767.4</ele>
    <time>2025-09-07T08:10:56Z</time>
   </trkpt>
   <trkpt lat="49.7815320" lon="20.0349520">
    <ele>767.6</ele>
    <time>2025-09-07T08:10:57Z</time>
   </trkpt>
   <trkpt lat="49.7815400" lon="20.0350020">
    <ele>767.6</ele>
    <time>2025-09-07T08:10:58Z</time>
   </trkpt>
   <trkpt lat="49.7815440" lon="20.0350440">
    <ele>767.8</ele>
    <time>2025-09-07T08:10:59Z</time>
   </trkpt>
   <trkpt lat="49.7815270" lon="20.0350910">
    <ele>767.8</ele>
    <time>2025-09-07T08:11:00Z</time>
   </trkpt>
   <trkpt lat="49.7815350" lon="20.0351420">
    <ele>768.0</ele>
    <time>2025-09-07T08:11:01Z</time>
   </trkpt>
   <trkpt lat="49.7815280" lon="20.0351830">
    <ele>768.2</ele>
    <time>2025-09-07T08:11:02Z</time>
   </trkpt>
   <trkpt lat="49.7815310" lon="20.0352300">
    <ele>768.4</ele>
    <time>2025-09-07T08:11:03Z</time>
   </trkpt>
   <trkpt lat="49.7815200" lon="20.0352700">
    <ele>768.6</ele>
    <time>2025-09-07T08:11:04Z</time>
   </trkpt>
   <trkpt lat="49.7815210" lon="20.0353010">
    <ele>769.0</ele>
    <time>2025-09-07T08:11:05Z</time>
   </trkpt>
   <trkpt lat="49.7815240" lon="20.0353350">
    <ele>769.0</ele>
    <time>2025-09-07T08:11:06Z</time>
   </trkpt>
   <trkpt lat="49.7815310" lon="20.0353720">
    <ele>769.2</ele>
    <time>2025-09-07T08:11:07Z</time>
   </trkpt>
   <trkpt lat="49.7815360" lon="20.0354170">
    <ele>769.4</ele>
    <time>2025-09-07T08:11:08Z</time>
   </trkpt>
   <trkpt lat="49.7815250" lon="20.0354660">
    <ele>769.4</ele>
    <time>2025-09-07T08:11:09Z</time>
   </trkpt>
   <trkpt lat="49.7815270" lon="20.0354970">
    <ele>769.6</ele>
    <time>2025-09-07T08:11:10Z</time>
   </trkpt>
   <trkpt lat="49.7815270" lon="20.0355260">
    <ele>769.6</ele>
    <time>2025-09-07T08:11:11Z</time>
   </trkpt>
   <trkpt lat="49.7815260" lon="20.0355570">
    <ele>769.8</ele>
    <time>2025-09-07T08:11:12Z</time>
   </trkpt>
   <trkpt lat="49.7815280" lon="20.0355880">
    <ele>770.0</ele>
    <time>2025-09-07T08:11:13Z</time>
   </trkpt>
   <trkpt lat="49.7815220" lon="20.0356230">
    <ele>770.0</ele>
    <time>2025-09-07T08:11:14Z</time>
   </trkpt>
   <trkpt lat="49.7815160" lon="20.0356600">
    <ele>770.2</ele>
    <time>2025-09-07T08:11:15Z</time>
   </trkpt>
   <trkpt lat="49.7815120" lon="20.0356980">
    <ele>770.4</ele>
    <time>2025-09-07T08:11:16Z</time>
   </trkpt>
   <trkpt lat="49.7815070" lon="20.0357380">
    <ele>770.4</ele>
    <time>2025-09-07T08:11:17Z</time>
   </trkpt>
   <trkpt lat="49.7815000" lon="20.0357790">
    <ele>770.4</ele>
    <time>2025-09-07T08:11:18Z</time>
   </trkpt>
   <trkpt lat="49.7814920" lon="20.0358190">
    <ele>770.6</ele>
    <time>2025-09-07T08:11:19Z</time>
   </trkpt>
   <trkpt lat="49.7814850" lon="20.0358530">
    <ele>770.8</ele>
    <time>2025-09-07T08:11:20Z</time>
   </trkpt>
   <trkpt lat="49.7814810" lon="20.0359020">
    <ele>771.0</ele>
    <time>2025-09-07T08:11:21Z</time>
   </trkpt>
   <trkpt lat="49.7814810" lon="20.0359430">
    <ele>771.2</ele>
    <time>2025-09-07T08:11:22Z</time>
   </trkpt>
   <trkpt lat="49.7814730" lon="20.0359770">
    <ele>771.4</ele>
    <time>2025-09-07T08:11:23Z</time>
   </trkpt>
   <trkpt lat="49.7814640" lon="20.0360050">
    <ele>771.4</ele>
    <time>2025-09-07T08:11:24Z</time>
   </trkpt>
   <trkpt lat="49.7814560" lon="20.0360360">
    <ele>771.8</ele>
    <time>2025-09-07T08:11:25Z</time>
   </trkpt>
   <trkpt lat="49.7814470" lon="20.0360650">
    <ele>771.8</ele>
    <time>2025-09-07T08:11:26Z</time>
   </trkpt>
   <trkpt lat="49.7814380" lon="20.0360950">
    <ele>772.0</ele>
    <time>2025-09-07T08:11:27Z</time>
   </trkpt>
   <trkpt lat="49.7814290" lon="20.0361350">
    <ele>772.0</ele>
    <time>2025-09-07T08:11:28Z</time>
   </trkpt>
   <trkpt lat="49.7814160" lon="20.0361640">
    <ele>772.0</ele>
    <time>2025-09-07T08:11:29Z</time>
   </trkpt>
   <trkpt lat="49.7814080" lon="20.0361940">
    <ele>772.0</ele>
    <time>2025-09-07T08:11:30Z</time>
   </trkpt>
   <trkpt lat="49.7814010" lon="20.0362320">
    <ele>772.2</ele>
    <time>2025-09-07T08:11:31Z</time>
   </trkpt>
   <trkpt lat="49.7813950" lon="20.0362740">
    <ele>772.2</ele>
    <time>2025-09-07T08:11:32Z</time>
   </trkpt>
   <trkpt lat="49.7813820" lon="20.0363100">
    <ele>772.2</ele>
    <time>2025-09-07T08:11:33Z</time>
   </trkpt>
   <trkpt lat="49.7813660" lon="20.0363530">
    <ele>772.2</ele>
    <time>2025-09-07T08:11:34Z</time>
   </trkpt>
   <trkpt lat="49.7813520" lon="20.0363970">
    <ele>772.2</ele>
    <time>2025-09-07T08:11:35Z</time>
   </trkpt>
   <trkpt lat="49.7813460" lon="20.0364310">
    <ele>772.2</ele>
    <time>2025-09-07T08:11:36Z</time>
   </trkpt>
   <trkpt lat="49.7813450" lon="20.0364570">
    <ele>772.0</ele>
    <time>2025-09-07T08:11:37Z</time>
   </trkpt>
   <trkpt lat="49.7813470" lon="20.0364850">
    <ele>772.0</ele>
    <time>2025-09-07T08:11:38Z</time>
   </trkpt>
   <trkpt lat="49.7813470" lon="20.0365180">
    <ele>772.0</ele>
    <time>2025-09-07T08:11:39Z</time>
   </trkpt>
   <trkpt lat="49.7813430" lon="20.0365590">
    <ele>772.0</ele>
    <time>2025-09-07T08:11:40Z</time>
   </trkpt>
   <trkpt lat="49.7813420" lon="20.0366990">
    <ele>771.8</ele>
    <time>2025-09-07T08:11:43Z</time>
   </trkpt>
   <trkpt lat="49.7813350" lon="20.0367830">
    <ele>771.8</ele>
    <time>2025-09-07T08:11:45Z</time>
   </trkpt>
   <trkpt lat="49.7813350" lon="20.0368960">
    <ele>772.0</ele>
    <time>2025-09-07T08:11:48Z</time>
   </trkpt>
   <trkpt lat="49.7813270" lon="20.0369380">
    <ele>772.0</ele>
    <time>2025-09-07T08:11:49Z</time>
   </trkpt>
   <trkpt lat="49.7813210" lon="20.0369820">
    <ele>772.0</ele>
    <time>2025-09-07T08:11:50Z</time>
   </trkpt>
   <trkpt lat="49.7813260" lon="20.0370820">
    <ele>772.2</ele>
    <time>2025-09-07T08:11:52Z</time>
   </trkpt>
   <trkpt lat="49.7813140" lon="20.0371290">
    <ele>772.2</ele>
    <time>2025-09-07T08:11:53Z</time>
   </trkpt>
   <trkpt lat="49.7813080" lon="20.0372350">
    <ele>772.4</ele>
    <time>2025-09-07T08:11:55Z</time>
   </trkpt>
   <trkpt lat="49.7813150" lon="20.0372740">
    <ele>772.4</ele>
    <time>2025-09-07T08:11:56Z</time>
   </trkpt>
   <trkpt lat="49.7813100" lon="20.0373000">
    <ele>772.4</ele>
    <time>2025-09-07T08:11:57Z</time>
   </trkpt>
   <trkpt lat="49.7813160" lon="20.0373680">
    <ele>773.2</ele>
    <time>2025-09-07T08:12:00Z</time>
   </trkpt>
   <trkpt lat="49.7813180" lon="20.0374030">
    <ele>773.2</ele>
    <time>2025-09-07T08:12:01Z</time>
   </trkpt>
   <trkpt lat="49.7813290" lon="20.0374440">
    <ele>773.4</ele>
    <time>2025-09-07T08:12:02Z</time>
   </trkpt>
   <trkpt lat="49.7813480" lon="20.0375130">
    <ele>774.0</ele>
    <time>2025-09-07T08:12:04Z</time>
   </trkpt>
   <trkpt lat="49.7813480" lon="20.0375450">
    <ele>774.2</ele>
    <time>2025-09-07T08:12:05Z</time>
   </trkpt>
   <trkpt lat="49.7813640" lon="20.0376090">
    <ele>774.4</ele>
    <time>2025-09-07T08:12:07Z</time>
   </trkpt>
   <trkpt lat="49.7813720" lon="20.0376450">
    <ele>775.0</ele>
    <time>2025-09-07T08:12:08Z</time>
   </trkpt>
   <trkpt lat="49.7813770" lon="20.0376840">
    <ele>775.4</ele>
    <time>2025-09-07T08:12:09Z</time>
   </trkpt>
   <trkpt lat="49.7813810" lon="20.0377120">
    <ele>775.8</ele>
    <time>2025-09-07T08:12:10Z</time>
   </trkpt>
   <trkpt lat="49.7813830" lon="20.0377440">
    <ele>776.0</ele>
    <time>2025-09-07T08:12:11Z</time>
   </trkpt>
   <trkpt lat="49.7813770" lon="20.0377700">
    <ele>776.2</ele>
    <time>2025-09-07T08:12:12Z</time>
   </trkpt>
   <trkpt lat="49.7813620" lon="20.0377940">
    <ele>776.6</ele>
    <time>2025-09-07T08:12:13Z</time>
   </trkpt>
   <trkpt lat="49.7813440" lon="20.0378180">
    <ele>777.0</ele>
    <time>2025-09-07T08:12:14Z</time>
   </trkpt>
   <trkpt lat="49.7813270" lon="20.0378490">
    <ele>777.4</ele>
    <time>2025-09-07T08:12:15Z</time>
   </trkpt>
   <trkpt lat="49.7813150" lon="20.0378810">
    <ele>777.6</ele>
    <time>2025-09-07T08:12:16Z</time>
   </trkpt>
   <trkpt lat="49.7813080" lon="20.0379050">
    <ele>777.8</ele>
    <time>2025-09-07T08:12:17Z</time>
   </trkpt>
   <trkpt lat="49.7813060" lon="20.0379330">
    <ele>778.0</ele>
    <time>2025-09-07T08:12:18Z</time>
   </trkpt>
   <trkpt lat="49.7813090" lon="20.0379590">
    <ele>778.2</ele>
    <time>2025-09-07T08:12:19Z</time>
   </trkpt>
   <trkpt lat="49.7813050" lon="20.0379960">
    <ele>778.6</ele>
    <time>2025-09-07T08:12:20Z</time>
   </trkpt>
   <trkpt lat="49.7812960" lon="20.0380320">
    <ele>779.2</ele>
    <time>2025-09-07T08:12:21Z</time>
   </trkpt>
   <trkpt lat="49.7812900" lon="20.0380510">
    <ele>779.2</ele>
    <time>2025-09-07T08:12:22Z</time>
   </trkpt>
   <trkpt lat="49.7812900" lon="20.0380840">
    <ele>779.6</ele>
    <time>2025-09-07T08:12:23Z</time>
   </trkpt>
   <trkpt lat="49.7812870" lon="20.0381130">
    <ele>779.6</ele>
    <time>2025-09-07T08:12:24Z</time>
   </trkpt>
   <trkpt lat="49.7812900" lon="20.0381480">
    <ele>779.8</ele>
    <time>2025-09-07T08:12:25Z</time>
   </trkpt>
   <trkpt lat="49.7813100" lon="20.0381970">
    <ele>779.8</ele>
    <time>2025-09-07T08:12:26Z</time>
   </trkpt>
   <trkpt lat="49.7813190" lon="20.0382290">
    <ele>780.2</ele>
    <time>2025-09-07T08:12:27Z</time>
   </trkpt>
   <trkpt lat="49.7813230" lon="20.0382600">
    <ele>780.4</ele>
    <time>2025-09-07T08:12:28Z</time>
   </trkpt>
   <trkpt lat="49.7813140" lon="20.0382960">
    <ele>781.0</ele>
    <time>2025-09-07T08:12:29Z</time>
   </trkpt>
   <trkpt lat="49.7812990" lon="20.0383240">
    <ele>781.0</ele>
    <time>2025-09-07T08:12:30Z</time>
   </trkpt>
   <trkpt lat="49.7812830" lon="20.0383550">
    <ele>781.0</ele>
    <time>2025-09-07T08:12:31Z</time>
   </trkpt>
   <trkpt lat="49.7812750" lon="20.0383910">
    <ele>781.4</ele>
    <time>2025-09-07T08:12:32Z</time>
   </trkpt>
   <trkpt lat="49.7812670" lon="20.0384190">
    <ele>781.8</ele>
    <time>2025-09-07T08:12:33Z</time>
   </trkpt>
   <trkpt lat="49.7812600" lon="20.0384400">
    <ele>782.0</ele>
    <time>2025-09-07T08:12:34Z</time>
   </trkpt>
   <trkpt lat="49.7812460" lon="20.0384590">
    <ele>782.2</ele>
    <time>2025-09-07T08:12:35Z</time>
   </trkpt>
   <trkpt lat="49.7812390" lon="20.0384770">
    <ele>782.4</ele>
    <time>2025-09-07T08:12:36Z</time>
   </trkpt>
   <trkpt lat="49.7812320" lon="20.0384980">
    <ele>782.6</ele>
    <time>2025-09-07T08:12:37Z</time>
   </trkpt>
   <trkpt lat="49.7812280" lon="20.0385230">
    <ele>782.8</ele>
    <time>2025-09-07T08:12:38Z</time>
   </trkpt>
   <trkpt lat="49.7812160" lon="20.0385450">
    <ele>783.0</ele>
    <time>2025-09-07T08:12:39Z</time>
   </trkpt>
   <trkpt lat="49.7812050" lon="20.0385670">
    <ele>783.2</ele>
    <time>2025-09-07T08:12:40Z</time>
   </trkpt>
   <trkpt lat="49.7811930" lon="20.0385960">
    <ele>783.4</ele>
    <time>2025-09-07T08:12:41Z</time>
   </trkpt>
   <trkpt lat="49.7811830" lon="20.0386310">
    <ele>783.8</ele>
    <time>2025-09-07T08:12:42Z</time>
   </trkpt>
   <trkpt lat="49.7811780" lon="20.0386760">
    <ele>784.0</ele>
    <time>2025-09-07T08:12:43Z</time>
   </trkpt>
   <trkpt lat="49.7811700" lon="20.0387200">
    <ele>784.2</ele>
    <time>2025-09-07T08:12:44Z</time>
   </trkpt>
   <trkpt lat="49.7811600" lon="20.0387560">
    <ele>784.4</ele>
    <time>2025-09-07T08:12:45Z</time>
   </trkpt>
   <trkpt lat="49.7811560" lon="20.0387850">
    <ele>784.8</ele>
    <time>2025-09-07T08:12:46Z</time>
   </trkpt>
   <trkpt lat="49.7811500" lon="20.0388050">
    <ele>785.2</ele>
    <time>2025-09-07T08:12:47Z</time>
   </trkpt>
   <trkpt lat="49.7811390" lon="20.0388290">
    <ele>785.2</ele>
    <time>2025-09-07T08:12:48Z</time>
   </trkpt>
   <trkpt lat="49.7811240" lon="20.0388530">
    <ele>785.4</ele>
    <time>2025-09-07T08:12:49Z</time>
   </trkpt>
   <trkpt lat="49.7811080" lon="20.0388800">
    <ele>785.6</ele>
    <time>2025-09-07T08:12:50Z</time>
   </trkpt>
   <trkpt lat="49.7810940" lon="20.0389030">
    <ele>786.0</ele>
    <time>2025-09-07T08:12:51Z</time>
   </trkpt>
   <trkpt lat="49.7810870" lon="20.0389480">
    <ele>786.2</ele>
    <time>2025-09-07T08:12:52Z</time>
   </trkpt>
   <trkpt lat="49.7810890" lon="20.0389810">
    <ele>786.6</ele>
    <time>2025-09-07T08:12:53Z</time>
   </trkpt>
   <trkpt lat="49.7810920" lon="20.0390160">
    <ele>787.0</ele>
    <time>2025-09-07T08:12:54Z</time>
   </trkpt>
   <trkpt lat="49.7810920" lon="20.0390320">
    <ele>787.4</ele>
    <time>2025-09-07T08:12:55Z</time>
   </trkpt>
   <trkpt lat="49.7810910" lon="20.0390510">
    <ele>787.6</ele>
    <time>2025-09-07T08:12:56Z</time>
   </trkpt>
   <trkpt lat="49.7810830" lon="20.0390750">
    <ele>787.6</ele>
    <time>2025-09-07T08:12:57Z</time>
   </trkpt>
   <trkpt lat="49.7810740" lon="20.0391020">
    <ele>788.0</ele>
    <time>2025-09-07T08:12:58Z</time>
   </trkpt>
   <trkpt lat="49.7810540" lon="20.0391300">
    <ele>788.6</ele>
    <time>2025-09-07T08:12:59Z</time>
   </trkpt>
   <trkpt lat="49.7810320" lon="20.0391620">
    <ele>789.0</ele>
    <time>2025-09-07T08:13:00Z</time>
   </trkpt>
   <trkpt lat="49.7810100" lon="20.0392060">
    <ele>789.4</ele>
    <time>2025-09-07T08:13:01Z</time>
   </trkpt>
   <trkpt lat="49.7810100" lon="20.0392560">
    <ele>789.6</ele>
    <time>2025-09-07T08:13:02Z</time>
   </trkpt>
   <trkpt lat="49.7810030" lon="20.0392650">
    <ele>789.8</ele>
    <time>2025-09-07T08:13:03Z</time>
   </trkpt>
   <trkpt lat="49.7809910" lon="20.0392810">
    <ele>790.0</ele>
    <time>2025-09-07T08:13:04Z</time>
   </trkpt>
   <trkpt lat="49.7809910" lon="20.0393080">
    <ele>790.0</ele>
    <time>2025-09-07T08:13:05Z</time>
   </trkpt>
   <trkpt lat="49.7809860" lon="20.0393210">
    <ele>790.0</ele>
    <time>2025-09-07T08:13:06Z</time>
   </trkpt>
   <trkpt lat="49.7809540" lon="20.0393470">
    <ele>790.0</ele>
    <time>2025-09-07T08:13:07Z</time>
   </trkpt>
   <trkpt lat="49.7809240" lon="20.0393670">
    <ele>790.0</ele>
    <time>2025-09-07T08:13:08Z</time>
   </trkpt>
   <trkpt lat="49.7808890" lon="20.0393870">
    <ele>790.2</ele>
    <time>2025-09-07T08:13:09Z</time>
   </trkpt>
   <trkpt lat="49.7808680" lon="20.0394010">
    <ele>790.4</ele>
    <time>2025-09-07T08:13:10Z</time>
   </trkpt>
   <trkpt lat="49.7808550" lon="20.0394210">
    <ele>790.4</ele>
    <time>2025-09-07T08:13:11Z</time>
   </trkpt>
   <trkpt lat="49.7808500" lon="20.0394470">
    <ele>790.6</ele>
    <time>2025-09-07T08:13:12Z</time>
   </trkpt>
   <trkpt lat="49.7808430" lon="20.0394770">
    <ele>790.6</ele>
    <time>2025-09-07T08:13:13Z</time>
   </trkpt>
   <trkpt lat="49.7808380" lon="20.0395070">
    <ele>790.8</ele>
    <time>2025-09-07T08:13:14Z</time>
   </trkpt>
   <trkpt lat="49.7808360" lon="20.0395410">
    <ele>791.0</ele>
    <time>2025-09-07T08:13:15Z</time>
   </trkpt>
   <trkpt lat="49.7808410" lon="20.0395800">
    <ele>791.4</ele>
    <time>2025-09-07T08:13:16Z</time>
   </trkpt>
   <trkpt lat="49.7808410" lon="20.0396140">
    <ele>791.4</ele>
    <time>2025-09-07T08:13:17Z</time>
   </trkpt>
   <trkpt lat="49.7808410" lon="20.0396500">
    <ele>792.0</ele>
    <time>2025-09-07T08:13:18Z</time>
   </trkpt>
   <trkpt lat="49.7808390" lon="20.0396830">
    <ele>792.2</ele>
    <time>2025-09-07T08:13:19Z</time>
   </trkpt>
   <trkpt lat="49.7808280" lon="20.0397160">
    <ele>792.4</ele>
    <time>2025-09-07T08:13:20Z</time>
   </trkpt>
   <trkpt lat="49.7808220" lon="20.0397510">
    <ele>792.4</ele>
    <time>2025-09-07T08:13:21Z</time>
   </trkpt>
   <trkpt lat="49.7808230" lon="20.0397850">
    <ele>792.4</ele>
    <time>2025-09-07T08:13:22Z</time>
   </trkpt>
   <trkpt lat="49.7808250" lon="20.0398300">
    <ele>792.4</ele>
    <time>2025-09-07T08:13:23Z</time>
   </trkpt>
   <trkpt lat="49.7808280" lon="20.0398840">
    <ele>792.4</ele>
    <time>2025-09-07T08:13:24Z</time>
   </trkpt>
   <trkpt lat="49.7808330" lon="20.0399470">
    <ele>792.6</ele>
    <time>2025-09-07T08:13:25Z</time>
   </trkpt>
   <trkpt lat="49.7808410" lon="20.0400040">
    <ele>792.8</ele>
    <time>2025-09-07T08:13:26Z</time>
   </trkpt>
   <trkpt lat="49.7808510" lon="20.0400610">
    <ele>793.2</ele>
    <time>2025-09-07T08:13:27Z</time>
   </trkpt>
   <trkpt lat="49.7808650" lon="20.0401070">
    <ele>793.4</ele>
    <time>2025-09-07T08:13:28Z</time>
   </trkpt>
   <trkpt lat="49.7808690" lon="20.0401520">
    <ele>793.4</ele>
    <time>2025-09-07T08:13:29Z</time>
   </trkpt>
   <trkpt lat="49.7808680" lon="20.0401900">
    <ele>793.6</ele>
    <time>2025-09-07T08:13:30Z</time>
   </trkpt>
   <trkpt lat="49.7808660" lon="20.0402330">
    <ele>793.6</ele>
    <time>2025-09-07T08:13:31Z</time>
   </trkpt>
   <trkpt lat="49.7808610" lon="20.0402760">
    <ele>793.6</ele>
    <time>2025-09-07T08:13:32Z</time>
   </trkpt>
   <trkpt lat="49.7808510" lon="20.0403170">
    <ele>793.8</ele>
    <time>2025-09-07T08:13:33Z</time>
   </trkpt>
   <trkpt lat="49.7808420" lon="20.0403560">
    <ele>793.8</ele>
    <time>2025-09-07T08:13:34Z</time>
   </trkpt>
   <trkpt lat="49.7808310" lon="20.0403930">
    <ele>794.0</ele>
    <time>2025-09-07T08:13:35Z</time>
   </trkpt>
   <trkpt lat="49.7808270" lon="20.0404330">
    <ele>794.0</ele>
    <time>2025-09-07T08:13:36Z</time>
   </trkpt>
   <trkpt lat="49.7808230" lon="20.0404710">
    <ele>794.0</ele>
    <time>2025-09-07T08:13:37Z</time>
   </trkpt>
   <trkpt lat="49.7808280" lon="20.0405210">
    <ele>794.2</ele>
    <time>2025-09-07T08:13:38Z</time>
   </trkpt>
   <trkpt lat="49.7808270" lon="20.0405580">
    <ele>794.2</ele>
    <time>2025-09-07T08:13:39Z</time>
   </trkpt>
   <trkpt lat="49.7808220" lon="20.0405920">
    <ele>794.2</ele>
    <time>2025-09-07T08:13:40Z</time>
   </trkpt>
   <trkpt lat="49.7808190" lon="20.0406280">
    <ele>794.4</ele>
    <time>2025-09-07T08:13:41Z</time>
   </trkpt>
   <trkpt lat="49.7808220" lon="20.0406780">
    <ele>794.6</ele>
    <time>2025-09-07T08:13:42Z</time>
   </trkpt>
   <trkpt lat="49.7808220" lon="20.0407240">
    <ele>795.0</ele>
    <time>2025-09-07T08:13:43Z</time>
   </trkpt>
   <trkpt lat="49.7808170" lon="20.0407650">
    <ele>795.0</ele>
    <time>2025-09-07T08:13:44Z</time>
   </trkpt>
   <trkpt lat="49.7808150" lon="20.0408080">
    <ele>795.4</ele>
    <time>2025-09-07T08:13:45Z</time>
   </trkpt>
   <trkpt lat="49.7808140" lon="20.0408490">
    <ele>795.4</ele>
    <time>2025-09-07T08:13:46Z</time>
   </trkpt>
   <trkpt lat="49.7808150" lon="20.0408830">
    <ele>795.8</ele>
    <time>2025-09-07T08:13:47Z</time>
   </trkpt>
   <trkpt lat="49.7808140" lon="20.0409140">
    <ele>796.2</ele>
    <time>2025-09-07T08:13:48Z</time>
   </trkpt>
   <trkpt lat="49.7808130" lon="20.0409500">
    <ele>796.4</ele>
    <time>2025-09-07T08:13:49Z</time>
   </trkpt>
   <trkpt lat="49.7808090" lon="20.0409900">
    <ele>796.8</ele>
    <time>2025-09-07T08:13:50Z</time>
   </trkpt>
   <trkpt lat="49.7808130" lon="20.0410240">
    <ele>797.4</ele>
    <time>2025-09-07T08:13:51Z</time>
   </trkpt>
   <trkpt lat="49.7808160" lon="20.0410590">
    <ele>797.6</ele>
    <time>2025-09-07T08:13:52Z</time>
   </trkpt>
   <trkpt lat="49.7808070" lon="20.0410890">
    <ele>797.8</ele>
    <time>2025-09-07T08:13:53Z</time>
   </trkpt>
   <trkpt lat="49.7807940" lon="20.0411210">
    <ele>798.6</ele>
    <time>2025-09-07T08:13:54Z</time>
   </trkpt>
   <trkpt lat="49.7807990" lon="20.0411530">
    <ele>799.0</ele>
    <time>2025-09-07T08:13:55Z</time>
   </trkpt>
   <trkpt lat="49.7808070" lon="20.0411860">
    <ele>799.6</ele>
    <time>2025-09-07T08:13:56Z</time>
   </trkpt>
   <trkpt lat="49.7808140" lon="20.0412180">
    <ele>800.4</ele>
    <time>2025-09-07T08:13:57Z</time>
   </trkpt>
   <trkpt lat="49.7808150" lon="20.0412540">
    <ele>801.0</ele>
    <time>2025-09-07T08:13:58Z</time>
   </trkpt>
   <trkpt lat="49.7808120" lon="20.0412900">
    <ele>801.8</ele>
    <time>2025-09-07T08:13:59Z</time>
   </trkpt>
   <trkpt lat="49.7808080" lon="20.0413250">
    <ele>802.4</ele>
    <time>2025-09-07T08:14:00Z</time>
   </trkpt>
   <trkpt lat="49.7808070" lon="20.0413520">
    <ele>802.8</ele>
    <time>2025-09-07T08:14:01Z</time>
   </trkpt>
   <trkpt lat="49.7808080" lon="20.0413800">
    <ele>802.8</ele>
    <time>2025-09-07T08:14:02Z</time>
   </trkpt>
   <trkpt lat="49.7808130" lon="20.0414080">
    <ele>803.4</ele>
    <time>2025-09-07T08:14:03Z</time>
   </trkpt>
   <trkpt lat="49.7808190" lon="20.0414330">
    <ele>803.6</ele>
    <time>2025-09-07T08:14:04Z</time>
   </trkpt>
   <trkpt lat="49.7808310" lon="20.0414680">
    <ele>804.0</ele>
    <time>2025-09-07T08:14:05Z</time>
   </trkpt>
   <trkpt lat="49.7808380" lon="20.0414970">
    <ele>804.2</ele>
    <time>2025-09-07T08:14:06Z</time>
   </trkpt>
   <trkpt lat="49.7808410" lon="20.0415290">
    <ele>804.4</ele>
    <time>2025-09-07T08:14:07Z</time>
   </trkpt>
   <trkpt lat="49.7808420" lon="20.0415580">
    <ele>804.6</ele>
    <time>2025-09-07T08:14:08Z</time>
   </trkpt>
   <trkpt lat="49.7808530" lon="20.0415930">
    <ele>804.6</ele>
    <time>2025-09-07T08:14:09Z</time>
   </trkpt>
   <trkpt lat="49.7808630" lon="20.0416260">
    <ele>804.8</ele>
    <time>2025-09-07T08:14:10Z</time>
   </trkpt>
   <trkpt lat="49.7808650" lon="20.0416580">
    <ele>805.0</ele>
    <time>2025-09-07T08:14:11Z</time>
   </trkpt>
   <trkpt lat="49.7808660" lon="20.0416920">
    <ele>805.0</ele>
    <time>2025-09-07T08:14:12Z</time>
   </trkpt>
   <trkpt lat="49.7808560" lon="20.0417320">
    <ele>805.0</ele>
    <time>2025-09-07T08:14:13Z</time>
   </trkpt>
   <trkpt lat="49.7808520" lon="20.0417660">
    <ele>805.2</ele>
    <time>2025-09-07T08:14:14Z</time>
   </trkpt>
   <trkpt lat="49.7808510" lon="20.0417980">
    <ele>805.2</ele>
    <time>2025-09-07T08:14:15Z</time>
   </trkpt>
   <trkpt lat="49.7808550" lon="20.0418370">
    <ele>805.2</ele>
    <time>2025-09-07T08:14:16Z</time>
   </trkpt>
   <trkpt lat="49.7808580" lon="20.0418740">
    <ele>805.4</ele>
    <time>2025-09-07T08:14:17Z</time>
   </trkpt>
   <trkpt lat="49.7808600" lon="20.0419130">
    <ele>805.4</ele>
    <time>2025-09-07T08:14:18Z</time>
   </trkpt>
   <trkpt lat="49.7808580" lon="20.0419550">
    <ele>805.4</ele>
    <time>2025-09-07T08:14:19Z</time>
   </trkpt>
   <trkpt lat="49.7808590" lon="20.0419960">
    <ele>805.6</ele>
    <time>2025-09-07T08:14:20Z</time>
   </trkpt>
   <trkpt lat="49.7808600" lon="20.0420340">
    <ele>805.6</ele>
    <time>2025-09-07T08:14:21Z</time>
   </trkpt>
   <trkpt lat="49.7808580" lon="20.0420770">
    <ele>805.6</ele>
    <time>2025-09-07T08:14:22Z</time>
   </trkpt>
   <trkpt lat="49.7808540" lon="20.0421240">
    <ele>805.6</ele>
    <time>2025-09-07T08:14:23Z</time>
   </trkpt>
   <trkpt lat="49.7808530" lon="20.0421610">
    <ele>805.8</ele>
    <time>2025-09-07T08:14:24Z</time>
   </trkpt>
   <trkpt lat="49.7808370" lon="20.0421950">
    <ele>805.8</ele>
    <time>2025-09-07T08:14:25Z</time>
   </trkpt>
   <trkpt lat="49.7808280" lon="20.0422370">
    <ele>806.0</ele>
    <time>2025-09-07T08:14:26Z</time>
   </trkpt>
   <trkpt lat="49.7808120" lon="20.0422730">
    <ele>806.0</ele>
    <time>2025-09-07T08:14:27Z</time>
   </trkpt>
   <trkpt lat="49.7808030" lon="20.0423080">
    <ele>806.4</ele>
    <time>2025-09-07T08:14:28Z</time>
   </trkpt>
   <trkpt lat="49.7807940" lon="20.0423400">
    <ele>806.6</ele>
    <time>2025-09-07T08:14:29Z</time>
   </trkpt>
   <trkpt lat="49.7807750" lon="20.0423780">
    <ele>806.6</ele>
    <time>2025-09-07T08:14:30Z</time>
   </trkpt>
   <trkpt lat="49.7807780" lon="20.0424190">
    <ele>806.8</ele>
    <time>2025-09-07T08:14:31Z</time>
   </trkpt>
   <trkpt lat="49.7807900" lon="20.0424530">
    <ele>807.0</ele>
    <time>2025-09-07T08:14:32Z</time>
   </trkpt>
   <trkpt lat="49.7807950" lon="20.0424870">
    <ele>807.2</ele>
    <time>2025-09-07T08:14:33Z</time>
   </trkpt>
   <trkpt lat="49.7807880" lon="20.0425180">
    <ele>807.2</ele>
    <time>2025-09-07T08:14:34Z</time>
   </trkpt>
   <trkpt lat="49.7807810" lon="20.0425470">
    <ele>807.4</ele>
    <time>2025-09-07T08:14:35Z</time>
   </trkpt>
   <trkpt lat="49.7807720" lon="20.0425780">
    <ele>807.6</ele>
    <time>2025-09-07T08:14:36Z</time>
   </trkpt>
   <trkpt lat="49.7807690" lon="20.0426150">
    <ele>807.8</ele>
    <time>2025-09-07T08:14:37Z</time>
   </trkpt>
   <trkpt lat="49.7807710" lon="20.0426590">
    <ele>808.0</ele>
    <time>2025-09-07T08:14:38Z</time>
   </trkpt>
   <trkpt lat="49.7807660" lon="20.0426930">
    <ele>808.2</ele>
    <time>2025-09-07T08:14:39Z</time>
   </trkpt>
   <trkpt lat="49.7807610" lon="20.0427260">
    <ele>808.4</ele>
    <time>2025-09-07T08:14:40Z</time>
   </trkpt>
   <trkpt lat="49.7807580" lon="20.0427610">
    <ele>808.4</ele>
    <time>2025-09-07T08:14:41Z</time>
   </trkpt>
   <trkpt lat="49.7807610" lon="20.0427900">
    <ele>808.8</ele>
    <time>2025-09-07T08:14:42Z</time>
   </trkpt>
   <trkpt lat="49.7807540" lon="20.0428160">
    <ele>809.0</ele>
    <time>2025-09-07T08:14:43Z</time>
   </trkpt>
   <trkpt lat="49.7807390" lon="20.0428490">
    <ele>809.6</ele>
    <time>2025-09-07T08:14:44Z</time>
   </trkpt>
   <trkpt lat="49.7807200" lon="20.0428780">
    <ele>809.8</ele>
    <time>2025-09-07T08:14:45Z</time>
   </trkpt>
   <trkpt lat="49.7807040" lon="20.0429030">
    <ele>810.2</ele>
    <time>2025-09-07T08:14:46Z</time>
   </trkpt>
   <trkpt lat="49.7806980" lon="20.0429280">
    <ele>810.4</ele>
    <time>2025-09-07T08:14:47Z</time>
   </trkpt>
   <trkpt lat="49.7806910" lon="20.0429570">
    <ele>810.6</ele>
    <time>2025-09-07T08:14:48Z</time>
   </trkpt>
   <trkpt lat="49.7806830" lon="20.0429840">
    <ele>810.8</ele>
    <time>2025-09-07T08:14:49Z</time>
   </trkpt>
   <trkpt lat="49.7806810" lon="20.0430110">
    <ele>811.4</ele>
    <time>2025-09-07T08:14:50Z</time>
   </trkpt>
   <trkpt lat="49.7806790" lon="20.0430410">
    <ele>811.8</ele>
    <time>2025-09-07T08:14:51Z</time>
   </trkpt>
   <trkpt lat="49.7806720" lon="20.0430770">
    <ele>812.0</ele>
    <time>2025-09-07T08:14:52Z</time>
   </trkpt>
   <trkpt lat="49.7806670" lon="20.0431090">
    <ele>812.2</ele>
    <time>2025-09-07T08:14:53Z</time>
   </trkpt>
   <trkpt lat="49.7806600" lon="20.0431390">
    <ele>812.8</ele>
    <time>2025-09-07T08:14:54Z</time>
   </trkpt>
   <trkpt lat="49.7806500" lon="20.0431670">
    <ele>813.0</ele>
    <time>2025-09-07T08:14:55Z</time>
   </trkpt>
   <trkpt lat="49.7806360" lon="20.0431950">
    <ele>813.4</ele>
    <time>2025-09-07T08:14:56Z</time>
   </trkpt>
   <trkpt lat="49.7806230" lon="20.0432230">
    <ele>813.8</ele>
    <time>2025-09-07T08:14:57Z</time>
   </trkpt>
   <trkpt lat="49.7806160" lon="20.0432470">
    <ele>814.2</ele>
    <time>2025-09-07T08:14:58Z</time>
   </trkpt>
   <trkpt lat="49.7806080" lon="20.0432730">
    <ele>814.6</ele>
    <time>2025-09-07T08:14:59Z</time>
   </trkpt>
   <trkpt lat="49.7805870" lon="20.0433010">
    <ele>814.8</ele>
    <time>2025-09-07T08:15:00Z</time>
   </trkpt>
   <trkpt lat="49.7805670" lon="20.0433120">
    <ele>815.2</ele>
    <time>2025-09-07T08:15:01Z</time>
   </trkpt>
   <trkpt lat="49.7805400" lon="20.0433330">
    <ele>815.4</ele>
    <time>2025-09-07T08:15:02Z</time>
   </trkpt>
   <trkpt lat="49.7805160" lon="20.0433570">
    <ele>815.6</ele>
    <time>2025-09-07T08:15:03Z</time>
   </trkpt>
   <trkpt lat="49.7804950" lon="20.0433940">
    <ele>816.2</ele>
    <time>2025-09-07T08:15:04Z</time>
   </trkpt>
   <trkpt lat="49.7804950" lon="20.0434290">
    <ele>816.4</ele>
    <time>2025-09-07T08:15:05Z</time>
   </trkpt>
   <trkpt lat="49.7804960" lon="20.0434460">
    <ele>816.8</ele>
    <time>2025-09-07T08:15:06Z</time>
   </trkpt>
   <trkpt lat="49.7804970" lon="20.0434880">
    <ele>816.8</ele>
    <time>2025-09-07T08:15:07Z</time>
   </trkpt>
   <trkpt lat="49.7804880" lon="20.0435220">
    <ele>817.0</ele>
    <time>2025-09-07T08:15:08Z</time>
   </trkpt>
   <trkpt lat="49.7804840" lon="20.0435610">
    <ele>817.4</ele>
    <time>2025-09-07T08:15:09Z</time>
   </trkpt>
   <trkpt lat="49.7804620" lon="20.0435940">
    <ele>817.8</ele>
    <time>2025-09-07T08:15:10Z</time>
   </trkpt>
   <trkpt lat="49.7804600" lon="20.0436360">
    <ele>818.2</ele>
    <time>2025-09-07T08:15:11Z</time>
   </trkpt>
   <trkpt lat="49.7804540" lon="20.0436710">
    <ele>818.6</ele>
    <time>2025-09-07T08:15:12Z</time>
   </trkpt>
   <trkpt lat="49.7804600" lon="20.0437050">
    <ele>818.8</ele>
    <time>2025-09-07T08:15:13Z</time>
   </trkpt>
   <trkpt lat="49.7804550" lon="20.0437430">
    <ele>819.2</ele>
    <time>2025-09-07T08:15:14Z</time>
   </trkpt>
   <trkpt lat="49.7804520" lon="20.0437740">
    <ele>819.2</ele>
    <time>2025-09-07T08:15:15Z</time>
   </trkpt>
   <trkpt lat="49.7804520" lon="20.0438000">
    <ele>819.6</ele>
    <time>2025-09-07T08:15:16Z</time>
   </trkpt>
   <trkpt lat="49.7804530" lon="20.0438260">
    <ele>820.0</ele>
    <time>2025-09-07T08:15:17Z</time>
   </trkpt>
   <trkpt lat="49.7804370" lon="20.0438730">
    <ele>820.2</ele>
    <time>2025-09-07T08:15:18Z</time>
   </trkpt>
   <trkpt lat="49.7804350" lon="20.0439060">
    <ele>820.8</ele>
    <time>2025-09-07T08:15:19Z</time>
   </trkpt>
   <trkpt lat="49.7804440" lon="20.0439270">
    <ele>821.2</ele>
    <time>2025-09-07T08:15:20Z</time>
   </trkpt>
   <trkpt lat="49.7804280" lon="20.0439590">
    <ele>821.4</ele>
    <time>2025-09-07T08:15:21Z</time>
   </trkpt>
   <trkpt lat="49.7803950" lon="20.0439630">
    <ele>821.8</ele>
    <time>2025-09-07T08:15:22Z</time>
   </trkpt>
   <trkpt lat="49.7803560" lon="20.0439800">
    <ele>822.4</ele>
    <time>2025-09-07T08:15:23Z</time>
   </trkpt>
   <trkpt lat="49.7803240" lon="20.0439900">
    <ele>822.8</ele>
    <time>2025-09-07T08:15:24Z</time>
   </trkpt>
   <trkpt lat="49.7803110" lon="20.0440050">
    <ele>823.2</ele>
    <time>2025-09-07T08:15:25Z</time>
   </trkpt>
   <trkpt lat="49.7803000" lon="20.0440230">
    <ele>823.6</ele>
    <time>2025-09-07T08:15:26Z</time>
   </trkpt>
   <trkpt lat="49.7803060" lon="20.0440660">
    <ele>824.4</ele>
    <time>2025-09-07T08:15:27Z</time>
   </trkpt>
   <trkpt lat="49.7803150" lon="20.0440950">
    <ele>824.6</ele>
    <time>2025-09-07T08:15:28Z</time>
   </trkpt>
   <trkpt lat="49.7803130" lon="20.0441160">
    <ele>824.8</ele>
    <time>2025-09-07T08:15:29Z</time>
   </trkpt>
   <trkpt lat="49.7803170" lon="20.0441540">
    <ele>825.2</ele>
    <time>2025-09-07T08:15:30Z</time>
   </trkpt>
   <trkpt lat="49.7803160" lon="20.0441810">
    <ele>825.6</ele>
    <time>2025-09-07T08:15:31Z</time>
   </trkpt>
   <trkpt lat="49.7803080" lon="20.0442020">
    <ele>826.0</ele>
    <time>2025-09-07T08:15:32Z</time>
   </trkpt>
   <trkpt lat="49.7802990" lon="20.0442320">
    <ele>826.4</ele>
    <time>2025-09-07T08:15:33Z</time>
   </trkpt>
   <trkpt lat="49.7802890" lon="20.0442660">
    <ele>826.4</ele>
    <time>2025-09-07T08:15:34Z</time>
   </trkpt>
   <trkpt lat="49.7802800" lon="20.0442800">
    <ele>826.6</ele>
    <time>2025-09-07T08:15:35Z</time>
   </trkpt>
   <trkpt lat="49.7802710" lon="20.0442930">
    <ele>827.0</ele>
    <time>2025-09-07T08:15:36Z</time>
   </trkpt>
   <trkpt lat="49.7802660" lon="20.0443280">
    <ele>827.2</ele>
    <time>2025-09-07T08:15:37Z</time>
   </trkpt>
   <trkpt lat="49.7802590" lon="20.0443520">
    <ele>827.6</ele>
    <time>2025-09-07T08:15:38Z</time>
   </trkpt>
   <trkpt lat="49.7802520" lon="20.0443710">
    <ele>827.8</ele>
    <time>2025-09-07T08:15:39Z</time>
   </trkpt>
   <trkpt lat="49.7802440" lon="20.0443940">
    <ele>828.0</ele>
    <time>2025-09-07T08:15:40Z</time>
   </trkpt>
   <trkpt lat="49.7802340" lon="20.0444210">
    <ele>828.2</ele>
    <time>2025-09-07T08:15:41Z</time>
   </trkpt>
   <trkpt lat="49.7802140" lon="20.0444390">
    <ele>828.4</ele>
    <time>2025-09-07T08:15:42Z</time>
   </trkpt>
   <trkpt lat="49.7801970" lon="20.0444500">
    <ele>828.8</ele>
    <time>2025-09-07T08:15:43Z</time>
   </trkpt>
   <trkpt lat="49.7801780" lon="20.0444650">
    <ele>829.2</ele>
    <time>2025-09-07T08:15:44Z</time>
   </trkpt>
   <trkpt lat="49.7801580" lon="20.0444800">
    <ele>829.6</ele>
    <time>2025-09-07T08:15:45Z</time>
   </trkpt>
   <trkpt lat="49.7801360" lon="20.0444990">
    <ele>830.0</ele>
    <time>2025-09-07T08:15:46Z</time>
   </trkpt>
   <trkpt lat="49.7801170" lon="20.0445160">
    <ele>830.2</ele>
    <time>2025-09-07T08:15:47Z</time>
   </trkpt>
   <trkpt lat="49.7801000" lon="20.0445230">
    <ele>831.0</ele>
    <time>2025-09-07T08:15:48Z</time>
   </trkpt>
   <trkpt lat="49.7800870" lon="20.0445290">
    <ele>831.6</ele>
    <time>2025-09-07T08:15:49Z</time>
   </trkpt>
   <trkpt lat="49.7800750" lon="20.0445350">
    <ele>832.6</ele>
    <time>2025-09-07T08:15:50Z</time>
   </trkpt>
   <trkpt lat="49.7800600" lon="20.0445440">
    <ele>832.8</ele>
    <time>2025-09-07T08:15:51Z</time>
   </trkpt>
   <trkpt lat="49.7800400" lon="20.0445570">
    <ele>833.4</ele>
    <time>2025-09-07T08:15:52Z</time>
   </trkpt>
   <trkpt lat="49.7800300" lon="20.0445670">
    <ele>833.6</ele>
    <time>2025-09-07T08:15:53Z</time>
   </trkpt>
   <trkpt lat="49.7800180" lon="20.0446000">
    <ele>834.0</ele>
    <time>2025-09-07T08:15:54Z</time>
   </trkpt>
   <trkpt lat="49.7800070" lon="20.0446210">
    <ele>834.4</ele>
    <time>2025-09-07T08:15:55Z</time>
   </trkpt>
   <trkpt lat="49.7799990" lon="20.0446360">
    <ele>834.8</ele>
    <time>2025-09-07T08:15:56Z</time>
   </trkpt>
   <trkpt lat="49.7799910" lon="20.0446510">
    <ele>835.0</ele>
    <time>2025-09-07T08:15:57Z</time>
   </trkpt>
   <trkpt lat="49.7799800" lon="20.0446790">
    <ele>835.4</ele>
    <time>2025-09-07T08:15:58Z</time>
   </trkpt>
   <trkpt lat="49.7799730" lon="20.0447020">
    <ele>835.6</ele>
    <time>2025-09-07T08:15:59Z</time>
   </trkpt>
   <trkpt lat="49.7799620" lon="20.0447370">
    <ele>836.0</ele>
    <time>2025-09-07T08:16:00Z</time>
   </trkpt>
   <trkpt lat="49.7799310" lon="20.0447720">
    <ele>836.0</ele>
    <time>2025-09-07T08:16:01Z</time>
   </trkpt>
   <trkpt lat="49.7799120" lon="20.0447880">
    <ele>836.4</ele>
    <time>2025-09-07T08:16:02Z</time>
   </trkpt>
   <trkpt lat="49.7798900" lon="20.0447990">
    <ele>836.6</ele>
    <time>2025-09-07T08:16:03Z</time>
   </trkpt>
   <trkpt lat="49.7798680" lon="20.0448100">
    <ele>836.6</ele>
    <time>2025-09-07T08:16:04Z</time>
   </trkpt>
   <trkpt lat="49.7798410" lon="20.0448290">
    <ele>837.0</ele>
    <time>2025-09-07T08:16:05Z</time>
   </trkpt>
   <trkpt lat="49.7798200" lon="20.0448470">
    <ele>837.2</ele>
    <time>2025-09-07T08:16:06Z</time>
   </trkpt>
   <trkpt lat="49.7798160" lon="20.0448890">
    <ele>837.6</ele>
    <time>2025-09-07T08:16:07Z</time>
   </trkpt>
   <trkpt lat="49.7798090" lon="20.0449180">
    <ele>837.6</ele>
    <time>2025-09-07T08:16:08Z</time>
   </trkpt>
   <trkpt lat="49.7797970" lon="20.0449710">
    <ele>838.2</ele>
    <time>2025-09-07T08:16:09Z</time>
   </trkpt>
   <trkpt lat="49.7797830" lon="20.0449850">
    <ele>838.4</ele>
    <time>2025-09-07T08:16:10Z</time>
   </trkpt>
   <trkpt lat="49.7797710" lon="20.0449910">
    <ele>838.6</ele>
    <time>2025-09-07T08:16:11Z</time>
   </trkpt>
   <trkpt lat="49.7797520" lon="20.0450050">
    <ele>839.2</ele>
    <time>2025-09-07T08:16:12Z</time>
   </trkpt>
   <trkpt lat="49.7797290" lon="20.0450070">
    <ele>839.8</ele>
    <time>2025-09-07T08:16:13Z</time>
   </trkpt>
   <trkpt lat="49.7797060" lon="20.0450180">
    <ele>840.4</ele>
    <time>2025-09-07T08:16:14Z</time>
   </trkpt>
   <trkpt lat="49.7796930" lon="20.0450210">
    <ele>841.0</ele>
    <time>2025-09-07T08:16:15Z</time>
   </trkpt>
   <trkpt lat="49.7796780" lon="20.0450280">
    <ele>841.8</ele>
    <time>2025-09-07T08:16:16Z</time>
   </trkpt>
   <trkpt lat="49.7796650" lon="20.0450380">
    <ele>842.4</ele>
    <time>2025-09-07T08:16:17Z</time>
   </trkpt>
   <trkpt lat="49.7796550" lon="20.0450530">
    <ele>843.0</ele>
    <time>2025-09-07T08:16:18Z</time>
   </trkpt>
   <trkpt lat="49.7796470" lon="20.0450710">
    <ele>843.6</ele>
    <time>2025-09-07T08:16:19Z</time>
   </trkpt>
   <trkpt lat="49.7796350" lon="20.0450890">
    <ele>844.2</ele>
    <time>2025-09-07T08:16:20Z</time>
   </trkpt>
   <trkpt lat="49.7796230" lon="20.0450930">
    <ele>844.6</ele>
    <time>2025-09-07T08:16:21Z</time>
   </trkpt>
   <trkpt lat="49.7796080" lon="20.0450940">
    <ele>845.0</ele>
    <time>2025-09-07T08:16:22Z</time>
   </trkpt>
   <trkpt lat="49.7795930" lon="20.0451020">
    <ele>845.2</ele>
    <time>2025-09-07T08:16:23Z</time>
   </trkpt>
   <trkpt lat="49.7795800" lon="20.0451110">
    <ele>845.4</ele>
    <time>2025-09-07T08:16:24Z</time>
   </trkpt>
   <trkpt lat="49.7795670" lon="20.0451250">
    <ele>845.6</ele>
    <time>2025-09-07T08:16:25Z</time>
   </trkpt>
   <trkpt lat="49.7795520" lon="20.0451290">
    <ele>846.0</ele>
    <time>2025-09-07T08:16:26Z</time>
   </trkpt>
   <trkpt lat="49.7795390" lon="20.0451380">
    <ele>846.2</ele>
    <time>2025-09-07T08:16:27Z</time>
   </trkpt>
   <trkpt lat="49.7795260" lon="20.0451430">
    <ele>846.6</ele>
    <time>2025-09-07T08:16:28Z</time>
   </trkpt>
   <trkpt lat="49.7795110" lon="20.0451460">
    <ele>846.6</ele>
    <time>2025-09-07T08:16:29Z</time>
   </trkpt>
   <trkpt lat="49.7794960" lon="20.0451480">
    <ele>847.0</ele>
    <time>2025-09-07T08:16:30Z</time>
   </trkpt>
   <trkpt lat="49.7794880" lon="20.0451530">
    <ele>847.4</ele>
    <time>2025-09-07T08:16:31Z</time>
   </trkpt>
   <trkpt lat="49.7794740" lon="20.0451590">
    <ele>847.8</ele>
    <time>2025-09-07T08:16:32Z</time>
   </trkpt>
   <trkpt lat="49.7794550" lon="20.0451830">
    <ele>848.0</ele>
    <time>2025-09-07T08:16:33Z</time>
   </trkpt>
   <trkpt lat="49.7794400" lon="20.0451970">
    <ele>848.4</ele>
    <time>2025-09-07T08:16:34Z</time>
   </trkpt>
   <trkpt lat="49.7794340" lon="20.0452100">
    <ele>848.6</ele>
    <time>2025-09-07T08:16:35Z</time>
   </trkpt>
   <trkpt lat="49.7794240" lon="20.0452300">
    <ele>849.2</ele>
    <time>2025-09-07T08:16:36Z</time>
   </trkpt>
   <trkpt lat="49.7794190" lon="20.0452510">
    <ele>849.4</ele>
    <time>2025-09-07T08:16:37Z</time>
   </trkpt>
   <trkpt lat="49.7794150" lon="20.0452800">
    <ele>849.6</ele>
    <time>2025-09-07T08:16:38Z</time>
   </trkpt>
   <trkpt lat="49.7794050" lon="20.0453160">
    <ele>849.8</ele>
    <time>2025-09-07T08:16:39Z</time>
   </trkpt>
   <trkpt lat="49.7794000" lon="20.0453370">
    <ele>850.2</ele>
    <time>2025-09-07T08:16:40Z</time>
   </trkpt>
   <trkpt lat="49.7793920" lon="20.0453660">
    <ele>850.6</ele>
    <time>2025-09-07T08:16:41Z</time>
   </trkpt>
   <trkpt lat="49.7793900" lon="20.0453970">
    <ele>851.0</ele>
    <time>2025-09-07T08:16:42Z</time>
   </trkpt>
   <trkpt lat="49.7793790" lon="20.0454280">
    <ele>851.2</ele>
    <time>2025-09-07T08:16:43Z</time>
   </trkpt>
   <trkpt lat="49.7793700" lon="20.0454440">
    <ele>851.6</ele>
    <time>2025-09-07T08:16:44Z</time>
   </trkpt>
   <trkpt lat="49.7793640" lon="20.0454550">
    <ele>852.0</ele>
    <time>2025-09-07T08:16:45Z</time>
   </trkpt>
   <trkpt lat="49.7793690" lon="20.0454900">
    <ele>852.6</ele>
    <time>2025-09-07T08:16:46Z</time>
   </trkpt>
   <trkpt lat="49.7793570" lon="20.0455380">
    <ele>852.8</ele>
    <time>2025-09-07T08:16:47Z</time>
   </trkpt>
   <trkpt lat="49.7793360" lon="20.0455630">
    <ele>853.2</ele>
    <time>2025-09-07T08:16:48Z</time>
   </trkpt>
   <trkpt lat="49.7793190" lon="20.0455930">
    <ele>853.6</ele>
    <time>2025-09-07T08:16:49Z</time>
   </trkpt>
   <trkpt lat="49.7793110" lon="20.0456200">
    <ele>854.0</ele>
    <time>2025-09-07T08:16:50Z</time>
   </trkpt>
   <trkpt lat="49.7792940" lon="20.0456460">
    <ele>854.4</ele>
    <time>2025-09-07T08:16:51Z</time>
   </trkpt>
   <trkpt lat="49.7792760" lon="20.0456800">
    <ele>854.6</ele>
    <time>2025-09-07T08:16:52Z</time>
   </trkpt>
   <trkpt lat="49.7792690" lon="20.0456920">
    <ele>854.8</ele>
    <time>2025-09-07T08:16:53Z</time>
   </trkpt>
   <trkpt lat="49.7792530" lon="20.0457020">
    <ele>855.2</ele>
    <time>2025-09-07T08:16:54Z</time>
   </trkpt>
   <trkpt lat="49.7792430" lon="20.0457140">
    <ele>855.4</ele>
    <time>2025-09-07T08:16:55Z</time>
   </trkpt>
   <trkpt lat="49.7792260" lon="20.0457200">
    <ele>856.0</ele>
    <time>2025-09-07T08:16:56Z</time>
   </trkpt>
   <trkpt lat="49.7792150" lon="20.0457290">
    <ele>856.2</ele>
    <time>2025-09-07T08:16:57Z</time>
   </trkpt>
   <trkpt lat="49.7792020" lon="20.0457480">
    <ele>856.4</ele>
    <time>2025-09-07T08:16:58Z</time>
   </trkpt>
   <trkpt lat="49.7791750" lon="20.0457920">
    <ele>856.6</ele>
    <time>2025-09-07T08:16:59Z</time>
   </trkpt>
   <trkpt lat="49.7791610" lon="20.0458130">
    <ele>857.0</ele>
    <time>2025-09-07T08:17:00Z</time>
   </trkpt>
   <trkpt lat="49.7791500" lon="20.0458290">
    <ele>857.4</ele>
    <time>2025-09-07T08:17:01Z</time>
   </trkpt>
   <trkpt lat="49.7791330" lon="20.0458480">
    <ele>857.6</ele>
    <time>2025-09-07T08:17:02Z</time>
   </trkpt>
   <trkpt lat="49.7791220" lon="20.0458730">
    <ele>858.2</ele>
    <time>2025-09-07T08:17:03Z</time>
   </trkpt>
   <trkpt lat="49.7791120" lon="20.0458940">
    <ele>858.4</ele>
    <time>2025-09-07T08:17:04Z</time>
   </trkpt>
   <trkpt lat="49.7791000" lon="20.0459120">
    <ele>858.8</ele>
    <time>2025-09-07T08:17:05Z</time>
   </trkpt>
   <trkpt lat="49.7790880" lon="20.0459300">
    <ele>858.8</ele>
    <time>2025-09-07T08:17:06Z</time>
   </trkpt>
   <trkpt lat="49.7790740" lon="20.0459440">
    <ele>859.2</ele>
    <time>2025-09-07T08:17:07Z</time>
   </trkpt>
   <trkpt lat="49.7790580" lon="20.0459580">
    <ele>859.2</ele>
    <time>2025-09-07T08:17:08Z</time>
   </trkpt>
   <trkpt lat="49.7790430" lon="20.0459750">
    <ele>859.4</ele>
    <time>2025-09-07T08:17:09Z</time>
   </trkpt>
   <trkpt lat="49.7790290" lon="20.0459940">
    <ele>859.8</ele>
    <time>2025-09-07T08:17:10Z</time>
   </trkpt>
   <trkpt lat="49.7790140" lon="20.0460070">
    <ele>860.0</ele>
    <time>2025-09-07T08:17:11Z</time>
   </trkpt>
   <trkpt lat="49.7790000" lon="20.0460220">
    <ele>860.2</ele>
    <time>2025-09-07T08:17:12Z</time>
   </trkpt>
   <trkpt lat="49.7789900" lon="20.0460470">
    <ele>860.6</ele>
    <time>2025-09-07T08:17:13Z</time>
   </trkpt>
   <trkpt lat="49.7789800" lon="20.0460690">
    <ele>860.8</ele>
    <time>2025-09-07T08:17:14Z</time>
   </trkpt>
   <trkpt lat="49.7789790" lon="20.0460950">
    <ele>860.8</ele>
    <time>2025-09-07T08:17:15Z</time>
   </trkpt>
   <trkpt lat="49.7789790" lon="20.0461230">
    <ele>861.0</ele>
    <time>2025-09-07T08:17:16Z</time>
   </trkpt>
   <trkpt lat="49.7789790" lon="20.0461510">
    <ele>861.0</ele>
    <time>2025-09-07T08:17:17Z</time>
   </trkpt>
   <trkpt lat="49.7789840" lon="20.0461880">
    <ele>861.2</ele>
    <time>2025-09-07T08:17:18Z</time>
   </trkpt>
   <trkpt lat="49.7789810" lon="20.0462120">
    <ele>861.4</ele>
    <time>2025-09-07T08:17:19Z</time>
   </trkpt>
   <trkpt lat="49.7789630" lon="20.0462300">
    <ele>861.4</ele>
    <time>2025-09-07T08:17:20Z</time>
   </trkpt>
   <trkpt lat="49.7789550" lon="20.0462510">
    <ele>861.6</ele>
    <time>2025-09-07T08:17:21Z</time>
   </trkpt>
   <trkpt lat="49.7789430" lon="20.0462770">
    <ele>861.8</ele>
    <time>2025-09-07T08:17:22Z</time>
   </trkpt>
   <trkpt lat="49.7789220" lon="20.0463100">
    <ele>862.0</ele>
    <time>2025-09-07T08:17:23Z</time>
   </trkpt>
   <trkpt lat="49.7789020" lon="20.0463330">
    <ele>862.0</ele>
    <time>2025-09-07T08:17:24Z</time>
   </trkpt>
   <trkpt lat="49.7788870" lon="20.0463470">
    <ele>862.2</ele>
    <time>2025-09-07T08:17:25Z</time>
   </trkpt>
   <trkpt lat="49.7788720" lon="20.0463550">
    <ele>862.4</ele>
    <time>2025-09-07T08:17:26Z</time>
   </trkpt>
   <trkpt lat="49.7788590" lon="20.0463610">
    <ele>862.6</ele>
    <time>2025-09-07T08:17:27Z</time>
   </trkpt>
   <trkpt lat="49.7788470" lon="20.0463770">
    <ele>862.6</ele>
    <time>2025-09-07T08:17:28Z</time>
   </trkpt>
   <trkpt lat="49.7788310" lon="20.0463820">
    <ele>863.0</ele>
    <time>2025-09-07T08:17:29Z</time>
   </trkpt>
   <trkpt lat="49.7788150" lon="20.0463830">
    <ele>863.2</ele>
    <time>2025-09-07T08:17:30Z</time>
   </trkpt>
   <trkpt lat="49.7788020" lon="20.0463800">
    <ele>863.2</ele>
    <time>2025-09-07T08:17:31Z</time>
   </trkpt>
   <trkpt lat="49.7787930" lon="20.0463790">
    <ele>863.4</ele>
    <time>2025-09-07T08:17:32Z</time>
   </trkpt>
   <trkpt lat="49.7787780" lon="20.0463830">
    <ele>863.6</ele>
    <time>2025-09-07T08:17:33Z</time>
   </trkpt>
   <trkpt lat="49.7787590" lon="20.0463890">
    <ele>863.8</ele>
    <time>2025-09-07T08:17:34Z</time>
   </trkpt>
   <trkpt lat="49.7787420" lon="20.0463980">
    <ele>864.2</ele>
    <time>2025-09-07T08:17:35Z</time>
   </trkpt>
   <trkpt lat="49.7787270" lon="20.0464060">
    <ele>864.4</ele>
    <time>2025-09-07T08:17:36Z</time>
   </trkpt>
   <trkpt lat="49.7787120" lon="20.0464140">
    <ele>864.8</ele>
    <time>2025-09-07T08:17:37Z</time>
   </trkpt>
   <trkpt lat="49.7786920" lon="20.0464180">
    <ele>865.2</ele>
    <time>2025-09-07T08:17:38Z</time>
   </trkpt>
   <trkpt lat="49.7786750" lon="20.0464350">
    <ele>865.4</ele>
    <time>2025-09-07T08:17:39Z</time>
   </trkpt>
   <trkpt lat="49.7786640" lon="20.0464550">
    <ele>865.8</ele>
    <time>2025-09-07T08:17:40Z</time>
   </trkpt>
   <trkpt lat="49.7786470" lon="20.0464700">
    <ele>866.0</ele>
    <time>2025-09-07T08:17:41Z</time>
   </trkpt>
   <trkpt lat="49.7786250" lon="20.0464810">
    <ele>866.2</ele>
    <time>2025-09-07T08:17:42Z</time>
   </trkpt>
   <trkpt lat="49.7786000" lon="20.0464890">
    <ele>866.8</ele>
    <time>2025-09-07T08:17:43Z</time>
   </trkpt>
   <trkpt lat="49.7785730" lon="20.0465000">
    <ele>867.0</ele>
    <time>2025-09-07T08:17:44Z</time>
   </trkpt>
   <trkpt lat="49.7785610" lon="20.0465100">
    <ele>867.0</ele>
    <time>2025-09-07T08:17:45Z</time>
   </trkpt>
   <trkpt lat="49.7785460" lon="20.0465230">
    <ele>867.6</ele>
    <time>2025-09-07T08:17:46Z</time>
   </trkpt>
   <trkpt lat="49.7785250" lon="20.0465340">
    <ele>867.6</ele>
    <time>2025-09-07T08:17:47Z</time>
   </trkpt>
   <trkpt lat="49.7785100" lon="20.0465650">
    <ele>868.0</ele>
    <time>2025-09-07T08:17:48Z</time>
   </trkpt>
   <trkpt lat="49.7785000" lon="20.0465890">
    <ele>868.4</ele>
    <time>2025-09-07T08:17:49Z</time>
   </trkpt>
   <trkpt lat="49.7785010" lon="20.0466070">
    <ele>868.6</ele>
    <time>2025-09-07T08:17:50Z</time>
   </trkpt>
   <trkpt lat="49.7784920" lon="20.0466210">
    <ele>868.8</ele>
    <time>2025-09-07T08:17:51Z</time>
   </trkpt>
   <trkpt lat="49.7784730" lon="20.0466340">
    <ele>869.0</ele>
    <time>2025-09-07T08:17:52Z</time>
   </trkpt>
   <trkpt lat="49.7784510" lon="20.0466470">
    <ele>869.2</ele>
    <time>2025-09-07T08:17:53Z</time>
   </trkpt>
   <trkpt lat="49.7784190" lon="20.0467080">
    <ele>869.4</ele>
    <time>2025-09-07T08:17:54Z</time>
   </trkpt>
   <trkpt lat="49.7783860" lon="20.0467380">
    <ele>869.6</ele>
    <time>2025-09-07T08:17:55Z</time>
   </trkpt>
   <trkpt lat="49.7783710" lon="20.0467460">
    <ele>869.8</ele>
    <time>2025-09-07T08:17:56Z</time>
   </trkpt>
   <trkpt lat="49.7783590" lon="20.0467750">
    <ele>870.0</ele>
    <time>2025-09-07T08:17:57Z</time>
   </trkpt>
   <trkpt lat="49.7783510" lon="20.0468020">
    <ele>870.2</ele>
    <time>2025-09-07T08:17:58Z</time>
   </trkpt>
   <trkpt lat="49.7783350" lon="20.0468380">
    <ele>870.6</ele>
    <time>2025-09-07T08:17:59Z</time>
   </trkpt>
   <trkpt lat="49.7783160" lon="20.0468710">
    <ele>870.8</ele>
    <time>2025-09-07T08:18:00Z</time>
   </trkpt>
   <trkpt lat="49.7782970" lon="20.0468890">
    <ele>871.0</ele>
    <time>2025-09-07T08:18:01Z</time>
   </trkpt>
   <trkpt lat="49.7782840" lon="20.0469180">
    <ele>871.4</ele>
    <time>2025-09-07T08:18:02Z</time>
   </trkpt>
   <trkpt lat="49.7782740" lon="20.0469270">
    <ele>871.8</ele>
    <time>2025-09-07T08:18:03Z</time>
   </trkpt>
   <trkpt lat="49.7782650" lon="20.0469400">
    <ele>872.0</ele>
    <time>2025-09-07T08:18:04Z</time>
   </trkpt>
   <trkpt lat="49.7782550" lon="20.0469580">
    <ele>872.4</ele>
    <time>2025-09-07T08:18:05Z</time>
   </trkpt>
   <trkpt lat="49.7782340" lon="20.0469840">
    <ele>872.8</ele>
    <time>2025-09-07T08:18:06Z</time>
   </trkpt>
   <trkpt lat="49.7782200" lon="20.0469960">
    <ele>873.4</ele>
    <time>2025-09-07T08:18:07Z</time>
   </trkpt>
   <trkpt lat="49.7782050" lon="20.0470050">
    <ele>873.6</ele>
    <time>2025-09-07T08:18:08Z</time>
   </trkpt>
   <trkpt lat="49.7781940" lon="20.0470160">
    <ele>873.8</ele>
    <time>2025-09-07T08:18:09Z</time>
   </trkpt>
   <trkpt lat="49.7781780" lon="20.0470280">
    <ele>873.8</ele>
    <time>2025-09-07T08:18:10Z</time>
   </trkpt>
   <trkpt lat="49.7781620" lon="20.0470370">
    <ele>874.2</ele>
    <time>2025-09-07T08:18:11Z</time>
   </trkpt>
   <trkpt lat="49.7781430" lon="20.0470480">
    <ele>874.2</ele>
    <time>2025-09-07T08:18:12Z</time>
   </trkpt>
   <trkpt lat="49.7781250" lon="20.0470560">
    <ele>874.4</ele>
    <time>2025-09-07T08:18:13Z</time>
   </trkpt>
   <trkpt lat="49.7781060" lon="20.0470610">
    <ele>874.4</ele>
    <time>2025-09-07T08:18:14Z</time>
   </trkpt>
   <trkpt lat="49.7780850" lon="20.0470630">
    <ele>874.6</ele>
    <time>2025-09-07T08:18:15Z</time>
   </trkpt>
   <trkpt lat="49.7780720" lon="20.0470750">
    <ele>875.0</ele>
    <time>2025-09-07T08:18:16Z</time>
   </trkpt>
   <trkpt lat="49.7780570" lon="20.0470920">
    <ele>875.2</ele>
    <time>2025-09-07T08:18:17Z</time>
   </trkpt>
   <trkpt lat="49.7780430" lon="20.0471020">
    <ele>875.6</ele>
    <time>2025-09-07T08:18:18Z</time>
   </trkpt>
   <trkpt lat="49.7780300" lon="20.0471100">
    <ele>876.0</ele>
    <time>2025-09-07T08:18:19Z</time>
   </trkpt>
   <trkpt lat="49.7780200" lon="20.0471230">
    <ele>876.0</ele>
    <time>2025-09-07T08:18:20Z</time>
   </trkpt>
   <trkpt lat="49.7780100" lon="20.0471410">
    <ele>876.2</ele>
    <time>2025-09-07T08:18:21Z</time>
   </trkpt>
   <trkpt lat="49.7779930" lon="20.0471510">
    <ele>876.6</ele>
    <time>2025-09-07T08:18:22Z</time>
   </trkpt>
   <trkpt lat="49.7779770" lon="20.0471550">
    <ele>876.6</ele>
    <time>2025-09-07T08:18:23Z</time>
   </trkpt>
   <trkpt lat="49.7779590" lon="20.0471660">
    <ele>876.8</ele>
    <time>2025-09-07T08:18:24Z</time>
   </trkpt>
   <trkpt lat="49.7779370" lon="20.0471770">
    <ele>877.0</ele>
    <time>2025-09-07T08:18:25Z</time>
   </trkpt>
   <trkpt lat="49.7779230" lon="20.0471890">
    <ele>877.0</ele>
    <time>2025-09-07T08:18:26Z</time>
   </trkpt>
   <trkpt lat="49.7779080" lon="20.0472130">
    <ele>877.0</ele>
    <time>2025-09-07T08:18:27Z</time>
   </trkpt>
   <trkpt lat="49.7778910" lon="20.0472510">
    <ele>877.2</ele>
    <time>2025-09-07T08:18:28Z</time>
   </trkpt>
   <trkpt lat="49.7778720" lon="20.0472820">
    <ele>877.2</ele>
    <time>2025-09-07T08:18:29Z</time>
   </trkpt>
   <trkpt lat="49.7778530" lon="20.0473120">
    <ele>877.2</ele>
    <time>2025-09-07T08:18:30Z</time>
   </trkpt>
   <trkpt lat="49.7778430" lon="20.0473250">
    <ele>877.4</ele>
    <time>2025-09-07T08:18:31Z</time>
   </trkpt>
   <trkpt lat="49.7778290" lon="20.0473490">
    <ele>877.4</ele>
    <time>2025-09-07T08:18:32Z</time>
   </trkpt>
   <trkpt lat="49.7778130" lon="20.0473750">
    <ele>877.4</ele>
    <time>2025-09-07T08:18:33Z</time>
   </trkpt>
   <trkpt lat="49.7777920" lon="20.0473970">
    <ele>877.4</ele>
    <time>2025-09-07T08:18:34Z</time>
   </trkpt>
   <trkpt lat="49.7777760" lon="20.0474310">
    <ele>877.6</ele>
    <time>2025-09-07T08:18:35Z</time>
   </trkpt>
   <trkpt lat="49.7777580" lon="20.0474640">
    <ele>877.8</ele>
    <time>2025-09-07T08:18:36Z</time>
   </trkpt>
   <trkpt lat="49.7777440" lon="20.0474740">
    <ele>878.0</ele>
    <time>2025-09-07T08:18:37Z</time>
   </trkpt>
   <trkpt lat="49.7777290" lon="20.0474890">
    <ele>878.2</ele>
    <time>2025-09-07T08:18:38Z</time>
   </trkpt>
   <trkpt lat="49.7777110" lon="20.0475090">
    <ele>878.4</ele>
    <time>2025-09-07T08:18:39Z</time>
   </trkpt>
   <trkpt lat="49.7776880" lon="20.0475230">
    <ele>878.4</ele>
    <time>2025-09-07T08:18:40Z</time>
   </trkpt>
   <trkpt lat="49.7776670" lon="20.0475350">
    <ele>878.6</ele>
    <time>2025-09-07T08:18:41Z</time>
   </trkpt>
   <trkpt lat="49.7776430" lon="20.0475500">
    <ele>878.8</ele>
    <time>2025-09-07T08:18:42Z</time>
   </trkpt>
   <trkpt lat="49.7776230" lon="20.0475900">
    <ele>878.8</ele>
    <time>2025-09-07T08:18:43Z</time>
   </trkpt>
   <trkpt lat="49.7776040" lon="20.0476250">
    <ele>879.0</ele>
    <time>2025-09-07T08:18:44Z</time>
   </trkpt>
   <trkpt lat="49.7775860" lon="20.0476470">
    <ele>879.0</ele>
    <time>2025-09-07T08:18:45Z</time>
   </trkpt>
   <trkpt lat="49.7775630" lon="20.0476620">
    <ele>879.2</ele>
    <time>2025-09-07T08:18:46Z</time>
   </trkpt>
   <trkpt lat="49.7775330" lon="20.0476780">
    <ele>879.2</ele>
    <time>2025-09-07T08:18:47Z</time>
   </trkpt>
   <trkpt lat="49.7775090" lon="20.0476990">
    <ele>879.2</ele>
    <time>2025-09-07T08:18:48Z</time>
   </trkpt>
   <trkpt lat="49.7774950" lon="20.0477260">
    <ele>879.6</ele>
    <time>2025-09-07T08:18:49Z</time>
   </trkpt>
   <trkpt lat="49.7774800" lon="20.0477410">
    <ele>879.8</ele>
    <time>2025-09-07T08:18:50Z</time>
   </trkpt>
   <trkpt lat="49.7774620" lon="20.0477520">
    <ele>880.0</ele>
    <time>2025-09-07T08:18:51Z</time>
   </trkpt>
   <trkpt lat="49.7774450" lon="20.0477640">
    <ele>880.6</ele>
    <time>2025-09-07T08:18:52Z</time>
   </trkpt>
   <trkpt lat="49.7774290" lon="20.0477720">
    <ele>880.8</ele>
    <time>2025-09-07T08:18:53Z</time>
   </trkpt>
   <trkpt lat="49.7774110" lon="20.0477850">
    <ele>881.0</ele>
    <time>2025-09-07T08:18:54Z</time>
   </trkpt>
   <trkpt lat="49.7773940" lon="20.0478050">
    <ele>881.2</ele>
    <time>2025-09-07T08:18:55Z</time>
   </trkpt>
   <trkpt lat="49.7773720" lon="20.0478260">
    <ele>881.4</ele>
    <time>2025-09-07T08:18:56Z</time>
   </trkpt>
   <trkpt lat="49.7773500" lon="20.0478430">
    <ele>881.4</ele>
    <time>2025-09-07T08:18:57Z</time>
   </trkpt>
   <trkpt lat="49.7773320" lon="20.0478580">
    <ele>881.4</ele>
    <time>2025-09-07T08:18:58Z</time>
   </trkpt>
   <trkpt lat="49.7773150" lon="20.0478720">
    <ele>881.6</ele>
    <time>2025-09-07T08:18:59Z</time>
   </trkpt>
   <trkpt lat="49.7772970" lon="20.0478910">
    <ele>881.8</ele>
    <time>2025-09-07T08:19:00Z</time>
   </trkpt>
   <trkpt lat="49.7772790" lon="20.0479070">
    <ele>882.0</ele>
    <time>2025-09-07T08:19:01Z</time>
   </trkpt>
   <trkpt lat="49.7772590" lon="20.0479150">
    <ele>882.4</ele>
    <time>2025-09-07T08:19:02Z</time>
   </trkpt>
   <trkpt lat="49.7772350" lon="20.0479240">
    <ele>882.8</ele>
    <time>2025-09-07T08:19:03Z</time>
   </trkpt>
   <trkpt lat="49.7772140" lon="20.0479350">
    <ele>882.8</ele>
    <time>2025-09-07T08:19:04Z</time>
   </trkpt>
   <trkpt lat="49.7771980" lon="20.0479510">
    <ele>883.2</ele>
    <time>2025-09-07T08:19:05Z</time>
   </trkpt>
   <trkpt lat="49.7771840" lon="20.0479700">
    <ele>883.4</ele>
    <time>2025-09-07T08:19:06Z</time>
   </trkpt>
   <trkpt lat="49.7771690" lon="20.0479880">
    <ele>883.4</ele>
    <time>2025-09-07T08:19:07Z</time>
   </trkpt>
   <trkpt lat="49.7771560" lon="20.0479920">
    <ele>883.6</ele>
    <time>2025-09-07T08:19:08Z</time>
   </trkpt>
   <trkpt lat="49.7771420" lon="20.0480020">
    <ele>883.6</ele>
    <time>2025-09-07T08:19:09Z</time>
   </trkpt>
   <trkpt lat="49.7771260" lon="20.0480140">
    <ele>883.8</ele>
    <time>2025-09-07T08:19:10Z</time>
   </trkpt>
   <trkpt lat="49.7771070" lon="20.0480230">
    <ele>883.8</ele>
    <time>2025-09-07T08:19:11Z</time>
   </trkpt>
   <trkpt lat="49.7770910" lon="20.0480450">
    <ele>884.0</ele>
    <time>2025-09-07T08:19:12Z</time>
   </trkpt>
   <trkpt lat="49.7770750" lon="20.0480740">
    <ele>884.0</ele>
    <time>2025-09-07T08:19:13Z</time>
   </trkpt>
   <trkpt lat="49.7770520" lon="20.0481060">
    <ele>884.0</ele>
    <time>2025-09-07T08:19:14Z</time>
   </trkpt>
   <trkpt lat="49.7770340" lon="20.0481340">
    <ele>884.0</ele>
    <time>2025-09-07T08:19:15Z</time>
   </trkpt>
   <trkpt lat="49.7770160" lon="20.0481610">
    <ele>884.0</ele>
    <time>2025-09-07T08:19:16Z</time>
   </trkpt>
   <trkpt lat="49.7770040" lon="20.0481780">
    <ele>884.0</ele>
    <time>2025-09-07T08:19:17Z</time>
   </trkpt>
   <trkpt lat="49.7769930" lon="20.0481950">
    <ele>884.0</ele>
    <time>2025-09-07T08:19:18Z</time>
   </trkpt>
   <trkpt lat="49.7769760" lon="20.0482210">
    <ele>884.0</ele>
    <time>2025-09-07T08:19:19Z</time>
   </trkpt>
   <trkpt lat="49.7769620" lon="20.0482380">
    <ele>884.2</ele>
    <time>2025-09-07T08:19:20Z</time>
   </trkpt>
   <trkpt lat="49.7769530" lon="20.0482510">
    <ele>884.2</ele>
    <time>2025-09-07T08:19:21Z</time>
   </trkpt>
   <trkpt lat="49.7769420" lon="20.0482740">
    <ele>884.4</ele>
    <time>2025-09-07T08:19:22Z</time>
   </trkpt>
   <trkpt lat="49.7769280" lon="20.0482880">
    <ele>884.4</ele>
    <time>2025-09-07T08:19:23Z</time>
   </trkpt>
   <trkpt lat="49.7769040" lon="20.0483100">
    <ele>884.4</ele>
    <time>2025-09-07T08:19:24Z</time>
   </trkpt>
   <trkpt lat="49.7768830" lon="20.0483260">
    <ele>884.4</ele>
    <time>2025-09-07T08:19:25Z</time>
   </trkpt>
   <trkpt lat="49.7768720" lon="20.0483380">
    <ele>884.4</ele>
    <time>2025-09-07T08:19:26Z</time>
   </trkpt>
   <trkpt lat="49.7768540" lon="20.0483560">
    <ele>884.2</ele>
    <time>2025-09-07T08:19:27Z</time>
   </trkpt>
   <trkpt lat="49.7768270" lon="20.0483760">
    <ele>884.2</ele>
    <time>2025-09-07T08:19:28Z</time>
   </trkpt>
   <trkpt lat="49.7767660" lon="20.0484560">
    <ele>884.2</ele>
    <time>2025-09-07T08:19:32Z</time>
   </trkpt>
   <trkpt lat="49.7767390" lon="20.0484950">
    <ele>884.2</ele>
    <time>2025-09-07T08:19:34Z</time>
   </trkpt>
   <trkpt lat="49.7767060" lon="20.0485520">
    <ele>884.2</ele>
    <time>2025-09-07T08:19:36Z</time>
   </trkpt>
   <trkpt lat="49.7766860" lon="20.0485680">
    <ele>884.2</ele>
    <time>2025-09-07T08:19:37Z</time>
   </trkpt>
   <trkpt lat="49.7766750" lon="20.0485860">
    <ele>884.2</ele>
    <time>2025-09-07T08:19:38Z</time>
   </trkpt>
   <trkpt lat="49.7766640" lon="20.0486020">
    <ele>884.2</ele>
    <time>2025-09-07T08:19:39Z</time>
   </trkpt>
   <trkpt lat="49.7766480" lon="20.0486210">
    <ele>884.2</ele>
    <time>2025-09-07T08:19:40Z</time>
   </trkpt>
   <trkpt lat="49.7765790" lon="20.0487040">
    <ele>884.2</ele>
    <time>2025-09-07T08:19:44Z</time>
   </trkpt>
   <trkpt lat="49.7765620" lon="20.0487240">
    <ele>884.2</ele>
    <time>2025-09-07T08:19:45Z</time>
   </trkpt>
   <trkpt lat="49.7765310" lon="20.0487520">
    <ele>884.2</ele>
    <time>2025-09-07T08:19:47Z</time>
   </trkpt>
   <trkpt lat="49.7765130" lon="20.0487760">
    <ele>884.2</ele>
    <time>2025-09-07T08:19:48Z</time>
   </trkpt>
   <trkpt lat="49.7764440" lon="20.0488450">
    <ele>884.2</ele>
    <time>2025-09-07T08:19:52Z</time>
   </trkpt>
   <trkpt lat="49.7764250" lon="20.0488610">
    <ele>884.2</ele>
    <time>2025-09-07T08:19:53Z</time>
   </trkpt>
   <trkpt lat="49.7764040" lon="20.0488840">
    <ele>884.0</ele>
    <time>2025-09-07T08:19:54Z</time>
   </trkpt>
   <trkpt lat="49.7763670" lon="20.0489310">
    <ele>884.0</ele>
    <time>2025-09-07T08:19:56Z</time>
   </trkpt>
   <trkpt lat="49.7763350" lon="20.0489580">
    <ele>883.6</ele>
    <time>2025-09-07T08:19:58Z</time>
   </trkpt>
   <trkpt lat="49.7762860" lon="20.0490010">
    <ele>883.4</ele>
    <time>2025-09-07T08:20:00Z</time>
   </trkpt>
   <trkpt lat="49.7762600" lon="20.0490100">
    <ele>883.2</ele>
    <time>2025-09-07T08:20:01Z</time>
   </trkpt>
   <trkpt lat="49.7762130" lon="20.0490100">
    <ele>883.0</ele>
    <time>2025-09-07T08:20:03Z</time>
   </trkpt>
   <trkpt lat="49.7761960" lon="20.0490080">
    <ele>883.0</ele>
    <time>2025-09-07T08:20:04Z</time>
   </trkpt>
   <trkpt lat="49.7761800" lon="20.0490090">
    <ele>883.0</ele>
    <time>2025-09-07T08:20:05Z</time>
   </trkpt>
   <trkpt lat="49.7761610" lon="20.0490110">
    <ele>883.0</ele>
    <time>2025-09-07T08:20:06Z</time>
   </trkpt>
   <trkpt lat="49.7761120" lon="20.0489940">
    <ele>883.2</ele>
    <time>2025-09-07T08:20:09Z</time>
   </trkpt>
   <trkpt lat="49.7760960" lon="20.0489910">
    <ele>883.2</ele>
    <time>2025-09-07T08:20:10Z</time>
   </trkpt>
   <trkpt lat="49.7760830" lon="20.0489970">
    <ele>883.2</ele>
    <time>2025-09-07T08:20:11Z</time>
   </trkpt>
   <trkpt lat="49.7760690" lon="20.0490070">
    <ele>883.2</ele>
    <time>2025-09-07T08:20:12Z</time>
   </trkpt>
   <trkpt lat="49.7760510" lon="20.0490240">
    <ele>883.2</ele>
    <time>2025-09-07T08:20:13Z</time>
   </trkpt>
   <trkpt lat="49.7760340" lon="20.0490270">
    <ele>883.2</ele>
    <time>2025-09-07T08:20:14Z</time>
   </trkpt>
   <trkpt lat="49.7760200" lon="20.0490290">
    <ele>883.2</ele>
    <time>2025-09-07T08:20:15Z</time>
   </trkpt>
   <trkpt lat="49.7759880" lon="20.0490310">
    <ele>883.2</ele>
    <time>2025-09-07T08:20:17Z</time>
   </trkpt>
   <trkpt lat="49.7759690" lon="20.0490380">
    <ele>883.4</ele>
    <time>2025-09-07T08:20:18Z</time>
   </trkpt>
   <trkpt lat="49.7759490" lon="20.0490510">
    <ele>883.4</ele>
    <time>2025-09-07T08:20:19Z</time>
   </trkpt>
   <trkpt lat="49.7759260" lon="20.0490590">
    <ele>883.4</ele>
    <time>2025-09-07T08:20:20Z</time>
   </trkpt>
   <trkpt lat="49.7758790" lon="20.0490780">
    <ele>883.4</ele>
    <time>2025-09-07T08:20:23Z</time>
   </trkpt>
   <trkpt lat="49.7758350" lon="20.0491070">
    <ele>883.2</ele>
    <time>2025-09-07T08:20:25Z</time>
   </trkpt>
   <trkpt lat="49.7757960" lon="20.0491360">
    <ele>883.2</ele>
    <time>2025-09-07T08:20:27Z</time>
   </trkpt>
   <trkpt lat="49.7757810" lon="20.0491450">
    <ele>883.2</ele>
    <time>2025-09-07T08:20:28Z</time>
   </trkpt>
   <trkpt lat="49.7757370" lon="20.0491890">
    <ele>883.2</ele>
    <time>2025-09-07T08:20:30Z</time>
   </trkpt>
   <trkpt lat="49.7757130" lon="20.0492240">
    <ele>883.2</ele>
    <time>2025-09-07T08:20:31Z</time>
   </trkpt>
   <trkpt lat="49.7756390" lon="20.0493040">
    <ele>883.4</ele>
    <time>2025-09-07T08:20:34Z</time>
   </trkpt>
   <trkpt lat="49.7756160" lon="20.0493320">
    <ele>883.6</ele>
    <time>2025-09-07T08:20:35Z</time>
   </trkpt>
   <trkpt lat="49.7755970" lon="20.0493480">
    <ele>883.6</ele>
    <time>2025-09-07T08:20:36Z</time>
   </trkpt>
   <trkpt lat="49.7755870" lon="20.0493580">
    <ele>883.6</ele>
    <time>2025-09-07T08:20:37Z</time>
   </trkpt>
   <trkpt lat="49.7755630" lon="20.0493820">
    <ele>883.6</ele>
    <time>2025-09-07T08:20:38Z</time>
   </trkpt>
   <trkpt lat="49.7754980" lon="20.0494920">
    <ele>883.8</ele>
    <time>2025-09-07T08:20:42Z</time>
   </trkpt>
   <trkpt lat="49.7754840" lon="20.0495030">
    <ele>883.8</ele>
    <time>2025-09-07T08:20:43Z</time>
   </trkpt>
   <trkpt lat="49.7754680" lon="20.0495230">
    <ele>883.8</ele>
    <time>2025-09-07T08:20:44Z</time>
   </trkpt>
   <trkpt lat="49.7754500" lon="20.0495280">
    <ele>884.0</ele>
    <time>2025-09-07T08:20:45Z</time>
   </trkpt>
   <trkpt lat="49.7754020" lon="20.0495320">
    <ele>884.0</ele>
    <time>2025-09-07T08:20:46Z</time>
   </trkpt>
   <trkpt lat="49.7753830" lon="20.0495310">
    <ele>884.0</ele>
    <time>2025-09-07T08:20:47Z</time>
   </trkpt>
   <trkpt lat="49.7753680" lon="20.0495420">
    <ele>884.2</ele>
    <time>2025-09-07T08:20:48Z</time>
   </trkpt>
   <trkpt lat="49.7753500" lon="20.0495540">
    <ele>884.4</ele>
    <time>2025-09-07T08:20:49Z</time>
   </trkpt>
   <trkpt lat="49.7753330" lon="20.0495610">
    <ele>884.4</ele>
    <time>2025-09-07T08:20:50Z</time>
   </trkpt>
   <trkpt lat="49.7753120" lon="20.0495650">
    <ele>884.6</ele>
    <time>2025-09-07T08:20:51Z</time>
   </trkpt>
   <trkpt lat="49.7752920" lon="20.0495620">
    <ele>884.8</ele>
    <time>2025-09-07T08:20:52Z</time>
   </trkpt>
   <trkpt lat="49.7752750" lon="20.0495560">
    <ele>885.0</ele>
    <time>2025-09-07T08:20:53Z</time>
   </trkpt>
   <trkpt lat="49.7752570" lon="20.0495570">
    <ele>885.2</ele>
    <time>2025-09-07T08:20:54Z</time>
   </trkpt>
   <trkpt lat="49.7752440" lon="20.0495700">
    <ele>885.2</ele>
    <time>2025-09-07T08:20:55Z</time>
   </trkpt>
   <trkpt lat="49.7752270" lon="20.0495850">
    <ele>885.4</ele>
    <time>2025-09-07T08:20:56Z</time>
   </trkpt>
   <trkpt lat="49.7752140" lon="20.0496010">
    <ele>885.4</ele>
    <time>2025-09-07T08:20:57Z</time>
   </trkpt>
   <trkpt lat="49.7752020" lon="20.0496190">
    <ele>885.4</ele>
    <time>2025-09-07T08:20:58Z</time>
   </trkpt>
   <trkpt lat="49.7751880" lon="20.0496410">
    <ele>885.4</ele>
    <time>2025-09-07T08:20:59Z</time>
   </trkpt>
   <trkpt lat="49.7751160" lon="20.0497200">
    <ele>885.0</ele>
    <time>2025-09-07T08:21:03Z</time>
   </trkpt>
   <trkpt lat="49.7750950" lon="20.0497370">
    <ele>884.8</ele>
    <time>2025-09-07T08:21:04Z</time>
   </trkpt>
   <trkpt lat="49.7750730" lon="20.0497410">
    <ele>884.8</ele>
    <time>2025-09-07T08:21:05Z</time>
   </trkpt>
   <trkpt lat="49.7750540" lon="20.0497420">
    <ele>884.8</ele>
    <time>2025-09-07T08:21:06Z</time>
   </trkpt>
   <trkpt lat="49.7750350" lon="20.0497370">
    <ele>884.8</ele>
    <time>2025-09-07T08:21:07Z</time>
   </trkpt>
   <trkpt lat="49.7750150" lon="20.0497300">
    <ele>884.6</ele>
    <time>2025-09-07T08:21:08Z</time>
   </trkpt>
   <trkpt lat="49.7749930" lon="20.0497310">
    <ele>884.6</ele>
    <time>2025-09-07T08:21:09Z</time>
   </trkpt>
   <trkpt lat="49.7749520" lon="20.0497550">
    <ele>884.6</ele>
    <time>2025-09-07T08:21:11Z</time>
   </trkpt>
   <trkpt lat="49.7749280" lon="20.0497610">
    <ele>884.6</ele>
    <time>2025-09-07T08:21:12Z</time>
   </trkpt>
   <trkpt lat="49.7749120" lon="20.0497600">
    <ele>884.6</ele>
    <time>2025-09-07T08:21:13Z</time>
   </trkpt>
   <trkpt lat="49.7748940" lon="20.0497630">
    <ele>884.6</ele>
    <time>2025-09-07T08:21:14Z</time>
   </trkpt>
   <trkpt lat="49.7747610" lon="20.0497890">
    <ele>884.2</ele>
    <time>2025-09-07T08:21:19Z</time>
   </trkpt>
   <trkpt lat="49.7747230" lon="20.0498050">
    <ele>883.8</ele>
    <time>2025-09-07T08:21:20Z</time>
   </trkpt>
   <trkpt lat="49.7746890" lon="20.0498210">
    <ele>883.4</ele>
    <time>2025-09-07T08:21:21Z</time>
   </trkpt>
   <trkpt lat="49.7746130" lon="20.0498190">
    <ele>882.2</ele>
    <time>2025-09-07T08:21:23Z</time>
   </trkpt>
   <trkpt lat="49.7745760" lon="20.0498180">
    <ele>881.6</ele>
    <time>2025-09-07T08:21:24Z</time>
   </trkpt>
   <trkpt lat="49.7745370" lon="20.0498290">
    <ele>881.4</ele>
    <time>2025-09-07T08:21:25Z</time>
   </trkpt>
   <trkpt lat="49.7745030" lon="20.0498520">
    <ele>881.2</ele>
    <time>2025-09-07T08:21:26Z</time>
   </trkpt>
   <trkpt lat="49.7744500" lon="20.0499450">
    <ele>881.0</ele>
    <time>2025-09-07T08:21:28Z</time>
   </trkpt>
   <trkpt lat="49.7744280" lon="20.0499870">
    <ele>880.6</ele>
    <time>2025-09-07T08:21:29Z</time>
   </trkpt>
   <trkpt lat="49.7744040" lon="20.0500420">
    <ele>880.4</ele>
    <time>2025-09-07T08:21:30Z</time>
   </trkpt>
   <trkpt lat="49.7743850" lon="20.0501110">
    <ele>880.0</ele>
    <time>2025-09-07T08:21:31Z</time>
   </trkpt>
   <trkpt lat="49.7743390" lon="20.0502450">
    <ele>878.8</ele>
    <time>2025-09-07T08:21:33Z</time>
   </trkpt>
   <trkpt lat="49.7743030" lon="20.0503140">
    <ele>878.6</ele>
    <time>2025-09-07T08:21:34Z</time>
   </trkpt>
   <trkpt lat="49.7742550" lon="20.0503780">
    <ele>878.4</ele>
    <time>2025-09-07T08:21:35Z</time>
   </trkpt>
   <trkpt lat="49.7742220" lon="20.0504180">
    <ele>878.4</ele>
    <time>2025-09-07T08:21:36Z</time>
   </trkpt>
   <trkpt lat="49.7741870" lon="20.0504530">
    <ele>878.2</ele>
    <time>2025-09-07T08:21:37Z</time>
   </trkpt>
   <trkpt lat="49.7741520" lon="20.0504890">
    <ele>878.2</ele>
    <time>2025-09-07T08:21:38Z</time>
   </trkpt>
   <trkpt lat="49.7740890" lon="20.0505710">
    <ele>877.6</ele>
    <time>2025-09-07T08:21:40Z</time>
   </trkpt>
   <trkpt lat="49.7740100" lon="20.0506090">
    <ele>877.4</ele>
    <time>2025-09-07T08:21:42Z</time>
   </trkpt>
   <trkpt lat="49.7739620" lon="20.0506260">
    <ele>877.2</ele>
    <time>2025-09-07T08:21:43Z</time>
   </trkpt>
   <trkpt lat="49.7739130" lon="20.0506530">
    <ele>877.2</ele>
    <time>2025-09-07T08:21:44Z</time>
   </trkpt>
   <trkpt lat="49.7738840" lon="20.0506720">
    <ele>877.2</ele>
    <time>2025-09-07T08:21:45Z</time>
   </trkpt>
   <trkpt lat="49.7738570" lon="20.0506910">
    <ele>877.4</ele>
    <time>2025-09-07T08:21:46Z</time>
   </trkpt>
   <trkpt lat="49.7738340" lon="20.0507000">
    <ele>877.8</ele>
    <time>2025-09-07T08:21:47Z</time>
   </trkpt>
   <trkpt lat="49.7738070" lon="20.0507280">
    <ele>877.8</ele>
    <time>2025-09-07T08:21:48Z</time>
   </trkpt>
   <trkpt lat="49.7737760" lon="20.0507440">
    <ele>877.8</ele>
    <time>2025-09-07T08:21:49Z</time>
   </trkpt>
   <trkpt lat="49.7737510" lon="20.0507670">
    <ele>877.8</ele>
    <time>2025-09-07T08:21:50Z</time>
   </trkpt>
   <trkpt lat="49.7736850" lon="20.0508210">
    <ele>877.4</ele>
    <time>2025-09-07T08:21:52Z</time>
   </trkpt>
   <trkpt lat="49.7736480" lon="20.0508560">
    <ele>877.2</ele>
    <time>2025-09-07T08:21:53Z</time>
   </trkpt>
   <trkpt lat="49.7736050" lon="20.0508650">
    <ele>876.8</ele>
    <time>2025-09-07T08:21:54Z</time>
   </trkpt>
   <trkpt lat="49.7735660" lon="20.0508810">
    <ele>876.6</ele>
    <time>2025-09-07T08:21:55Z</time>
   </trkpt>
   <trkpt lat="49.7735320" lon="20.0509100">
    <ele>876.4</ele>
    <time>2025-09-07T08:21:56Z</time>
   </trkpt>
   <trkpt lat="49.7734550" lon="20.0510030">
    <ele>876.0</ele>
    <time>2025-09-07T08:21:58Z</time>
   </trkpt>
   <trkpt lat="49.7734180" lon="20.0510180">
    <ele>875.8</ele>
    <time>2025-09-07T08:21:59Z</time>
   </trkpt>
   <trkpt lat="49.7733530" lon="20.0510650">
    <ele>875.4</ele>
    <time>2025-09-07T08:22:01Z</time>
   </trkpt>
   <trkpt lat="49.7733210" lon="20.0510800">
    <ele>875.2</ele>
    <time>2025-09-07T08:22:02Z</time>
   </trkpt>
   <trkpt lat="49.7732900" lon="20.0510830">
    <ele>875.2</ele>
    <time>2025-09-07T08:22:03Z</time>
   </trkpt>
   <trkpt lat="49.7732630" lon="20.0510880">
    <ele>875.2</ele>
    <time>2025-09-07T08:22:04Z</time>
   </trkpt>
   <trkpt lat="49.7732020" lon="20.0510900">
    <ele>875.2</ele>
    <time>2025-09-07T08:22:06Z</time>
   </trkpt>
   <trkpt lat="49.7731780" lon="20.0510880">
    <ele>875.4</ele>
    <time>2025-09-07T08:22:07Z</time>
   </trkpt>
   <trkpt lat="49.7731670" lon="20.0510870">
    <ele>875.6</ele>
    <time>2025-09-07T08:22:08Z</time>
   </trkpt>
   <trkpt lat="49.7731600" lon="20.0510870">
    <ele>875.6</ele>
    <time>2025-09-07T08:22:09Z</time>
   </trkpt>
   <trkpt lat="49.7731310" lon="20.0510770">
    <ele>875.8</ele>
    <time>2025-09-07T08:22:11Z</time>
   </trkpt>
   <trkpt lat="49.7731180" lon="20.0510720">
    <ele>875.8</ele>
    <time>2025-09-07T08:22:12Z</time>
   </trkpt>
   <trkpt lat="49.7731000" lon="20.0510720">
    <ele>876.0</ele>
    <time>2025-09-07T08:22:13Z</time>
   </trkpt>
   <trkpt lat="49.7730800" lon="20.0510750">
    <ele>876.0</ele>
    <time>2025-09-07T08:22:14Z</time>
   </trkpt>
   <trkpt lat="49.7730510" lon="20.0510670">
    <ele>876.2</ele>
    <time>2025-09-07T08:22:16Z</time>
   </trkpt>
   <trkpt lat="49.7730310" lon="20.0510630">
    <ele>876.4</ele>
    <time>2025-09-07T08:22:17Z</time>
   </trkpt>
   <trkpt lat="49.7730080" lon="20.0510600">
    <ele>876.6</ele>
    <time>2025-09-07T08:22:18Z</time>
   </trkpt>
   <trkpt lat="49.7729860" lon="20.0510650">
    <ele>876.8</ele>
    <time>2025-09-07T08:22:19Z</time>
   </trkpt>
   <trkpt lat="49.7729080" lon="20.0510930">
    <ele>877.0</ele>
    <time>2025-09-07T08:22:22Z</time>
   </trkpt>
   <trkpt lat="49.7728870" lon="20.0510940">
    <ele>877.2</ele>
    <time>2025-09-07T08:22:23Z</time>
   </trkpt>
   <trkpt lat="49.7728620" lon="20.0511020">
    <ele>877.6</ele>
    <time>2025-09-07T08:22:24Z</time>
   </trkpt>
   <trkpt lat="49.7728370" lon="20.0511160">
    <ele>877.8</ele>
    <time>2025-09-07T08:22:25Z</time>
   </trkpt>
   <trkpt lat="49.7728050" lon="20.0511290">
    <ele>878.0</ele>
    <time>2025-09-07T08:22:26Z</time>
   </trkpt>
   <trkpt lat="49.7727880" lon="20.0511240">
    <ele>878.2</ele>
    <time>2025-09-07T08:22:27Z</time>
   </trkpt>
   <trkpt lat="49.7727670" lon="20.0511200">
    <ele>878.6</ele>
    <time>2025-09-07T08:22:28Z</time>
   </trkpt>
   <trkpt lat="49.7727410" lon="20.0511230">
    <ele>878.6</ele>
    <time>2025-09-07T08:22:29Z</time>
   </trkpt>
   <trkpt lat="49.7727090" lon="20.0511250">
    <ele>878.6</ele>
    <time>2025-09-07T08:22:30Z</time>
   </trkpt>
   <trkpt lat="49.7726580" lon="20.0511370">
    <ele>878.8</ele>
    <time>2025-09-07T08:22:32Z</time>
   </trkpt>
   <trkpt lat="49.7726350" lon="20.0511530">
    <ele>878.8</ele>
    <time>2025-09-07T08:22:33Z</time>
   </trkpt>
   <trkpt lat="49.7726130" lon="20.0511890">
    <ele>879.4</ele>
    <time>2025-09-07T08:22:34Z</time>
   </trkpt>
   <trkpt lat="49.7725870" lon="20.0511950">
    <ele>879.4</ele>
    <time>2025-09-07T08:22:35Z</time>
   </trkpt>
   <trkpt lat="49.7725620" lon="20.0511950">
    <ele>879.4</ele>
    <time>2025-09-07T08:22:36Z</time>
   </trkpt>
   <trkpt lat="49.7725350" lon="20.0511990">
    <ele>879.6</ele>
    <time>2025-09-07T08:22:37Z</time>
   </trkpt>
   <trkpt lat="49.7725200" lon="20.0512210">
    <ele>880.0</ele>
    <time>2025-09-07T08:22:38Z</time>
   </trkpt>
   <trkpt lat="49.7725220" lon="20.0512680">
    <ele>880.4</ele>
    <time>2025-09-07T08:22:39Z</time>
   </trkpt>
   <trkpt lat="49.7725130" lon="20.0512800">
    <ele>880.4</ele>
    <time>2025-09-07T08:22:40Z</time>
   </trkpt>
   <trkpt lat="49.7724950" lon="20.0512850">
    <ele>881.0</ele>
    <time>2025-09-07T08:22:41Z</time>
   </trkpt>
   <trkpt lat="49.7724790" lon="20.0512900">
    <ele>881.2</ele>
    <time>2025-09-07T08:22:42Z</time>
   </trkpt>
   <trkpt lat="49.7724650" lon="20.0512970">
    <ele>881.6</ele>
    <time>2025-09-07T08:22:43Z</time>
   </trkpt>
   <trkpt lat="49.7724540" lon="20.0513100">
    <ele>882.0</ele>
    <time>2025-09-07T08:22:44Z</time>
   </trkpt>
   <trkpt lat="49.7724390" lon="20.0513270">
    <ele>882.4</ele>
    <time>2025-09-07T08:22:45Z</time>
   </trkpt>
   <trkpt lat="49.7724220" lon="20.0513380">
    <ele>882.8</ele>
    <time>2025-09-07T08:22:46Z</time>
   </trkpt>
   <trkpt lat="49.7724030" lon="20.0513420">
    <ele>883.0</ele>
    <time>2025-09-07T08:22:47Z</time>
   </trkpt>
   <trkpt lat="49.7723790" lon="20.0513500">
    <ele>883.6</ele>
    <time>2025-09-07T08:22:48Z</time>
   </trkpt>
   <trkpt lat="49.7723520" lon="20.0513580">
    <ele>883.8</ele>
    <time>2025-09-07T08:22:49Z</time>
   </trkpt>
   <trkpt lat="49.7723250" lon="20.0513750">
    <ele>884.0</ele>
    <time>2025-09-07T08:22:50Z</time>
   </trkpt>
   <trkpt lat="49.7723060" lon="20.0513780">
    <ele>884.4</ele>
    <time>2025-09-07T08:22:51Z</time>
   </trkpt>
   <trkpt lat="49.7722860" lon="20.0513780">
    <ele>884.6</ele>
    <time>2025-09-07T08:22:52Z</time>
   </trkpt>
   <trkpt lat="49.7722680" lon="20.0513820">
    <ele>885.2</ele>
    <time>2025-09-07T08:22:53Z</time>
   </trkpt>
   <trkpt lat="49.7722490" lon="20.0513800">
    <ele>885.2</ele>
    <time>2025-09-07T08:22:54Z</time>
   </trkpt>
   <trkpt lat="49.7722300" lon="20.0513800">
    <ele>885.4</ele>
    <time>2025-09-07T08:22:55Z</time>
   </trkpt>
   <trkpt lat="49.7722040" lon="20.0513790">
    <ele>885.6</ele>
    <time>2025-09-07T08:22:56Z</time>
   </trkpt>
   <trkpt lat="49.7721780" lon="20.0513870">
    <ele>885.6</ele>
    <time>2025-09-07T08:22:57Z</time>
   </trkpt>
   <trkpt lat="49.7721610" lon="20.0514080">
    <ele>885.8</ele>
    <time>2025-09-07T08:22:58Z</time>
   </trkpt>
   <trkpt lat="49.7721420" lon="20.0514290">
    <ele>885.8</ele>
    <time>2025-09-07T08:22:59Z</time>
   </trkpt>
   <trkpt lat="49.7721260" lon="20.0514590">
    <ele>885.8</ele>
    <time>2025-09-07T08:23:00Z</time>
   </trkpt>
   <trkpt lat="49.7721100" lon="20.0514770">
    <ele>886.2</ele>
    <time>2025-09-07T08:23:01Z</time>
   </trkpt>
   <trkpt lat="49.7720910" lon="20.0514940">
    <ele>886.2</ele>
    <time>2025-09-07T08:23:02Z</time>
   </trkpt>
   <trkpt lat="49.7720700" lon="20.0515020">
    <ele>886.4</ele>
    <time>2025-09-07T08:23:03Z</time>
   </trkpt>
   <trkpt lat="49.7720500" lon="20.0515160">
    <ele>886.6</ele>
    <time>2025-09-07T08:23:04Z</time>
   </trkpt>
   <trkpt lat="49.7720340" lon="20.0515230">
    <ele>886.8</ele>
    <time>2025-09-07T08:23:05Z</time>
   </trkpt>
   <trkpt lat="49.7720150" lon="20.0515270">
    <ele>887.0</ele>
    <time>2025-09-07T08:23:06Z</time>
   </trkpt>
   <trkpt lat="49.7719950" lon="20.0515380">
    <ele>887.2</ele>
    <time>2025-09-07T08:23:07Z</time>
   </trkpt>
   <trkpt lat="49.7719690" lon="20.0515480">
    <ele>887.2</ele>
    <time>2025-09-07T08:23:08Z</time>
   </trkpt>
   <trkpt lat="49.7719530" lon="20.0515650">
    <ele>887.4</ele>
    <time>2025-09-07T08:23:09Z</time>
   </trkpt>
   <trkpt lat="49.7719330" lon="20.0515800">
    <ele>887.6</ele>
    <time>2025-09-07T08:23:10Z</time>
   </trkpt>
   <trkpt lat="49.7719170" lon="20.0515880">
    <ele>888.0</ele>
    <time>2025-09-07T08:23:11Z</time>
   </trkpt>
   <trkpt lat="49.7718960" lon="20.0516090">
    <ele>888.2</ele>
    <time>2025-09-07T08:23:12Z</time>
   </trkpt>
   <trkpt lat="49.7718730" lon="20.0516290">
    <ele>888.4</ele>
    <time>2025-09-07T08:23:13Z</time>
   </trkpt>
   <trkpt lat="49.7718480" lon="20.0516520">
    <ele>888.6</ele>
    <time>2025-09-07T08:23:14Z</time>
   </trkpt>
   <trkpt lat="49.7718180" lon="20.0516630">
    <ele>888.8</ele>
    <time>2025-09-07T08:23:15Z</time>
   </trkpt>
   <trkpt lat="49.7717920" lon="20.0516690">
    <ele>889.0</ele>
    <time>2025-09-07T08:23:16Z</time>
   </trkpt>
   <trkpt lat="49.7717730" lon="20.0516790">
    <ele>889.0</ele>
    <time>2025-09-07T08:23:17Z</time>
   </trkpt>
   <trkpt lat="49.7717550" lon="20.0516930">
    <ele>889.2</ele>
    <time>2025-09-07T08:23:18Z</time>
   </trkpt>
   <trkpt lat="49.7717360" lon="20.0517230">
    <ele>889.4</ele>
    <time>2025-09-07T08:23:19Z</time>
   </trkpt>
   <trkpt lat="49.7717140" lon="20.0517390">
    <ele>889.4</ele>
    <time>2025-09-07T08:23:20Z</time>
   </trkpt>
   <trkpt lat="49.7716880" lon="20.0517490">
    <ele>889.4</ele>
    <time>2025-09-07T08:23:21Z</time>
   </trkpt>
   <trkpt lat="49.7716680" lon="20.0517670">
    <ele>889.6</ele>
    <time>2025-09-07T08:23:22Z</time>
   </trkpt>
   <trkpt lat="49.7716470" lon="20.0517790">
    <ele>889.8</ele>
    <time>2025-09-07T08:23:23Z</time>
   </trkpt>
   <trkpt lat="49.7716230" lon="20.0517860">
    <ele>890.0</ele>
    <time>2025-09-07T08:23:24Z</time>
   </trkpt>
   <trkpt lat="49.7716030" lon="20.0517910">
    <ele>890.0</ele>
    <time>2025-09-07T08:23:25Z</time>
   </trkpt>
   <trkpt lat="49.7715830" lon="20.0517910">
    <ele>890.2</ele>
    <time>2025-09-07T08:23:26Z</time>
   </trkpt>
   <trkpt lat="49.7715560" lon="20.0517990">
    <ele>890.2</ele>
    <time>2025-09-07T08:23:27Z</time>
   </trkpt>
   <trkpt lat="49.7715250" lon="20.0518090">
    <ele>890.4</ele>
    <time>2025-09-07T08:23:28Z</time>
   </trkpt>
   <trkpt lat="49.7715010" lon="20.0518310">
    <ele>890.6</ele>
    <time>2025-09-07T08:23:29Z</time>
   </trkpt>
   <trkpt lat="49.7714820" lon="20.0518510">
    <ele>890.6</ele>
    <time>2025-09-07T08:23:30Z</time>
   </trkpt>
   <trkpt lat="49.7714650" lon="20.0518740">
    <ele>891.0</ele>
    <time>2025-09-07T08:23:31Z</time>
   </trkpt>
   <trkpt lat="49.7714480" lon="20.0519060">
    <ele>891.2</ele>
    <time>2025-09-07T08:23:32Z</time>
   </trkpt>
   <trkpt lat="49.7714390" lon="20.0519410">
    <ele>891.2</ele>
    <time>2025-09-07T08:23:33Z</time>
   </trkpt>
   <trkpt lat="49.7714300" lon="20.0519820">
    <ele>891.4</ele>
    <time>2025-09-07T08:23:34Z</time>
   </trkpt>
   <trkpt lat="49.7714120" lon="20.0520030">
    <ele>891.4</ele>
    <time>2025-09-07T08:23:35Z</time>
   </trkpt>
   <trkpt lat="49.7713950" lon="20.0520210">
    <ele>891.4</ele>
    <time>2025-09-07T08:23:36Z</time>
   </trkpt>
   <trkpt lat="49.7713770" lon="20.0520410">
    <ele>891.4</ele>
    <time>2025-09-07T08:23:37Z</time>
   </trkpt>
   <trkpt lat="49.7713580" lon="20.0520600">
    <ele>891.6</ele>
    <time>2025-09-07T08:23:38Z</time>
   </trkpt>
   <trkpt lat="49.7713400" lon="20.0520770">
    <ele>891.6</ele>
    <time>2025-09-07T08:23:39Z</time>
   </trkpt>
   <trkpt lat="49.7713210" lon="20.0520960">
    <ele>891.6</ele>
    <time>2025-09-07T08:23:40Z</time>
   </trkpt>
   <trkpt lat="49.7713020" lon="20.0521200">
    <ele>891.6</ele>
    <time>2025-09-07T08:23:41Z</time>
   </trkpt>
   <trkpt lat="49.7712810" lon="20.0521650">
    <ele>891.6</ele>
    <time>2025-09-07T08:23:42Z</time>
   </trkpt>
   <trkpt lat="49.7712530" lon="20.0522230">
    <ele>891.8</ele>
    <time>2025-09-07T08:23:43Z</time>
   </trkpt>
   <trkpt lat="49.7712380" lon="20.0522710">
    <ele>891.8</ele>
    <time>2025-09-07T08:23:44Z</time>
   </trkpt>
   <trkpt lat="49.7712240" lon="20.0523060">
    <ele>891.8</ele>
    <time>2025-09-07T08:23:45Z</time>
   </trkpt>
   <trkpt lat="49.7712020" lon="20.0523270">
    <ele>891.6</ele>
    <time>2025-09-07T08:23:46Z</time>
   </trkpt>
   <trkpt lat="49.7711840" lon="20.0523690">
    <ele>891.6</ele>
    <time>2025-09-07T08:23:47Z</time>
   </trkpt>
   <trkpt lat="49.7711700" lon="20.0523890">
    <ele>891.6</ele>
    <time>2025-09-07T08:23:48Z</time>
   </trkpt>
   <trkpt lat="49.7711600" lon="20.0524570">
    <ele>891.4</ele>
    <time>2025-09-07T08:23:49Z</time>
   </trkpt>
   <trkpt lat="49.7711400" lon="20.0524820">
    <ele>891.4</ele>
    <time>2025-09-07T08:23:50Z</time>
   </trkpt>
   <trkpt lat="49.7711150" lon="20.0525020">
    <ele>891.4</ele>
    <time>2025-09-07T08:23:51Z</time>
   </trkpt>
   <trkpt lat="49.7710960" lon="20.0525190">
    <ele>891.4</ele>
    <time>2025-09-07T08:23:52Z</time>
   </trkpt>
   <trkpt lat="49.7710730" lon="20.0525360">
    <ele>891.4</ele>
    <time>2025-09-07T08:23:53Z</time>
   </trkpt>
   <trkpt lat="49.7710580" lon="20.0525500">
    <ele>891.4</ele>
    <time>2025-09-07T08:23:54Z</time>
   </trkpt>
   <trkpt lat="49.7710190" lon="20.0525750">
    <ele>891.4</ele>
    <time>2025-09-07T08:23:56Z</time>
   </trkpt>
   <trkpt lat="49.7709970" lon="20.0526250">
    <ele>891.2</ele>
    <time>2025-09-07T08:23:57Z</time>
   </trkpt>
   <trkpt lat="49.7709730" lon="20.0526640">
    <ele>890.8</ele>
    <time>2025-09-07T08:23:58Z</time>
   </trkpt>
   <trkpt lat="49.7709520" lon="20.0527030">
    <ele>890.6</ele>
    <time>2025-09-07T08:23:59Z</time>
   </trkpt>
   <trkpt lat="49.7709350" lon="20.0527420">
    <ele>890.6</ele>
    <time>2025-09-07T08:24:00Z</time>
   </trkpt>
   <trkpt lat="49.7709120" lon="20.0527700">
    <ele>890.6</ele>
    <time>2025-09-07T08:24:01Z</time>
   </trkpt>
   <trkpt lat="49.7708890" lon="20.0528020">
    <ele>890.6</ele>
    <time>2025-09-07T08:24:02Z</time>
   </trkpt>
   <trkpt lat="49.7708750" lon="20.0528140">
    <ele>890.6</ele>
    <time>2025-09-07T08:24:03Z</time>
   </trkpt>
   <trkpt lat="49.7708550" lon="20.0528250">
    <ele>890.8</ele>
    <time>2025-09-07T08:24:04Z</time>
   </trkpt>
   <trkpt lat="49.7708340" lon="20.0528320">
    <ele>891.0</ele>
    <time>2025-09-07T08:24:05Z</time>
   </trkpt>
   <trkpt lat="49.7708120" lon="20.0528420">
    <ele>891.2</ele>
    <time>2025-09-07T08:24:06Z</time>
   </trkpt>
   <trkpt lat="49.7706980" lon="20.0529270">
    <ele>891.4</ele>
    <time>2025-09-07T08:24:11Z</time>
   </trkpt>
   <trkpt lat="49.7705990" lon="20.0529960">
    <ele>891.8</ele>
    <time>2025-09-07T08:24:15Z</time>
   </trkpt>
   <trkpt lat="49.7705770" lon="20.0530080">
    <ele>892.0</ele>
    <time>2025-09-07T08:24:16Z</time>
   </trkpt>
   <trkpt lat="49.7705500" lon="20.0530120">
    <ele>892.4</ele>
    <time>2025-09-07T08:24:17Z</time>
   </trkpt>
   <trkpt lat="49.7704890" lon="20.0530530">
    <ele>892.6</ele>
    <time>2025-09-07T08:24:19Z</time>
   </trkpt>
   <trkpt lat="49.7704650" lon="20.0530560">
    <ele>892.6</ele>
    <time>2025-09-07T08:24:20Z</time>
   </trkpt>
   <trkpt lat="49.7704380" lon="20.0530610">
    <ele>892.6</ele>
    <time>2025-09-07T08:24:21Z</time>
   </trkpt>
   <trkpt lat="49.7704100" lon="20.0530670">
    <ele>892.8</ele>
    <time>2025-09-07T08:24:22Z</time>
   </trkpt>
   <trkpt lat="49.7703780" lon="20.0530760">
    <ele>892.8</ele>
    <time>2025-09-07T08:24:23Z</time>
   </trkpt>
   <trkpt lat="49.7703450" lon="20.0530940">
    <ele>892.8</ele>
    <time>2025-09-07T08:24:24Z</time>
   </trkpt>
   <trkpt lat="49.7701740" lon="20.0532710">
    <ele>892.4</ele>
    <time>2025-09-07T08:24:30Z</time>
   </trkpt>
   <trkpt lat="49.7701450" lon="20.0532960">
    <ele>892.0</ele>
    <time>2025-09-07T08:24:31Z</time>
   </trkpt>
   <trkpt lat="49.7701220" lon="20.0533190">
    <ele>891.8</ele>
    <time>2025-09-07T08:24:32Z</time>
   </trkpt>
   <trkpt lat="49.7700910" lon="20.0533560">
    <ele>891.8</ele>
    <time>2025-09-07T08:24:33Z</time>
   </trkpt>
   <trkpt lat="49.7700610" lon="20.0533720">
    <ele>891.6</ele>
    <time>2025-09-07T08:24:34Z</time>
   </trkpt>
   <trkpt lat="49.7700290" lon="20.0533910">
    <ele>891.6</ele>
    <time>2025-09-07T08:24:35Z</time>
   </trkpt>
   <trkpt lat="49.7699860" lon="20.0534040">
    <ele>891.6</ele>
    <time>2025-09-07T08:24:36Z</time>
   </trkpt>
   <trkpt lat="49.7699090" lon="20.0534580">
    <ele>891.6</ele>
    <time>2025-09-07T08:24:38Z</time>
   </trkpt>
   <trkpt lat="49.7698830" lon="20.0534760">
    <ele>891.6</ele>
    <time>2025-09-07T08:24:39Z</time>
   </trkpt>
   <trkpt lat="49.7698610" lon="20.0534740">
    <ele>891.6</ele>
    <time>2025-09-07T08:24:40Z</time>
   </trkpt>
   <trkpt lat="49.7698300" lon="20.0534770">
    <ele>891.8</ele>
    <time>2025-09-07T08:24:41Z</time>
   </trkpt>
   <trkpt lat="49.7698010" lon="20.0534750">
    <ele>891.8</ele>
    <time>2025-09-07T08:24:42Z</time>
   </trkpt>
   <trkpt lat="49.7697760" lon="20.0534760">
    <ele>892.2</ele>
    <time>2025-09-07T08:24:43Z</time>
   </trkpt>
   <trkpt lat="49.7697550" lon="20.0534810">
    <ele>892.6</ele>
    <time>2025-09-07T08:24:44Z</time>
   </trkpt>
   <trkpt lat="49.7697200" lon="20.0534970">
    <ele>892.8</ele>
    <time>2025-09-07T08:24:46Z</time>
   </trkpt>
   <trkpt lat="49.7696510" lon="20.0535350">
    <ele>892.8</ele>
    <time>2025-09-07T08:24:49Z</time>
   </trkpt>
   <trkpt lat="49.7696340" lon="20.0535460">
    <ele>892.8</ele>
    <time>2025-09-07T08:24:50Z</time>
   </trkpt>
   <trkpt lat="49.7696130" lon="20.0535530">
    <ele>892.6</ele>
    <time>2025-09-07T08:24:51Z</time>
   </trkpt>
   <trkpt lat="49.7695640" lon="20.0535680">
    <ele>892.6</ele>
    <time>2025-09-07T08:24:53Z</time>
   </trkpt>
   <trkpt lat="49.7695130" lon="20.0536020">
    <ele>892.8</ele>
    <time>2025-09-07T08:24:55Z</time>
   </trkpt>
   <trkpt lat="49.7694830" lon="20.0536320">
    <ele>892.8</ele>
    <time>2025-09-07T08:24:56Z</time>
   </trkpt>
   <trkpt lat="49.7694530" lon="20.0536410">
    <ele>892.6</ele>
    <time>2025-09-07T08:24:57Z</time>
   </trkpt>
   <trkpt lat="49.7694190" lon="20.0536410">
    <ele>892.2</ele>
    <time>2025-09-07T08:24:58Z</time>
   </trkpt>
   <trkpt lat="49.7693730" lon="20.0536540">
    <ele>891.6</ele>
    <time>2025-09-07T08:24:59Z</time>
   </trkpt>
   <trkpt lat="49.7693400" lon="20.0536630">
    <ele>891.4</ele>
    <time>2025-09-07T08:25:00Z</time>
   </trkpt>
   <trkpt lat="49.7693110" lon="20.0536820">
    <ele>891.0</ele>
    <time>2025-09-07T08:25:01Z</time>
   </trkpt>
   <trkpt lat="49.7692800" lon="20.0537220">
    <ele>890.4</ele>
    <time>2025-09-07T08:25:02Z</time>
   </trkpt>
   <trkpt lat="49.7692450" lon="20.0537720">
    <ele>890.0</ele>
    <time>2025-09-07T08:25:03Z</time>
   </trkpt>
   <trkpt lat="49.7692050" lon="20.0538050">
    <ele>889.8</ele>
    <time>2025-09-07T08:25:04Z</time>
   </trkpt>
   <trkpt lat="49.7691190" lon="20.0538620">
    <ele>889.2</ele>
    <time>2025-09-07T08:25:06Z</time>
   </trkpt>
   <trkpt lat="49.7689810" lon="20.0539020">
    <ele>888.4</ele>
    <time>2025-09-07T08:25:09Z</time>
   </trkpt>
   <trkpt lat="49.7689240" lon="20.0539340">
    <ele>888.0</ele>
    <time>2025-09-07T08:25:10Z</time>
   </trkpt>
   <trkpt lat="49.7688680" lon="20.0539690">
    <ele>887.6</ele>
    <time>2025-09-07T08:25:11Z</time>
   </trkpt>
   <trkpt lat="49.7688290" lon="20.0540010">
    <ele>887.6</ele>
    <time>2025-09-07T08:25:12Z</time>
   </trkpt>
   <trkpt lat="49.7687960" lon="20.0540120">
    <ele>887.4</ele>
    <time>2025-09-07T08:25:13Z</time>
   </trkpt>
   <trkpt lat="49.7687650" lon="20.0540580">
    <ele>887.2</ele>
    <time>2025-09-07T08:25:14Z</time>
   </trkpt>
   <trkpt lat="49.7687310" lon="20.0541110">
    <ele>887.2</ele>
    <time>2025-09-07T08:25:15Z</time>
   </trkpt>
   <trkpt lat="49.7686920" lon="20.0541350">
    <ele>887.4</ele>
    <time>2025-09-07T08:25:16Z</time>
   </trkpt>
   <trkpt lat="49.7686680" lon="20.0541610">
    <ele>887.6</ele>
    <time>2025-09-07T08:25:17Z</time>
   </trkpt>
   <trkpt lat="49.7686460" lon="20.0541990">
    <ele>887.8</ele>
    <time>2025-09-07T08:25:18Z</time>
   </trkpt>
   <trkpt lat="49.7686270" lon="20.0542370">
    <ele>888.0</ele>
    <time>2025-09-07T08:25:19Z</time>
   </trkpt>
   <trkpt lat="49.7686180" lon="20.0542560">
    <ele>888.4</ele>
    <time>2025-09-07T08:25:20Z</time>
   </trkpt>
   <trkpt lat="49.7686040" lon="20.0542660">
    <ele>888.8</ele>
    <time>2025-09-07T08:25:21Z</time>
   </trkpt>
   <trkpt lat="49.7685820" lon="20.0542610">
    <ele>889.2</ele>
    <time>2025-09-07T08:25:22Z</time>
   </trkpt>
   <trkpt lat="49.7685620" lon="20.0542630">
    <ele>889.4</ele>
    <time>2025-09-07T08:25:23Z</time>
   </trkpt>
   <trkpt lat="49.7685430" lon="20.0542680">
    <ele>889.6</ele>
    <time>2025-09-07T08:25:24Z</time>
   </trkpt>
   <trkpt lat="49.7685230" lon="20.0542780">
    <ele>889.6</ele>
    <time>2025-09-07T08:25:25Z</time>
   </trkpt>
   <trkpt lat="49.7685070" lon="20.0542870">
    <ele>889.6</ele>
    <time>2025-09-07T08:25:26Z</time>
   </trkpt>
   <trkpt lat="49.7684880" lon="20.0542900">
    <ele>889.8</ele>
    <time>2025-09-07T08:25:27Z</time>
   </trkpt>
   <trkpt lat="49.7684720" lon="20.0542980">
    <ele>890.0</ele>
    <time>2025-09-07T08:25:28Z</time>
   </trkpt>
   <trkpt lat="49.7684590" lon="20.0543200">
    <ele>890.0</ele>
    <time>2025-09-07T08:25:29Z</time>
   </trkpt>
   <trkpt lat="49.7684480" lon="20.0543460">
    <ele>890.6</ele>
    <time>2025-09-07T08:25:30Z</time>
   </trkpt>
   <trkpt lat="49.7684350" lon="20.0543660">
    <ele>890.8</ele>
    <time>2025-09-07T08:25:31Z</time>
   </trkpt>
   <trkpt lat="49.7684230" lon="20.0543870">
    <ele>891.2</ele>
    <time>2025-09-07T08:25:32Z</time>
   </trkpt>
   <trkpt lat="49.7684070" lon="20.0544110">
    <ele>891.2</ele>
    <time>2025-09-07T08:25:33Z</time>
   </trkpt>
   <trkpt lat="49.7683930" lon="20.0544370">
    <ele>891.6</ele>
    <time>2025-09-07T08:25:34Z</time>
   </trkpt>
   <trkpt lat="49.7683820" lon="20.0544540">
    <ele>891.8</ele>
    <time>2025-09-07T08:25:35Z</time>
   </trkpt>
   <trkpt lat="49.7683640" lon="20.0544750">
    <ele>892.0</ele>
    <time>2025-09-07T08:25:36Z</time>
   </trkpt>
   <trkpt lat="49.7683440" lon="20.0545030">
    <ele>892.2</ele>
    <time>2025-09-07T08:25:37Z</time>
   </trkpt>
   <trkpt lat="49.7683250" lon="20.0545280">
    <ele>892.8</ele>
    <time>2025-09-07T08:25:38Z</time>
   </trkpt>
   <trkpt lat="49.7683080" lon="20.0545400">
    <ele>893.0</ele>
    <time>2025-09-07T08:25:39Z</time>
   </trkpt>
   <trkpt lat="49.7682920" lon="20.0545540">
    <ele>893.0</ele>
    <time>2025-09-07T08:25:40Z</time>
   </trkpt>
   <trkpt lat="49.7682770" lon="20.0545750">
    <ele>893.2</ele>
    <time>2025-09-07T08:25:41Z</time>
   </trkpt>
   <trkpt lat="49.7682610" lon="20.0545940">
    <ele>893.6</ele>
    <time>2025-09-07T08:25:42Z</time>
   </trkpt>
   <trkpt lat="49.7682460" lon="20.0546150">
    <ele>893.8</ele>
    <time>2025-09-07T08:25:43Z</time>
   </trkpt>
   <trkpt lat="49.7682300" lon="20.0546450">
    <ele>894.0</ele>
    <time>2025-09-07T08:25:44Z</time>
   </trkpt>
   <trkpt lat="49.7682070" lon="20.0546750">
    <ele>894.4</ele>
    <time>2025-09-07T08:25:45Z</time>
   </trkpt>
   <trkpt lat="49.7681890" lon="20.0546970">
    <ele>894.4</ele>
    <time>2025-09-07T08:25:46Z</time>
   </trkpt>
   <trkpt lat="49.7681620" lon="20.0547300">
    <ele>894.4</ele>
    <time>2025-09-07T08:25:47Z</time>
   </trkpt>
   <trkpt lat="49.7681390" lon="20.0547750">
    <ele>894.4</ele>
    <time>2025-09-07T08:25:48Z</time>
   </trkpt>
   <trkpt lat="49.7681090" lon="20.0548200">
    <ele>894.4</ele>
    <time>2025-09-07T08:25:49Z</time>
   </trkpt>
   <trkpt lat="49.7680860" lon="20.0548410">
    <ele>894.4</ele>
    <time>2025-09-07T08:25:50Z</time>
   </trkpt>
   <trkpt lat="49.7680710" lon="20.0548690">
    <ele>894.4</ele>
    <time>2025-09-07T08:25:51Z</time>
   </trkpt>
   <trkpt lat="49.7680550" lon="20.0548810">
    <ele>894.4</ele>
    <time>2025-09-07T08:25:52Z</time>
   </trkpt>
   <trkpt lat="49.7680360" lon="20.0548990">
    <ele>894.4</ele>
    <time>2025-09-07T08:25:53Z</time>
   </trkpt>
   <trkpt lat="49.7680140" lon="20.0549150">
    <ele>894.4</ele>
    <time>2025-09-07T08:25:54Z</time>
   </trkpt>
   <trkpt lat="49.7679930" lon="20.0549520">
    <ele>894.4</ele>
    <time>2025-09-07T08:25:55Z</time>
   </trkpt>
   <trkpt lat="49.7679700" lon="20.0550070">
    <ele>894.4</ele>
    <time>2025-09-07T08:25:56Z</time>
   </trkpt>
   <trkpt lat="49.7679450" lon="20.0550500">
    <ele>894.4</ele>
    <time>2025-09-07T08:25:57Z</time>
   </trkpt>
   <trkpt lat="49.7679060" lon="20.0551090">
    <ele>894.2</ele>
    <time>2025-09-07T08:25:58Z</time>
   </trkpt>
   <trkpt lat="49.7678930" lon="20.0551680">
    <ele>893.6</ele>
    <time>2025-09-07T08:25:59Z</time>
   </trkpt>
   <trkpt lat="49.7678780" lon="20.0552380">
    <ele>893.2</ele>
    <time>2025-09-07T08:26:00Z</time>
   </trkpt>
   <trkpt lat="49.7678430" lon="20.0553150">
    <ele>892.4</ele>
    <time>2025-09-07T08:26:01Z</time>
   </trkpt>
   <trkpt lat="49.7678220" lon="20.0553730">
    <ele>892.0</ele>
    <time>2025-09-07T08:26:02Z</time>
   </trkpt>
   <trkpt lat="49.7677960" lon="20.0554410">
    <ele>891.6</ele>
    <time>2025-09-07T08:26:03Z</time>
   </trkpt>
   <trkpt lat="49.7677710" lon="20.0554930">
    <ele>891.2</ele>
    <time>2025-09-07T08:26:04Z</time>
   </trkpt>
   <trkpt lat="49.7677530" lon="20.0555410">
    <ele>891.0</ele>
    <time>2025-09-07T08:26:05Z</time>
   </trkpt>
   <trkpt lat="49.7677330" lon="20.0556580">
    <ele>890.6</ele>
    <time>2025-09-07T08:26:07Z</time>
   </trkpt>
   <trkpt lat="49.7677330" lon="20.0557070">
    <ele>890.6</ele>
    <time>2025-09-07T08:26:08Z</time>
   </trkpt>
   <trkpt lat="49.7677190" lon="20.0557600">
    <ele>890.6</ele>
    <time>2025-09-07T08:26:09Z</time>
   </trkpt>
   <trkpt lat="49.7676860" lon="20.0558870">
    <ele>889.6</ele>
    <time>2025-09-07T08:26:11Z</time>
   </trkpt>
   <trkpt lat="49.7676700" lon="20.0559690">
    <ele>889.2</ele>
    <time>2025-09-07T08:26:12Z</time>
   </trkpt>
   <trkpt lat="49.7676470" lon="20.0561140">
    <ele>888.4</ele>
    <time>2025-09-07T08:26:14Z</time>
   </trkpt>
   <trkpt lat="49.7676400" lon="20.0561690">
    <ele>888.4</ele>
    <time>2025-09-07T08:26:15Z</time>
   </trkpt>
   <trkpt lat="49.7676270" lon="20.0562180">
    <ele>888.2</ele>
    <time>2025-09-07T08:26:16Z</time>
   </trkpt>
   <trkpt lat="49.7676130" lon="20.0562640">
    <ele>888.0</ele>
    <time>2025-09-07T08:26:17Z</time>
   </trkpt>
   <trkpt lat="49.7675910" lon="20.0563710">
    <ele>887.8</ele>
    <time>2025-09-07T08:26:19Z</time>
   </trkpt>
   <trkpt lat="49.7675840" lon="20.0564440">
    <ele>887.4</ele>
    <time>2025-09-07T08:26:20Z</time>
   </trkpt>
   <trkpt lat="49.7675630" lon="20.0565760">
    <ele>886.2</ele>
    <time>2025-09-07T08:26:22Z</time>
   </trkpt>
   <trkpt lat="49.7675420" lon="20.0567140">
    <ele>886.0</ele>
    <time>2025-09-07T08:26:24Z</time>
   </trkpt>
   <trkpt lat="49.7674960" lon="20.0568540">
    <ele>885.6</ele>
    <time>2025-09-07T08:26:26Z</time>
   </trkpt>
   <trkpt lat="49.7674420" lon="20.0570250">
    <ele>885.2</ele>
    <time>2025-09-07T08:26:28Z</time>
   </trkpt>
   <trkpt lat="49.7673850" lon="20.0571950">
    <ele>883.8</ele>
    <time>2025-09-07T08:26:30Z</time>
   </trkpt>
   <trkpt lat="49.7673540" lon="20.0572610">
    <ele>883.8</ele>
    <time>2025-09-07T08:26:31Z</time>
   </trkpt>
   <trkpt lat="49.7673250" lon="20.0573240">
    <ele>883.8</ele>
    <time>2025-09-07T08:26:32Z</time>
   </trkpt>
   <trkpt lat="49.7672880" lon="20.0573850">
    <ele>883.6</ele>
    <time>2025-09-07T08:26:33Z</time>
   </trkpt>
   <trkpt lat="49.7672690" lon="20.0574640">
    <ele>883.6</ele>
    <time>2025-09-07T08:26:34Z</time>
   </trkpt>
   <trkpt lat="49.7672600" lon="20.0575250">
    <ele>883.8</ele>
    <time>2025-09-07T08:26:35Z</time>
   </trkpt>
   <trkpt lat="49.7672470" lon="20.0575710">
    <ele>883.8</ele>
    <time>2025-09-07T08:26:36Z</time>
   </trkpt>
   <trkpt lat="49.7672370" lon="20.0576190">
    <ele>884.0</ele>
    <time>2025-09-07T08:26:37Z</time>
   </trkpt>
   <trkpt lat="49.7672380" lon="20.0576780">
    <ele>884.6</ele>
    <time>2025-09-07T08:26:38Z</time>
   </trkpt>
   <trkpt lat="49.7672350" lon="20.0577190">
    <ele>885.2</ele>
    <time>2025-09-07T08:26:39Z</time>
   </trkpt>
   <trkpt lat="49.7672170" lon="20.0577540">
    <ele>885.4</ele>
    <time>2025-09-07T08:26:40Z</time>
   </trkpt>
   <trkpt lat="49.7672060" lon="20.0577760">
    <ele>885.6</ele>
    <time>2025-09-07T08:26:41Z</time>
   </trkpt>
   <trkpt lat="49.7671970" lon="20.0578050">
    <ele>885.6</ele>
    <time>2025-09-07T08:26:42Z</time>
   </trkpt>
   <trkpt lat="49.7671810" lon="20.0578390">
    <ele>885.8</ele>
    <time>2025-09-07T08:26:43Z</time>
   </trkpt>
   <trkpt lat="49.7671540" lon="20.0578980">
    <ele>886.0</ele>
    <time>2025-09-07T08:26:45Z</time>
   </trkpt>
   <trkpt lat="49.7671410" lon="20.0579260">
    <ele>886.0</ele>
    <time>2025-09-07T08:26:46Z</time>
   </trkpt>
   <trkpt lat="49.7671280" lon="20.0579510">
    <ele>886.2</ele>
    <time>2025-09-07T08:26:47Z</time>
   </trkpt>
   <trkpt lat="49.7671010" lon="20.0580020">
    <ele>886.4</ele>
    <time>2025-09-07T08:26:49Z</time>
   </trkpt>
   <trkpt lat="49.7670910" lon="20.0580290">
    <ele>886.4</ele>
    <time>2025-09-07T08:26:50Z</time>
   </trkpt>
   <trkpt lat="49.7670810" lon="20.0580560">
    <ele>886.6</ele>
    <time>2025-09-07T08:26:51Z</time>
   </trkpt>
   <trkpt lat="49.7670740" lon="20.0580870">
    <ele>886.6</ele>
    <time>2025-09-07T08:26:52Z</time>
   </trkpt>
   <trkpt lat="49.7670680" lon="20.0581130">
    <ele>886.8</ele>
    <time>2025-09-07T08:26:53Z</time>
   </trkpt>
   <trkpt lat="49.7670650" lon="20.0581340">
    <ele>887.0</ele>
    <time>2025-09-07T08:26:54Z</time>
   </trkpt>
   <trkpt lat="49.7670310" lon="20.0582110">
    <ele>887.8</ele>
    <time>2025-09-07T08:26:57Z</time>
   </trkpt>
   <trkpt lat="49.7670210" lon="20.0582440">
    <ele>888.0</ele>
    <time>2025-09-07T08:26:58Z</time>
   </trkpt>
   <trkpt lat="49.7670090" lon="20.0582770">
    <ele>888.4</ele>
    <time>2025-09-07T08:26:59Z</time>
   </trkpt>
   <trkpt lat="49.7670020" lon="20.0583060">
    <ele>888.6</ele>
    <time>2025-09-07T08:27:00Z</time>
   </trkpt>
   <trkpt lat="49.7669990" lon="20.0583410">
    <ele>888.8</ele>
    <time>2025-09-07T08:27:01Z</time>
   </trkpt>
   <trkpt lat="49.7669990" lon="20.0583830">
    <ele>889.4</ele>
    <time>2025-09-07T08:27:02Z</time>
   </trkpt>
   <trkpt lat="49.7669990" lon="20.0584180">
    <ele>889.8</ele>
    <time>2025-09-07T08:27:03Z</time>
   </trkpt>
   <trkpt lat="49.7669890" lon="20.0584480">
    <ele>890.0</ele>
    <time>2025-09-07T08:27:04Z</time>
   </trkpt>
   <trkpt lat="49.7669790" lon="20.0584730">
    <ele>890.6</ele>
    <time>2025-09-07T08:27:05Z</time>
   </trkpt>
   <trkpt lat="49.7669770" lon="20.0584940">
    <ele>891.0</ele>
    <time>2025-09-07T08:27:06Z</time>
   </trkpt>
   <trkpt lat="49.7669740" lon="20.0585420">
    <ele>891.2</ele>
    <time>2025-09-07T08:27:07Z</time>
   </trkpt>
   <trkpt lat="49.7669560" lon="20.0585720">
    <ele>891.4</ele>
    <time>2025-09-07T08:27:08Z</time>
   </trkpt>
   <trkpt lat="49.7669450" lon="20.0586180">
    <ele>891.8</ele>
    <time>2025-09-07T08:27:09Z</time>
   </trkpt>
   <trkpt lat="49.7669390" lon="20.0586610">
    <ele>892.0</ele>
    <time>2025-09-07T08:27:10Z</time>
   </trkpt>
   <trkpt lat="49.7669320" lon="20.0587080">
    <ele>892.4</ele>
    <time>2025-09-07T08:27:11Z</time>
   </trkpt>
   <trkpt lat="49.7669270" lon="20.0587430">
    <ele>892.8</ele>
    <time>2025-09-07T08:27:12Z</time>
   </trkpt>
   <trkpt lat="49.7669290" lon="20.0587800">
    <ele>893.2</ele>
    <time>2025-09-07T08:27:13Z</time>
   </trkpt>
   <trkpt lat="49.7669290" lon="20.0588170">
    <ele>893.8</ele>
    <time>2025-09-07T08:27:14Z</time>
   </trkpt>
   <trkpt lat="49.7669260" lon="20.0588530">
    <ele>894.0</ele>
    <time>2025-09-07T08:27:15Z</time>
   </trkpt>
   <trkpt lat="49.7669320" lon="20.0588910">
    <ele>894.2</ele>
    <time>2025-09-07T08:27:16Z</time>
   </trkpt>
   <trkpt lat="49.7669370" lon="20.0589210">
    <ele>894.4</ele>
    <time>2025-09-07T08:27:17Z</time>
   </trkpt>
   <trkpt lat="49.7669320" lon="20.0589470">
    <ele>894.8</ele>
    <time>2025-09-07T08:27:18Z</time>
   </trkpt>
   <trkpt lat="49.7669260" lon="20.0589750">
    <ele>895.4</ele>
    <time>2025-09-07T08:27:19Z</time>
   </trkpt>
   <trkpt lat="49.7669270" lon="20.0590080">
    <ele>895.8</ele>
    <time>2025-09-07T08:27:20Z</time>
   </trkpt>
   <trkpt lat="49.7669170" lon="20.0590530">
    <ele>896.0</ele>
    <time>2025-09-07T08:27:21Z</time>
   </trkpt>
   <trkpt lat="49.7669140" lon="20.0591100">
    <ele>896.2</ele>
    <time>2025-09-07T08:27:22Z</time>
   </trkpt>
   <trkpt lat="49.7669040" lon="20.0591430">
    <ele>896.4</ele>
    <time>2025-09-07T08:27:23Z</time>
   </trkpt>
   <trkpt lat="49.7668930" lon="20.0591730">
    <ele>896.8</ele>
    <time>2025-09-07T08:27:24Z</time>
   </trkpt>
   <trkpt lat="49.7668890" lon="20.0592100">
    <ele>897.0</ele>
    <time>2025-09-07T08:27:25Z</time>
   </trkpt>
   <trkpt lat="49.7668900" lon="20.0592330">
    <ele>897.0</ele>
    <time>2025-09-07T08:27:26Z</time>
   </trkpt>
   <trkpt lat="49.7668800" lon="20.0592580">
    <ele>897.6</ele>
    <time>2025-09-07T08:27:27Z</time>
   </trkpt>
   <trkpt lat="49.7668700" lon="20.0592660">
    <ele>897.8</ele>
    <time>2025-09-07T08:27:28Z</time>
   </trkpt>
   <trkpt lat="49.7668610" lon="20.0592900">
    <ele>898.0</ele>
    <time>2025-09-07T08:27:29Z</time>
   </trkpt>
   <trkpt lat="49.7668540" lon="20.0593340">
    <ele>898.6</ele>
    <time>2025-09-07T08:27:30Z</time>
   </trkpt>
   <trkpt lat="49.7668530" lon="20.0593760">
    <ele>898.8</ele>
    <time>2025-09-07T08:27:31Z</time>
   </trkpt>
   <trkpt lat="49.7668510" lon="20.0594170">
    <ele>899.2</ele>
    <time>2025-09-07T08:27:32Z</time>
   </trkpt>
   <trkpt lat="49.7668610" lon="20.0594630">
    <ele>899.6</ele>
    <time>2025-09-07T08:27:33Z</time>
   </trkpt>
   <trkpt lat="49.7668650" lon="20.0595010">
    <ele>899.6</ele>
    <time>2025-09-07T08:27:34Z</time>
   </trkpt>
   <trkpt lat="49.7668730" lon="20.0595420">
    <ele>899.8</ele>
    <time>2025-09-07T08:27:35Z</time>
   </trkpt>
   <trkpt lat="49.7668850" lon="20.0595820">
    <ele>900.0</ele>
    <time>2025-09-07T08:27:36Z</time>
   </trkpt>
   <trkpt lat="49.7668830" lon="20.0596090">
    <ele>900.0</ele>
    <time>2025-09-07T08:27:37Z</time>
   </trkpt>
   <trkpt lat="49.7668880" lon="20.0596220">
    <ele>900.2</ele>
    <time>2025-09-07T08:27:38Z</time>
   </trkpt>
   <trkpt lat="49.7668990" lon="20.0596330">
    <ele>900.6</ele>
    <time>2025-09-07T08:27:39Z</time>
   </trkpt>
   <trkpt lat="49.7669060" lon="20.0596580">
    <ele>900.6</ele>
    <time>2025-09-07T08:27:40Z</time>
   </trkpt>
   <trkpt lat="49.7669130" lon="20.0596910">
    <ele>901.0</ele>
    <time>2025-09-07T08:27:41Z</time>
   </trkpt>
   <trkpt lat="49.7669120" lon="20.0597140">
    <ele>901.6</ele>
    <time>2025-09-07T08:27:42Z</time>
   </trkpt>
   <trkpt lat="49.7669150" lon="20.0597310">
    <ele>901.8</ele>
    <time>2025-09-07T08:27:43Z</time>
   </trkpt>
   <trkpt lat="49.7669190" lon="20.0597480">
    <ele>902.0</ele>
    <time>2025-09-07T08:27:44Z</time>
   </trkpt>
   <trkpt lat="49.7669280" lon="20.0597610">
    <ele>902.2</ele>
    <time>2025-09-07T08:27:45Z</time>
   </trkpt>
   <trkpt lat="49.7669380" lon="20.0597710">
    <ele>902.4</ele>
    <time>2025-09-07T08:27:46Z</time>
   </trkpt>
   <trkpt lat="49.7669420" lon="20.0597770">
    <ele>902.6</ele>
    <time>2025-09-07T08:27:47Z</time>
   </trkpt>
   <trkpt lat="49.7669420" lon="20.0597790">
    <ele>902.6</ele>
    <time>2025-09-07T08:27:48Z</time>
   </trkpt>
   <trkpt lat="49.7669420" lon="20.0597800">
    <ele>902.8</ele>
    <time>2025-09-07T08:27:51Z</time>
   </trkpt>
   <trkpt lat="49.7669420" lon="20.0597820">
    <ele>903.0</ele>
    <time>2025-09-07T08:27:55Z</time>
   </trkpt>
   <trkpt lat="49.7669420" lon="20.0597840">
    <ele>903.6</ele>
    <time>2025-09-07T08:28:01Z</time>
   </trkpt>
   <trkpt lat="49.7669420" lon="20.0597860">
    <ele>903.8</ele>
    <time>2025-09-07T08:28:04Z</time>
   </trkpt>
   <trkpt lat="49.7669420" lon="20.0597880">
    <ele>903.6</ele>
    <time>2025-09-07T08:28:14Z</time>
   </trkpt>
   <trkpt lat="49.7669430" lon="20.0597890">
    <ele>903.4</ele>
    <time>2025-09-07T08:28:15Z</time>
   </trkpt>
   <trkpt lat="49.7669430" lon="20.0597910">
    <ele>902.8</ele>
    <time>2025-09-07T08:28:21Z</time>
   </trkpt>
   <trkpt lat="49.7669430" lon="20.0597930">
    <ele>902.6</ele>
    <time>2025-09-07T08:28:22Z</time>
   </trkpt>
   <trkpt lat="49.7669430" lon="20.0597950">
    <ele>902.4</ele>
    <time>2025-09-07T08:28:32Z</time>
   </trkpt>
   <trkpt lat="49.7669430" lon="20.0597970">
    <ele>902.4</ele>
    <time>2025-09-07T08:28:38Z</time>
   </trkpt>
   <trkpt lat="49.7669430" lon="20.0597990">
    <ele>902.4</ele>
    <time>2025-09-07T08:28:41Z</time>
   </trkpt>
   <trkpt lat="49.7669430" lon="20.0598000">
    <ele>902.4</ele>
    <time>2025-09-07T08:28:49Z</time>
   </trkpt>
   <trkpt lat="49.7669430" lon="20.0598020">
    <ele>902.4</ele>
    <time>2025-09-07T08:28:54Z</time>
   </trkpt>
   <trkpt lat="49.7669430" lon="20.0598040">
    <ele>902.6</ele>
    <time>2025-09-07T08:28:59Z</time>
   </trkpt>
   <trkpt lat="49.7669430" lon="20.0598060">
    <ele>902.6</ele>
    <time>2025-09-07T08:29:11Z</time>
   </trkpt>
   <trkpt lat="49.7669430" lon="20.0598080">
    <ele>902.6</ele>
    <time>2025-09-07T08:29:16Z</time>
   </trkpt>
   <trkpt lat="49.7669430" lon="20.0598090">
    <ele>902.6</ele>
    <time>2025-09-07T08:29:23Z</time>
   </trkpt>
   <trkpt lat="49.7669430" lon="20.0598110">
    <ele>902.6</ele>
    <time>2025-09-07T08:29:33Z</time>
   </trkpt>
   <trkpt lat="49.7669430" lon="20.0598130">
    <ele>902.6</ele>
    <time>2025-09-07T08:29:36Z</time>
   </trkpt>
   <trkpt lat="49.7669430" lon="20.0598150">
    <ele>902.4</ele>
    <time>2025-09-07T08:29:48Z</time>
   </trkpt>
   <trkpt lat="49.7669430" lon="20.0598170">
    <ele>902.6</ele>
    <time>2025-09-07T08:30:10Z</time>
   </trkpt>
   <trkpt lat="49.7669440" lon="20.0598180">
    <ele>902.6</ele>
    <time>2025-09-07T08:30:11Z</time>
   </trkpt>
   <trkpt lat="49.7669440" lon="20.0598200">
    <ele>902.6</ele>
    <time>2025-09-07T08:30:12Z</time>
   </trkpt>
   <trkpt lat="49.7669440" lon="20.0598220">
    <ele>902.6</ele>
    <time>2025-09-07T08:30:17Z</time>
   </trkpt>
   <trkpt lat="49.7669440" lon="20.0598240">
    <ele>902.6</ele>
    <time>2025-09-07T08:30:20Z</time>
   </trkpt>
   <trkpt lat="49.7669440" lon="20.0598260">
    <ele>902.6</ele>
    <time>2025-09-07T08:30:23Z</time>
   </trkpt>
   <trkpt lat="49.7669440" lon="20.0598270">
    <ele>902.6</ele>
    <time>2025-09-07T08:30:33Z</time>
   </trkpt>
   <trkpt lat="49.7669440" lon="20.0598290">
    <ele>902.6</ele>
    <time>2025-09-07T08:30:36Z</time>
   </trkpt>
   <trkpt lat="49.7669440" lon="20.0598310">
    <ele>902.6</ele>
    <time>2025-09-07T08:30:42Z</time>
   </trkpt>
   <trkpt lat="49.7669440" lon="20.0598330">
    <ele>902.6</ele>
    <time>2025-09-07T08:30:59Z</time>
   </trkpt>
   <trkpt lat="49.7669440" lon="20.0598350">
    <ele>902.6</ele>
    <time>2025-09-07T08:31:01Z</time>
   </trkpt>
   <trkpt lat="49.7669440" lon="20.0598360">
    <ele>902.6</ele>
    <time>2025-09-07T08:31:08Z</time>
   </trkpt>
   <trkpt lat="49.7669440" lon="20.0598380">
    <ele>902.6</ele>
    <time>2025-09-07T08:31:16Z</time>
   </trkpt>
   <trkpt lat="49.7669440" lon="20.0598400">
    <ele>902.6</ele>
    <time>2025-09-07T08:31:19Z</time>
   </trkpt>
   <trkpt lat="49.7669440" lon="20.0598420">
    <ele>902.6</ele>
    <time>2025-09-07T08:31:24Z</time>
   </trkpt>
   <trkpt lat="49.7669440" lon="20.0598440">
    <ele>902.6</ele>
    <time>2025-09-07T08:31:32Z</time>
   </trkpt>
   <trkpt lat="49.7669440" lon="20.0598460">
    <ele>902.6</ele>
    <time>2025-09-07T08:31:36Z</time>
   </trkpt>
   <trkpt lat="49.7669450" lon="20.0598470">
    <ele>902.6</ele>
    <time>2025-09-07T08:31:44Z</time>
   </trkpt>
   <trkpt lat="49.7669450" lon="20.0598490">
    <ele>902.6</ele>
    <time>2025-09-07T08:31:51Z</time>
   </trkpt>
   <trkpt lat="49.7669450" lon="20.0598510">
    <ele>902.6</ele>
    <time>2025-09-07T08:31:56Z</time>
   </trkpt>
   <trkpt lat="49.7669450" lon="20.0598530">
    <ele>902.6</ele>
    <time>2025-09-07T08:32:05Z</time>
   </trkpt>
   <trkpt lat="49.7669450" lon="20.0598550">
    <ele>902.6</ele>
    <time>2025-09-07T08:32:08Z</time>
   </trkpt>
   <trkpt lat="49.7669450" lon="20.0598560">
    <ele>902.6</ele>
    <time>2025-09-07T08:32:10Z</time>
   </trkpt>
   <trkpt lat="49.7669450" lon="20.0598580">
    <ele>902.6</ele>
    <time>2025-09-07T08:32:15Z</time>
   </trkpt>
   <trkpt lat="49.7669450" lon="20.0598600">
    <ele>902.6</ele>
    <time>2025-09-07T08:32:16Z</time>
   </trkpt>
   <trkpt lat="49.7669700" lon="20.0599060">
    <ele>904.0</ele>
    <time>2025-09-07T08:32:17Z</time>
   </trkpt>
   <trkpt lat="49.7670040" lon="20.0599590">
    <ele>903.4</ele>
    <time>2025-09-07T08:32:18Z</time>
   </trkpt>
   <trkpt lat="49.7670500" lon="20.0600270">
    <ele>902.6</ele>
    <time>2025-09-07T08:32:19Z</time>
   </trkpt>
   <trkpt lat="49.7671490" lon="20.0601620">
    <ele>900.4</ele>
    <time>2025-09-07T08:32:21Z</time>
   </trkpt>
   <trkpt lat="49.7671950" lon="20.0602240">
    <ele>899.4</ele>
    <time>2025-09-07T08:32:22Z</time>
   </trkpt>
   <trkpt lat="49.7672410" lon="20.0602820">
    <ele>899.2</ele>
    <time>2025-09-07T08:32:23Z</time>
   </trkpt>
   <trkpt lat="49.7673340" lon="20.0603830">
    <ele>897.6</ele>
    <time>2025-09-07T08:32:25Z</time>
   </trkpt>
   <trkpt lat="49.7673820" lon="20.0604420">
    <ele>895.4</ele>
    <time>2025-09-07T08:32:26Z</time>
   </trkpt>
   <trkpt lat="49.7674260" lon="20.0604920">
    <ele>893.0</ele>
    <time>2025-09-07T08:32:27Z</time>
   </trkpt>
   <trkpt lat="49.7674610" lon="20.0605300">
    <ele>892.4</ele>
    <time>2025-09-07T08:32:28Z</time>
   </trkpt>
   <trkpt lat="49.7674920" lon="20.0605750">
    <ele>891.8</ele>
    <time>2025-09-07T08:32:29Z</time>
   </trkpt>
   <trkpt lat="49.7675120" lon="20.0606290">
    <ele>890.4</ele>
    <time>2025-09-07T08:32:30Z</time>
   </trkpt>
   <trkpt lat="49.7675190" lon="20.0606910">
    <ele>889.6</ele>
    <time>2025-09-07T08:32:31Z</time>
   </trkpt>
   <trkpt lat="49.7675160" lon="20.0607650">
    <ele>889.2</ele>
    <time>2025-09-07T08:32:32Z</time>
   </trkpt>
   <trkpt lat="49.7675190" lon="20.0608410">
    <ele>888.0</ele>
    <time>2025-09-07T08:32:33Z</time>
   </trkpt>
   <trkpt lat="49.7675280" lon="20.0609280">
    <ele>887.6</ele>
    <time>2025-09-07T08:32:34Z</time>
   </trkpt>
   <trkpt lat="49.7675350" lon="20.0610250">
    <ele>886.4</ele>
    <time>2025-09-07T08:32:35Z</time>
   </trkpt>
   <trkpt lat="49.7675400" lon="20.0611260">
    <ele>885.8</ele>
    <time>2025-09-07T08:32:36Z</time>
   </trkpt>
   <trkpt lat="49.7675450" lon="20.0612170">
    <ele>885.0</ele>
    <time>2025-09-07T08:32:37Z</time>
   </trkpt>
   <trkpt lat="49.7675420" lon="20.0612920">
    <ele>884.2</ele>
    <time>2025-09-07T08:32:38Z</time>
   </trkpt>
   <trkpt lat="49.7675530" lon="20.0613530">
    <ele>883.6</ele>
    <time>2025-09-07T08:32:39Z</time>
   </trkpt>
   <trkpt lat="49.7675740" lon="20.0614010">
    <ele>882.4</ele>
    <time>2025-09-07T08:32:40Z</time>
   </trkpt>
   <trkpt lat="49.7675980" lon="20.0614450">
    <ele>880.8</ele>
    <time>2025-09-07T08:32:41Z</time>
   </trkpt>
   <trkpt lat="49.7676150" lon="20.0614920">
    <ele>880.4</ele>
    <time>2025-09-07T08:32:42Z</time>
   </trkpt>
   <trkpt lat="49.7676230" lon="20.0615200">
    <ele>880.2</ele>
    <time>2025-09-07T08:32:43Z</time>
   </trkpt>
   <trkpt lat="49.7676240" lon="20.0615630">
    <ele>879.6</ele>
    <time>2025-09-07T08:32:44Z</time>
   </trkpt>
   <trkpt lat="49.7676200" lon="20.0616270">
    <ele>879.2</ele>
    <time>2025-09-07T08:32:45Z</time>
   </trkpt>
   <trkpt lat="49.7676190" lon="20.0616870">
    <ele>878.0</ele>
    <time>2025-09-07T08:32:46Z</time>
   </trkpt>
   <trkpt lat="49.7676200" lon="20.0617410">
    <ele>877.2</ele>
    <time>2025-09-07T08:32:47Z</time>
   </trkpt>
   <trkpt lat="49.7676400" lon="20.0617970">
    <ele>876.2</ele>
    <time>2025-09-07T08:32:48Z</time>
   </trkpt>
   <trkpt lat="49.7676470" lon="20.0618410">
    <ele>874.8</ele>
    <time>2025-09-07T08:32:49Z</time>
   </trkpt>
   <trkpt lat="49.7676500" lon="20.0619090">
    <ele>874.0</ele>
    <time>2025-09-07T08:32:50Z</time>
   </trkpt>
   <trkpt lat="49.7676550" lon="20.0619580">
    <ele>873.0</ele>
    <time>2025-09-07T08:32:51Z</time>
   </trkpt>
   <trkpt lat="49.7676640" lon="20.0620880">
    <ele>871.2</ele>
    <time>2025-09-07T08:32:53Z</time>
   </trkpt>
   <trkpt lat="49.7676760" lon="20.0621320">
    <ele>870.4</ele>
    <time>2025-09-07T08:32:54Z</time>
   </trkpt>
   <trkpt lat="49.7676830" lon="20.0621740">
    <ele>869.0</ele>
    <time>2025-09-07T08:32:55Z</time>
   </trkpt>
   <trkpt lat="49.7676990" lon="20.0622140">
    <ele>867.6</ele>
    <time>2025-09-07T08:32:56Z</time>
   </trkpt>
   <trkpt lat="49.7677060" lon="20.0622510">
    <ele>866.4</ele>
    <time>2025-09-07T08:32:57Z</time>
   </trkpt>
   <trkpt lat="49.7677270" lon="20.0622810">
    <ele>865.4</ele>
    <time>2025-09-07T08:32:58Z</time>
   </trkpt>
   <trkpt lat="49.7677400" lon="20.0623560">
    <ele>863.6</ele>
    <time>2025-09-07T08:33:00Z</time>
   </trkpt>
   <trkpt lat="49.7677580" lon="20.0624370">
    <ele>862.4</ele>
    <time>2025-09-07T08:33:02Z</time>
   </trkpt>
   <trkpt lat="49.7677670" lon="20.0624850">
    <ele>861.0</ele>
    <time>2025-09-07T08:33:03Z</time>
   </trkpt>
   <trkpt lat="49.7677890" lon="20.0625790">
    <ele>859.4</ele>
    <time>2025-09-07T08:33:05Z</time>
   </trkpt>
   <trkpt lat="49.7678070" lon="20.0626230">
    <ele>858.2</ele>
    <time>2025-09-07T08:33:06Z</time>
   </trkpt>
   <trkpt lat="49.7678190" lon="20.0626670">
    <ele>857.2</ele>
    <time>2025-09-07T08:33:07Z</time>
   </trkpt>
   <trkpt lat="49.7678280" lon="20.0627070">
    <ele>855.8</ele>
    <time>2025-09-07T08:33:08Z</time>
   </trkpt>
   <trkpt lat="49.7678410" lon="20.0627490">
    <ele>854.8</ele>
    <time>2025-09-07T08:33:09Z</time>
   </trkpt>
   <trkpt lat="49.7678720" lon="20.0628600">
    <ele>853.2</ele>
    <time>2025-09-07T08:33:11Z</time>
   </trkpt>
   <trkpt lat="49.7678860" lon="20.0629140">
    <ele>852.4</ele>
    <time>2025-09-07T08:33:12Z</time>
   </trkpt>
   <trkpt lat="49.7679020" lon="20.0629970">
    <ele>850.8</ele>
    <time>2025-09-07T08:33:13Z</time>
   </trkpt>
   <trkpt lat="49.7679170" lon="20.0631130">
    <ele>849.8</ele>
    <time>2025-09-07T08:33:14Z</time>
   </trkpt>
   <trkpt lat="49.7679270" lon="20.0631900">
    <ele>848.8</ele>
    <time>2025-09-07T08:33:15Z</time>
   </trkpt>
   <trkpt lat="49.7679400" lon="20.0632300">
    <ele>848.2</ele>
    <time>2025-09-07T08:33:16Z</time>
   </trkpt>
   <trkpt lat="49.7679490" lon="20.0632550">
    <ele>847.4</ele>
    <time>2025-09-07T08:33:17Z</time>
   </trkpt>
   <trkpt lat="49.7679540" lon="20.0632690">
    <ele>846.6</ele>
    <time>2025-09-07T08:33:18Z</time>
   </trkpt>
   <trkpt lat="49.7679590" lon="20.0632770">
    <ele>846.0</ele>
    <time>2025-09-07T08:33:19Z</time>
   </trkpt>
   <trkpt lat="49.7679650" lon="20.0632850">
    <ele>845.8</ele>
    <time>2025-09-07T08:33:20Z</time>
   </trkpt>
   <trkpt lat="49.7679710" lon="20.0632930">
    <ele>845.8</ele>
    <time>2025-09-07T08:33:23Z</time>
   </trkpt>
   <trkpt lat="49.7679770" lon="20.0633010">
    <ele>845.8</ele>
    <time>2025-09-07T08:33:29Z</time>
   </trkpt>
   <trkpt lat="49.7679820" lon="20.0633090">
    <ele>846.0</ele>
    <time>2025-09-07T08:33:38Z</time>
   </trkpt>
   <trkpt lat="49.7679880" lon="20.0633170">
    <ele>846.0</ele>
    <time>2025-09-07T08:33:47Z</time>
   </trkpt>
   <trkpt lat="49.7679940" lon="20.0633250">
    <ele>846.0</ele>
    <time>2025-09-07T08:33:51Z</time>
   </trkpt>
   <trkpt lat="49.7679990" lon="20.0633340">
    <ele>846.0</ele>
    <time>2025-09-07T08:33:52Z</time>
   </trkpt>
   <trkpt lat="49.7680050" lon="20.0633420">
    <ele>846.0</ele>
    <time>2025-09-07T08:33:53Z</time>
   </trkpt>
   <trkpt lat="49.7680110" lon="20.0633500">
    <ele>846.0</ele>
    <time>2025-09-07T08:33:58Z</time>
   </trkpt>
   <trkpt lat="49.7680160" lon="20.0633580">
    <ele>846.2</ele>
    <time>2025-09-07T08:34:05Z</time>
   </trkpt>
   <trkpt lat="49.7680220" lon="20.0633660">
    <ele>846.2</ele>
    <time>2025-09-07T08:34:13Z</time>
   </trkpt>
   <trkpt lat="49.7680280" lon="20.0633740">
    <ele>846.2</ele>
    <time>2025-09-07T08:34:15Z</time>
   </trkpt>
   <trkpt lat="49.7680340" lon="20.0633820">
    <ele>846.2</ele>
    <time>2025-09-07T08:34:18Z</time>
   </trkpt>
   <trkpt lat="49.7680390" lon="20.0633900">
    <ele>846.2</ele>
    <time>2025-09-07T08:34:24Z</time>
   </trkpt>
   <trkpt lat="49.7680450" lon="20.0633980">
    <ele>845.6</ele>
    <time>2025-09-07T08:34:25Z</time>
   </trkpt>
   <trkpt lat="49.7680700" lon="20.0634700">
    <ele>844.6</ele>
    <time>2025-09-07T08:34:26Z</time>
   </trkpt>
   <trkpt lat="49.7680920" lon="20.0635590">
    <ele>843.2</ele>
    <time>2025-09-07T08:34:27Z</time>
   </trkpt>
   <trkpt lat="49.7681030" lon="20.0636680">
    <ele>842.4</ele>
    <time>2025-09-07T08:34:28Z</time>
   </trkpt>
   <trkpt lat="49.7681070" lon="20.0637840">
    <ele>841.2</ele>
    <time>2025-09-07T08:34:29Z</time>
   </trkpt>
   <trkpt lat="49.7681140" lon="20.0639040">
    <ele>840.0</ele>
    <time>2025-09-07T08:34:30Z</time>
   </trkpt>
   <trkpt lat="49.7681270" lon="20.0640240">
    <ele>838.6</ele>
    <time>2025-09-07T08:34:31Z</time>
   </trkpt>
   <trkpt lat="49.7681270" lon="20.0641370">
    <ele>837.4</ele>
    <time>2025-09-07T08:34:32Z</time>
   </trkpt>
   <trkpt lat="49.7681150" lon="20.0642350">
    <ele>836.8</ele>
    <time>2025-09-07T08:34:33Z</time>
   </trkpt>
   <trkpt lat="49.7680990" lon="20.0643340">
    <ele>836.6</ele>
    <time>2025-09-07T08:34:34Z</time>
   </trkpt>
   <trkpt lat="49.7680870" lon="20.0644360">
    <ele>836.4</ele>
    <time>2025-09-07T08:34:35Z</time>
   </trkpt>
   <trkpt lat="49.7680700" lon="20.0645310">
    <ele>836.4</ele>
    <time>2025-09-07T08:34:36Z</time>
   </trkpt>
   <trkpt lat="49.7680540" lon="20.0646100">
    <ele>836.2</ele>
    <time>2025-09-07T08:34:37Z</time>
   </trkpt>
   <trkpt lat="49.7680410" lon="20.0646900">
    <ele>836.0</ele>
    <time>2025-09-07T08:34:38Z</time>
   </trkpt>
   <trkpt lat="49.7680260" lon="20.0647720">
    <ele>836.2</ele>
    <time>2025-09-07T08:34:39Z</time>
   </trkpt>
   <trkpt lat="49.7679750" lon="20.0649080">
    <ele>836.0</ele>
    <time>2025-09-07T08:34:41Z</time>
   </trkpt>
   <trkpt lat="49.7679520" lon="20.0649730">
    <ele>835.6</ele>
    <time>2025-09-07T08:34:42Z</time>
   </trkpt>
   <trkpt lat="49.7679390" lon="20.0650610">
    <ele>835.2</ele>
    <time>2025-09-07T08:34:43Z</time>
   </trkpt>
   <trkpt lat="49.7679430" lon="20.0651420">
    <ele>834.2</ele>
    <time>2025-09-07T08:34:44Z</time>
   </trkpt>
   <trkpt lat="49.7679490" lon="20.0652230">
    <ele>832.0</ele>
    <time>2025-09-07T08:34:45Z</time>
   </trkpt>
   <trkpt lat="49.7679760" lon="20.0653170">
    <ele>831.6</ele>
    <time>2025-09-07T08:34:46Z</time>
   </trkpt>
   <trkpt lat="49.7679930" lon="20.0653940">
    <ele>831.2</ele>
    <time>2025-09-07T08:34:47Z</time>
   </trkpt>
   <trkpt lat="49.7680110" lon="20.0654800">
    <ele>831.0</ele>
    <time>2025-09-07T08:34:48Z</time>
   </trkpt>
   <trkpt lat="49.7680210" lon="20.0655530">
    <ele>830.8</ele>
    <time>2025-09-07T08:34:49Z</time>
   </trkpt>
   <trkpt lat="49.7680250" lon="20.0656970">
    <ele>830.6</ele>
    <time>2025-09-07T08:34:51Z</time>
   </trkpt>
   <trkpt lat="49.7680380" lon="20.0657850">
    <ele>829.8</ele>
    <time>2025-09-07T08:34:52Z</time>
   </trkpt>
   <trkpt lat="49.7680590" lon="20.0658710">
    <ele>828.0</ele>
    <time>2025-09-07T08:34:53Z</time>
   </trkpt>
   <trkpt lat="49.7680610" lon="20.0661150">
    <ele>826.6</ele>
    <time>2025-09-07T08:34:55Z</time>
   </trkpt>
   <trkpt lat="49.7680450" lon="20.0662580">
    <ele>825.6</ele>
    <time>2025-09-07T08:34:56Z</time>
   </trkpt>
   <trkpt lat="49.7680170" lon="20.0665580">
    <ele>823.4</ele>
    <time>2025-09-07T08:34:58Z</time>
   </trkpt>
   <trkpt lat="49.7680180" lon="20.0667040">
    <ele>821.4</ele>
    <time>2025-09-07T08:34:59Z</time>
   </trkpt>
   <trkpt lat="49.7680150" lon="20.0668390">
    <ele>819.2</ele>
    <time>2025-09-07T08:35:00Z</time>
   </trkpt>
   <trkpt lat="49.7679940" lon="20.0669580">
    <ele>817.0</ele>
    <time>2025-09-07T08:35:01Z</time>
   </trkpt>
   <trkpt lat="49.7679610" lon="20.0670750">
    <ele>815.6</ele>
    <time>2025-09-07T08:35:02Z</time>
   </trkpt>
   <trkpt lat="49.7679130" lon="20.0671950">
    <ele>815.2</ele>
    <time>2025-09-07T08:35:03Z</time>
   </trkpt>
   <trkpt lat="49.7678710" lon="20.0672940">
    <ele>814.8</ele>
    <time>2025-09-07T08:35:04Z</time>
   </trkpt>
   <trkpt lat="49.7678270" lon="20.0673900">
    <ele>814.8</ele>
    <time>2025-09-07T08:35:05Z</time>
   </trkpt>
   <trkpt lat="49.7677890" lon="20.0674890">
    <ele>814.8</ele>
    <time>2025-09-07T08:35:06Z</time>
   </trkpt>
   <trkpt lat="49.7677530" lon="20.0675920">
    <ele>814.8</ele>
    <time>2025-09-07T08:35:07Z</time>
   </trkpt>
   <trkpt lat="49.7677210" lon="20.0676900">
    <ele>815.0</ele>
    <time>2025-09-07T08:35:08Z</time>
   </trkpt>
   <trkpt lat="49.7677010" lon="20.0677860">
    <ele>815.0</ele>
    <time>2025-09-07T08:35:09Z</time>
   </trkpt>
   <trkpt lat="49.7676930" lon="20.0678760">
    <ele>815.0</ele>
    <time>2025-09-07T08:35:10Z</time>
   </trkpt>
   <trkpt lat="49.7676790" lon="20.0680610">
    <ele>814.8</ele>
    <time>2025-09-07T08:35:12Z</time>
   </trkpt>
   <trkpt lat="49.7676660" lon="20.0681580">
    <ele>814.4</ele>
    <time>2025-09-07T08:35:13Z</time>
   </trkpt>
   <trkpt lat="49.7676490" lon="20.0682530">
    <ele>813.6</ele>
    <time>2025-09-07T08:35:14Z</time>
   </trkpt>
   <trkpt lat="49.7676300" lon="20.0683440">
    <ele>811.8</ele>
    <time>2025-09-07T08:35:15Z</time>
   </trkpt>
   <trkpt lat="49.7676050" lon="20.0684330">
    <ele>811.0</ele>
    <time>2025-09-07T08:35:16Z</time>
   </trkpt>
   <trkpt lat="49.7675750" lon="20.0685060">
    <ele>810.8</ele>
    <time>2025-09-07T08:35:17Z</time>
   </trkpt>
   <trkpt lat="49.7675470" lon="20.0685820">
    <ele>809.2</ele>
    <time>2025-09-07T08:35:18Z</time>
   </trkpt>
   <trkpt lat="49.7675180" lon="20.0686770">
    <ele>808.2</ele>
    <time>2025-09-07T08:35:19Z</time>
   </trkpt>
   <trkpt lat="49.7674860" lon="20.0687820">
    <ele>806.8</ele>
    <time>2025-09-07T08:35:20Z</time>
   </trkpt>
   <trkpt lat="49.7674540" lon="20.0688800">
    <ele>804.6</ele>
    <time>2025-09-07T08:35:21Z</time>
   </trkpt>
   <trkpt lat="49.7674210" lon="20.0689780">
    <ele>802.4</ele>
    <time>2025-09-07T08:35:22Z</time>
   </trkpt>
   <trkpt lat="49.7673860" lon="20.0690830">
    <ele>800.8</ele>
    <time>2025-09-07T08:35:23Z</time>
   </trkpt>
   <trkpt lat="49.7673460" lon="20.0692040">
    <ele>799.4</ele>
    <time>2025-09-07T08:35:24Z</time>
   </trkpt>
   <trkpt lat="49.7673020" lon="20.0693020">
    <ele>798.2</ele>
    <time>2025-09-07T08:35:25Z</time>
   </trkpt>
   <trkpt lat="49.7672690" lon="20.0693670">
    <ele>795.0</ele>
    <time>2025-09-07T08:35:26Z</time>
   </trkpt>
   <trkpt lat="49.7672470" lon="20.0694240">
    <ele>793.4</ele>
    <time>2025-09-07T08:35:27Z</time>
   </trkpt>
   <trkpt lat="49.7672260" lon="20.0694810">
    <ele>792.0</ele>
    <time>2025-09-07T08:35:28Z</time>
   </trkpt>
   <trkpt lat="49.7672050" lon="20.0695320">
    <ele>790.2</ele>
    <time>2025-09-07T08:35:29Z</time>
   </trkpt>
   <trkpt lat="49.7671830" lon="20.0695850">
    <ele>789.4</ele>
    <time>2025-09-07T08:35:30Z</time>
   </trkpt>
   <trkpt lat="49.7671600" lon="20.0696570">
    <ele>788.8</ele>
    <time>2025-09-07T08:35:31Z</time>
   </trkpt>
   <trkpt lat="49.7671330" lon="20.0697120">
    <ele>788.2</ele>
    <time>2025-09-07T08:35:32Z</time>
   </trkpt>
   <trkpt lat="49.7670960" lon="20.0697890">
    <ele>787.0</ele>
    <time>2025-09-07T08:35:33Z</time>
   </trkpt>
   <trkpt lat="49.7670600" lon="20.0698510">
    <ele>785.8</ele>
    <time>2025-09-07T08:35:34Z</time>
   </trkpt>
   <trkpt lat="49.7670360" lon="20.0698950">
    <ele>783.6</ele>
    <time>2025-09-07T08:35:35Z</time>
   </trkpt>
   <trkpt lat="49.7670250" lon="20.0699170">
    <ele>782.6</ele>
    <time>2025-09-07T08:35:36Z</time>
   </trkpt>
   <trkpt lat="49.7670290" lon="20.0699070">
    <ele>782.0</ele>
    <time>2025-09-07T08:35:37Z</time>
   </trkpt>
   <trkpt lat="49.7670300" lon="20.0699020">
    <ele>781.4</ele>
    <time>2025-09-07T08:35:39Z</time>
   </trkpt>
   <trkpt lat="49.7670430" lon="20.0698970">
    <ele>781.4</ele>
    <time>2025-09-07T08:35:42Z</time>
   </trkpt>
   <trkpt lat="49.7670400" lon="20.0699340">
    <ele>781.2</ele>
    <time>2025-09-07T08:35:46Z</time>
   </trkpt>
   <trkpt lat="49.7670270" lon="20.0699680">
    <ele>781.2</ele>
    <time>2025-09-07T08:35:47Z</time>
   </trkpt>
   <trkpt lat="49.7670080" lon="20.0700020">
    <ele>781.2</ele>
    <time>2025-09-07T08:35:48Z</time>
   </trkpt>
   <trkpt lat="49.7669930" lon="20.0700230">
    <ele>781.0</ele>
    <time>2025-09-07T08:35:49Z</time>
   </trkpt>
   <trkpt lat="49.7669920" lon="20.0700340">
    <ele>780.4</ele>
    <time>2025-09-07T08:35:50Z</time>
   </trkpt>
   <trkpt lat="49.7669940" lon="20.0700350">
    <ele>779.8</ele>
    <time>2025-09-07T08:35:51Z</time>
   </trkpt>
   <trkpt lat="49.7669780" lon="20.0700550">
    <ele>779.0</ele>
    <time>2025-09-07T08:35:55Z</time>
   </trkpt>
   <trkpt lat="49.7669720" lon="20.0700630">
    <ele>778.8</ele>
    <time>2025-09-07T08:35:58Z</time>
   </trkpt>
   <trkpt lat="49.7669710" lon="20.0700690">
    <ele>778.4</ele>
    <time>2025-09-07T08:36:01Z</time>
   </trkpt>
   <trkpt lat="49.7669760" lon="20.0700940">
    <ele>777.8</ele>
    <time>2025-09-07T08:36:08Z</time>
   </trkpt>
   <trkpt lat="49.7669770" lon="20.0700960">
    <ele>777.8</ele>
    <time>2025-09-07T08:36:09Z</time>
   </trkpt>
   <trkpt lat="49.7669770" lon="20.0700960">
    <ele>777.8</ele>
    <time>2025-09-07T08:36:10Z</time>
   </trkpt>
   <trkpt lat="49.7669770" lon="20.0700960">
    <ele>777.8</ele>
    <time>2025-09-07T08:36:11Z</time>
   </trkpt>
   <trkpt lat="49.7669810" lon="20.0700880">
    <ele>777.8</ele>
    <time>2025-09-07T08:36:18Z</time>
   </trkpt>
   <trkpt lat="49.7669720" lon="20.0701390">
    <ele>777.8</ele>
    <time>2025-09-07T08:36:22Z</time>
   </trkpt>
   <trkpt lat="49.7669700" lon="20.0701790">
    <ele>777.6</ele>
    <time>2025-09-07T08:36:23Z</time>
   </trkpt>
   <trkpt lat="49.7669670" lon="20.0702530">
    <ele>776.0</ele>
    <time>2025-09-07T08:36:25Z</time>
   </trkpt>
   <trkpt lat="49.7669570" lon="20.0702930">
    <ele>775.0</ele>
    <time>2025-09-07T08:36:26Z</time>
   </trkpt>
   <trkpt lat="49.7669470" lon="20.0703280">
    <ele>773.8</ele>
    <time>2025-09-07T08:36:27Z</time>
   </trkpt>
   <trkpt lat="49.7669410" lon="20.0703620">
    <ele>773.0</ele>
    <time>2025-09-07T08:36:28Z</time>
   </trkpt>
   <trkpt lat="49.7669370" lon="20.0704030">
    <ele>771.8</ele>
    <time>2025-09-07T08:36:29Z</time>
   </trkpt>
   <trkpt lat="49.7669370" lon="20.0704710">
    <ele>770.4</ele>
    <time>2025-09-07T08:36:31Z</time>
   </trkpt>
   <trkpt lat="49.7669390" lon="20.0705040">
    <ele>768.8</ele>
    <time>2025-09-07T08:36:32Z</time>
   </trkpt>
   <trkpt lat="49.7669400" lon="20.0705430">
    <ele>767.6</ele>
    <time>2025-09-07T08:36:33Z</time>
   </trkpt>
   <trkpt lat="49.7669340" lon="20.0706430">
    <ele>765.4</ele>
    <time>2025-09-07T08:36:35Z</time>
   </trkpt>
   <trkpt lat="49.7669290" lon="20.0706900">
    <ele>764.2</ele>
    <time>2025-09-07T08:36:36Z</time>
   </trkpt>
   <trkpt lat="49.7669240" lon="20.0707400">
    <ele>763.0</ele>
    <time>2025-09-07T08:36:37Z</time>
   </trkpt>
   <trkpt lat="49.7669190" lon="20.0707950">
    <ele>761.8</ele>
    <time>2025-09-07T08:36:38Z</time>
   </trkpt>
   <trkpt lat="49.7669160" lon="20.0708560">
    <ele>759.8</ele>
    <time>2025-09-07T08:36:39Z</time>
   </trkpt>
   <trkpt lat="49.7669070" lon="20.0709840">
    <ele>757.4</ele>
    <time>2025-09-07T08:36:41Z</time>
   </trkpt>
   <trkpt lat="49.7669020" lon="20.0710620">
    <ele>756.2</ele>
    <time>2025-09-07T08:36:42Z</time>
   </trkpt>
   <trkpt lat="49.7669060" lon="20.0711190">
    <ele>754.8</ele>
    <time>2025-09-07T08:36:43Z</time>
   </trkpt>
   <trkpt lat="49.7669140" lon="20.0713030">
    <ele>752.0</ele>
    <time>2025-09-07T08:36:45Z</time>
   </trkpt>
   <trkpt lat="49.7669070" lon="20.0713630">
    <ele>750.8</ele>
    <time>2025-09-07T08:36:46Z</time>
   </trkpt>
   <trkpt lat="49.7668940" lon="20.0714160">
    <ele>750.0</ele>
    <time>2025-09-07T08:36:47Z</time>
   </trkpt>
   <trkpt lat="49.7668700" lon="20.0714830">
    <ele>748.4</ele>
    <time>2025-09-07T08:36:48Z</time>
   </trkpt>
   <trkpt lat="49.7668590" lon="20.0715270">
    <ele>747.0</ele>
    <time>2025-09-07T08:36:49Z</time>
   </trkpt>
   <trkpt lat="49.7668610" lon="20.0715790">
    <ele>745.2</ele>
    <time>2025-09-07T08:36:50Z</time>
   </trkpt>
   <trkpt lat="49.7668590" lon="20.0716110">
    <ele>744.0</ele>
    <time>2025-09-07T08:36:51Z</time>
   </trkpt>
   <trkpt lat="49.7668430" lon="20.0716650">
    <ele>743.2</ele>
    <time>2025-09-07T08:36:52Z</time>
   </trkpt>
   <trkpt lat="49.7668310" lon="20.0717160">
    <ele>742.6</ele>
    <time>2025-09-07T08:36:53Z</time>
   </trkpt>
   <trkpt lat="49.7668240" lon="20.0717500">
    <ele>741.8</ele>
    <time>2025-09-07T08:36:54Z</time>
   </trkpt>
   <trkpt lat="49.7668160" lon="20.0717840">
    <ele>741.0</ele>
    <time>2025-09-07T08:36:55Z</time>
   </trkpt>
   <trkpt lat="49.7668040" lon="20.0718240">
    <ele>740.6</ele>
    <time>2025-09-07T08:36:56Z</time>
   </trkpt>
   <trkpt lat="49.7667940" lon="20.0718440">
    <ele>739.8</ele>
    <time>2025-09-07T08:36:57Z</time>
   </trkpt>
   <trkpt lat="49.7667890" lon="20.0718560">
    <ele>739.6</ele>
    <time>2025-09-07T08:36:58Z</time>
   </trkpt>
   <trkpt lat="49.7667880" lon="20.0718610">
    <ele>739.0</ele>
    <time>2025-09-07T08:36:59Z</time>
   </trkpt>
   <trkpt lat="49.7667880" lon="20.0718610">
    <ele>738.8</ele>
    <time>2025-09-07T08:37:01Z</time>
   </trkpt>
   <trkpt lat="49.7667870" lon="20.0718700">
    <ele>738.6</ele>
    <time>2025-09-07T08:37:05Z</time>
   </trkpt>
   <trkpt lat="49.7667870" lon="20.0718700">
    <ele>738.6</ele>
    <time>2025-09-07T08:37:12Z</time>
   </trkpt>
   <trkpt lat="49.7667910" lon="20.0718610">
    <ele>738.8</ele>
    <time>2025-09-07T08:37:15Z</time>
   </trkpt>
   <trkpt lat="49.7667910" lon="20.0718610">
    <ele>738.8</ele>
    <time>2025-09-07T08:37:20Z</time>
   </trkpt>
   <trkpt lat="49.7667770" lon="20.0719230">
    <ele>739.2</ele>
    <time>2025-09-07T08:37:30Z</time>
   </trkpt>
   <trkpt lat="49.7667630" lon="20.0720080">
    <ele>738.8</ele>
    <time>2025-09-07T08:37:32Z</time>
   </trkpt>
   <trkpt lat="49.7667640" lon="20.0720500">
    <ele>738.2</ele>
    <time>2025-09-07T08:37:33Z</time>
   </trkpt>
   <trkpt lat="49.7667590" lon="20.0721120">
    <ele>737.4</ele>
    <time>2025-09-07T08:37:34Z</time>
   </trkpt>
   <trkpt lat="49.7667460" lon="20.0721470">
    <ele>736.8</ele>
    <time>2025-09-07T08:37:35Z</time>
   </trkpt>
   <trkpt lat="49.7667330" lon="20.0721820">
    <ele>735.8</ele>
    <time>2025-09-07T08:37:36Z</time>
   </trkpt>
   <trkpt lat="49.7667360" lon="20.0722140">
    <ele>735.2</ele>
    <time>2025-09-07T08:37:37Z</time>
   </trkpt>
   <trkpt lat="49.7667470" lon="20.0722340">
    <ele>734.8</ele>
    <time>2025-09-07T08:37:38Z</time>
   </trkpt>
   <trkpt lat="49.7667550" lon="20.0722410">
    <ele>734.0</ele>
    <time>2025-09-07T08:37:39Z</time>
   </trkpt>
   <trkpt lat="49.7667890" lon="20.0722510">
    <ele>733.0</ele>
    <time>2025-09-07T08:37:41Z</time>
   </trkpt>
   <trkpt lat="49.7668220" lon="20.0722570">
    <ele>732.6</ele>
    <time>2025-09-07T08:37:42Z</time>
   </trkpt>
   <trkpt lat="49.7668580" lon="20.0722680">
    <ele>732.0</ele>
    <time>2025-09-07T08:37:43Z</time>
   </trkpt>
   <trkpt lat="49.7668960" lon="20.0722820">
    <ele>730.2</ele>
    <time>2025-09-07T08:37:44Z</time>
   </trkpt>
   <trkpt lat="49.7669290" lon="20.0723000">
    <ele>729.4</ele>
    <time>2025-09-07T08:37:45Z</time>
   </trkpt>
   <trkpt lat="49.7669570" lon="20.0723260">
    <ele>728.6</ele>
    <time>2025-09-07T08:37:46Z</time>
   </trkpt>
   <trkpt lat="49.7669840" lon="20.0723400">
    <ele>727.4</ele>
    <time>2025-09-07T08:37:47Z</time>
   </trkpt>
   <trkpt lat="49.7670230" lon="20.0723460">
    <ele>726.4</ele>
    <time>2025-09-07T08:37:48Z</time>
   </trkpt>
   <trkpt lat="49.7670990" lon="20.0723420">
    <ele>724.4</ele>
    <time>2025-09-07T08:37:49Z</time>
   </trkpt>
   <trkpt lat="49.7671560" lon="20.0723360">
    <ele>722.6</ele>
    <time>2025-09-07T08:37:50Z</time>
   </trkpt>
   <trkpt lat="49.7671910" lon="20.0723310">
    <ele>722.0</ele>
    <time>2025-09-07T08:37:51Z</time>
   </trkpt>
   <trkpt lat="49.7672380" lon="20.0723340">
    <ele>721.4</ele>
    <time>2025-09-07T08:37:52Z</time>
   </trkpt>
   <trkpt lat="49.7672830" lon="20.0723410">
    <ele>720.8</ele>
    <time>2025-09-07T08:37:53Z</time>
   </trkpt>
   <trkpt lat="49.7673210" lon="20.0723410">
    <ele>719.6</ele>
    <time>2025-09-07T08:37:54Z</time>
   </trkpt>
   <trkpt lat="49.7673670" lon="20.0723320">
    <ele>717.6</ele>
    <time>2025-09-07T08:37:55Z</time>
   </trkpt>
   <trkpt lat="49.7674140" lon="20.0723240">
    <ele>716.6</ele>
    <time>2025-09-07T08:37:56Z</time>
   </trkpt>
   <trkpt lat="49.7674430" lon="20.0723170">
    <ele>715.6</ele>
    <time>2025-09-07T08:37:57Z</time>
   </trkpt>
   <trkpt lat="49.7674820" lon="20.0723210">
    <ele>714.2</ele>
    <time>2025-09-07T08:37:58Z</time>
   </trkpt>
   <trkpt lat="49.7675130" lon="20.0723160">
    <ele>713.4</ele>
    <time>2025-09-07T08:37:59Z</time>
   </trkpt>
   <trkpt lat="49.7675500" lon="20.0723040">
    <ele>712.8</ele>
    <time>2025-09-07T08:38:00Z</time>
   </trkpt>
   <trkpt lat="49.7675830" lon="20.0722920">
    <ele>712.2</ele>
    <time>2025-09-07T08:38:01Z</time>
   </trkpt>
   <trkpt lat="49.7676130" lon="20.0722780">
    <ele>712.0</ele>
    <time>2025-09-07T08:38:02Z</time>
   </trkpt>
   <trkpt lat="49.7676400" lon="20.0722650">
    <ele>711.4</ele>
    <time>2025-09-07T08:38:03Z</time>
   </trkpt>
   <trkpt lat="49.7676920" lon="20.0722190">
    <ele>710.4</ele>
    <time>2025-09-07T08:38:05Z</time>
   </trkpt>
   <trkpt lat="49.7677120" lon="20.0722030">
    <ele>709.8</ele>
    <time>2025-09-07T08:38:06Z</time>
   </trkpt>
   <trkpt lat="49.7677910" lon="20.0721970">
    <ele>708.2</ele>
    <time>2025-09-07T08:38:08Z</time>
   </trkpt>
   <trkpt lat="49.7678190" lon="20.0721940">
    <ele>708.0</ele>
    <time>2025-09-07T08:38:09Z</time>
   </trkpt>
   <trkpt lat="49.7678560" lon="20.0721970">
    <ele>707.6</ele>
    <time>2025-09-07T08:38:10Z</time>
   </trkpt>
   <trkpt lat="49.7678990" lon="20.0722140">
    <ele>706.6</ele>
    <time>2025-09-07T08:38:11Z</time>
   </trkpt>
   <trkpt lat="49.7679320" lon="20.0722090">
    <ele>706.2</ele>
    <time>2025-09-07T08:38:12Z</time>
   </trkpt>
   <trkpt lat="49.7679850" lon="20.0721970">
    <ele>705.2</ele>
    <time>2025-09-07T08:38:13Z</time>
   </trkpt>
   <trkpt lat="49.7680320" lon="20.0721970">
    <ele>704.0</ele>
    <time>2025-09-07T08:38:14Z</time>
   </trkpt>
   <trkpt lat="49.7681290" lon="20.0721790">
    <ele>701.6</ele>
    <time>2025-09-07T08:38:16Z</time>
   </trkpt>
   <trkpt lat="49.7681850" lon="20.0721460">
    <ele>700.4</ele>
    <time>2025-09-07T08:38:17Z</time>
   </trkpt>
   <trkpt lat="49.7682370" lon="20.0721190">
    <ele>698.6</ele>
    <time>2025-09-07T08:38:18Z</time>
   </trkpt>
   <trkpt lat="49.7682800" lon="20.0721070">
    <ele>697.0</ele>
    <time>2025-09-07T08:38:19Z</time>
   </trkpt>
   <trkpt lat="49.7683060" lon="20.0721010">
    <ele>696.4</ele>
    <time>2025-09-07T08:38:20Z</time>
   </trkpt>
   <trkpt lat="49.7683220" lon="20.0721110">
    <ele>695.4</ele>
    <time>2025-09-07T08:38:21Z</time>
   </trkpt>
   <trkpt lat="49.7683630" lon="20.0721130">
    <ele>694.6</ele>
    <time>2025-09-07T08:38:22Z</time>
   </trkpt>
   <trkpt lat="49.7684200" lon="20.0721120">
    <ele>693.2</ele>
    <time>2025-09-07T08:38:23Z</time>
   </trkpt>
   <trkpt lat="49.7684710" lon="20.0720990">
    <ele>692.0</ele>
    <time>2025-09-07T08:38:24Z</time>
   </trkpt>
   <trkpt lat="49.7685160" lon="20.0720970">
    <ele>691.4</ele>
    <time>2025-09-07T08:38:25Z</time>
   </trkpt>
   <trkpt lat="49.7685480" lon="20.0720970">
    <ele>690.0</ele>
    <time>2025-09-07T08:38:26Z</time>
   </trkpt>
   <trkpt lat="49.7685730" lon="20.0721060">
    <ele>689.2</ele>
    <time>2025-09-07T08:38:27Z</time>
   </trkpt>
   <trkpt lat="49.7686020" lon="20.0721320">
    <ele>687.6</ele>
    <time>2025-09-07T08:38:28Z</time>
   </trkpt>
   <trkpt lat="49.7686220" lon="20.0721830">
    <ele>686.6</ele>
    <time>2025-09-07T08:38:29Z</time>
   </trkpt>
   <trkpt lat="49.7686290" lon="20.0722160">
    <ele>685.8</ele>
    <time>2025-09-07T08:38:30Z</time>
   </trkpt>
   <trkpt lat="49.7686280" lon="20.0722420">
    <ele>684.6</ele>
    <time>2025-09-07T08:38:31Z</time>
   </trkpt>
   <trkpt lat="49.7686260" lon="20.0722480">
    <ele>683.8</ele>
    <time>2025-09-07T08:38:32Z</time>
   </trkpt>
   <trkpt lat="49.7686260" lon="20.0722480">
    <ele>683.2</ele>
    <time>2025-09-07T08:38:33Z</time>
   </trkpt>
   <trkpt lat="49.7686260" lon="20.0722480">
    <ele>683.2</ele>
    <time>2025-09-07T08:38:38Z</time>
   </trkpt>
   <trkpt lat="49.7686230" lon="20.0723110">
    <ele>683.2</ele>
    <time>2025-09-07T08:38:42Z</time>
   </trkpt>
   <trkpt lat="49.7686080" lon="20.0723770">
    <ele>683.2</ele>
    <time>2025-09-07T08:38:43Z</time>
   </trkpt>
   <trkpt lat="49.7685970" lon="20.0724320">
    <ele>682.6</ele>
    <time>2025-09-07T08:38:44Z</time>
   </trkpt>
   <trkpt lat="49.7685810" lon="20.0725040">
    <ele>681.8</ele>
    <time>2025-09-07T08:38:45Z</time>
   </trkpt>
   <trkpt lat="49.7685340" lon="20.0726790">
    <ele>679.8</ele>
    <time>2025-09-07T08:38:47Z</time>
   </trkpt>
   <trkpt lat="49.7685200" lon="20.0727640">
    <ele>677.6</ele>
    <time>2025-09-07T08:38:48Z</time>
   </trkpt>
   <trkpt lat="49.7685120" lon="20.0728260">
    <ele>675.2</ele>
    <time>2025-09-07T08:38:49Z</time>
   </trkpt>
   <trkpt lat="49.7685130" lon="20.0728620">
    <ele>674.8</ele>
    <time>2025-09-07T08:38:50Z</time>
   </trkpt>
   <trkpt lat="49.7685090" lon="20.0728780">
    <ele>674.2</ele>
    <time>2025-09-07T08:38:51Z</time>
   </trkpt>
   <trkpt lat="49.7685130" lon="20.0728860">
    <ele>674.0</ele>
    <time>2025-09-07T08:38:52Z</time>
   </trkpt>
   <trkpt lat="49.7685260" lon="20.0728760">
    <ele>673.8</ele>
    <time>2025-09-07T08:38:53Z</time>
   </trkpt>
   <trkpt lat="49.7685550" lon="20.0728210">
    <ele>673.6</ele>
    <time>2025-09-07T08:38:55Z</time>
   </trkpt>
   <trkpt lat="49.7685790" lon="20.0727900">
    <ele>673.6</ele>
    <time>2025-09-07T08:38:56Z</time>
   </trkpt>
   <trkpt lat="49.7686590" lon="20.0727350">
    <ele>673.0</ele>
    <time>2025-09-07T08:38:58Z</time>
   </trkpt>
   <trkpt lat="49.7687290" lon="20.0726640">
    <ele>671.8</ele>
    <time>2025-09-07T08:39:00Z</time>
   </trkpt>
   <trkpt lat="49.7687810" lon="20.0726150">
    <ele>670.8</ele>
    <time>2025-09-07T08:39:01Z</time>
   </trkpt>
   <trkpt lat="49.7688130" lon="20.0725880">
    <ele>670.2</ele>
    <time>2025-09-07T08:39:02Z</time>
   </trkpt>
   <trkpt lat="49.7688580" lon="20.0725450">
    <ele>669.6</ele>
    <time>2025-09-07T08:39:03Z</time>
   </trkpt>
   <trkpt lat="49.7689010" lon="20.0724910">
    <ele>669.6</ele>
    <time>2025-09-07T08:39:04Z</time>
   </trkpt>
   <trkpt lat="49.7690000" lon="20.0723360">
    <ele>668.8</ele>
    <time>2025-09-07T08:39:07Z</time>
   </trkpt>
   <trkpt lat="49.7690270" lon="20.0722700">
    <ele>668.6</ele>
    <time>2025-09-07T08:39:08Z</time>
   </trkpt>
   <trkpt lat="49.7690570" lon="20.0722030">
    <ele>668.4</ele>
    <time>2025-09-07T08:39:09Z</time>
   </trkpt>
   <trkpt lat="49.7690920" lon="20.0721260">
    <ele>668.0</ele>
    <time>2025-09-07T08:39:10Z</time>
   </trkpt>
   <trkpt lat="49.7691220" lon="20.0720500">
    <ele>668.0</ele>
    <time>2025-09-07T08:39:11Z</time>
   </trkpt>
   <trkpt lat="49.7691580" lon="20.0720280">
    <ele>668.0</ele>
    <time>2025-09-07T08:39:12Z</time>
   </trkpt>
   <trkpt lat="49.7691890" lon="20.0720280">
    <ele>668.0</ele>
    <time>2025-09-07T08:39:13Z</time>
   </trkpt>
   <trkpt lat="49.7691950" lon="20.0720310">
    <ele>667.8</ele>
    <time>2025-09-07T08:39:14Z</time>
   </trkpt>
   <trkpt lat="49.7691950" lon="20.0720310">
    <ele>667.8</ele>
    <time>2025-09-07T08:39:15Z</time>
   </trkpt>
   <trkpt lat="49.7691990" lon="20.0720330">
    <ele>667.6</ele>
    <time>2025-09-07T08:39:17Z</time>
   </trkpt>
   <trkpt lat="49.7692890" lon="20.0720550">
    <ele>667.0</ele>
    <time>2025-09-07T08:39:21Z</time>
   </trkpt>
   <trkpt lat="49.7693270" lon="20.0720710">
    <ele>666.2</ele>
    <time>2025-09-07T08:39:22Z</time>
   </trkpt>
   <trkpt lat="49.7694060" lon="20.0721260">
    <ele>664.6</ele>
    <time>2025-09-07T08:39:25Z</time>
   </trkpt>
   <trkpt lat="49.7694430" lon="20.0721560">
    <ele>664.2</ele>
    <time>2025-09-07T08:39:26Z</time>
   </trkpt>
   <trkpt lat="49.7694700" lon="20.0721750">
    <ele>663.4</ele>
    <time>2025-09-07T08:39:27Z</time>
   </trkpt>
   <trkpt lat="49.7695800" lon="20.0722480">
    <ele>662.0</ele>
    <time>2025-09-07T08:39:30Z</time>
   </trkpt>
   <trkpt lat="49.7696250" lon="20.0722500">
    <ele>661.6</ele>
    <time>2025-09-07T08:39:31Z</time>
   </trkpt>
   <trkpt lat="49.7696730" lon="20.0722400">
    <ele>660.2</ele>
    <time>2025-09-07T08:39:32Z</time>
   </trkpt>
   <trkpt lat="49.7697310" lon="20.0722240">
    <ele>659.2</ele>
    <time>2025-09-07T08:39:33Z</time>
   </trkpt>
   <trkpt lat="49.7697740" lon="20.0722020">
    <ele>659.2</ele>
    <time>2025-09-07T08:39:34Z</time>
   </trkpt>
   <trkpt lat="49.7698200" lon="20.0721780">
    <ele>658.6</ele>
    <time>2025-09-07T08:39:35Z</time>
   </trkpt>
   <trkpt lat="49.7698580" lon="20.0721510">
    <ele>658.0</ele>
    <time>2025-09-07T08:39:36Z</time>
   </trkpt>
   <trkpt lat="49.7698880" lon="20.0721070">
    <ele>657.4</ele>
    <time>2025-09-07T08:39:37Z</time>
   </trkpt>
   <trkpt lat="49.7699130" lon="20.0720520">
    <ele>657.0</ele>
    <time>2025-09-07T08:39:38Z</time>
   </trkpt>
   <trkpt lat="49.7699400" lon="20.0720100">
    <ele>656.2</ele>
    <time>2025-09-07T08:39:39Z</time>
   </trkpt>
   <trkpt lat="49.7699600" lon="20.0719890">
    <ele>655.4</ele>
    <time>2025-09-07T08:39:40Z</time>
   </trkpt>
   <trkpt lat="49.7700360" lon="20.0719610">
    <ele>654.6</ele>
    <time>2025-09-07T08:39:42Z</time>
   </trkpt>
   <trkpt lat="49.7700710" lon="20.0719630">
    <ele>653.6</ele>
    <time>2025-09-07T08:39:43Z</time>
   </trkpt>
   <trkpt lat="49.7701150" lon="20.0719560">
    <ele>653.2</ele>
    <time>2025-09-07T08:39:44Z</time>
   </trkpt>
   <trkpt lat="49.7701750" lon="20.0719440">
    <ele>651.6</ele>
    <time>2025-09-07T08:39:45Z</time>
   </trkpt>
   <trkpt lat="49.7702540" lon="20.0719330">
    <ele>650.0</ele>
    <time>2025-09-07T08:39:46Z</time>
   </trkpt>
   <trkpt lat="49.7703100" lon="20.0719310">
    <ele>648.2</ele>
    <time>2025-09-07T08:39:47Z</time>
   </trkpt>
   <trkpt lat="49.7703670" lon="20.0719420">
    <ele>647.0</ele>
    <time>2025-09-07T08:39:48Z</time>
   </trkpt>
   <trkpt lat="49.7704150" lon="20.0719460">
    <ele>646.6</ele>
    <time>2025-09-07T08:39:49Z</time>
   </trkpt>
   <trkpt lat="49.7704550" lon="20.0719560">
    <ele>646.6</ele>
    <time>2025-09-07T08:39:50Z</time>
   </trkpt>
   <trkpt lat="49.7704900" lon="20.0719710">
    <ele>646.0</ele>
    <time>2025-09-07T08:39:51Z</time>
   </trkpt>
   <trkpt lat="49.7705240" lon="20.0719920">
    <ele>645.6</ele>
    <time>2025-09-07T08:39:52Z</time>
   </trkpt>
   <trkpt lat="49.7705640" lon="20.0720290">
    <ele>645.0</ele>
    <time>2025-09-07T08:39:53Z</time>
   </trkpt>
   <trkpt lat="49.7706040" lon="20.0720840">
    <ele>644.8</ele>
    <time>2025-09-07T08:39:54Z</time>
   </trkpt>
   <trkpt lat="49.7706560" lon="20.0721500">
    <ele>643.6</ele>
    <time>2025-09-07T08:39:55Z</time>
   </trkpt>
   <trkpt lat="49.7706970" lon="20.0722040">
    <ele>643.0</ele>
    <time>2025-09-07T08:39:56Z</time>
   </trkpt>
   <trkpt lat="49.7707290" lon="20.0722530">
    <ele>642.6</ele>
    <time>2025-09-07T08:39:57Z</time>
   </trkpt>
   <trkpt lat="49.7708210" lon="20.0724050">
    <ele>640.4</ele>
    <time>2025-09-07T08:39:59Z</time>
   </trkpt>
   <trkpt lat="49.7708720" lon="20.0724660">
    <ele>639.8</ele>
    <time>2025-09-07T08:40:00Z</time>
   </trkpt>
   <trkpt lat="49.7709510" lon="20.0725660">
    <ele>639.2</ele>
    <time>2025-09-07T08:40:01Z</time>
   </trkpt>
   <trkpt lat="49.7710220" lon="20.0726430">
    <ele>638.6</ele>
    <time>2025-09-07T08:40:02Z</time>
   </trkpt>
   <trkpt lat="49.7710990" lon="20.0727380">
    <ele>636.6</ele>
    <time>2025-09-07T08:40:03Z</time>
   </trkpt>
   <trkpt lat="49.7711630" lon="20.0728400">
    <ele>635.4</ele>
    <time>2025-09-07T08:40:04Z</time>
   </trkpt>
   <trkpt lat="49.7712080" lon="20.0729930">
    <ele>633.8</ele>
    <time>2025-09-07T08:40:05Z</time>
   </trkpt>
   <trkpt lat="49.7712300" lon="20.0730900">
    <ele>632.8</ele>
    <time>2025-09-07T08:40:06Z</time>
   </trkpt>
   <trkpt lat="49.7712600" lon="20.0732180">
    <ele>632.0</ele>
    <time>2025-09-07T08:40:07Z</time>
   </trkpt>
   <trkpt lat="49.7712720" lon="20.0733050">
    <ele>630.0</ele>
    <time>2025-09-07T08:40:08Z</time>
   </trkpt>
   <trkpt lat="49.7712900" lon="20.0733950">
    <ele>629.6</ele>
    <time>2025-09-07T08:40:09Z</time>
   </trkpt>
   <trkpt lat="49.7713050" lon="20.0734510">
    <ele>628.8</ele>
    <time>2025-09-07T08:40:10Z</time>
   </trkpt>
   <trkpt lat="49.7713170" lon="20.0734660">
    <ele>628.6</ele>
    <time>2025-09-07T08:40:11Z</time>
   </trkpt>
   <trkpt lat="49.7713370" lon="20.0734380">
    <ele>628.2</ele>
    <time>2025-09-07T08:40:12Z</time>
   </trkpt>
   <trkpt lat="49.7713970" lon="20.0733170">
    <ele>627.8</ele>
    <time>2025-09-07T08:40:14Z</time>
   </trkpt>
   <trkpt lat="49.7714220" lon="20.0732710">
    <ele>627.0</ele>
    <time>2025-09-07T08:40:15Z</time>
   </trkpt>
   <trkpt lat="49.7714560" lon="20.0732370">
    <ele>626.4</ele>
    <time>2025-09-07T08:40:16Z</time>
   </trkpt>
   <trkpt lat="49.7714980" lon="20.0732120">
    <ele>626.2</ele>
    <time>2025-09-07T08:40:17Z</time>
   </trkpt>
   <trkpt lat="49.7715400" lon="20.0731950">
    <ele>625.8</ele>
    <time>2025-09-07T08:40:18Z</time>
   </trkpt>
   <trkpt lat="49.7715830" lon="20.0731630">
    <ele>625.8</ele>
    <time>2025-09-07T08:40:19Z</time>
   </trkpt>
   <trkpt lat="49.7716270" lon="20.0731010">
    <ele>625.6</ele>
    <time>2025-09-07T08:40:20Z</time>
   </trkpt>
   <trkpt lat="49.7716660" lon="20.0730530">
    <ele>625.4</ele>
    <time>2025-09-07T08:40:21Z</time>
   </trkpt>
   <trkpt lat="49.7717470" lon="20.0729560">
    <ele>625.0</ele>
    <time>2025-09-07T08:40:23Z</time>
   </trkpt>
   <trkpt lat="49.7717930" lon="20.0729270">
    <ele>624.4</ele>
    <time>2025-09-07T08:40:24Z</time>
   </trkpt>
   <trkpt lat="49.7718390" lon="20.0728890">
    <ele>624.2</ele>
    <time>2025-09-07T08:40:25Z</time>
   </trkpt>
   <trkpt lat="49.7718790" lon="20.0728310">
    <ele>623.8</ele>
    <time>2025-09-07T08:40:26Z</time>
   </trkpt>
   <trkpt lat="49.7719020" lon="20.0727740">
    <ele>623.8</ele>
    <time>2025-09-07T08:40:27Z</time>
   </trkpt>
   <trkpt lat="49.7719110" lon="20.0727310">
    <ele>623.8</ele>
    <time>2025-09-07T08:40:28Z</time>
   </trkpt>
   <trkpt lat="49.7719220" lon="20.0726690">
    <ele>624.2</ele>
    <time>2025-09-07T08:40:29Z</time>
   </trkpt>
   <trkpt lat="49.7719290" lon="20.0726350">
    <ele>624.6</ele>
    <time>2025-09-07T08:40:30Z</time>
   </trkpt>
   <trkpt lat="49.7719350" lon="20.0726070">
    <ele>624.8</ele>
    <time>2025-09-07T08:40:31Z</time>
   </trkpt>
   <trkpt lat="49.7719320" lon="20.0725850">
    <ele>625.0</ele>
    <time>2025-09-07T08:40:32Z</time>
   </trkpt>
   <trkpt lat="49.7719200" lon="20.0725520">
    <ele>625.2</ele>
    <time>2025-09-07T08:40:33Z</time>
   </trkpt>
   <trkpt lat="49.7719030" lon="20.0725290">
    <ele>625.6</ele>
    <time>2025-09-07T08:40:34Z</time>
   </trkpt>
   <trkpt lat="49.7718950" lon="20.0725140">
    <ele>625.6</ele>
    <time>2025-09-07T08:40:35Z</time>
   </trkpt>
   <trkpt lat="49.7718900" lon="20.0724920">
    <ele>625.8</ele>
    <time>2025-09-07T08:40:36Z</time>
   </trkpt>
   <trkpt lat="49.7718890" lon="20.0724630">
    <ele>626.0</ele>
    <time>2025-09-07T08:40:37Z</time>
   </trkpt>
   <trkpt lat="49.7718870" lon="20.0724250">
    <ele>626.2</ele>
    <time>2025-09-07T08:40:38Z</time>
   </trkpt>
   <trkpt lat="49.7718840" lon="20.0723960">
    <ele>626.2</ele>
    <time>2025-09-07T08:40:39Z</time>
   </trkpt>
   <trkpt lat="49.7718760" lon="20.0723540">
    <ele>626.2</ele>
    <time>2025-09-07T08:40:40Z</time>
   </trkpt>
   <trkpt lat="49.7718740" lon="20.0721900">
    <ele>626.6</ele>
    <time>2025-09-07T08:40:45Z</time>
   </trkpt>
   <trkpt lat="49.7718710" lon="20.0719330">
    <ele>627.6</ele>
    <time>2025-09-07T08:40:51Z</time>
   </trkpt>
   <trkpt lat="49.7718770" lon="20.0718950">
    <ele>628.4</ele>
    <time>2025-09-07T08:40:52Z</time>
   </trkpt>
   <trkpt lat="49.7718860" lon="20.0718650">
    <ele>629.0</ele>
    <time>2025-09-07T08:40:53Z</time>
   </trkpt>
   <trkpt lat="49.7719020" lon="20.0718370">
    <ele>630.0</ele>
    <time>2025-09-07T08:40:54Z</time>
   </trkpt>
   <trkpt lat="49.7719200" lon="20.0718110">
    <ele>630.4</ele>
    <time>2025-09-07T08:40:55Z</time>
   </trkpt>
   <trkpt lat="49.7719460" lon="20.0717790">
    <ele>630.6</ele>
    <time>2025-09-07T08:40:56Z</time>
   </trkpt>
   <trkpt lat="49.7719630" lon="20.0717560">
    <ele>631.2</ele>
    <time>2025-09-07T08:40:57Z</time>
   </trkpt>
   <trkpt lat="49.7719800" lon="20.0717350">
    <ele>631.4</ele>
    <time>2025-09-07T08:40:58Z</time>
   </trkpt>
   <trkpt lat="49.7719980" lon="20.0717150">
    <ele>631.8</ele>
    <time>2025-09-07T08:40:59Z</time>
   </trkpt>
   <trkpt lat="49.7720140" lon="20.0716980">
    <ele>632.0</ele>
    <time>2025-09-07T08:41:00Z</time>
   </trkpt>
   <trkpt lat="49.7720280" lon="20.0716740">
    <ele>632.4</ele>
    <time>2025-09-07T08:41:01Z</time>
   </trkpt>
   <trkpt lat="49.7720400" lon="20.0716520">
    <ele>632.6</ele>
    <time>2025-09-07T08:41:02Z</time>
   </trkpt>
   <trkpt lat="49.7720500" lon="20.0716390">
    <ele>633.0</ele>
    <time>2025-09-07T08:41:03Z</time>
   </trkpt>
   <trkpt lat="49.7720570" lon="20.0716200">
    <ele>633.2</ele>
    <time>2025-09-07T08:41:04Z</time>
   </trkpt>
   <trkpt lat="49.7720690" lon="20.0716010">
    <ele>633.4</ele>
    <time>2025-09-07T08:41:05Z</time>
   </trkpt>
   <trkpt lat="49.7720840" lon="20.0715840">
    <ele>633.6</ele>
    <time>2025-09-07T08:41:06Z</time>
   </trkpt>
   <trkpt lat="49.7721030" lon="20.0715580">
    <ele>633.6</ele>
    <time>2025-09-07T08:41:07Z</time>
   </trkpt>
   <trkpt lat="49.7721150" lon="20.0715420">
    <ele>634.0</ele>
    <time>2025-09-07T08:41:08Z</time>
   </trkpt>
   <trkpt lat="49.7721290" lon="20.0715180">
    <ele>634.2</ele>
    <time>2025-09-07T08:41:09Z</time>
   </trkpt>
   <trkpt lat="49.7721420" lon="20.0714900">
    <ele>634.6</ele>
    <time>2025-09-07T08:41:10Z</time>
   </trkpt>
   <trkpt lat="49.7721540" lon="20.0714670">
    <ele>634.8</ele>
    <time>2025-09-07T08:41:11Z</time>
   </trkpt>
   <trkpt lat="49.7721680" lon="20.0714430">
    <ele>635.0</ele>
    <time>2025-09-07T08:41:12Z</time>
   </trkpt>
   <trkpt lat="49.7721850" lon="20.0714110">
    <ele>635.2</ele>
    <time>2025-09-07T08:41:13Z</time>
   </trkpt>
   <trkpt lat="49.7721930" lon="20.0713810">
    <ele>635.4</ele>
    <time>2025-09-07T08:41:14Z</time>
   </trkpt>
   <trkpt lat="49.7721990" lon="20.0713520">
    <ele>635.6</ele>
    <time>2025-09-07T08:41:15Z</time>
   </trkpt>
   <trkpt lat="49.7722050" lon="20.0713160">
    <ele>635.8</ele>
    <time>2025-09-07T08:41:16Z</time>
   </trkpt>
   <trkpt lat="49.7722040" lon="20.0712780">
    <ele>635.8</ele>
    <time>2025-09-07T08:41:17Z</time>
   </trkpt>
   <trkpt lat="49.7721990" lon="20.0712380">
    <ele>635.8</ele>
    <time>2025-09-07T08:41:18Z</time>
   </trkpt>
   <trkpt lat="49.7721940" lon="20.0711870">
    <ele>635.8</ele>
    <time>2025-09-07T08:41:19Z</time>
   </trkpt>
   <trkpt lat="49.7721860" lon="20.0711500">
    <ele>635.8</ele>
    <time>2025-09-07T08:41:20Z</time>
   </trkpt>
   <trkpt lat="49.7721790" lon="20.0711020">
    <ele>635.8</ele>
    <time>2025-09-07T08:41:21Z</time>
   </trkpt>
   <trkpt lat="49.7721740" lon="20.0710510">
    <ele>635.8</ele>
    <time>2025-09-07T08:41:22Z</time>
   </trkpt>
   <trkpt lat="49.7721660" lon="20.0709990">
    <ele>635.6</ele>
    <time>2025-09-07T08:41:23Z</time>
   </trkpt>
   <trkpt lat="49.7721540" lon="20.0709450">
    <ele>635.6</ele>
    <time>2025-09-07T08:41:24Z</time>
   </trkpt>
   <trkpt lat="49.7721420" lon="20.0708880">
    <ele>635.6</ele>
    <time>2025-09-07T08:41:25Z</time>
   </trkpt>
   <trkpt lat="49.7721350" lon="20.0708460">
    <ele>635.6</ele>
    <time>2025-09-07T08:41:26Z</time>
   </trkpt>
   <trkpt lat="49.7721240" lon="20.0707970">
    <ele>635.8</ele>
    <time>2025-09-07T08:41:27Z</time>
   </trkpt>
   <trkpt lat="49.7721140" lon="20.0707480">
    <ele>636.0</ele>
    <time>2025-09-07T08:41:28Z</time>
   </trkpt>
   <trkpt lat="49.7721050" lon="20.0706960">
    <ele>636.0</ele>
    <time>2025-09-07T08:41:29Z</time>
   </trkpt>
   <trkpt lat="49.7720950" lon="20.0706500">
    <ele>636.2</ele>
    <time>2025-09-07T08:41:30Z</time>
   </trkpt>
   <trkpt lat="49.7720890" lon="20.0706100">
    <ele>636.2</ele>
    <time>2025-09-07T08:41:31Z</time>
   </trkpt>
   <trkpt lat="49.7720920" lon="20.0705710">
    <ele>636.4</ele>
    <time>2025-09-07T08:41:32Z</time>
   </trkpt>
   <trkpt lat="49.7720870" lon="20.0705230">
    <ele>636.4</ele>
    <time>2025-09-07T08:41:33Z</time>
   </trkpt>
   <trkpt lat="49.7720680" lon="20.0704730">
    <ele>636.6</ele>
    <time>2025-09-07T08:41:34Z</time>
   </trkpt>
   <trkpt lat="49.7720610" lon="20.0704200">
    <ele>636.8</ele>
    <time>2025-09-07T08:41:35Z</time>
   </trkpt>
   <trkpt lat="49.7720550" lon="20.0703710">
    <ele>636.8</ele>
    <time>2025-09-07T08:41:36Z</time>
   </trkpt>
   <trkpt lat="49.7720420" lon="20.0703130">
    <ele>636.8</ele>
    <time>2025-09-07T08:41:37Z</time>
   </trkpt>
   <trkpt lat="49.7720330" lon="20.0702460">
    <ele>636.8</ele>
    <time>2025-09-07T08:41:38Z</time>
   </trkpt>
   <trkpt lat="49.7720290" lon="20.0701810">
    <ele>636.6</ele>
    <time>2025-09-07T08:41:39Z</time>
   </trkpt>
   <trkpt lat="49.7720010" lon="20.0700210">
    <ele>635.6</ele>
    <time>2025-09-07T08:41:41Z</time>
   </trkpt>
   <trkpt lat="49.7720040" lon="20.0699450">
    <ele>634.8</ele>
    <time>2025-09-07T08:41:42Z</time>
   </trkpt>
   <trkpt lat="49.7720130" lon="20.0698590">
    <ele>634.8</ele>
    <time>2025-09-07T08:41:43Z</time>
   </trkpt>
   <trkpt lat="49.7720180" lon="20.0697850">
    <ele>634.8</ele>
    <time>2025-09-07T08:41:44Z</time>
   </trkpt>
   <trkpt lat="49.7720200" lon="20.0697200">
    <ele>634.8</ele>
    <time>2025-09-07T08:41:45Z</time>
   </trkpt>
   <trkpt lat="49.7720300" lon="20.0696710">
    <ele>635.2</ele>
    <time>2025-09-07T08:41:46Z</time>
   </trkpt>
   <trkpt lat="49.7720410" lon="20.0696220">
    <ele>635.6</ele>
    <time>2025-09-07T08:41:47Z</time>
   </trkpt>
   <trkpt lat="49.7720420" lon="20.0695120">
    <ele>635.8</ele>
    <time>2025-09-07T08:41:49Z</time>
   </trkpt>
   <trkpt lat="49.7720570" lon="20.0694650">
    <ele>635.8</ele>
    <time>2025-09-07T08:41:50Z</time>
   </trkpt>
   <trkpt lat="49.7720740" lon="20.0694010">
    <ele>635.6</ele>
    <time>2025-09-07T08:41:51Z</time>
   </trkpt>
   <trkpt lat="49.7720700" lon="20.0691990">
    <ele>634.2</ele>
    <time>2025-09-07T08:41:53Z</time>
   </trkpt>
   <trkpt lat="49.7720750" lon="20.0691190">
    <ele>633.6</ele>
    <time>2025-09-07T08:41:54Z</time>
   </trkpt>
   <trkpt lat="49.7720830" lon="20.0690270">
    <ele>633.6</ele>
    <time>2025-09-07T08:41:55Z</time>
   </trkpt>
   <trkpt lat="49.7720940" lon="20.0687960">
    <ele>633.0</ele>
    <time>2025-09-07T08:41:58Z</time>
   </trkpt>
   <trkpt lat="49.7720990" lon="20.0687230">
    <ele>633.0</ele>
    <time>2025-09-07T08:41:59Z</time>
   </trkpt>
   <trkpt lat="49.7721000" lon="20.0686640">
    <ele>633.0</ele>
    <time>2025-09-07T08:42:00Z</time>
   </trkpt>
   <trkpt lat="49.7720990" lon="20.0685990">
    <ele>632.8</ele>
    <time>2025-09-07T08:42:01Z</time>
   </trkpt>
   <trkpt lat="49.7720970" lon="20.0685350">
    <ele>632.8</ele>
    <time>2025-09-07T08:42:02Z</time>
   </trkpt>
   <trkpt lat="49.7720950" lon="20.0684820">
    <ele>632.8</ele>
    <time>2025-09-07T08:42:03Z</time>
   </trkpt>
   <trkpt lat="49.7720930" lon="20.0683520">
    <ele>633.0</ele>
    <time>2025-09-07T08:42:05Z</time>
   </trkpt>
   <trkpt lat="49.7720850" lon="20.0682950">
    <ele>633.2</ele>
    <time>2025-09-07T08:42:06Z</time>
   </trkpt>
   <trkpt lat="49.7720780" lon="20.0682370">
    <ele>633.2</ele>
    <time>2025-09-07T08:42:07Z</time>
   </trkpt>
   <trkpt lat="49.7720720" lon="20.0681950">
    <ele>634.0</ele>
    <time>2025-09-07T08:42:08Z</time>
   </trkpt>
   <trkpt lat="49.7720480" lon="20.0680780">
    <ele>634.0</ele>
    <time>2025-09-07T08:42:10Z</time>
   </trkpt>
   <trkpt lat="49.7720420" lon="20.0679630">
    <ele>633.6</ele>
    <time>2025-09-07T08:42:12Z</time>
   </trkpt>
   <trkpt lat="49.7720410" lon="20.0679050">
    <ele>633.4</ele>
    <time>2025-09-07T08:42:13Z</time>
   </trkpt>
   <trkpt lat="49.7720420" lon="20.0678440">
    <ele>633.6</ele>
    <time>2025-09-07T08:42:14Z</time>
   </trkpt>
   <trkpt lat="49.7720370" lon="20.0677940">
    <ele>633.6</ele>
    <time>2025-09-07T08:42:15Z</time>
   </trkpt>
   <trkpt lat="49.7720380" lon="20.0677480">
    <ele>633.6</ele>
    <time>2025-09-07T08:42:16Z</time>
   </trkpt>
   <trkpt lat="49.7720390" lon="20.0676960">
    <ele>633.8</ele>
    <time>2025-09-07T08:42:17Z</time>
   </trkpt>
   <trkpt lat="49.7720330" lon="20.0676440">
    <ele>633.8</ele>
    <time>2025-09-07T08:42:18Z</time>
   </trkpt>
   <trkpt lat="49.7720290" lon="20.0675940">
    <ele>633.8</ele>
    <time>2025-09-07T08:42:19Z</time>
   </trkpt>
   <trkpt lat="49.7720280" lon="20.0675490">
    <ele>634.0</ele>
    <time>2025-09-07T08:42:20Z</time>
   </trkpt>
   <trkpt lat="49.7720300" lon="20.0675090">
    <ele>634.0</ele>
    <time>2025-09-07T08:42:21Z</time>
   </trkpt>
   <trkpt lat="49.7720300" lon="20.0674690">
    <ele>634.2</ele>
    <time>2025-09-07T08:42:22Z</time>
   </trkpt>
   <trkpt lat="49.7720360" lon="20.0674180">
    <ele>634.4</ele>
    <time>2025-09-07T08:42:23Z</time>
   </trkpt>
   <trkpt lat="49.7720440" lon="20.0673780">
    <ele>634.6</ele>
    <time>2025-09-07T08:42:24Z</time>
   </trkpt>
   <trkpt lat="49.7720410" lon="20.0673270">
    <ele>634.8</ele>
    <time>2025-09-07T08:42:25Z</time>
   </trkpt>
   <trkpt lat="49.7720380" lon="20.0672780">
    <ele>635.0</ele>
    <time>2025-09-07T08:42:26Z</time>
   </trkpt>
   <trkpt lat="49.7720550" lon="20.0671370">
    <ele>635.2</ele>
    <time>2025-09-07T08:42:30Z</time>
   </trkpt>
   <trkpt lat="49.7720740" lon="20.0671010">
    <ele>635.0</ele>
    <time>2025-09-07T08:42:31Z</time>
   </trkpt>
   <trkpt lat="49.7720990" lon="20.0670580">
    <ele>634.6</ele>
    <time>2025-09-07T08:42:32Z</time>
   </trkpt>
   <trkpt lat="49.7721250" lon="20.0670070">
    <ele>634.0</ele>
    <time>2025-09-07T08:42:33Z</time>
   </trkpt>
   <trkpt lat="49.7721660" lon="20.0669280">
    <ele>633.4</ele>
    <time>2025-09-07T08:42:34Z</time>
   </trkpt>
   <trkpt lat="49.7721980" lon="20.0668630">
    <ele>632.6</ele>
    <time>2025-09-07T08:42:35Z</time>
   </trkpt>
   <trkpt lat="49.7722260" lon="20.0668160">
    <ele>632.4</ele>
    <time>2025-09-07T08:42:36Z</time>
   </trkpt>
   <trkpt lat="49.7722560" lon="20.0667670">
    <ele>632.4</ele>
    <time>2025-09-07T08:42:37Z</time>
   </trkpt>
   <trkpt lat="49.7722840" lon="20.0667200">
    <ele>632.2</ele>
    <time>2025-09-07T08:42:38Z</time>
   </trkpt>
   <trkpt lat="49.7723150" lon="20.0666790">
    <ele>632.0</ele>
    <time>2025-09-07T08:42:39Z</time>
   </trkpt>
   <trkpt lat="49.7723920" lon="20.0665770">
    <ele>631.8</ele>
    <time>2025-09-07T08:42:41Z</time>
   </trkpt>
   <trkpt lat="49.7724290" lon="20.0665160">
    <ele>631.0</ele>
    <time>2025-09-07T08:42:42Z</time>
   </trkpt>
   <trkpt lat="49.7725240" lon="20.0663810">
    <ele>629.2</ele>
    <time>2025-09-07T08:42:44Z</time>
   </trkpt>
   <trkpt lat="49.7726980" lon="20.0661640">
    <ele>628.0</ele>
    <time>2025-09-07T08:42:47Z</time>
   </trkpt>
   <trkpt lat="49.7727650" lon="20.0660710">
    <ele>627.6</ele>
    <time>2025-09-07T08:42:48Z</time>
   </trkpt>
   <trkpt lat="49.7728160" lon="20.0659510">
    <ele>626.4</ele>
    <time>2025-09-07T08:42:49Z</time>
   </trkpt>
   <trkpt lat="49.7728530" lon="20.0658600">
    <ele>626.4</ele>
    <time>2025-09-07T08:42:50Z</time>
   </trkpt>
   <trkpt lat="49.7728790" lon="20.0657930">
    <ele>626.4</ele>
    <time>2025-09-07T08:42:51Z</time>
   </trkpt>
   <trkpt lat="49.7729100" lon="20.0656920">
    <ele>626.4</ele>
    <time>2025-09-07T08:42:52Z</time>
   </trkpt>
   <trkpt lat="49.7729240" lon="20.0656220">
    <ele>626.4</ele>
    <time>2025-09-07T08:42:53Z</time>
   </trkpt>
   <trkpt lat="49.7729270" lon="20.0655390">
    <ele>626.8</ele>
    <time>2025-09-07T08:42:54Z</time>
   </trkpt>
   <trkpt lat="49.7729280" lon="20.0654450">
    <ele>627.4</ele>
    <time>2025-09-07T08:42:55Z</time>
   </trkpt>
   <trkpt lat="49.7729240" lon="20.0653670">
    <ele>628.6</ele>
    <time>2025-09-07T08:42:56Z</time>
   </trkpt>
   <trkpt lat="49.7729210" lon="20.0652960">
    <ele>628.6</ele>
    <time>2025-09-07T08:42:57Z</time>
   </trkpt>
   <trkpt lat="49.7729220" lon="20.0652040">
    <ele>628.6</ele>
    <time>2025-09-07T08:42:58Z</time>
   </trkpt>
   <trkpt lat="49.7729180" lon="20.0651280">
    <ele>629.0</ele>
    <time>2025-09-07T08:42:59Z</time>
   </trkpt>
   <trkpt lat="49.7729140" lon="20.0650680">
    <ele>629.2</ele>
    <time>2025-09-07T08:43:00Z</time>
   </trkpt>
   <trkpt lat="49.7729160" lon="20.0649830">
    <ele>629.4</ele>
    <time>2025-09-07T08:43:01Z</time>
   </trkpt>
   <trkpt lat="49.7729200" lon="20.0649200">
    <ele>629.4</ele>
    <time>2025-09-07T08:43:02Z</time>
   </trkpt>
   <trkpt lat="49.7729160" lon="20.0648480">
    <ele>629.8</ele>
    <time>2025-09-07T08:43:03Z</time>
   </trkpt>
   <trkpt lat="49.7729170" lon="20.0647660">
    <ele>629.8</ele>
    <time>2025-09-07T08:43:04Z</time>
   </trkpt>
   <trkpt lat="49.7729180" lon="20.0646410">
    <ele>630.0</ele>
    <time>2025-09-07T08:43:06Z</time>
   </trkpt>
   <trkpt lat="49.7729170" lon="20.0644960">
    <ele>630.0</ele>
    <time>2025-09-07T08:43:08Z</time>
   </trkpt>
   <trkpt lat="49.7729040" lon="20.0643530">
    <ele>630.0</ele>
    <time>2025-09-07T08:43:10Z</time>
   </trkpt>
   <trkpt lat="49.7728940" lon="20.0641480">
    <ele>630.4</ele>
    <time>2025-09-07T08:43:13Z</time>
   </trkpt>
   <trkpt lat="49.7729120" lon="20.0639910">
    <ele>630.6</ele>
    <time>2025-09-07T08:43:15Z</time>
   </trkpt>
   <trkpt lat="49.7729330" lon="20.0639260">
    <ele>630.6</ele>
    <time>2025-09-07T08:43:16Z</time>
   </trkpt>
   <trkpt lat="49.7729600" lon="20.0638680">
    <ele>630.6</ele>
    <time>2025-09-07T08:43:17Z</time>
   </trkpt>
   <trkpt lat="49.7729950" lon="20.0638350">
    <ele>630.8</ele>
    <time>2025-09-07T08:43:18Z</time>
   </trkpt>
   <trkpt lat="49.7730500" lon="20.0638080">
    <ele>630.8</ele>
    <time>2025-09-07T08:43:19Z</time>
   </trkpt>
   <trkpt lat="49.7731000" lon="20.0638030">
    <ele>630.8</ele>
    <time>2025-09-07T08:43:20Z</time>
   </trkpt>
   <trkpt lat="49.7731980" lon="20.0638020">
    <ele>631.0</ele>
    <time>2025-09-07T08:43:22Z</time>
   </trkpt>
   <trkpt lat="49.7733380" lon="20.0637720">
    <ele>631.6</ele>
    <time>2025-09-07T08:43:25Z</time>
   </trkpt>
   <trkpt lat="49.7733810" lon="20.0637520">
    <ele>631.6</ele>
    <time>2025-09-07T08:43:26Z</time>
   </trkpt>
   <trkpt lat="49.7734230" lon="20.0637330">
    <ele>631.4</ele>
    <time>2025-09-07T08:43:27Z</time>
   </trkpt>
   <trkpt lat="49.7734650" lon="20.0637180">
    <ele>631.6</ele>
    <time>2025-09-07T08:43:28Z</time>
   </trkpt>
   <trkpt lat="49.7734980" lon="20.0637000">
    <ele>631.6</ele>
    <time>2025-09-07T08:43:29Z</time>
   </trkpt>
   <trkpt lat="49.7735890" lon="20.0636400">
    <ele>631.6</ele>
    <time>2025-09-07T08:43:31Z</time>
   </trkpt>
   <trkpt lat="49.7736230" lon="20.0636060">
    <ele>631.6</ele>
    <time>2025-09-07T08:43:32Z</time>
   </trkpt>
   <trkpt lat="49.7736490" lon="20.0635740">
    <ele>631.8</ele>
    <time>2025-09-07T08:43:33Z</time>
   </trkpt>
   <trkpt lat="49.7737060" lon="20.0634510">
    <ele>631.8</ele>
    <time>2025-09-07T08:43:35Z</time>
   </trkpt>
   <trkpt lat="49.7737200" lon="20.0634030">
    <ele>632.0</ele>
    <time>2025-09-07T08:43:36Z</time>
   </trkpt>
   <trkpt lat="49.7737500" lon="20.0633450">
    <ele>632.2</ele>
    <time>2025-09-07T08:43:37Z</time>
   </trkpt>
   <trkpt lat="49.7737750" lon="20.0633020">
    <ele>632.4</ele>
    <time>2025-09-07T08:43:38Z</time>
   </trkpt>
   <trkpt lat="49.7737940" lon="20.0632610">
    <ele>633.0</ele>
    <time>2025-09-07T08:43:39Z</time>
   </trkpt>
   <trkpt lat="49.7738260" lon="20.0632210">
    <ele>633.2</ele>
    <time>2025-09-07T08:43:40Z</time>
   </trkpt>
   <trkpt lat="49.7738500" lon="20.0631880">
    <ele>633.4</ele>
    <time>2025-09-07T08:43:41Z</time>
   </trkpt>
   <trkpt lat="49.7738660" lon="20.0631640">
    <ele>633.8</ele>
    <time>2025-09-07T08:43:42Z</time>
   </trkpt>
   <trkpt lat="49.7738890" lon="20.0631260">
    <ele>634.6</ele>
    <time>2025-09-07T08:43:43Z</time>
   </trkpt>
   <trkpt lat="49.7739120" lon="20.0631020">
    <ele>635.2</ele>
    <time>2025-09-07T08:43:44Z</time>
   </trkpt>
   <trkpt lat="49.7739280" lon="20.0630840">
    <ele>635.6</ele>
    <time>2025-09-07T08:43:45Z</time>
   </trkpt>
   <trkpt lat="49.7739490" lon="20.0630620">
    <ele>636.0</ele>
    <time>2025-09-07T08:43:46Z</time>
   </trkpt>
   <trkpt lat="49.7739650" lon="20.0630430">
    <ele>636.2</ele>
    <time>2025-09-07T08:43:47Z</time>
   </trkpt>
   <trkpt lat="49.7739780" lon="20.0630170">
    <ele>637.0</ele>
    <time>2025-09-07T08:43:48Z</time>
   </trkpt>
   <trkpt lat="49.7739980" lon="20.0629920">
    <ele>637.8</ele>
    <time>2025-09-07T08:43:49Z</time>
   </trkpt>
   <trkpt lat="49.7740200" lon="20.0629610">
    <ele>638.2</ele>
    <time>2025-09-07T08:43:50Z</time>
   </trkpt>
   <trkpt lat="49.7740420" lon="20.0629320">
    <ele>638.6</ele>
    <time>2025-09-07T08:43:51Z</time>
   </trkpt>
   <trkpt lat="49.7740590" lon="20.0629030">
    <ele>639.4</ele>
    <time>2025-09-07T08:43:52Z</time>
   </trkpt>
   <trkpt lat="49.7740770" lon="20.0628700">
    <ele>640.0</ele>
    <time>2025-09-07T08:43:53Z</time>
   </trkpt>
   <trkpt lat="49.7741000" lon="20.0628350">
    <ele>640.2</ele>
    <time>2025-09-07T08:43:54Z</time>
   </trkpt>
   <trkpt lat="49.7741150" lon="20.0628170">
    <ele>641.0</ele>
    <time>2025-09-07T08:43:55Z</time>
   </trkpt>
   <trkpt lat="49.7741370" lon="20.0627850">
    <ele>641.6</ele>
    <time>2025-09-07T08:43:56Z</time>
   </trkpt>
   <trkpt lat="49.7741540" lon="20.0627500">
    <ele>642.4</ele>
    <time>2025-09-07T08:43:57Z</time>
   </trkpt>
   <trkpt lat="49.7741710" lon="20.0627290">
    <ele>642.8</ele>
    <time>2025-09-07T08:43:58Z</time>
   </trkpt>
   <trkpt lat="49.7741910" lon="20.0626980">
    <ele>643.2</ele>
    <time>2025-09-07T08:43:59Z</time>
   </trkpt>
   <trkpt lat="49.7742020" lon="20.0626730">
    <ele>643.4</ele>
    <time>2025-09-07T08:44:00Z</time>
   </trkpt>
   <trkpt lat="49.7742130" lon="20.0626450">
    <ele>643.6</ele>
    <time>2025-09-07T08:44:01Z</time>
   </trkpt>
   <trkpt lat="49.7742270" lon="20.0626130">
    <ele>644.2</ele>
    <time>2025-09-07T08:44:02Z</time>
   </trkpt>
   <trkpt lat="49.7742460" lon="20.0625710">
    <ele>644.4</ele>
    <time>2025-09-07T08:44:03Z</time>
   </trkpt>
   <trkpt lat="49.7742630" lon="20.0625290">
    <ele>644.6</ele>
    <time>2025-09-07T08:44:04Z</time>
   </trkpt>
   <trkpt lat="49.7742840" lon="20.0624940">
    <ele>645.0</ele>
    <time>2025-09-07T08:44:05Z</time>
   </trkpt>
   <trkpt lat="49.7743040" lon="20.0624530">
    <ele>645.2</ele>
    <time>2025-09-07T08:44:06Z</time>
   </trkpt>
   <trkpt lat="49.7743270" lon="20.0624180">
    <ele>645.2</ele>
    <time>2025-09-07T08:44:07Z</time>
   </trkpt>
   <trkpt lat="49.7743600" lon="20.0623820">
    <ele>645.4</ele>
    <time>2025-09-07T08:44:08Z</time>
   </trkpt>
   <trkpt lat="49.7743850" lon="20.0623490">
    <ele>645.6</ele>
    <time>2025-09-07T08:44:09Z</time>
   </trkpt>
   <trkpt lat="49.7744050" lon="20.0623190">
    <ele>645.8</ele>
    <time>2025-09-07T08:44:10Z</time>
   </trkpt>
   <trkpt lat="49.7744370" lon="20.0622790">
    <ele>645.8</ele>
    <time>2025-09-07T08:44:11Z</time>
   </trkpt>
   <trkpt lat="49.7744690" lon="20.0622490">
    <ele>645.8</ele>
    <time>2025-09-07T08:44:12Z</time>
   </trkpt>
   <trkpt lat="49.7744840" lon="20.0622280">
    <ele>646.0</ele>
    <time>2025-09-07T08:44:13Z</time>
   </trkpt>
   <trkpt lat="49.7745090" lon="20.0621950">
    <ele>646.2</ele>
    <time>2025-09-07T08:44:14Z</time>
   </trkpt>
   <trkpt lat="49.7745370" lon="20.0621560">
    <ele>646.2</ele>
    <time>2025-09-07T08:44:15Z</time>
   </trkpt>
   <trkpt lat="49.7745620" lon="20.0621250">
    <ele>646.4</ele>
    <time>2025-09-07T08:44:16Z</time>
   </trkpt>
   <trkpt lat="49.7745830" lon="20.0621050">
    <ele>646.6</ele>
    <time>2025-09-07T08:44:17Z</time>
   </trkpt>
   <trkpt lat="49.7746140" lon="20.0620910">
    <ele>646.8</ele>
    <time>2025-09-07T08:44:18Z</time>
   </trkpt>
   <trkpt lat="49.7746400" lon="20.0620870">
    <ele>647.0</ele>
    <time>2025-09-07T08:44:19Z</time>
   </trkpt>
   <trkpt lat="49.7746610" lon="20.0620840">
    <ele>647.2</ele>
    <time>2025-09-07T08:44:20Z</time>
   </trkpt>
   <trkpt lat="49.7746870" lon="20.0620530">
    <ele>647.6</ele>
    <time>2025-09-07T08:44:21Z</time>
   </trkpt>
   <trkpt lat="49.7747240" lon="20.0620270">
    <ele>648.0</ele>
    <time>2025-09-07T08:44:22Z</time>
   </trkpt>
   <trkpt lat="49.7747510" lon="20.0620120">
    <ele>648.6</ele>
    <time>2025-09-07T08:44:23Z</time>
   </trkpt>
   <trkpt lat="49.7747830" lon="20.0619930">
    <ele>649.2</ele>
    <time>2025-09-07T08:44:24Z</time>
   </trkpt>
   <trkpt lat="49.7748200" lon="20.0619740">
    <ele>649.4</ele>
    <time>2025-09-07T08:44:25Z</time>
   </trkpt>
   <trkpt lat="49.7748430" lon="20.0619590">
    <ele>650.2</ele>
    <time>2025-09-07T08:44:26Z</time>
   </trkpt>
   <trkpt lat="49.7748800" lon="20.0619400">
    <ele>650.4</ele>
    <time>2025-09-07T08:44:27Z</time>
   </trkpt>
   <trkpt lat="49.7749030" lon="20.0619270">
    <ele>651.0</ele>
    <time>2025-09-07T08:44:28Z</time>
   </trkpt>
   <trkpt lat="49.7749370" lon="20.0619080">
    <ele>651.2</ele>
    <time>2025-09-07T08:44:29Z</time>
   </trkpt>
   <trkpt lat="49.7749770" lon="20.0618790">
    <ele>651.4</ele>
    <time>2025-09-07T08:44:30Z</time>
   </trkpt>
   <trkpt lat="49.7750060" lon="20.0618550">
    <ele>651.8</ele>
    <time>2025-09-07T08:44:31Z</time>
   </trkpt>
   <trkpt lat="49.7750320" lon="20.0618450">
    <ele>652.0</ele>
    <time>2025-09-07T08:44:32Z</time>
   </trkpt>
   <trkpt lat="49.7750660" lon="20.0618230">
    <ele>652.2</ele>
    <time>2025-09-07T08:44:33Z</time>
   </trkpt>
   <trkpt lat="49.7750910" lon="20.0618080">
    <ele>652.6</ele>
    <time>2025-09-07T08:44:34Z</time>
   </trkpt>
   <trkpt lat="49.7751090" lon="20.0617860">
    <ele>652.8</ele>
    <time>2025-09-07T08:44:35Z</time>
   </trkpt>
   <trkpt lat="49.7751360" lon="20.0617410">
    <ele>653.6</ele>
    <time>2025-09-07T08:44:36Z</time>
   </trkpt>
   <trkpt lat="49.7751420" lon="20.0617000">
    <ele>654.0</ele>
    <time>2025-09-07T08:44:37Z</time>
   </trkpt>
   <trkpt lat="49.7751590" lon="20.0616670">
    <ele>654.4</ele>
    <time>2025-09-07T08:44:38Z</time>
   </trkpt>
   <trkpt lat="49.7751870" lon="20.0616370">
    <ele>655.0</ele>
    <time>2025-09-07T08:44:39Z</time>
   </trkpt>
   <trkpt lat="49.7752160" lon="20.0616190">
    <ele>655.2</ele>
    <time>2025-09-07T08:44:40Z</time>
   </trkpt>
   <trkpt lat="49.7752450" lon="20.0615970">
    <ele>655.2</ele>
    <time>2025-09-07T08:44:41Z</time>
   </trkpt>
   <trkpt lat="49.7752700" lon="20.0615750">
    <ele>655.4</ele>
    <time>2025-09-07T08:44:42Z</time>
   </trkpt>
   <trkpt lat="49.7752960" lon="20.0615520">
    <ele>655.6</ele>
    <time>2025-09-07T08:44:43Z</time>
   </trkpt>
   <trkpt lat="49.7753200" lon="20.0615280">
    <ele>655.8</ele>
    <time>2025-09-07T08:44:44Z</time>
   </trkpt>
   <trkpt lat="49.7753370" lon="20.0615120">
    <ele>656.2</ele>
    <time>2025-09-07T08:44:45Z</time>
   </trkpt>
   <trkpt lat="49.7753640" lon="20.0614870">
    <ele>657.0</ele>
    <time>2025-09-07T08:44:46Z</time>
   </trkpt>
   <trkpt lat="49.7753840" lon="20.0614630">
    <ele>657.4</ele>
    <time>2025-09-07T08:44:47Z</time>
   </trkpt>
   <trkpt lat="49.7754010" lon="20.0614350">
    <ele>657.6</ele>
    <time>2025-09-07T08:44:48Z</time>
   </trkpt>
   <trkpt lat="49.7754170" lon="20.0613890">
    <ele>657.8</ele>
    <time>2025-09-07T08:44:49Z</time>
   </trkpt>
   <trkpt lat="49.7754310" lon="20.0613460">
    <ele>658.2</ele>
    <time>2025-09-07T08:44:50Z</time>
   </trkpt>
   <trkpt lat="49.7754490" lon="20.0612990">
    <ele>658.4</ele>
    <time>2025-09-07T08:44:51Z</time>
   </trkpt>
   <trkpt lat="49.7754650" lon="20.0612510">
    <ele>658.8</ele>
    <time>2025-09-07T08:44:52Z</time>
   </trkpt>
   <trkpt lat="49.7754730" lon="20.0612010">
    <ele>659.0</ele>
    <time>2025-09-07T08:44:53Z</time>
   </trkpt>
   <trkpt lat="49.7754860" lon="20.0611580">
    <ele>659.2</ele>
    <time>2025-09-07T08:44:54Z</time>
   </trkpt>
   <trkpt lat="49.7755040" lon="20.0611140">
    <ele>659.6</ele>
    <time>2025-09-07T08:44:55Z</time>
   </trkpt>
   <trkpt lat="49.7755140" lon="20.0610790">
    <ele>659.8</ele>
    <time>2025-09-07T08:44:56Z</time>
   </trkpt>
   <trkpt lat="49.7755210" lon="20.0610530">
    <ele>660.2</ele>
    <time>2025-09-07T08:44:57Z</time>
   </trkpt>
   <trkpt lat="49.7755270" lon="20.0610150">
    <ele>660.4</ele>
    <time>2025-09-07T08:44:58Z</time>
   </trkpt>
   <trkpt lat="49.7755320" lon="20.0609760">
    <ele>661.0</ele>
    <time>2025-09-07T08:44:59Z</time>
   </trkpt>
   <trkpt lat="49.7755330" lon="20.0609220">
    <ele>661.4</ele>
    <time>2025-09-07T08:45:00Z</time>
   </trkpt>
   <trkpt lat="49.7755330" lon="20.0608810">
    <ele>661.6</ele>
    <time>2025-09-07T08:45:01Z</time>
   </trkpt>
   <trkpt lat="49.7755220" lon="20.0608420">
    <ele>662.0</ele>
    <time>2025-09-07T08:45:02Z</time>
   </trkpt>
   <trkpt lat="49.7755200" lon="20.0608110">
    <ele>662.2</ele>
    <time>2025-09-07T08:45:03Z</time>
   </trkpt>
   <trkpt lat="49.7755190" lon="20.0607840">
    <ele>662.6</ele>
    <time>2025-09-07T08:45:04Z</time>
   </trkpt>
   <trkpt lat="49.7755270" lon="20.0607560">
    <ele>662.8</ele>
    <time>2025-09-07T08:45:05Z</time>
   </trkpt>
   <trkpt lat="49.7755400" lon="20.0607230">
    <ele>662.8</ele>
    <time>2025-09-07T08:45:06Z</time>
   </trkpt>
   <trkpt lat="49.7755460" lon="20.0606950">
    <ele>663.0</ele>
    <time>2025-09-07T08:45:07Z</time>
   </trkpt>
   <trkpt lat="49.7755490" lon="20.0606620">
    <ele>663.2</ele>
    <time>2025-09-07T08:45:08Z</time>
   </trkpt>
   <trkpt lat="49.7755470" lon="20.0606370">
    <ele>663.4</ele>
    <time>2025-09-07T08:45:09Z</time>
   </trkpt>
   <trkpt lat="49.7755480" lon="20.0606210">
    <ele>663.6</ele>
    <time>2025-09-07T08:45:10Z</time>
   </trkpt>
   <trkpt lat="49.7755600" lon="20.0606120">
    <ele>663.8</ele>
    <time>2025-09-07T08:45:11Z</time>
   </trkpt>
   <trkpt lat="49.7755740" lon="20.0606050">
    <ele>664.4</ele>
    <time>2025-09-07T08:45:12Z</time>
   </trkpt>
   <trkpt lat="49.7755880" lon="20.0605940">
    <ele>664.6</ele>
    <time>2025-09-07T08:45:13Z</time>
   </trkpt>
   <trkpt lat="49.7756010" lon="20.0605780">
    <ele>664.6</ele>
    <time>2025-09-07T08:45:14Z</time>
   </trkpt>
   <trkpt lat="49.7756100" lon="20.0605570">
    <ele>664.8</ele>
    <time>2025-09-07T08:45:15Z</time>
   </trkpt>
   <trkpt lat="49.7756200" lon="20.0605380">
    <ele>664.8</ele>
    <time>2025-09-07T08:45:16Z</time>
   </trkpt>
   <trkpt lat="49.7756300" lon="20.0605210">
    <ele>665.0</ele>
    <time>2025-09-07T08:45:17Z</time>
   </trkpt>
   <trkpt lat="49.7756430" lon="20.0605000">
    <ele>665.2</ele>
    <time>2025-09-07T08:45:18Z</time>
   </trkpt>
   <trkpt lat="49.7756630" lon="20.0604800">
    <ele>665.6</ele>
    <time>2025-09-07T08:45:19Z</time>
   </trkpt>
   <trkpt lat="49.7756750" lon="20.0604550">
    <ele>665.6</ele>
    <time>2025-09-07T08:45:20Z</time>
   </trkpt>
   <trkpt lat="49.7756810" lon="20.0604380">
    <ele>665.8</ele>
    <time>2025-09-07T08:45:21Z</time>
   </trkpt>
   <trkpt lat="49.7756870" lon="20.0604220">
    <ele>665.8</ele>
    <time>2025-09-07T08:45:22Z</time>
   </trkpt>
   <trkpt lat="49.7756980" lon="20.0604060">
    <ele>666.0</ele>
    <time>2025-09-07T08:45:23Z</time>
   </trkpt>
   <trkpt lat="49.7757120" lon="20.0603950">
    <ele>666.2</ele>
    <time>2025-09-07T08:45:24Z</time>
   </trkpt>
   <trkpt lat="49.7757310" lon="20.0603700">
    <ele>666.4</ele>
    <time>2025-09-07T08:45:25Z</time>
   </trkpt>
   <trkpt lat="49.7757410" lon="20.0603570">
    <ele>666.6</ele>
    <time>2025-09-07T08:45:26Z</time>
   </trkpt>
   <trkpt lat="49.7757580" lon="20.0603410">
    <ele>666.6</ele>
    <time>2025-09-07T08:45:27Z</time>
   </trkpt>
   <trkpt lat="49.7757720" lon="20.0603190">
    <ele>666.6</ele>
    <time>2025-09-07T08:45:28Z</time>
   </trkpt>
   <trkpt lat="49.7757870" lon="20.0603010">
    <ele>666.6</ele>
    <time>2025-09-07T08:45:29Z</time>
   </trkpt>
   <trkpt lat="49.7758100" lon="20.0602760">
    <ele>666.6</ele>
    <time>2025-09-07T08:45:30Z</time>
   </trkpt>
   <trkpt lat="49.7758430" lon="20.0602600">
    <ele>666.8</ele>
    <time>2025-09-07T08:45:31Z</time>
   </trkpt>
   <trkpt lat="49.7758570" lon="20.0602650">
    <ele>666.8</ele>
    <time>2025-09-07T08:45:32Z</time>
   </trkpt>
   <trkpt lat="49.7758760" lon="20.0602710">
    <ele>666.8</ele>
    <time>2025-09-07T08:45:33Z</time>
   </trkpt>
   <trkpt lat="49.7758930" lon="20.0602670">
    <ele>666.8</ele>
    <time>2025-09-07T08:45:34Z</time>
   </trkpt>
   <trkpt lat="49.7759100" lon="20.0602630">
    <ele>666.8</ele>
    <time>2025-09-07T08:45:35Z</time>
   </trkpt>
   <trkpt lat="49.7759260" lon="20.0602580">
    <ele>666.6</ele>
    <time>2025-09-07T08:45:36Z</time>
   </trkpt>
   <trkpt lat="49.7759430" lon="20.0602500">
    <ele>666.6</ele>
    <time>2025-09-07T08:45:37Z</time>
   </trkpt>
   <trkpt lat="49.7759540" lon="20.0602410">
    <ele>666.6</ele>
    <time>2025-09-07T08:45:38Z</time>
   </trkpt>
   <trkpt lat="49.7759710" lon="20.0602180">
    <ele>666.6</ele>
    <time>2025-09-07T08:45:39Z</time>
   </trkpt>
   <trkpt lat="49.7759850" lon="20.0602040">
    <ele>666.6</ele>
    <time>2025-09-07T08:45:40Z</time>
   </trkpt>
   <trkpt lat="49.7760080" lon="20.0601920">
    <ele>666.4</ele>
    <time>2025-09-07T08:45:41Z</time>
   </trkpt>
   <trkpt lat="49.7760270" lon="20.0601780">
    <ele>666.4</ele>
    <time>2025-09-07T08:45:42Z</time>
   </trkpt>
   <trkpt lat="49.7760750" lon="20.0601100">
    <ele>666.6</ele>
    <time>2025-09-07T08:45:45Z</time>
   </trkpt>
   <trkpt lat="49.7760860" lon="20.0600820">
    <ele>666.6</ele>
    <time>2025-09-07T08:45:46Z</time>
   </trkpt>
   <trkpt lat="49.7760980" lon="20.0600580">
    <ele>666.6</ele>
    <time>2025-09-07T08:45:47Z</time>
   </trkpt>
   <trkpt lat="49.7761340" lon="20.0599320">
    <ele>666.6</ele>
    <time>2025-09-07T08:45:50Z</time>
   </trkpt>
   <trkpt lat="49.7761510" lon="20.0598660">
    <ele>666.4</ele>
    <time>2025-09-07T08:45:52Z</time>
   </trkpt>
   <trkpt lat="49.7761650" lon="20.0597630">
    <ele>666.4</ele>
    <time>2025-09-07T08:45:55Z</time>
   </trkpt>
   <trkpt lat="49.7761930" lon="20.0596450">
    <ele>666.0</ele>
    <time>2025-09-07T08:45:57Z</time>
   </trkpt>
   <trkpt lat="49.7762270" lon="20.0595400">
    <ele>665.6</ele>
    <time>2025-09-07T08:45:59Z</time>
   </trkpt>
   <trkpt lat="49.7762830" lon="20.0594120">
    <ele>664.4</ele>
    <time>2025-09-07T08:46:01Z</time>
   </trkpt>
   <trkpt lat="49.7763570" lon="20.0592970">
    <ele>663.8</ele>
    <time>2025-09-07T08:46:03Z</time>
   </trkpt>
   <trkpt lat="49.7764310" lon="20.0591690">
    <ele>662.8</ele>
    <time>2025-09-07T08:46:05Z</time>
   </trkpt>
   <trkpt lat="49.7764720" lon="20.0590680">
    <ele>662.4</ele>
    <time>2025-09-07T08:46:06Z</time>
   </trkpt>
   <trkpt lat="49.7765150" lon="20.0589740">
    <ele>661.8</ele>
    <time>2025-09-07T08:46:07Z</time>
   </trkpt>
   <trkpt lat="49.7765540" lon="20.0589070">
    <ele>661.0</ele>
    <time>2025-09-07T08:46:08Z</time>
   </trkpt>
   <trkpt lat="49.7766020" lon="20.0588250">
    <ele>660.6</ele>
    <time>2025-09-07T08:46:09Z</time>
   </trkpt>
   <trkpt lat="49.7766420" lon="20.0587650">
    <ele>660.2</ele>
    <time>2025-09-07T08:46:10Z</time>
   </trkpt>
   <trkpt lat="49.7766790" lon="20.0587180">
    <ele>659.8</ele>
    <time>2025-09-07T08:46:11Z</time>
   </trkpt>
   <trkpt lat="49.7767360" lon="20.0586450">
    <ele>659.8</ele>
    <time>2025-09-07T08:46:12Z</time>
   </trkpt>
   <trkpt lat="49.7767740" lon="20.0585990">
    <ele>659.6</ele>
    <time>2025-09-07T08:46:13Z</time>
   </trkpt>
   <trkpt lat="49.7768290" lon="20.0585590">
    <ele>659.6</ele>
    <time>2025-09-07T08:46:14Z</time>
   </trkpt>
   <trkpt lat="49.7768880" lon="20.0585370">
    <ele>659.4</ele>
    <time>2025-09-07T08:46:15Z</time>
   </trkpt>
   <trkpt lat="49.7769370" lon="20.0584990">
    <ele>659.4</ele>
    <time>2025-09-07T08:46:16Z</time>
   </trkpt>
   <trkpt lat="49.7769810" lon="20.0584720">
    <ele>659.4</ele>
    <time>2025-09-07T08:46:17Z</time>
   </trkpt>
   <trkpt lat="49.7770320" lon="20.0584250">
    <ele>659.4</ele>
    <time>2025-09-07T08:46:18Z</time>
   </trkpt>
   <trkpt lat="49.7770760" lon="20.0583660">
    <ele>659.2</ele>
    <time>2025-09-07T08:46:19Z</time>
   </trkpt>
   <trkpt lat="49.7771800" lon="20.0583020">
    <ele>657.8</ele>
    <time>2025-09-07T08:46:21Z</time>
   </trkpt>
   <trkpt lat="49.7772330" lon="20.0582410">
    <ele>657.0</ele>
    <time>2025-09-07T08:46:22Z</time>
   </trkpt>
   <trkpt lat="49.7772830" lon="20.0581680">
    <ele>657.0</ele>
    <time>2025-09-07T08:46:23Z</time>
   </trkpt>
   <trkpt lat="49.7773180" lon="20.0581080">
    <ele>657.0</ele>
    <time>2025-09-07T08:46:24Z</time>
   </trkpt>
   <trkpt lat="49.7773380" lon="20.0580690">
    <ele>657.0</ele>
    <time>2025-09-07T08:46:25Z</time>
   </trkpt>
   <trkpt lat="49.7773560" lon="20.0580190">
    <ele>658.0</ele>
    <time>2025-09-07T08:46:26Z</time>
   </trkpt>
   <trkpt lat="49.7773810" lon="20.0579640">
    <ele>658.2</ele>
    <time>2025-09-07T08:46:27Z</time>
   </trkpt>
   <trkpt lat="49.7773980" lon="20.0579190">
    <ele>658.4</ele>
    <time>2025-09-07T08:46:28Z</time>
   </trkpt>
   <trkpt lat="49.7774110" lon="20.0578810">
    <ele>658.6</ele>
    <time>2025-09-07T08:46:29Z</time>
   </trkpt>
   <trkpt lat="49.7774690" lon="20.0577260">
    <ele>658.8</ele>
    <time>2025-09-07T08:46:32Z</time>
   </trkpt>
   <trkpt lat="49.7774900" lon="20.0576820">
    <ele>659.0</ele>
    <time>2025-09-07T08:46:33Z</time>
   </trkpt>
   <trkpt lat="49.7775400" lon="20.0575760">
    <ele>659.0</ele>
    <time>2025-09-07T08:46:35Z</time>
   </trkpt>
   <trkpt lat="49.7776400" lon="20.0574090">
    <ele>659.6</ele>
    <time>2025-09-07T08:46:39Z</time>
   </trkpt>
   <trkpt lat="49.7777050" lon="20.0573090">
    <ele>659.8</ele>
    <time>2025-09-07T08:46:41Z</time>
   </trkpt>
   <trkpt lat="49.7777420" lon="20.0572720">
    <ele>660.0</ele>
    <time>2025-09-07T08:46:42Z</time>
   </trkpt>
   <trkpt lat="49.7777730" lon="20.0572450">
    <ele>660.0</ele>
    <time>2025-09-07T08:46:43Z</time>
   </trkpt>
   <trkpt lat="49.7778160" lon="20.0572020">
    <ele>660.0</ele>
    <time>2025-09-07T08:46:44Z</time>
   </trkpt>
   <trkpt lat="49.7778440" lon="20.0571750">
    <ele>660.0</ele>
    <time>2025-09-07T08:46:45Z</time>
   </trkpt>
   <trkpt lat="49.7778810" lon="20.0571440">
    <ele>660.0</ele>
    <time>2025-09-07T08:46:46Z</time>
   </trkpt>
   <trkpt lat="49.7779640" lon="20.0570850">
    <ele>660.0</ele>
    <time>2025-09-07T08:46:48Z</time>
   </trkpt>
   <trkpt lat="49.7780050" lon="20.0570650">
    <ele>660.0</ele>
    <time>2025-09-07T08:46:49Z</time>
   </trkpt>
   <trkpt lat="49.7780360" lon="20.0570460">
    <ele>660.0</ele>
    <time>2025-09-07T08:46:50Z</time>
   </trkpt>
   <trkpt lat="49.7780780" lon="20.0570180">
    <ele>660.0</ele>
    <time>2025-09-07T08:46:51Z</time>
   </trkpt>
   <trkpt lat="49.7781130" lon="20.0570010">
    <ele>660.0</ele>
    <time>2025-09-07T08:46:52Z</time>
   </trkpt>
   <trkpt lat="49.7781390" lon="20.0569840">
    <ele>660.4</ele>
    <time>2025-09-07T08:46:53Z</time>
   </trkpt>
   <trkpt lat="49.7781710" lon="20.0569620">
    <ele>660.6</ele>
    <time>2025-09-07T08:46:54Z</time>
   </trkpt>
   <trkpt lat="49.7782020" lon="20.0569450">
    <ele>660.8</ele>
    <time>2025-09-07T08:46:55Z</time>
   </trkpt>
   <trkpt lat="49.7782350" lon="20.0569320">
    <ele>661.2</ele>
    <time>2025-09-07T08:46:56Z</time>
   </trkpt>
   <trkpt lat="49.7782740" lon="20.0569130">
    <ele>661.6</ele>
    <time>2025-09-07T08:46:57Z</time>
   </trkpt>
   <trkpt lat="49.7782960" lon="20.0568990">
    <ele>661.6</ele>
    <time>2025-09-07T08:46:58Z</time>
   </trkpt>
   <trkpt lat="49.7783240" lon="20.0568820">
    <ele>661.8</ele>
    <time>2025-09-07T08:46:59Z</time>
   </trkpt>
   <trkpt lat="49.7783560" lon="20.0568610">
    <ele>662.0</ele>
    <time>2025-09-07T08:47:00Z</time>
   </trkpt>
   <trkpt lat="49.7783810" lon="20.0568490">
    <ele>662.4</ele>
    <time>2025-09-07T08:47:01Z</time>
   </trkpt>
   <trkpt lat="49.7784060" lon="20.0568330">
    <ele>662.6</ele>
    <time>2025-09-07T08:47:02Z</time>
   </trkpt>
   <trkpt lat="49.7784250" lon="20.0568160">
    <ele>662.8</ele>
    <time>2025-09-07T08:47:03Z</time>
   </trkpt>
   <trkpt lat="49.7784550" lon="20.0567880">
    <ele>663.0</ele>
    <time>2025-09-07T08:47:04Z</time>
   </trkpt>
   <trkpt lat="49.7784700" lon="20.0567710">
    <ele>663.4</ele>
    <time>2025-09-07T08:47:05Z</time>
   </trkpt>
   <trkpt lat="49.7784930" lon="20.0567490">
    <ele>663.8</ele>
    <time>2025-09-07T08:47:06Z</time>
   </trkpt>
   <trkpt lat="49.7785150" lon="20.0567250">
    <ele>664.0</ele>
    <time>2025-09-07T08:47:07Z</time>
   </trkpt>
   <trkpt lat="49.7785340" lon="20.0566940">
    <ele>664.0</ele>
    <time>2025-09-07T08:47:08Z</time>
   </trkpt>
   <trkpt lat="49.7785570" lon="20.0566580">
    <ele>664.2</ele>
    <time>2025-09-07T08:47:09Z</time>
   </trkpt>
   <trkpt lat="49.7785700" lon="20.0566190">
    <ele>664.6</ele>
    <time>2025-09-07T08:47:10Z</time>
   </trkpt>
   <trkpt lat="49.7785830" lon="20.0565900">
    <ele>665.0</ele>
    <time>2025-09-07T08:47:11Z</time>
   </trkpt>
   <trkpt lat="49.7786050" lon="20.0565530">
    <ele>665.2</ele>
    <time>2025-09-07T08:47:12Z</time>
   </trkpt>
   <trkpt lat="49.7786220" lon="20.0565180">
    <ele>665.6</ele>
    <time>2025-09-07T08:47:13Z</time>
   </trkpt>
   <trkpt lat="49.7786330" lon="20.0564930">
    <ele>666.0</ele>
    <time>2025-09-07T08:47:14Z</time>
   </trkpt>
   <trkpt lat="49.7786450" lon="20.0564540">
    <ele>666.2</ele>
    <time>2025-09-07T08:47:15Z</time>
   </trkpt>
   <trkpt lat="49.7786540" lon="20.0564230">
    <ele>666.4</ele>
    <time>2025-09-07T08:47:16Z</time>
   </trkpt>
   <trkpt lat="49.7786630" lon="20.0563880">
    <ele>666.8</ele>
    <time>2025-09-07T08:47:17Z</time>
   </trkpt>
   <trkpt lat="49.7786710" lon="20.0563490">
    <ele>667.2</ele>
    <time>2025-09-07T08:47:18Z</time>
   </trkpt>
   <trkpt lat="49.7786780" lon="20.0563190">
    <ele>667.4</ele>
    <time>2025-09-07T08:47:19Z</time>
   </trkpt>
   <trkpt lat="49.7786850" lon="20.0562810">
    <ele>667.8</ele>
    <time>2025-09-07T08:47:20Z</time>
   </trkpt>
   <trkpt lat="49.7786930" lon="20.0562420">
    <ele>668.0</ele>
    <time>2025-09-07T08:47:21Z</time>
   </trkpt>
   <trkpt lat="49.7786990" lon="20.0562030">
    <ele>668.2</ele>
    <time>2025-09-07T08:47:22Z</time>
   </trkpt>
   <trkpt lat="49.7787050" lon="20.0561650">
    <ele>668.6</ele>
    <time>2025-09-07T08:47:23Z</time>
   </trkpt>
   <trkpt lat="49.7787100" lon="20.0561180">
    <ele>668.6</ele>
    <time>2025-09-07T08:47:24Z</time>
   </trkpt>
   <trkpt lat="49.7787120" lon="20.0560760">
    <ele>669.2</ele>
    <time>2025-09-07T08:47:25Z</time>
   </trkpt>
   <trkpt lat="49.7787130" lon="20.0560330">
    <ele>669.6</ele>
    <time>2025-09-07T08:47:26Z</time>
   </trkpt>
   <trkpt lat="49.7787200" lon="20.0559940">
    <ele>670.2</ele>
    <time>2025-09-07T08:47:27Z</time>
   </trkpt>
   <trkpt lat="49.7787290" lon="20.0559550">
    <ele>670.4</ele>
    <time>2025-09-07T08:47:28Z</time>
   </trkpt>
   <trkpt lat="49.7787380" lon="20.0559180">
    <ele>670.6</ele>
    <time>2025-09-07T08:47:29Z</time>
   </trkpt>
   <trkpt lat="49.7787440" lon="20.0558890">
    <ele>671.0</ele>
    <time>2025-09-07T08:47:30Z</time>
   </trkpt>
   <trkpt lat="49.7787530" lon="20.0558470">
    <ele>671.2</ele>
    <time>2025-09-07T08:47:31Z</time>
   </trkpt>
   <trkpt lat="49.7787600" lon="20.0558080">
    <ele>671.2</ele>
    <time>2025-09-07T08:47:32Z</time>
   </trkpt>
   <trkpt lat="49.7787690" lon="20.0557670">
    <ele>671.6</ele>
    <time>2025-09-07T08:47:33Z</time>
   </trkpt>
   <trkpt lat="49.7787770" lon="20.0557230">
    <ele>671.8</ele>
    <time>2025-09-07T08:47:34Z</time>
   </trkpt>
   <trkpt lat="49.7787810" lon="20.0556890">
    <ele>672.0</ele>
    <time>2025-09-07T08:47:35Z</time>
   </trkpt>
   <trkpt lat="49.7787880" lon="20.0556420">
    <ele>672.2</ele>
    <time>2025-09-07T08:47:36Z</time>
   </trkpt>
   <trkpt lat="49.7787950" lon="20.0556110">
    <ele>672.4</ele>
    <time>2025-09-07T08:47:37Z</time>
   </trkpt>
   <trkpt lat="49.7788020" lon="20.0555720">
    <ele>672.6</ele>
    <time>2025-09-07T08:47:38Z</time>
   </trkpt>
   <trkpt lat="49.7788070" lon="20.0555320">
    <ele>672.8</ele>
    <time>2025-09-07T08:47:39Z</time>
   </trkpt>
   <trkpt lat="49.7788140" lon="20.0554900">
    <ele>673.2</ele>
    <time>2025-09-07T08:47:40Z</time>
   </trkpt>
   <trkpt lat="49.7788160" lon="20.0554480">
    <ele>673.2</ele>
    <time>2025-09-07T08:47:41Z</time>
   </trkpt>
   <trkpt lat="49.7788200" lon="20.0554010">
    <ele>673.4</ele>
    <time>2025-09-07T08:47:42Z</time>
   </trkpt>
   <trkpt lat="49.7788290" lon="20.0553700">
    <ele>673.6</ele>
    <time>2025-09-07T08:47:43Z</time>
   </trkpt>
   <trkpt lat="49.7788400" lon="20.0553330">
    <ele>673.6</ele>
    <time>2025-09-07T08:47:44Z</time>
   </trkpt>
   <trkpt lat="49.7788510" lon="20.0552910">
    <ele>673.8</ele>
    <time>2025-09-07T08:47:45Z</time>
   </trkpt>
   <trkpt lat="49.7788600" lon="20.0552610">
    <ele>674.0</ele>
    <time>2025-09-07T08:47:46Z</time>
   </trkpt>
   <trkpt lat="49.7788700" lon="20.0552280">
    <ele>674.0</ele>
    <time>2025-09-07T08:47:47Z</time>
   </trkpt>
   <trkpt lat="49.7788780" lon="20.0551900">
    <ele>674.4</ele>
    <time>2025-09-07T08:47:48Z</time>
   </trkpt>
   <trkpt lat="49.7788810" lon="20.0551450">
    <ele>674.4</ele>
    <time>2025-09-07T08:47:49Z</time>
   </trkpt>
   <trkpt lat="49.7788840" lon="20.0551140">
    <ele>674.6</ele>
    <time>2025-09-07T08:47:50Z</time>
   </trkpt>
   <trkpt lat="49.7788930" lon="20.0550720">
    <ele>674.6</ele>
    <time>2025-09-07T08:47:51Z</time>
   </trkpt>
   <trkpt lat="49.7789030" lon="20.0550370">
    <ele>674.6</ele>
    <time>2025-09-07T08:47:52Z</time>
   </trkpt>
   <trkpt lat="49.7789160" lon="20.0550070">
    <ele>674.8</ele>
    <time>2025-09-07T08:47:53Z</time>
   </trkpt>
   <trkpt lat="49.7789330" lon="20.0549670">
    <ele>675.0</ele>
    <time>2025-09-07T08:47:54Z</time>
   </trkpt>
   <trkpt lat="49.7789510" lon="20.0549460">
    <ele>675.2</ele>
    <time>2025-09-07T08:47:55Z</time>
   </trkpt>
   <trkpt lat="49.7789670" lon="20.0549190">
    <ele>675.2</ele>
    <time>2025-09-07T08:47:56Z</time>
   </trkpt>
   <trkpt lat="49.7789780" lon="20.0548900">
    <ele>675.4</ele>
    <time>2025-09-07T08:47:57Z</time>
   </trkpt>
   <trkpt lat="49.7789870" lon="20.0548560">
    <ele>675.6</ele>
    <time>2025-09-07T08:47:58Z</time>
   </trkpt>
   <trkpt lat="49.7790030" lon="20.0548040">
    <ele>675.6</ele>
    <time>2025-09-07T08:47:59Z</time>
   </trkpt>
   <trkpt lat="49.7790240" lon="20.0547610">
    <ele>675.8</ele>
    <time>2025-09-07T08:48:00Z</time>
   </trkpt>
   <trkpt lat="49.7790470" lon="20.0547420">
    <ele>675.8</ele>
    <time>2025-09-07T08:48:01Z</time>
   </trkpt>
   <trkpt lat="49.7790660" lon="20.0547280">
    <ele>676.0</ele>
    <time>2025-09-07T08:48:02Z</time>
   </trkpt>
   <trkpt lat="49.7790910" lon="20.0547090">
    <ele>676.2</ele>
    <time>2025-09-07T08:48:03Z</time>
   </trkpt>
   <trkpt lat="49.7791190" lon="20.0546870">
    <ele>676.4</ele>
    <time>2025-09-07T08:48:04Z</time>
   </trkpt>
   <trkpt lat="49.7791380" lon="20.0546740">
    <ele>676.4</ele>
    <time>2025-09-07T08:48:05Z</time>
   </trkpt>
   <trkpt lat="49.7791630" lon="20.0546560">
    <ele>676.6</ele>
    <time>2025-09-07T08:48:06Z</time>
   </trkpt>
   <trkpt lat="49.7791890" lon="20.0546440">
    <ele>676.6</ele>
    <time>2025-09-07T08:48:07Z</time>
   </trkpt>
   <trkpt lat="49.7792110" lon="20.0546300">
    <ele>676.8</ele>
    <time>2025-09-07T08:48:08Z</time>
   </trkpt>
   <trkpt lat="49.7792280" lon="20.0546140">
    <ele>676.8</ele>
    <time>2025-09-07T08:48:09Z</time>
   </trkpt>
   <trkpt lat="49.7792480" lon="20.0545890">
    <ele>677.0</ele>
    <time>2025-09-07T08:48:10Z</time>
   </trkpt>
   <trkpt lat="49.7792730" lon="20.0545680">
    <ele>677.2</ele>
    <time>2025-09-07T08:48:11Z</time>
   </trkpt>
   <trkpt lat="49.7792990" lon="20.0545520">
    <ele>677.2</ele>
    <time>2025-09-07T08:48:12Z</time>
   </trkpt>
   <trkpt lat="49.7793250" lon="20.0545400">
    <ele>677.6</ele>
    <time>2025-09-07T08:48:13Z</time>
   </trkpt>
   <trkpt lat="49.7793500" lon="20.0545210">
    <ele>677.6</ele>
    <time>2025-09-07T08:48:14Z</time>
   </trkpt>
   <trkpt lat="49.7793710" lon="20.0545040">
    <ele>677.8</ele>
    <time>2025-09-07T08:48:15Z</time>
   </trkpt>
   <trkpt lat="49.7794000" lon="20.0544820">
    <ele>677.8</ele>
    <time>2025-09-07T08:48:16Z</time>
   </trkpt>
   <trkpt lat="49.7794250" lon="20.0544680">
    <ele>678.0</ele>
    <time>2025-09-07T08:48:17Z</time>
   </trkpt>
   <trkpt lat="49.7794430" lon="20.0544580">
    <ele>678.2</ele>
    <time>2025-09-07T08:48:18Z</time>
   </trkpt>
   <trkpt lat="49.7794700" lon="20.0544480">
    <ele>678.4</ele>
    <time>2025-09-07T08:48:19Z</time>
   </trkpt>
   <trkpt lat="49.7794920" lon="20.0544370">
    <ele>678.6</ele>
    <time>2025-09-07T08:48:20Z</time>
   </trkpt>
   <trkpt lat="49.7795120" lon="20.0544310">
    <ele>678.6</ele>
    <time>2025-09-07T08:48:21Z</time>
   </trkpt>
   <trkpt lat="49.7795400" lon="20.0544200">
    <ele>678.6</ele>
    <time>2025-09-07T08:48:22Z</time>
   </trkpt>
   <trkpt lat="49.7795670" lon="20.0544060">
    <ele>678.8</ele>
    <time>2025-09-07T08:48:23Z</time>
   </trkpt>
   <trkpt lat="49.7795920" lon="20.0543890">
    <ele>679.0</ele>
    <time>2025-09-07T08:48:24Z</time>
   </trkpt>
   <trkpt lat="49.7796140" lon="20.0543700">
    <ele>679.0</ele>
    <time>2025-09-07T08:48:25Z</time>
   </trkpt>
   <trkpt lat="49.7796440" lon="20.0543540">
    <ele>679.2</ele>
    <time>2025-09-07T08:48:26Z</time>
   </trkpt>
   <trkpt lat="49.7796630" lon="20.0543470">
    <ele>679.4</ele>
    <time>2025-09-07T08:48:27Z</time>
   </trkpt>
   <trkpt lat="49.7796950" lon="20.0543380">
    <ele>679.6</ele>
    <time>2025-09-07T08:48:28Z</time>
   </trkpt>
   <trkpt lat="49.7797240" lon="20.0543320">
    <ele>679.8</ele>
    <time>2025-09-07T08:48:29Z</time>
   </trkpt>
   <trkpt lat="49.7797420" lon="20.0543270">
    <ele>679.8</ele>
    <time>2025-09-07T08:48:30Z</time>
   </trkpt>
   <trkpt lat="49.7797720" lon="20.0543130">
    <ele>680.0</ele>
    <time>2025-09-07T08:48:31Z</time>
   </trkpt>
   <trkpt lat="49.7797920" lon="20.0543010">
    <ele>680.0</ele>
    <time>2025-09-07T08:48:32Z</time>
   </trkpt>
   <trkpt lat="49.7798200" lon="20.0542910">
    <ele>680.2</ele>
    <time>2025-09-07T08:48:33Z</time>
   </trkpt>
   <trkpt lat="49.7798530" lon="20.0542800">
    <ele>680.4</ele>
    <time>2025-09-07T08:48:34Z</time>
   </trkpt>
   <trkpt lat="49.7798790" lon="20.0542660">
    <ele>680.6</ele>
    <time>2025-09-07T08:48:35Z</time>
   </trkpt>
   <trkpt lat="49.7798980" lon="20.0542530">
    <ele>680.8</ele>
    <time>2025-09-07T08:48:36Z</time>
   </trkpt>
   <trkpt lat="49.7799280" lon="20.0542330">
    <ele>680.8</ele>
    <time>2025-09-07T08:48:37Z</time>
   </trkpt>
   <trkpt lat="49.7799480" lon="20.0542280">
    <ele>681.0</ele>
    <time>2025-09-07T08:48:38Z</time>
   </trkpt>
   <trkpt lat="49.7799750" lon="20.0542180">
    <ele>681.2</ele>
    <time>2025-09-07T08:48:39Z</time>
   </trkpt>
   <trkpt lat="49.7800060" lon="20.0541970">
    <ele>681.4</ele>
    <time>2025-09-07T08:48:40Z</time>
   </trkpt>
   <trkpt lat="49.7800310" lon="20.0541860">
    <ele>681.4</ele>
    <time>2025-09-07T08:48:41Z</time>
   </trkpt>
   <trkpt lat="49.7800540" lon="20.0541740">
    <ele>681.4</ele>
    <time>2025-09-07T08:48:42Z</time>
   </trkpt>
   <trkpt lat="49.7800850" lon="20.0541490">
    <ele>681.6</ele>
    <time>2025-09-07T08:48:43Z</time>
   </trkpt>
   <trkpt lat="49.7801110" lon="20.0541400">
    <ele>681.8</ele>
    <time>2025-09-07T08:48:44Z</time>
   </trkpt>
   <trkpt lat="49.7801310" lon="20.0541350">
    <ele>682.2</ele>
    <time>2025-09-07T08:48:45Z</time>
   </trkpt>
   <trkpt lat="49.7801590" lon="20.0541290">
    <ele>682.2</ele>
    <time>2025-09-07T08:48:46Z</time>
   </trkpt>
   <trkpt lat="49.7801920" lon="20.0541140">
    <ele>682.4</ele>
    <time>2025-09-07T08:48:47Z</time>
   </trkpt>
   <trkpt lat="49.7802140" lon="20.0541050">
    <ele>682.6</ele>
    <time>2025-09-07T08:48:48Z</time>
   </trkpt>
   <trkpt lat="49.7802440" lon="20.0540950">
    <ele>682.8</ele>
    <time>2025-09-07T08:48:49Z</time>
   </trkpt>
   <trkpt lat="49.7802730" lon="20.0540870">
    <ele>683.2</ele>
    <time>2025-09-07T08:48:50Z</time>
   </trkpt>
   <trkpt lat="49.7802970" lon="20.0540820">
    <ele>683.4</ele>
    <time>2025-09-07T08:48:51Z</time>
   </trkpt>
   <trkpt lat="49.7803320" lon="20.0540760">
    <ele>683.4</ele>
    <time>2025-09-07T08:48:52Z</time>
   </trkpt>
   <trkpt lat="49.7803600" lon="20.0540690">
    <ele>684.0</ele>
    <time>2025-09-07T08:48:53Z</time>
   </trkpt>
   <trkpt lat="49.7803820" lon="20.0540630">
    <ele>684.4</ele>
    <time>2025-09-07T08:48:54Z</time>
   </trkpt>
   <trkpt lat="49.7804110" lon="20.0540540">
    <ele>684.4</ele>
    <time>2025-09-07T08:48:55Z</time>
   </trkpt>
   <trkpt lat="49.7804380" lon="20.0540460">
    <ele>684.6</ele>
    <time>2025-09-07T08:48:56Z</time>
   </trkpt>
   <trkpt lat="49.7804600" lon="20.0540390">
    <ele>684.8</ele>
    <time>2025-09-07T08:48:57Z</time>
   </trkpt>
   <trkpt lat="49.7804940" lon="20.0540310">
    <ele>685.0</ele>
    <time>2025-09-07T08:48:58Z</time>
   </trkpt>
   <trkpt lat="49.7805200" lon="20.0540210">
    <ele>685.2</ele>
    <time>2025-09-07T08:48:59Z</time>
   </trkpt>
   <trkpt lat="49.7805400" lon="20.0540100">
    <ele>685.4</ele>
    <time>2025-09-07T08:49:00Z</time>
   </trkpt>
   <trkpt lat="49.7805730" lon="20.0539960">
    <ele>685.6</ele>
    <time>2025-09-07T08:49:01Z</time>
   </trkpt>
   <trkpt lat="49.7805990" lon="20.0539840">
    <ele>685.8</ele>
    <time>2025-09-07T08:49:02Z</time>
   </trkpt>
   <trkpt lat="49.7806190" lon="20.0539740">
    <ele>686.2</ele>
    <time>2025-09-07T08:49:03Z</time>
   </trkpt>
   <trkpt lat="49.7806470" lon="20.0539640">
    <ele>686.2</ele>
    <time>2025-09-07T08:49:04Z</time>
   </trkpt>
   <trkpt lat="49.7806710" lon="20.0539540">
    <ele>686.6</ele>
    <time>2025-09-07T08:49:05Z</time>
   </trkpt>
   <trkpt lat="49.7806900" lon="20.0539430">
    <ele>686.8</ele>
    <time>2025-09-07T08:49:06Z</time>
   </trkpt>
   <trkpt lat="49.7807160" lon="20.0539270">
    <ele>687.0</ele>
    <time>2025-09-07T08:49:07Z</time>
   </trkpt>
   <trkpt lat="49.7807410" lon="20.0539050">
    <ele>687.4</ele>
    <time>2025-09-07T08:49:08Z</time>
   </trkpt>
   <trkpt lat="49.7807670" lon="20.0538800">
    <ele>687.4</ele>
    <time>2025-09-07T08:49:09Z</time>
   </trkpt>
   <trkpt lat="49.7807980" lon="20.0538590">
    <ele>687.6</ele>
    <time>2025-09-07T08:49:10Z</time>
   </trkpt>
   <trkpt lat="49.7808160" lon="20.0538480">
    <ele>687.6</ele>
    <time>2025-09-07T08:49:11Z</time>
   </trkpt>
   <trkpt lat="49.7808390" lon="20.0538290">
    <ele>688.2</ele>
    <time>2025-09-07T08:49:12Z</time>
   </trkpt>
   <trkpt lat="49.7808680" lon="20.0538060">
    <ele>688.4</ele>
    <time>2025-09-07T08:49:13Z</time>
   </trkpt>
   <trkpt lat="49.7808870" lon="20.0537880">
    <ele>688.6</ele>
    <time>2025-09-07T08:49:14Z</time>
   </trkpt>
   <trkpt lat="49.7809080" lon="20.0537630">
    <ele>689.0</ele>
    <time>2025-09-07T08:49:15Z</time>
   </trkpt>
   <trkpt lat="49.7809360" lon="20.0537410">
    <ele>689.0</ele>
    <time>2025-09-07T08:49:16Z</time>
   </trkpt>
   <trkpt lat="49.7809570" lon="20.0537290">
    <ele>689.2</ele>
    <time>2025-09-07T08:49:17Z</time>
   </trkpt>
   <trkpt lat="49.7809840" lon="20.0537180">
    <ele>689.2</ele>
    <time>2025-09-07T08:49:18Z</time>
   </trkpt>
   <trkpt lat="49.7810170" lon="20.0537020">
    <ele>689.4</ele>
    <time>2025-09-07T08:49:19Z</time>
   </trkpt>
   <trkpt lat="49.7810370" lon="20.0536920">
    <ele>689.6</ele>
    <time>2025-09-07T08:49:20Z</time>
   </trkpt>
   <trkpt lat="49.7810600" lon="20.0536800">
    <ele>689.8</ele>
    <time>2025-09-07T08:49:21Z</time>
   </trkpt>
   <trkpt lat="49.7810850" lon="20.0536710">
    <ele>690.0</ele>
    <time>2025-09-07T08:49:22Z</time>
   </trkpt>
   <trkpt lat="49.7811080" lon="20.0536600">
    <ele>690.2</ele>
    <time>2025-09-07T08:49:23Z</time>
   </trkpt>
   <trkpt lat="49.7811300" lon="20.0536490">
    <ele>690.4</ele>
    <time>2025-09-07T08:49:24Z</time>
   </trkpt>
   <trkpt lat="49.7811470" lon="20.0536400">
    <ele>690.8</ele>
    <time>2025-09-07T08:49:25Z</time>
   </trkpt>
   <trkpt lat="49.7811680" lon="20.0536350">
    <ele>690.8</ele>
    <time>2025-09-07T08:49:26Z</time>
   </trkpt>
   <trkpt lat="49.7811920" lon="20.0536260">
    <ele>691.0</ele>
    <time>2025-09-07T08:49:27Z</time>
   </trkpt>
   <trkpt lat="49.7812100" lon="20.0536130">
    <ele>691.2</ele>
    <time>2025-09-07T08:49:28Z</time>
   </trkpt>
   <trkpt lat="49.7812340" lon="20.0535870">
    <ele>691.4</ele>
    <time>2025-09-07T08:49:29Z</time>
   </trkpt>
   <trkpt lat="49.7812570" lon="20.0535510">
    <ele>692.0</ele>
    <time>2025-09-07T08:49:30Z</time>
   </trkpt>
   <trkpt lat="49.7812740" lon="20.0535010">
    <ele>692.2</ele>
    <time>2025-09-07T08:49:31Z</time>
   </trkpt>
   <trkpt lat="49.7813030" lon="20.0534730">
    <ele>692.2</ele>
    <time>2025-09-07T08:49:32Z</time>
   </trkpt>
   <trkpt lat="49.7813280" lon="20.0534630">
    <ele>692.2</ele>
    <time>2025-09-07T08:49:33Z</time>
   </trkpt>
   <trkpt lat="49.7813460" lon="20.0534550">
    <ele>692.4</ele>
    <time>2025-09-07T08:49:34Z</time>
   </trkpt>
   <trkpt lat="49.7813650" lon="20.0534420">
    <ele>692.6</ele>
    <time>2025-09-07T08:49:35Z</time>
   </trkpt>
   <trkpt lat="49.7813910" lon="20.0534270">
    <ele>692.6</ele>
    <time>2025-09-07T08:49:36Z</time>
   </trkpt>
   <trkpt lat="49.7814000" lon="20.0534140">
    <ele>692.8</ele>
    <time>2025-09-07T08:49:37Z</time>
   </trkpt>
   <trkpt lat="49.7814200" lon="20.0533900">
    <ele>693.0</ele>
    <time>2025-09-07T08:49:38Z</time>
   </trkpt>
   <trkpt lat="49.7814460" lon="20.0533690">
    <ele>693.2</ele>
    <time>2025-09-07T08:49:39Z</time>
   </trkpt>
   <trkpt lat="49.7814770" lon="20.0533500">
    <ele>693.2</ele>
    <time>2025-09-07T08:49:40Z</time>
   </trkpt>
   <trkpt lat="49.7815180" lon="20.0533360">
    <ele>693.4</ele>
    <time>2025-09-07T08:49:41Z</time>
   </trkpt>
   <trkpt lat="49.7815520" lon="20.0533310">
    <ele>693.6</ele>
    <time>2025-09-07T08:49:42Z</time>
   </trkpt>
   <trkpt lat="49.7815780" lon="20.0533270">
    <ele>693.6</ele>
    <time>2025-09-07T08:49:43Z</time>
   </trkpt>
   <trkpt lat="49.7816100" lon="20.0533170">
    <ele>694.0</ele>
    <time>2025-09-07T08:49:44Z</time>
   </trkpt>
   <trkpt lat="49.7816300" lon="20.0533090">
    <ele>694.2</ele>
    <time>2025-09-07T08:49:45Z</time>
   </trkpt>
   <trkpt lat="49.7816560" lon="20.0532960">
    <ele>694.2</ele>
    <time>2025-09-07T08:49:46Z</time>
   </trkpt>
   <trkpt lat="49.7816810" lon="20.0532790">
    <ele>694.4</ele>
    <time>2025-09-07T08:49:47Z</time>
   </trkpt>
   <trkpt lat="49.7817100" lon="20.0532640">
    <ele>694.6</ele>
    <time>2025-09-07T08:49:48Z</time>
   </trkpt>
   <trkpt lat="49.7817300" lon="20.0532440">
    <ele>694.8</ele>
    <time>2025-09-07T08:49:49Z</time>
   </trkpt>
   <trkpt lat="49.7817540" lon="20.0532300">
    <ele>695.0</ele>
    <time>2025-09-07T08:49:50Z</time>
   </trkpt>
   <trkpt lat="49.7817780" lon="20.0532160">
    <ele>695.0</ele>
    <time>2025-09-07T08:49:51Z</time>
   </trkpt>
   <trkpt lat="49.7818040" lon="20.0532010">
    <ele>695.4</ele>
    <time>2025-09-07T08:49:52Z</time>
   </trkpt>
   <trkpt lat="49.7818370" lon="20.0531850">
    <ele>695.6</ele>
    <time>2025-09-07T08:49:53Z</time>
   </trkpt>
   <trkpt lat="49.7818640" lon="20.0531740">
    <ele>695.8</ele>
    <time>2025-09-07T08:49:54Z</time>
   </trkpt>
   <trkpt lat="49.7818860" lon="20.0531660">
    <ele>695.8</ele>
    <time>2025-09-07T08:49:55Z</time>
   </trkpt>
   <trkpt lat="49.7819160" lon="20.0531500">
    <ele>696.0</ele>
    <time>2025-09-07T08:49:56Z</time>
   </trkpt>
   <trkpt lat="49.7819390" lon="20.0531370">
    <ele>696.2</ele>
    <time>2025-09-07T08:49:57Z</time>
   </trkpt>
   <trkpt lat="49.7819580" lon="20.0531260">
    <ele>696.2</ele>
    <time>2025-09-07T08:49:58Z</time>
   </trkpt>
   <trkpt lat="49.7819820" lon="20.0531120">
    <ele>696.4</ele>
    <time>2025-09-07T08:49:59Z</time>
   </trkpt>
   <trkpt lat="49.7820090" lon="20.0530980">
    <ele>696.8</ele>
    <time>2025-09-07T08:50:00Z</time>
   </trkpt>
   <trkpt lat="49.7820280" lon="20.0530880">
    <ele>696.8</ele>
    <time>2025-09-07T08:50:01Z</time>
   </trkpt>
   <trkpt lat="49.7820530" lon="20.0530720">
    <ele>697.0</ele>
    <time>2025-09-07T08:50:02Z</time>
   </trkpt>
   <trkpt lat="49.7820840" lon="20.0530480">
    <ele>697.2</ele>
    <time>2025-09-07T08:50:03Z</time>
   </trkpt>
   <trkpt lat="49.7821060" lon="20.0530330">
    <ele>697.2</ele>
    <time>2025-09-07T08:50:04Z</time>
   </trkpt>
   <trkpt lat="49.7821360" lon="20.0530120">
    <ele>697.4</ele>
    <time>2025-09-07T08:50:05Z</time>
   </trkpt>
   <trkpt lat="49.7821590" lon="20.0529950">
    <ele>697.6</ele>
    <time>2025-09-07T08:50:06Z</time>
   </trkpt>
   <trkpt lat="49.7821870" lon="20.0529750">
    <ele>697.6</ele>
    <time>2025-09-07T08:50:07Z</time>
   </trkpt>
   <trkpt lat="49.7822210" lon="20.0529570">
    <ele>697.8</ele>
    <time>2025-09-07T08:50:08Z</time>
   </trkpt>
   <trkpt lat="49.7822470" lon="20.0529390">
    <ele>697.8</ele>
    <time>2025-09-07T08:50:09Z</time>
   </trkpt>
   <trkpt lat="49.7822670" lon="20.0529230">
    <ele>698.0</ele>
    <time>2025-09-07T08:50:10Z</time>
   </trkpt>
   <trkpt lat="49.7822910" lon="20.0529030">
    <ele>698.0</ele>
    <time>2025-09-07T08:50:11Z</time>
   </trkpt>
   <trkpt lat="49.7823170" lon="20.0528860">
    <ele>698.2</ele>
    <time>2025-09-07T08:50:12Z</time>
   </trkpt>
   <trkpt lat="49.7823420" lon="20.0528670">
    <ele>698.4</ele>
    <time>2025-09-07T08:50:13Z</time>
   </trkpt>
   <trkpt lat="49.7823670" lon="20.0528500">
    <ele>698.8</ele>
    <time>2025-09-07T08:50:14Z</time>
   </trkpt>
   <trkpt lat="49.7823900" lon="20.0528330">
    <ele>699.0</ele>
    <time>2025-09-07T08:50:15Z</time>
   </trkpt>
   <trkpt lat="49.7824150" lon="20.0528180">
    <ele>699.2</ele>
    <time>2025-09-07T08:50:16Z</time>
   </trkpt>
   <trkpt lat="49.7824380" lon="20.0528010">
    <ele>699.4</ele>
    <time>2025-09-07T08:50:17Z</time>
   </trkpt>
   <trkpt lat="49.7824630" lon="20.0527860">
    <ele>699.8</ele>
    <time>2025-09-07T08:50:18Z</time>
   </trkpt>
   <trkpt lat="49.7824840" lon="20.0527700">
    <ele>700.0</ele>
    <time>2025-09-07T08:50:19Z</time>
   </trkpt>
   <trkpt lat="49.7825060" lon="20.0527520">
    <ele>700.4</ele>
    <time>2025-09-07T08:50:20Z</time>
   </trkpt>
   <trkpt lat="49.7825290" lon="20.0527280">
    <ele>700.6</ele>
    <time>2025-09-07T08:50:21Z</time>
   </trkpt>
   <trkpt lat="49.7825520" lon="20.0527090">
    <ele>701.0</ele>
    <time>2025-09-07T08:50:22Z</time>
   </trkpt>
   <trkpt lat="49.7825750" lon="20.0526930">
    <ele>701.2</ele>
    <time>2025-09-07T08:50:23Z</time>
   </trkpt>
   <trkpt lat="49.7825960" lon="20.0526740">
    <ele>701.4</ele>
    <time>2025-09-07T08:50:24Z</time>
   </trkpt>
   <trkpt lat="49.7826180" lon="20.0526580">
    <ele>701.6</ele>
    <time>2025-09-07T08:50:25Z</time>
   </trkpt>
   <trkpt lat="49.7826370" lon="20.0526340">
    <ele>702.0</ele>
    <time>2025-09-07T08:50:26Z</time>
   </trkpt>
   <trkpt lat="49.7826580" lon="20.0526080">
    <ele>702.4</ele>
    <time>2025-09-07T08:50:27Z</time>
   </trkpt>
   <trkpt lat="49.7826760" lon="20.0525800">
    <ele>702.4</ele>
    <time>2025-09-07T08:50:28Z</time>
   </trkpt>
   <trkpt lat="49.7826960" lon="20.0525550">
    <ele>702.4</ele>
    <time>2025-09-07T08:50:29Z</time>
   </trkpt>
   <trkpt lat="49.7827130" lon="20.0525330">
    <ele>702.6</ele>
    <time>2025-09-07T08:50:30Z</time>
   </trkpt>
   <trkpt lat="49.7827290" lon="20.0525080">
    <ele>703.2</ele>
    <time>2025-09-07T08:50:31Z</time>
   </trkpt>
   <trkpt lat="49.7827450" lon="20.0524790">
    <ele>703.4</ele>
    <time>2025-09-07T08:50:32Z</time>
   </trkpt>
   <trkpt lat="49.7827600" lon="20.0524440">
    <ele>703.6</ele>
    <time>2025-09-07T08:50:33Z</time>
   </trkpt>
   <trkpt lat="49.7827760" lon="20.0524110">
    <ele>703.8</ele>
    <time>2025-09-07T08:50:34Z</time>
   </trkpt>
   <trkpt lat="49.7827860" lon="20.0523780">
    <ele>704.2</ele>
    <time>2025-09-07T08:50:35Z</time>
   </trkpt>
   <trkpt lat="49.7827960" lon="20.0523450">
    <ele>704.6</ele>
    <time>2025-09-07T08:50:36Z</time>
   </trkpt>
   <trkpt lat="49.7828060" lon="20.0523150">
    <ele>705.0</ele>
    <time>2025-09-07T08:50:37Z</time>
   </trkpt>
   <trkpt lat="49.7828110" lon="20.0522840">
    <ele>705.0</ele>
    <time>2025-09-07T08:50:38Z</time>
   </trkpt>
   <trkpt lat="49.7828190" lon="20.0522510">
    <ele>705.4</ele>
    <time>2025-09-07T08:50:39Z</time>
   </trkpt>
   <trkpt lat="49.7828290" lon="20.0522150">
    <ele>705.6</ele>
    <time>2025-09-07T08:50:40Z</time>
   </trkpt>
   <trkpt lat="49.7828360" lon="20.0521820">
    <ele>706.0</ele>
    <time>2025-09-07T08:50:41Z</time>
   </trkpt>
   <trkpt lat="49.7828420" lon="20.0521440">
    <ele>706.4</ele>
    <time>2025-09-07T08:50:42Z</time>
   </trkpt>
   <trkpt lat="49.7828490" lon="20.0521100">
    <ele>706.6</ele>
    <time>2025-09-07T08:50:43Z</time>
   </trkpt>
   <trkpt lat="49.7828560" lon="20.0520780">
    <ele>707.2</ele>
    <time>2025-09-07T08:50:44Z</time>
   </trkpt>
   <trkpt lat="49.7828590" lon="20.0520420">
    <ele>707.6</ele>
    <time>2025-09-07T08:50:45Z</time>
   </trkpt>
   <trkpt lat="49.7828610" lon="20.0520070">
    <ele>707.8</ele>
    <time>2025-09-07T08:50:46Z</time>
   </trkpt>
   <trkpt lat="49.7828670" lon="20.0519720">
    <ele>707.8</ele>
    <time>2025-09-07T08:50:47Z</time>
   </trkpt>
   <trkpt lat="49.7828730" lon="20.0519380">
    <ele>708.4</ele>
    <time>2025-09-07T08:50:48Z</time>
   </trkpt>
   <trkpt lat="49.7828770" lon="20.0519040">
    <ele>708.8</ele>
    <time>2025-09-07T08:50:49Z</time>
   </trkpt>
   <trkpt lat="49.7828830" lon="20.0518690">
    <ele>709.0</ele>
    <time>2025-09-07T08:50:50Z</time>
   </trkpt>
   <trkpt lat="49.7828890" lon="20.0518350">
    <ele>709.4</ele>
    <time>2025-09-07T08:50:51Z</time>
   </trkpt>
   <trkpt lat="49.7828930" lon="20.0518020">
    <ele>709.6</ele>
    <time>2025-09-07T08:50:52Z</time>
   </trkpt>
   <trkpt lat="49.7828980" lon="20.0517680">
    <ele>709.8</ele>
    <time>2025-09-07T08:50:53Z</time>
   </trkpt>
   <trkpt lat="49.7829060" lon="20.0517370">
    <ele>710.2</ele>
    <time>2025-09-07T08:50:54Z</time>
   </trkpt>
   <trkpt lat="49.7829140" lon="20.0517090">
    <ele>710.6</ele>
    <time>2025-09-07T08:50:55Z</time>
   </trkpt>
   <trkpt lat="49.7829190" lon="20.0516820">
    <ele>710.8</ele>
    <time>2025-09-07T08:50:56Z</time>
   </trkpt>
   <trkpt lat="49.7829240" lon="20.0516550">
    <ele>711.0</ele>
    <time>2025-09-07T08:50:57Z</time>
   </trkpt>
   <trkpt lat="49.7829290" lon="20.0516260">
    <ele>711.4</ele>
    <time>2025-09-07T08:50:58Z</time>
   </trkpt>
   <trkpt lat="49.7829350" lon="20.0515920">
    <ele>711.6</ele>
    <time>2025-09-07T08:50:59Z</time>
   </trkpt>
   <trkpt lat="49.7829390" lon="20.0515590">
    <ele>711.8</ele>
    <time>2025-09-07T08:51:00Z</time>
   </trkpt>
   <trkpt lat="49.7829440" lon="20.0515270">
    <ele>712.4</ele>
    <time>2025-09-07T08:51:01Z</time>
   </trkpt>
   <trkpt lat="49.7829440" lon="20.0515270">
    <ele>712.6</ele>
    <time>2025-09-07T08:51:02Z</time>
   </trkpt>
   <trkpt lat="49.7829580" lon="20.0514650">
    <ele>712.8</ele>
    <time>2025-09-07T08:51:03Z</time>
   </trkpt>
   <trkpt lat="49.7829610" lon="20.0514340">
    <ele>713.2</ele>
    <time>2025-09-07T08:51:04Z</time>
   </trkpt>
   <trkpt lat="49.7829660" lon="20.0514020">
    <ele>713.4</ele>
    <time>2025-09-07T08:51:05Z</time>
   </trkpt>
   <trkpt lat="49.7829710" lon="20.0513700">
    <ele>713.6</ele>
    <time>2025-09-07T08:51:06Z</time>
   </trkpt>
   <trkpt lat="49.7829750" lon="20.0513390">
    <ele>714.0</ele>
    <time>2025-09-07T08:51:07Z</time>
   </trkpt>
   <trkpt lat="49.7829800" lon="20.0513070">
    <ele>714.0</ele>
    <time>2025-09-07T08:51:08Z</time>
   </trkpt>
   <trkpt lat="49.7829840" lon="20.0512760">
    <ele>714.4</ele>
    <time>2025-09-07T08:51:09Z</time>
   </trkpt>
   <trkpt lat="49.7829890" lon="20.0512440">
    <ele>714.4</ele>
    <time>2025-09-07T08:51:10Z</time>
   </trkpt>
   <trkpt lat="49.7829950" lon="20.0512120">
    <ele>714.8</ele>
    <time>2025-09-07T08:51:11Z</time>
   </trkpt>
   <trkpt lat="49.7830030" lon="20.0511820">
    <ele>715.0</ele>
    <time>2025-09-07T08:51:12Z</time>
   </trkpt>
   <trkpt lat="49.7830120" lon="20.0511510">
    <ele>715.2</ele>
    <time>2025-09-07T08:51:13Z</time>
   </trkpt>
   <trkpt lat="49.7830220" lon="20.0511200">
    <ele>715.4</ele>
    <time>2025-09-07T08:51:14Z</time>
   </trkpt>
   <trkpt lat="49.7830330" lon="20.0510920">
    <ele>715.6</ele>
    <time>2025-09-07T08:51:15Z</time>
   </trkpt>
   <trkpt lat="49.7830450" lon="20.0510620">
    <ele>715.8</ele>
    <time>2025-09-07T08:51:16Z</time>
   </trkpt>
   <trkpt lat="49.7830590" lon="20.0510350">
    <ele>716.0</ele>
    <time>2025-09-07T08:51:17Z</time>
   </trkpt>
   <trkpt lat="49.7830760" lon="20.0510130">
    <ele>716.0</ele>
    <time>2025-09-07T08:51:18Z</time>
   </trkpt>
   <trkpt lat="49.7830950" lon="20.0509930">
    <ele>716.2</ele>
    <time>2025-09-07T08:51:19Z</time>
   </trkpt>
   <trkpt lat="49.7831150" lon="20.0509770">
    <ele>716.4</ele>
    <time>2025-09-07T08:51:20Z</time>
   </trkpt>
   <trkpt lat="49.7831320" lon="20.0509660">
    <ele>716.6</ele>
    <time>2025-09-07T08:51:21Z</time>
   </trkpt>
   <trkpt lat="49.7831510" lon="20.0509590">
    <ele>716.6</ele>
    <time>2025-09-07T08:51:22Z</time>
   </trkpt>
   <trkpt lat="49.7831660" lon="20.0509550">
    <ele>716.8</ele>
    <time>2025-09-07T08:51:23Z</time>
   </trkpt>
   <trkpt lat="49.7831740" lon="20.0509530">
    <ele>717.0</ele>
    <time>2025-09-07T08:51:24Z</time>
   </trkpt>
   <trkpt lat="49.7831750" lon="20.0509500">
    <ele>717.0</ele>
    <time>2025-09-07T08:51:25Z</time>
   </trkpt>
   <trkpt lat="49.7831750" lon="20.0509460">
    <ele>717.2</ele>
    <time>2025-09-07T08:51:26Z</time>
   </trkpt>
   <trkpt lat="49.7831700" lon="20.0509400">
    <ele>717.2</ele>
    <time>2025-09-07T08:51:28Z</time>
   </trkpt>
   <trkpt lat="49.7831700" lon="20.0509400">
    <ele>717.0</ele>
    <time>2025-09-07T08:51:32Z</time>
   </trkpt>
   <trkpt lat="49.7831700" lon="20.0509450">
    <ele>717.0</ele>
    <time>2025-09-07T08:51:36Z</time>
   </trkpt>
   <trkpt lat="49.7831700" lon="20.0509410">
    <ele>717.0</ele>
    <time>2025-09-07T08:51:42Z</time>
   </trkpt>
   <trkpt lat="49.7831810" lon="20.0509360">
    <ele>717.0</ele>
    <time>2025-09-07T08:51:50Z</time>
   </trkpt>
   <trkpt lat="49.7832060" lon="20.0509910">
    <ele>717.0</ele>
    <time>2025-09-07T08:51:55Z</time>
   </trkpt>
   <trkpt lat="49.7832160" lon="20.0509980">
    <ele>717.2</ele>
    <time>2025-09-07T08:52:00Z</time>
   </trkpt>
   <trkpt lat="49.7832160" lon="20.0509980">
    <ele>716.6</ele>
    <time>2025-09-07T08:52:08Z</time>
   </trkpt>
   <trkpt lat="49.7832240" lon="20.0510110">
    <ele>716.8</ele>
    <time>2025-09-07T08:52:14Z</time>
   </trkpt>
   <trkpt lat="49.7832150" lon="20.0510240">
    <ele>716.8</ele>
    <time>2025-09-07T08:52:21Z</time>
   </trkpt>
   <trkpt lat="49.7832180" lon="20.0510150">
    <ele>717.0</ele>
    <time>2025-09-07T08:52:28Z</time>
   </trkpt>
   <trkpt lat="49.7832180" lon="20.0510150">
    <ele>717.0</ele>
    <time>2025-09-07T08:52:31Z</time>
   </trkpt>
   <trkpt lat="49.7832180" lon="20.0510150">
    <ele>717.0</ele>
    <time>2025-09-07T08:52:38Z</time>
   </trkpt>
   <trkpt lat="49.7832150" lon="20.0510120">
    <ele>717.0</ele>
    <time>2025-09-07T08:52:45Z</time>
   </trkpt>
   <trkpt lat="49.7832150" lon="20.0510120">
    <ele>717.0</ele>
    <time>2025-09-07T08:52:46Z</time>
   </trkpt>
   <trkpt lat="49.7832080" lon="20.0509990">
    <ele>717.0</ele>
    <time>2025-09-07T08:52:53Z</time>
   </trkpt>
   <trkpt lat="49.7831870" lon="20.0509920">
    <ele>717.0</ele>
    <time>2025-09-07T08:52:57Z</time>
   </trkpt>
   <trkpt lat="49.7831870" lon="20.0509920">
    <ele>717.0</ele>
    <time>2025-09-07T08:53:04Z</time>
   </trkpt>
   <trkpt lat="49.7831870" lon="20.0509920">
    <ele>717.0</ele>
    <time>2025-09-07T08:53:05Z</time>
   </trkpt>
   <trkpt lat="49.7831870" lon="20.0509920">
    <ele>717.0</ele>
    <time>2025-09-07T08:53:09Z</time>
   </trkpt>
   <trkpt lat="49.7831870" lon="20.0509920">
    <ele>717.0</ele>
    <time>2025-09-07T08:53:14Z</time>
   </trkpt>
   <trkpt lat="49.7831870" lon="20.0509920">
    <ele>717.0</ele>
    <time>2025-09-07T08:53:18Z</time>
   </trkpt>
   <trkpt lat="49.7831870" lon="20.0509920">
    <ele>717.0</ele>
    <time>2025-09-07T08:53:23Z</time>
   </trkpt>
   <trkpt lat="49.7831870" lon="20.0509920">
    <ele>717.0</ele>
    <time>2025-09-07T08:53:27Z</time>
   </trkpt>
   <trkpt lat="49.7831930" lon="20.0510210">
    <ele>717.0</ele>
    <time>2025-09-07T08:53:34Z</time>
   </trkpt>
   <trkpt lat="49.7831880" lon="20.0510130">
    <ele>717.0</ele>
    <time>2025-09-07T08:53:44Z</time>
   </trkpt>
   <trkpt lat="49.7831910" lon="20.0510690">
    <ele>717.0</ele>
    <time>2025-09-07T08:54:01Z</time>
   </trkpt>
   <trkpt lat="49.7831960" lon="20.0510910">
    <ele>717.0</ele>
    <time>2025-09-07T08:54:02Z</time>
   </trkpt>
   <trkpt lat="49.7832380" lon="20.0511390">
    <ele>717.0</ele>
    <time>2025-09-07T08:54:05Z</time>
   </trkpt>
   <trkpt lat="49.7832550" lon="20.0511410">
    <ele>717.0</ele>
    <time>2025-09-07T08:54:06Z</time>
   </trkpt>
   <trkpt lat="49.7832680" lon="20.0511390">
    <ele>717.0</ele>
    <time>2025-09-07T08:54:07Z</time>
   </trkpt>
   <trkpt lat="49.7832770" lon="20.0511300">
    <ele>717.0</ele>
    <time>2025-09-07T08:54:08Z</time>
   </trkpt>
   <trkpt lat="49.7832810" lon="20.0511120">
    <ele>717.2</ele>
    <time>2025-09-07T08:54:09Z</time>
   </trkpt>
   <trkpt lat="49.7832820" lon="20.0510890">
    <ele>717.4</ele>
    <time>2025-09-07T08:54:10Z</time>
   </trkpt>
   <trkpt lat="49.7832880" lon="20.0510680">
    <ele>717.4</ele>
    <time>2025-09-07T08:54:11Z</time>
   </trkpt>
   <trkpt lat="49.7832980" lon="20.0510530">
    <ele>717.6</ele>
    <time>2025-09-07T08:54:12Z</time>
   </trkpt>
   <trkpt lat="49.7833300" lon="20.0510570">
    <ele>717.8</ele>
    <time>2025-09-07T08:54:14Z</time>
   </trkpt>
   <trkpt lat="49.7833400" lon="20.0510710">
    <ele>717.8</ele>
    <time>2025-09-07T08:54:15Z</time>
   </trkpt>
   <trkpt lat="49.7833450" lon="20.0510870">
    <ele>717.8</ele>
    <time>2025-09-07T08:54:16Z</time>
   </trkpt>
   <trkpt lat="49.7833420" lon="20.0511090">
    <ele>718.0</ele>
    <time>2025-09-07T08:54:17Z</time>
   </trkpt>
   <trkpt lat="49.7833340" lon="20.0511310">
    <ele>718.0</ele>
    <time>2025-09-07T08:54:18Z</time>
   </trkpt>
   <trkpt lat="49.7833210" lon="20.0511720">
    <ele>718.0</ele>
    <time>2025-09-07T08:54:20Z</time>
   </trkpt>
   <trkpt lat="49.7833200" lon="20.0511920">
    <ele>718.0</ele>
    <time>2025-09-07T08:54:21Z</time>
   </trkpt>
   <trkpt lat="49.7833240" lon="20.0512090">
    <ele>718.0</ele>
    <time>2025-09-07T08:54:22Z</time>
   </trkpt>
   <trkpt lat="49.7833460" lon="20.0512130">
    <ele>718.0</ele>
    <time>2025-09-07T08:54:24Z</time>
   </trkpt>
   <trkpt lat="49.7833510" lon="20.0512020">
    <ele>718.0</ele>
    <time>2025-09-07T08:54:25Z</time>
   </trkpt>
   <trkpt lat="49.7833480" lon="20.0511760">
    <ele>718.0</ele>
    <time>2025-09-07T08:54:26Z</time>
   </trkpt>
   <trkpt lat="49.7833440" lon="20.0511230">
    <ele>718.0</ele>
    <time>2025-09-07T08:54:28Z</time>
   </trkpt>
   <trkpt lat="49.7833440" lon="20.0510950">
    <ele>717.8</ele>
    <time>2025-09-07T08:54:29Z</time>
   </trkpt>
   <trkpt lat="49.7833470" lon="20.0510720">
    <ele>718.0</ele>
    <time>2025-09-07T08:54:30Z</time>
   </trkpt>
   <trkpt lat="49.7833540" lon="20.0510520">
    <ele>717.8</ele>
    <time>2025-09-07T08:54:31Z</time>
   </trkpt>
   <trkpt lat="49.7833650" lon="20.0510370">
    <ele>717.8</ele>
    <time>2025-09-07T08:54:32Z</time>
   </trkpt>
   <trkpt lat="49.7833990" lon="20.0510370">
    <ele>717.8</ele>
    <time>2025-09-07T08:54:34Z</time>
   </trkpt>
   <trkpt lat="49.7834120" lon="20.0510550">
    <ele>718.0</ele>
    <time>2025-09-07T08:54:35Z</time>
   </trkpt>
   <trkpt lat="49.7834210" lon="20.0510770">
    <ele>718.0</ele>
    <time>2025-09-07T08:54:36Z</time>
   </trkpt>
   <trkpt lat="49.7834230" lon="20.0510990">
    <ele>718.2</ele>
    <time>2025-09-07T08:54:37Z</time>
   </trkpt>
   <trkpt lat="49.7834190" lon="20.0511230">
    <ele>718.2</ele>
    <time>2025-09-07T08:54:38Z</time>
   </trkpt>
   <trkpt lat="49.7834130" lon="20.0511430">
    <ele>718.4</ele>
    <time>2025-09-07T08:54:39Z</time>
   </trkpt>
   <trkpt lat="49.7834040" lon="20.0511630">
    <ele>718.4</ele>
    <time>2025-09-07T08:54:40Z</time>
   </trkpt>
   <trkpt lat="49.7834030" lon="20.0511840">
    <ele>718.4</ele>
    <time>2025-09-07T08:54:41Z</time>
   </trkpt>
   <trkpt lat="49.7834260" lon="20.0512090">
    <ele>718.4</ele>
    <time>2025-09-07T08:54:43Z</time>
   </trkpt>
   <trkpt lat="49.7834590" lon="20.0512100">
    <ele>718.4</ele>
    <time>2025-09-07T08:54:45Z</time>
   </trkpt>
   <trkpt lat="49.7834730" lon="20.0512130">
    <ele>718.4</ele>
    <time>2025-09-07T08:54:46Z</time>
   </trkpt>
   <trkpt lat="49.7834860" lon="20.0512170">
    <ele>719.0</ele>
    <time>2025-09-07T08:54:47Z</time>
   </trkpt>
   <trkpt lat="49.7834980" lon="20.0512180">
    <ele>719.2</ele>
    <time>2025-09-07T08:54:48Z</time>
   </trkpt>
   <trkpt lat="49.7835270" lon="20.0512290">
    <ele>719.4</ele>
    <time>2025-09-07T08:54:50Z</time>
   </trkpt>
   <trkpt lat="49.7835620" lon="20.0512450">
    <ele>719.8</ele>
    <time>2025-09-07T08:54:52Z</time>
   </trkpt>
   <trkpt lat="49.7836130" lon="20.0512660">
    <ele>720.4</ele>
    <time>2025-09-07T08:54:55Z</time>
   </trkpt>
   <trkpt lat="49.7836470" lon="20.0512860">
    <ele>721.4</ele>
    <time>2025-09-07T08:54:57Z</time>
   </trkpt>
   <trkpt lat="49.7836670" lon="20.0512960">
    <ele>721.8</ele>
    <time>2025-09-07T08:54:58Z</time>
   </trkpt>
   <trkpt lat="49.7836870" lon="20.0513050">
    <ele>722.2</ele>
    <time>2025-09-07T08:54:59Z</time>
   </trkpt>
   <trkpt lat="49.7837040" lon="20.0513180">
    <ele>722.8</ele>
    <time>2025-09-07T08:55:00Z</time>
   </trkpt>
   <trkpt lat="49.7837200" lon="20.0513270">
    <ele>723.2</ele>
    <time>2025-09-07T08:55:01Z</time>
   </trkpt>
   <trkpt lat="49.7837370" lon="20.0513340">
    <ele>723.8</ele>
    <time>2025-09-07T08:55:02Z</time>
   </trkpt>
   <trkpt lat="49.7837510" lon="20.0513460">
    <ele>724.2</ele>
    <time>2025-09-07T08:55:03Z</time>
   </trkpt>
   <trkpt lat="49.7837650" lon="20.0513560">
    <ele>724.4</ele>
    <time>2025-09-07T08:55:04Z</time>
   </trkpt>
   <trkpt lat="49.7837800" lon="20.0513660">
    <ele>725.0</ele>
    <time>2025-09-07T08:55:05Z</time>
   </trkpt>
   <trkpt lat="49.7838000" lon="20.0513770">
    <ele>725.6</ele>
    <time>2025-09-07T08:55:06Z</time>
   </trkpt>
   <trkpt lat="49.7838170" lon="20.0513840">
    <ele>725.8</ele>
    <time>2025-09-07T08:55:07Z</time>
   </trkpt>
   <trkpt lat="49.7838320" lon="20.0513950">
    <ele>726.4</ele>
    <time>2025-09-07T08:55:08Z</time>
   </trkpt>
   <trkpt lat="49.7838440" lon="20.0514090">
    <ele>727.0</ele>
    <time>2025-09-07T08:55:09Z</time>
   </trkpt>
   <trkpt lat="49.7838590" lon="20.0514170">
    <ele>727.4</ele>
    <time>2025-09-07T08:55:10Z</time>
   </trkpt>
   <trkpt lat="49.7838760" lon="20.0514270">
    <ele>728.0</ele>
    <time>2025-09-07T08:55:11Z</time>
   </trkpt>
   <trkpt lat="49.7838920" lon="20.0514410">
    <ele>728.0</ele>
    <time>2025-09-07T08:55:12Z</time>
   </trkpt>
   <trkpt lat="49.7839080" lon="20.0514580">
    <ele>728.6</ele>
    <time>2025-09-07T08:55:13Z</time>
   </trkpt>
   <trkpt lat="49.7839260" lon="20.0514740">
    <ele>729.4</ele>
    <time>2025-09-07T08:55:14Z</time>
   </trkpt>
   <trkpt lat="49.7839420" lon="20.0514820">
    <ele>729.8</ele>
    <time>2025-09-07T08:55:15Z</time>
   </trkpt>
   <trkpt lat="49.7839600" lon="20.0514880">
    <ele>730.2</ele>
    <time>2025-09-07T08:55:16Z</time>
   </trkpt>
   <trkpt lat="49.7839770" lon="20.0515000">
    <ele>730.6</ele>
    <time>2025-09-07T08:55:17Z</time>
   </trkpt>
   <trkpt lat="49.7839950" lon="20.0515130">
    <ele>731.0</ele>
    <time>2025-09-07T08:55:18Z</time>
   </trkpt>
   <trkpt lat="49.7840110" lon="20.0515270">
    <ele>731.6</ele>
    <time>2025-09-07T08:55:19Z</time>
   </trkpt>
   <trkpt lat="49.7840260" lon="20.0515350">
    <ele>731.8</ele>
    <time>2025-09-07T08:55:20Z</time>
   </trkpt>
   <trkpt lat="49.7840450" lon="20.0515390">
    <ele>732.4</ele>
    <time>2025-09-07T08:55:21Z</time>
   </trkpt>
   <trkpt lat="49.7840670" lon="20.0515360">
    <ele>732.6</ele>
    <time>2025-09-07T08:55:22Z</time>
   </trkpt>
   <trkpt lat="49.7840890" lon="20.0515420">
    <ele>733.4</ele>
    <time>2025-09-07T08:55:23Z</time>
   </trkpt>
   <trkpt lat="49.7841100" lon="20.0515540">
    <ele>733.8</ele>
    <time>2025-09-07T08:55:24Z</time>
   </trkpt>
   <trkpt lat="49.7841310" lon="20.0515640">
    <ele>734.2</ele>
    <time>2025-09-07T08:55:25Z</time>
   </trkpt>
   <trkpt lat="49.7841500" lon="20.0515720">
    <ele>734.6</ele>
    <time>2025-09-07T08:55:26Z</time>
   </trkpt>
   <trkpt lat="49.7841630" lon="20.0515690">
    <ele>734.8</ele>
    <time>2025-09-07T08:55:27Z</time>
   </trkpt>
   <trkpt lat="49.7841790" lon="20.0515680">
    <ele>735.2</ele>
    <time>2025-09-07T08:55:28Z</time>
   </trkpt>
   <trkpt lat="49.7841950" lon="20.0515690">
    <ele>735.8</ele>
    <time>2025-09-07T08:55:29Z</time>
   </trkpt>
   <trkpt lat="49.7842150" lon="20.0515760">
    <ele>736.2</ele>
    <time>2025-09-07T08:55:30Z</time>
   </trkpt>
   <trkpt lat="49.7842360" lon="20.0515870">
    <ele>736.6</ele>
    <time>2025-09-07T08:55:31Z</time>
   </trkpt>
   <trkpt lat="49.7842510" lon="20.0516040">
    <ele>737.2</ele>
    <time>2025-09-07T08:55:32Z</time>
   </trkpt>
   <trkpt lat="49.7842690" lon="20.0516230">
    <ele>737.4</ele>
    <time>2025-09-07T08:55:33Z</time>
   </trkpt>
   <trkpt lat="49.7842820" lon="20.0516430">
    <ele>737.8</ele>
    <time>2025-09-07T08:55:34Z</time>
   </trkpt>
   <trkpt lat="49.7842960" lon="20.0516620">
    <ele>738.0</ele>
    <time>2025-09-07T08:55:35Z</time>
   </trkpt>
   <trkpt lat="49.7843040" lon="20.0516880">
    <ele>738.8</ele>
    <time>2025-09-07T08:55:36Z</time>
   </trkpt>
   <trkpt lat="49.7843120" lon="20.0517150">
    <ele>739.0</ele>
    <time>2025-09-07T08:55:37Z</time>
   </trkpt>
   <trkpt lat="49.7843210" lon="20.0517400">
    <ele>739.4</ele>
    <time>2025-09-07T08:55:38Z</time>
   </trkpt>
   <trkpt lat="49.7843280" lon="20.0517680">
    <ele>739.8</ele>
    <time>2025-09-07T08:55:39Z</time>
   </trkpt>
   <trkpt lat="49.7843350" lon="20.0517920">
    <ele>740.2</ele>
    <time>2025-09-07T08:55:40Z</time>
   </trkpt>
   <trkpt lat="49.7843430" lon="20.0518140">
    <ele>740.2</ele>
    <time>2025-09-07T08:55:41Z</time>
   </trkpt>
   <trkpt lat="49.7843520" lon="20.0518410">
    <ele>740.6</ele>
    <time>2025-09-07T08:55:42Z</time>
   </trkpt>
   <trkpt lat="49.7843580" lon="20.0518700">
    <ele>740.6</ele>
    <time>2025-09-07T08:55:43Z</time>
   </trkpt>
   <trkpt lat="49.7843600" lon="20.0518990">
    <ele>740.8</ele>
    <time>2025-09-07T08:55:44Z</time>
   </trkpt>
   <trkpt lat="49.7843620" lon="20.0519210">
    <ele>741.4</ele>
    <time>2025-09-07T08:55:45Z</time>
   </trkpt>
   <trkpt lat="49.7843670" lon="20.0519410">
    <ele>741.6</ele>
    <time>2025-09-07T08:55:46Z</time>
   </trkpt>
   <trkpt lat="49.7843750" lon="20.0519640">
    <ele>741.8</ele>
    <time>2025-09-07T08:55:47Z</time>
   </trkpt>
   <trkpt lat="49.7843800" lon="20.0519890">
    <ele>742.0</ele>
    <time>2025-09-07T08:55:48Z</time>
   </trkpt>
   <trkpt lat="49.7843890" lon="20.0520180">
    <ele>742.4</ele>
    <time>2025-09-07T08:55:49Z</time>
   </trkpt>
   <trkpt lat="49.7843990" lon="20.0520450">
    <ele>742.6</ele>
    <time>2025-09-07T08:55:50Z</time>
   </trkpt>
   <trkpt lat="49.7844060" lon="20.0520670">
    <ele>742.8</ele>
    <time>2025-09-07T08:55:51Z</time>
   </trkpt>
   <trkpt lat="49.7844140" lon="20.0520940">
    <ele>742.8</ele>
    <time>2025-09-07T08:55:52Z</time>
   </trkpt>
   <trkpt lat="49.7844230" lon="20.0521220">
    <ele>743.0</ele>
    <time>2025-09-07T08:55:53Z</time>
   </trkpt>
   <trkpt lat="49.7844290" lon="20.0521440">
    <ele>743.2</ele>
    <time>2025-09-07T08:55:54Z</time>
   </trkpt>
   <trkpt lat="49.7844390" lon="20.0521760">
    <ele>743.4</ele>
    <time>2025-09-07T08:55:55Z</time>
   </trkpt>
   <trkpt lat="49.7844490" lon="20.0521980">
    <ele>743.6</ele>
    <time>2025-09-07T08:55:56Z</time>
   </trkpt>
   <trkpt lat="49.7844590" lon="20.0522120">
    <ele>743.8</ele>
    <time>2025-09-07T08:55:57Z</time>
   </trkpt>
   <trkpt lat="49.7844700" lon="20.0522350">
    <ele>743.8</ele>
    <time>2025-09-07T08:55:58Z</time>
   </trkpt>
   <trkpt lat="49.7844730" lon="20.0522550">
    <ele>744.0</ele>
    <time>2025-09-07T08:55:59Z</time>
   </trkpt>
   <trkpt lat="49.7844810" lon="20.0522820">
    <ele>744.2</ele>
    <time>2025-09-07T08:56:00Z</time>
   </trkpt>
   <trkpt lat="49.7844920" lon="20.0523040">
    <ele>744.4</ele>
    <time>2025-09-07T08:56:01Z</time>
   </trkpt>
   <trkpt lat="49.7845060" lon="20.0523270">
    <ele>744.4</ele>
    <time>2025-09-07T08:56:02Z</time>
   </trkpt>
   <trkpt lat="49.7845130" lon="20.0523510">
    <ele>744.6</ele>
    <time>2025-09-07T08:56:03Z</time>
   </trkpt>
   <trkpt lat="49.7845190" lon="20.0523730">
    <ele>744.8</ele>
    <time>2025-09-07T08:56:04Z</time>
   </trkpt>
   <trkpt lat="49.7845290" lon="20.0523960">
    <ele>745.0</ele>
    <time>2025-09-07T08:56:05Z</time>
   </trkpt>
   <trkpt lat="49.7845400" lon="20.0524190">
    <ele>745.0</ele>
    <time>2025-09-07T08:56:06Z</time>
   </trkpt>
   <trkpt lat="49.7845540" lon="20.0524430">
    <ele>745.0</ele>
    <time>2025-09-07T08:56:07Z</time>
   </trkpt>
   <trkpt lat="49.7845660" lon="20.0524680">
    <ele>745.2</ele>
    <time>2025-09-07T08:56:08Z</time>
   </trkpt>
   <trkpt lat="49.7845750" lon="20.0524930">
    <ele>745.4</ele>
    <time>2025-09-07T08:56:09Z</time>
   </trkpt>
   <trkpt lat="49.7845840" lon="20.0525150">
    <ele>745.6</ele>
    <time>2025-09-07T08:56:10Z</time>
   </trkpt>
   <trkpt lat="49.7845910" lon="20.0525330">
    <ele>745.8</ele>
    <time>2025-09-07T08:56:11Z</time>
   </trkpt>
   <trkpt lat="49.7846000" lon="20.0525500">
    <ele>745.8</ele>
    <time>2025-09-07T08:56:12Z</time>
   </trkpt>
   <trkpt lat="49.7846120" lon="20.0525710">
    <ele>746.0</ele>
    <time>2025-09-07T08:56:13Z</time>
   </trkpt>
   <trkpt lat="49.7846250" lon="20.0525900">
    <ele>746.2</ele>
    <time>2025-09-07T08:56:14Z</time>
   </trkpt>
   <trkpt lat="49.7846370" lon="20.0526050">
    <ele>746.2</ele>
    <time>2025-09-07T08:56:15Z</time>
   </trkpt>
   <trkpt lat="49.7846490" lon="20.0526190">
    <ele>746.6</ele>
    <time>2025-09-07T08:56:16Z</time>
   </trkpt>
   <trkpt lat="49.7846600" lon="20.0526410">
    <ele>746.8</ele>
    <time>2025-09-07T08:56:17Z</time>
   </trkpt>
   <trkpt lat="49.7846730" lon="20.0526650">
    <ele>747.0</ele>
    <time>2025-09-07T08:56:18Z</time>
   </trkpt>
   <trkpt lat="49.7846890" lon="20.0526900">
    <ele>747.2</ele>
    <time>2025-09-07T08:56:19Z</time>
   </trkpt>
   <trkpt lat="49.7847030" lon="20.0527170">
    <ele>747.8</ele>
    <time>2025-09-07T08:56:20Z</time>
   </trkpt>
   <trkpt lat="49.7847200" lon="20.0527370">
    <ele>748.0</ele>
    <time>2025-09-07T08:56:21Z</time>
   </trkpt>
   <trkpt lat="49.7847330" lon="20.0527590">
    <ele>748.4</ele>
    <time>2025-09-07T08:56:22Z</time>
   </trkpt>
   <trkpt lat="49.7847460" lon="20.0527840">
    <ele>748.6</ele>
    <time>2025-09-07T08:56:23Z</time>
   </trkpt>
   <trkpt lat="49.7847570" lon="20.0528070">
    <ele>749.0</ele>
    <time>2025-09-07T08:56:24Z</time>
   </trkpt>
   <trkpt lat="49.7847640" lon="20.0528280">
    <ele>749.4</ele>
    <time>2025-09-07T08:56:25Z</time>
   </trkpt>
   <trkpt lat="49.7847740" lon="20.0528500">
    <ele>749.6</ele>
    <time>2025-09-07T08:56:26Z</time>
   </trkpt>
   <trkpt lat="49.7847910" lon="20.0528750">
    <ele>749.6</ele>
    <time>2025-09-07T08:56:27Z</time>
   </trkpt>
   <trkpt lat="49.7848100" lon="20.0529030">
    <ele>749.8</ele>
    <time>2025-09-07T08:56:28Z</time>
   </trkpt>
   <trkpt lat="49.7848260" lon="20.0529250">
    <ele>749.8</ele>
    <time>2025-09-07T08:56:29Z</time>
   </trkpt>
   <trkpt lat="49.7848400" lon="20.0529470">
    <ele>750.4</ele>
    <time>2025-09-07T08:56:30Z</time>
   </trkpt>
   <trkpt lat="49.7848500" lon="20.0529710">
    <ele>750.4</ele>
    <time>2025-09-07T08:56:31Z</time>
   </trkpt>
   <trkpt lat="49.7848600" lon="20.0529950">
    <ele>750.6</ele>
    <time>2025-09-07T08:56:32Z</time>
   </trkpt>
   <trkpt lat="49.7848680" lon="20.0530240">
    <ele>750.8</ele>
    <time>2025-09-07T08:56:33Z</time>
   </trkpt>
   <trkpt lat="49.7848760" lon="20.0530460">
    <ele>751.0</ele>
    <time>2025-09-07T08:56:34Z</time>
   </trkpt>
   <trkpt lat="49.7848890" lon="20.0530640">
    <ele>751.2</ele>
    <time>2025-09-07T08:56:35Z</time>
   </trkpt>
   <trkpt lat="49.7849010" lon="20.0530840">
    <ele>751.2</ele>
    <time>2025-09-07T08:56:36Z</time>
   </trkpt>
   <trkpt lat="49.7849130" lon="20.0531070">
    <ele>751.4</ele>
    <time>2025-09-07T08:56:37Z</time>
   </trkpt>
   <trkpt lat="49.7849260" lon="20.0531350">
    <ele>751.4</ele>
    <time>2025-09-07T08:56:38Z</time>
   </trkpt>
   <trkpt lat="49.7849460" lon="20.0531590">
    <ele>751.6</ele>
    <time>2025-09-07T08:56:39Z</time>
   </trkpt>
   <trkpt lat="49.7849630" lon="20.0531810">
    <ele>751.8</ele>
    <time>2025-09-07T08:56:40Z</time>
   </trkpt>
   <trkpt lat="49.7849820" lon="20.0532010">
    <ele>751.8</ele>
    <time>2025-09-07T08:56:41Z</time>
   </trkpt>
   <trkpt lat="49.7849980" lon="20.0532170">
    <ele>751.8</ele>
    <time>2025-09-07T08:56:42Z</time>
   </trkpt>
   <trkpt lat="49.7850140" lon="20.0532390">
    <ele>752.2</ele>
    <time>2025-09-07T08:56:43Z</time>
   </trkpt>
   <trkpt lat="49.7850380" lon="20.0532640">
    <ele>752.4</ele>
    <time>2025-09-07T08:56:44Z</time>
   </trkpt>
   <trkpt lat="49.7850560" lon="20.0532830">
    <ele>752.4</ele>
    <time>2025-09-07T08:56:45Z</time>
   </trkpt>
   <trkpt lat="49.7850680" lon="20.0533000">
    <ele>752.8</ele>
    <time>2025-09-07T08:56:46Z</time>
   </trkpt>
   <trkpt lat="49.7850820" lon="20.0533180">
    <ele>753.0</ele>
    <time>2025-09-07T08:56:47Z</time>
   </trkpt>
   <trkpt lat="49.7850960" lon="20.0533340">
    <ele>753.4</ele>
    <time>2025-09-07T08:56:48Z</time>
   </trkpt>
   <trkpt lat="49.7851140" lon="20.0533490">
    <ele>753.8</ele>
    <time>2025-09-07T08:56:49Z</time>
   </trkpt>
   <trkpt lat="49.7851330" lon="20.0533600">
    <ele>754.2</ele>
    <time>2025-09-07T08:56:50Z</time>
   </trkpt>
   <trkpt lat="49.7851600" lon="20.0533730">
    <ele>754.4</ele>
    <time>2025-09-07T08:56:51Z</time>
   </trkpt>
   <trkpt lat="49.7851710" lon="20.0533850">
    <ele>754.6</ele>
    <time>2025-09-07T08:56:52Z</time>
   </trkpt>
   <trkpt lat="49.7851860" lon="20.0534080">
    <ele>755.0</ele>
    <time>2025-09-07T08:56:53Z</time>
   </trkpt>
   <trkpt lat="49.7851940" lon="20.0534370">
    <ele>755.0</ele>
    <time>2025-09-07T08:56:54Z</time>
   </trkpt>
   <trkpt lat="49.7852130" lon="20.0534610">
    <ele>755.2</ele>
    <time>2025-09-07T08:56:55Z</time>
   </trkpt>
   <trkpt lat="49.7852430" lon="20.0534920">
    <ele>756.0</ele>
    <time>2025-09-07T08:56:56Z</time>
   </trkpt>
   <trkpt lat="49.7852610" lon="20.0535150">
    <ele>756.2</ele>
    <time>2025-09-07T08:56:57Z</time>
   </trkpt>
   <trkpt lat="49.7852770" lon="20.0535430">
    <ele>756.6</ele>
    <time>2025-09-07T08:56:58Z</time>
   </trkpt>
   <trkpt lat="49.7852940" lon="20.0535790">
    <ele>757.0</ele>
    <time>2025-09-07T08:56:59Z</time>
   </trkpt>
   <trkpt lat="49.7852940" lon="20.0536120">
    <ele>757.2</ele>
    <time>2025-09-07T08:57:00Z</time>
   </trkpt>
   <trkpt lat="49.7852980" lon="20.0536380">
    <ele>757.4</ele>
    <time>2025-09-07T08:57:01Z</time>
   </trkpt>
   <trkpt lat="49.7853200" lon="20.0536620">
    <ele>757.4</ele>
    <time>2025-09-07T08:57:02Z</time>
   </trkpt>
   <trkpt lat="49.7853400" lon="20.0537050">
    <ele>757.4</ele>
    <time>2025-09-07T08:57:03Z</time>
   </trkpt>
   <trkpt lat="49.7853560" lon="20.0537300">
    <ele>757.6</ele>
    <time>2025-09-07T08:57:04Z</time>
   </trkpt>
   <trkpt lat="49.7853700" lon="20.0537460">
    <ele>757.8</ele>
    <time>2025-09-07T08:57:05Z</time>
   </trkpt>
   <trkpt lat="49.7853840" lon="20.0537530">
    <ele>758.0</ele>
    <time>2025-09-07T08:57:06Z</time>
   </trkpt>
   <trkpt lat="49.7854000" lon="20.0537580">
    <ele>758.4</ele>
    <time>2025-09-07T08:57:07Z</time>
   </trkpt>
   <trkpt lat="49.7854190" lon="20.0537590">
    <ele>758.8</ele>
    <time>2025-09-07T08:57:08Z</time>
   </trkpt>
   <trkpt lat="49.7854300" lon="20.0537700">
    <ele>759.2</ele>
    <time>2025-09-07T08:57:09Z</time>
   </trkpt>
   <trkpt lat="49.7854470" lon="20.0537740">
    <ele>759.6</ele>
    <time>2025-09-07T08:57:10Z</time>
   </trkpt>
   <trkpt lat="49.7854660" lon="20.0537830">
    <ele>760.0</ele>
    <time>2025-09-07T08:57:11Z</time>
   </trkpt>
   <trkpt lat="49.7854840" lon="20.0538160">
    <ele>760.2</ele>
    <time>2025-09-07T08:57:12Z</time>
   </trkpt>
   <trkpt lat="49.7855040" lon="20.0538290">
    <ele>760.6</ele>
    <time>2025-09-07T08:57:13Z</time>
   </trkpt>
   <trkpt lat="49.7855260" lon="20.0538400">
    <ele>761.4</ele>
    <time>2025-09-07T08:57:14Z</time>
   </trkpt>
   <trkpt lat="49.7855490" lon="20.0538410">
    <ele>761.6</ele>
    <time>2025-09-07T08:57:15Z</time>
   </trkpt>
   <trkpt lat="49.7855670" lon="20.0538510">
    <ele>761.8</ele>
    <time>2025-09-07T08:57:16Z</time>
   </trkpt>
   <trkpt lat="49.7855910" lon="20.0538760">
    <ele>762.4</ele>
    <time>2025-09-07T08:57:17Z</time>
   </trkpt>
   <trkpt lat="49.7856110" lon="20.0538930">
    <ele>762.6</ele>
    <time>2025-09-07T08:57:18Z</time>
   </trkpt>
   <trkpt lat="49.7856290" lon="20.0539020">
    <ele>763.0</ele>
    <time>2025-09-07T08:57:19Z</time>
   </trkpt>
   <trkpt lat="49.7856570" lon="20.0539160">
    <ele>763.2</ele>
    <time>2025-09-07T08:57:20Z</time>
   </trkpt>
   <trkpt lat="49.7856660" lon="20.0539560">
    <ele>763.4</ele>
    <time>2025-09-07T08:57:21Z</time>
   </trkpt>
   <trkpt lat="49.7856740" lon="20.0539980">
    <ele>763.6</ele>
    <time>2025-09-07T08:57:22Z</time>
   </trkpt>
   <trkpt lat="49.7856880" lon="20.0540360">
    <ele>763.8</ele>
    <time>2025-09-07T08:57:23Z</time>
   </trkpt>
   <trkpt lat="49.7857050" lon="20.0540530">
    <ele>764.0</ele>
    <time>2025-09-07T08:57:24Z</time>
   </trkpt>
   <trkpt lat="49.7857170" lon="20.0540650">
    <ele>764.2</ele>
    <time>2025-09-07T08:57:25Z</time>
   </trkpt>
   <trkpt lat="49.7857310" lon="20.0540770">
    <ele>764.4</ele>
    <time>2025-09-07T08:57:26Z</time>
   </trkpt>
   <trkpt lat="49.7857440" lon="20.0540880">
    <ele>764.8</ele>
    <time>2025-09-07T08:57:27Z</time>
   </trkpt>
   <trkpt lat="49.7857590" lon="20.0540910">
    <ele>765.0</ele>
    <time>2025-09-07T08:57:28Z</time>
   </trkpt>
   <trkpt lat="49.7857710" lon="20.0541010">
    <ele>765.4</ele>
    <time>2025-09-07T08:57:29Z</time>
   </trkpt>
   <trkpt lat="49.7857850" lon="20.0541150">
    <ele>765.6</ele>
    <time>2025-09-07T08:57:30Z</time>
   </trkpt>
   <trkpt lat="49.7858010" lon="20.0541270">
    <ele>766.0</ele>
    <time>2025-09-07T08:57:31Z</time>
   </trkpt>
   <trkpt lat="49.7858150" lon="20.0541350">
    <ele>766.2</ele>
    <time>2025-09-07T08:57:32Z</time>
   </trkpt>
   <trkpt lat="49.7858330" lon="20.0541410">
    <ele>766.8</ele>
    <time>2025-09-07T08:57:33Z</time>
   </trkpt>
   <trkpt lat="49.7858510" lon="20.0541520">
    <ele>767.2</ele>
    <time>2025-09-07T08:57:34Z</time>
   </trkpt>
   <trkpt lat="49.7858680" lon="20.0541660">
    <ele>767.4</ele>
    <time>2025-09-07T08:57:35Z</time>
   </trkpt>
   <trkpt lat="49.7858810" lon="20.0541800">
    <ele>767.6</ele>
    <time>2025-09-07T08:57:36Z</time>
   </trkpt>
   <trkpt lat="49.7858970" lon="20.0541900">
    <ele>768.0</ele>
    <time>2025-09-07T08:57:37Z</time>
   </trkpt>
   <trkpt lat="49.7859160" lon="20.0541940">
    <ele>768.2</ele>
    <time>2025-09-07T08:57:38Z</time>
   </trkpt>
   <trkpt lat="49.7859360" lon="20.0542060">
    <ele>768.6</ele>
    <time>2025-09-07T08:57:39Z</time>
   </trkpt>
   <trkpt lat="49.7859540" lon="20.0542230">
    <ele>768.8</ele>
    <time>2025-09-07T08:57:40Z</time>
   </trkpt>
   <trkpt lat="49.7859730" lon="20.0542480">
    <ele>769.4</ele>
    <time>2025-09-07T08:57:41Z</time>
   </trkpt>
   <trkpt lat="49.7859870" lon="20.0542870">
    <ele>769.6</ele>
    <time>2025-09-07T08:57:42Z</time>
   </trkpt>
   <trkpt lat="49.7859940" lon="20.0543190">
    <ele>769.8</ele>
    <time>2025-09-07T08:57:43Z</time>
   </trkpt>
   <trkpt lat="49.7859990" lon="20.0543600">
    <ele>770.2</ele>
    <time>2025-09-07T08:57:44Z</time>
   </trkpt>
   <trkpt lat="49.7860070" lon="20.0543860">
    <ele>770.2</ele>
    <time>2025-09-07T08:57:45Z</time>
   </trkpt>
   <trkpt lat="49.7860210" lon="20.0544110">
    <ele>770.6</ele>
    <time>2025-09-07T08:57:46Z</time>
   </trkpt>
   <trkpt lat="49.7860340" lon="20.0544320">
    <ele>770.8</ele>
    <time>2025-09-07T08:57:47Z</time>
   </trkpt>
   <trkpt lat="49.7860480" lon="20.0544550">
    <ele>771.0</ele>
    <time>2025-09-07T08:57:48Z</time>
   </trkpt>
   <trkpt lat="49.7860580" lon="20.0544810">
    <ele>771.4</ele>
    <time>2025-09-07T08:57:49Z</time>
   </trkpt>
   <trkpt lat="49.7860670" lon="20.0545040">
    <ele>771.6</ele>
    <time>2025-09-07T08:57:50Z</time>
   </trkpt>
   <trkpt lat="49.7860820" lon="20.0545190">
    <ele>772.0</ele>
    <time>2025-09-07T08:57:51Z</time>
   </trkpt>
   <trkpt lat="49.7860970" lon="20.0545460">
    <ele>772.4</ele>
    <time>2025-09-07T08:57:52Z</time>
   </trkpt>
   <trkpt lat="49.7861070" lon="20.0545790">
    <ele>772.8</ele>
    <time>2025-09-07T08:57:53Z</time>
   </trkpt>
   <trkpt lat="49.7861220" lon="20.0546090">
    <ele>773.0</ele>
    <time>2025-09-07T08:57:54Z</time>
   </trkpt>
   <trkpt lat="49.7861430" lon="20.0546400">
    <ele>773.2</ele>
    <time>2025-09-07T08:57:55Z</time>
   </trkpt>
   <trkpt lat="49.7861760" lon="20.0546670">
    <ele>773.2</ele>
    <time>2025-09-07T08:57:56Z</time>
   </trkpt>
   <trkpt lat="49.7861950" lon="20.0546990">
    <ele>773.4</ele>
    <time>2025-09-07T08:57:57Z</time>
   </trkpt>
   <trkpt lat="49.7862060" lon="20.0547200">
    <ele>773.4</ele>
    <time>2025-09-07T08:57:58Z</time>
   </trkpt>
   <trkpt lat="49.7862150" lon="20.0547470">
    <ele>773.8</ele>
    <time>2025-09-07T08:57:59Z</time>
   </trkpt>
   <trkpt lat="49.7862220" lon="20.0547860">
    <ele>774.2</ele>
    <time>2025-09-07T08:58:00Z</time>
   </trkpt>
   <trkpt lat="49.7862360" lon="20.0548230">
    <ele>775.0</ele>
    <time>2025-09-07T08:58:01Z</time>
   </trkpt>
   <trkpt lat="49.7862480" lon="20.0548570">
    <ele>775.2</ele>
    <time>2025-09-07T08:58:02Z</time>
   </trkpt>
   <trkpt lat="49.7862590" lon="20.0548950">
    <ele>776.0</ele>
    <time>2025-09-07T08:58:03Z</time>
   </trkpt>
   <trkpt lat="49.7862700" lon="20.0549330">
    <ele>776.2</ele>
    <time>2025-09-07T08:58:04Z</time>
   </trkpt>
   <trkpt lat="49.7862760" lon="20.0549940">
    <ele>776.6</ele>
    <time>2025-09-07T08:58:05Z</time>
   </trkpt>
   <trkpt lat="49.7862890" lon="20.0550230">
    <ele>776.6</ele>
    <time>2025-09-07T08:58:06Z</time>
   </trkpt>
   <trkpt lat="49.7863060" lon="20.0550440">
    <ele>776.8</ele>
    <time>2025-09-07T08:58:07Z</time>
   </trkpt>
   <trkpt lat="49.7863150" lon="20.0550780">
    <ele>777.0</ele>
    <time>2025-09-07T08:58:08Z</time>
   </trkpt>
   <trkpt lat="49.7863220" lon="20.0551020">
    <ele>777.2</ele>
    <time>2025-09-07T08:58:09Z</time>
   </trkpt>
   <trkpt lat="49.7863390" lon="20.0551250">
    <ele>777.4</ele>
    <time>2025-09-07T08:58:10Z</time>
   </trkpt>
   <trkpt lat="49.7863550" lon="20.0551580">
    <ele>777.4</ele>
    <time>2025-09-07T08:58:11Z</time>
   </trkpt>
   <trkpt lat="49.7863710" lon="20.0551830">
    <ele>777.4</ele>
    <time>2025-09-07T08:58:12Z</time>
   </trkpt>
   <trkpt lat="49.7863860" lon="20.0552070">
    <ele>777.6</ele>
    <time>2025-09-07T08:58:13Z</time>
   </trkpt>
   <trkpt lat="49.7864000" lon="20.0552260">
    <ele>777.6</ele>
    <time>2025-09-07T08:58:14Z</time>
   </trkpt>
   <trkpt lat="49.7864090" lon="20.0552430">
    <ele>777.8</ele>
    <time>2025-09-07T08:58:15Z</time>
   </trkpt>
   <trkpt lat="49.7864310" lon="20.0552600">
    <ele>777.8</ele>
    <time>2025-09-07T08:58:16Z</time>
   </trkpt>
   <trkpt lat="49.7864440" lon="20.0552740">
    <ele>778.0</ele>
    <time>2025-09-07T08:58:17Z</time>
   </trkpt>
   <trkpt lat="49.7864610" lon="20.0552900">
    <ele>778.2</ele>
    <time>2025-09-07T08:58:18Z</time>
   </trkpt>
   <trkpt lat="49.7864770" lon="20.0553070">
    <ele>778.4</ele>
    <time>2025-09-07T08:58:19Z</time>
   </trkpt>
   <trkpt lat="49.7864880" lon="20.0553250">
    <ele>778.6</ele>
    <time>2025-09-07T08:58:20Z</time>
   </trkpt>
   <trkpt lat="49.7864990" lon="20.0553460">
    <ele>778.6</ele>
    <time>2025-09-07T08:58:21Z</time>
   </trkpt>
   <trkpt lat="49.7865130" lon="20.0553660">
    <ele>778.8</ele>
    <time>2025-09-07T08:58:22Z</time>
   </trkpt>
   <trkpt lat="49.7865280" lon="20.0553850">
    <ele>778.8</ele>
    <time>2025-09-07T08:58:23Z</time>
   </trkpt>
   <trkpt lat="49.7865430" lon="20.0554100">
    <ele>779.0</ele>
    <time>2025-09-07T08:58:24Z</time>
   </trkpt>
   <trkpt lat="49.7865580" lon="20.0554360">
    <ele>779.2</ele>
    <time>2025-09-07T08:58:25Z</time>
   </trkpt>
   <trkpt lat="49.7865710" lon="20.0554680">
    <ele>779.6</ele>
    <time>2025-09-07T08:58:26Z</time>
   </trkpt>
   <trkpt lat="49.7865840" lon="20.0554980">
    <ele>780.0</ele>
    <time>2025-09-07T08:58:27Z</time>
   </trkpt>
   <trkpt lat="49.7865950" lon="20.0555240">
    <ele>780.2</ele>
    <time>2025-09-07T08:58:28Z</time>
   </trkpt>
   <trkpt lat="49.7866110" lon="20.0555520">
    <ele>780.8</ele>
    <time>2025-09-07T08:58:29Z</time>
   </trkpt>
   <trkpt lat="49.7866260" lon="20.0555790">
    <ele>781.0</ele>
    <time>2025-09-07T08:58:30Z</time>
   </trkpt>
   <trkpt lat="49.7866430" lon="20.0556010">
    <ele>781.4</ele>
    <time>2025-09-07T08:58:31Z</time>
   </trkpt>
   <trkpt lat="49.7866660" lon="20.0556220">
    <ele>782.0</ele>
    <time>2025-09-07T08:58:32Z</time>
   </trkpt>
   <trkpt lat="49.7866810" lon="20.0556490">
    <ele>782.4</ele>
    <time>2025-09-07T08:58:33Z</time>
   </trkpt>
   <trkpt lat="49.7866920" lon="20.0556770">
    <ele>782.6</ele>
    <time>2025-09-07T08:58:34Z</time>
   </trkpt>
   <trkpt lat="49.7867030" lon="20.0557070">
    <ele>783.6</ele>
    <time>2025-09-07T08:58:35Z</time>
   </trkpt>
   <trkpt lat="49.7867140" lon="20.0557310">
    <ele>783.8</ele>
    <time>2025-09-07T08:58:36Z</time>
   </trkpt>
   <trkpt lat="49.7867270" lon="20.0557560">
    <ele>784.2</ele>
    <time>2025-09-07T08:58:37Z</time>
   </trkpt>
   <trkpt lat="49.7867470" lon="20.0557830">
    <ele>784.6</ele>
    <time>2025-09-07T08:58:38Z</time>
   </trkpt>
   <trkpt lat="49.7867650" lon="20.0558030">
    <ele>785.0</ele>
    <time>2025-09-07T08:58:39Z</time>
   </trkpt>
   <trkpt lat="49.7867800" lon="20.0558250">
    <ele>785.2</ele>
    <time>2025-09-07T08:58:40Z</time>
   </trkpt>
   <trkpt lat="49.7867940" lon="20.0558440">
    <ele>785.6</ele>
    <time>2025-09-07T08:58:41Z</time>
   </trkpt>
   <trkpt lat="49.7868070" lon="20.0558550">
    <ele>786.0</ele>
    <time>2025-09-07T08:58:42Z</time>
   </trkpt>
   <trkpt lat="49.7868240" lon="20.0558650">
    <ele>786.4</ele>
    <time>2025-09-07T08:58:43Z</time>
   </trkpt>
   <trkpt lat="49.7868280" lon="20.0558770">
    <ele>786.6</ele>
    <time>2025-09-07T08:58:44Z</time>
   </trkpt>
   <trkpt lat="49.7868480" lon="20.0558800">
    <ele>786.8</ele>
    <time>2025-09-07T08:58:45Z</time>
   </trkpt>
   <trkpt lat="49.7868700" lon="20.0558850">
    <ele>787.0</ele>
    <time>2025-09-07T08:58:46Z</time>
   </trkpt>
   <trkpt lat="49.7868890" lon="20.0558910">
    <ele>787.8</ele>
    <time>2025-09-07T08:58:47Z</time>
   </trkpt>
   <trkpt lat="49.7869160" lon="20.0558920">
    <ele>788.2</ele>
    <time>2025-09-07T08:58:48Z</time>
   </trkpt>
   <trkpt lat="49.7869510" lon="20.0559070">
    <ele>788.4</ele>
    <time>2025-09-07T08:58:49Z</time>
   </trkpt>
   <trkpt lat="49.7869740" lon="20.0559230">
    <ele>788.6</ele>
    <time>2025-09-07T08:58:50Z</time>
   </trkpt>
   <trkpt lat="49.7869930" lon="20.0559310">
    <ele>789.2</ele>
    <time>2025-09-07T08:58:51Z</time>
   </trkpt>
   <trkpt lat="49.7870100" lon="20.0559370">
    <ele>789.8</ele>
    <time>2025-09-07T08:58:52Z</time>
   </trkpt>
   <trkpt lat="49.7870310" lon="20.0559480">
    <ele>790.2</ele>
    <time>2025-09-07T08:58:53Z</time>
   </trkpt>
   <trkpt lat="49.7870520" lon="20.0559450">
    <ele>790.6</ele>
    <time>2025-09-07T08:58:54Z</time>
   </trkpt>
   <trkpt lat="49.7870680" lon="20.0559420">
    <ele>790.8</ele>
    <time>2025-09-07T08:58:55Z</time>
   </trkpt>
   <trkpt lat="49.7870870" lon="20.0559410">
    <ele>791.4</ele>
    <time>2025-09-07T08:58:56Z</time>
   </trkpt>
   <trkpt lat="49.7871040" lon="20.0559440">
    <ele>792.0</ele>
    <time>2025-09-07T08:58:57Z</time>
   </trkpt>
   <trkpt lat="49.7871300" lon="20.0559400">
    <ele>792.4</ele>
    <time>2025-09-07T08:58:58Z</time>
   </trkpt>
   <trkpt lat="49.7871510" lon="20.0559470">
    <ele>792.6</ele>
    <time>2025-09-07T08:58:59Z</time>
   </trkpt>
   <trkpt lat="49.7871640" lon="20.0559480">
    <ele>793.4</ele>
    <time>2025-09-07T08:59:00Z</time>
   </trkpt>
   <trkpt lat="49.7871790" lon="20.0559470">
    <ele>793.6</ele>
    <time>2025-09-07T08:59:01Z</time>
   </trkpt>
   <trkpt lat="49.7871980" lon="20.0559460">
    <ele>793.6</ele>
    <time>2025-09-07T08:59:02Z</time>
   </trkpt>
   <trkpt lat="49.7872160" lon="20.0559570">
    <ele>794.2</ele>
    <time>2025-09-07T08:59:03Z</time>
   </trkpt>
   <trkpt lat="49.7872360" lon="20.0559730">
    <ele>794.6</ele>
    <time>2025-09-07T08:59:04Z</time>
   </trkpt>
   <trkpt lat="49.7872520" lon="20.0559850">
    <ele>795.2</ele>
    <time>2025-09-07T08:59:05Z</time>
   </trkpt>
   <trkpt lat="49.7872680" lon="20.0560000">
    <ele>795.8</ele>
    <time>2025-09-07T08:59:06Z</time>
   </trkpt>
   <trkpt lat="49.7872830" lon="20.0560170">
    <ele>796.0</ele>
    <time>2025-09-07T08:59:07Z</time>
   </trkpt>
   <trkpt lat="49.7872970" lon="20.0560290">
    <ele>796.4</ele>
    <time>2025-09-07T08:59:08Z</time>
   </trkpt>
   <trkpt lat="49.7873110" lon="20.0560410">
    <ele>797.0</ele>
    <time>2025-09-07T08:59:09Z</time>
   </trkpt>
   <trkpt lat="49.7873260" lon="20.0560510">
    <ele>797.0</ele>
    <time>2025-09-07T08:59:10Z</time>
   </trkpt>
   <trkpt lat="49.7873440" lon="20.0560580">
    <ele>797.4</ele>
    <time>2025-09-07T08:59:11Z</time>
   </trkpt>
   <trkpt lat="49.7873640" lon="20.0560650">
    <ele>797.6</ele>
    <time>2025-09-07T08:59:12Z</time>
   </trkpt>
   <trkpt lat="49.7873840" lon="20.0560730">
    <ele>797.8</ele>
    <time>2025-09-07T08:59:13Z</time>
   </trkpt>
   <trkpt lat="49.7874000" lon="20.0560790">
    <ele>798.4</ele>
    <time>2025-09-07T08:59:14Z</time>
   </trkpt>
   <trkpt lat="49.7874150" lon="20.0560790">
    <ele>798.6</ele>
    <time>2025-09-07T08:59:15Z</time>
   </trkpt>
   <trkpt lat="49.7874340" lon="20.0560920">
    <ele>798.8</ele>
    <time>2025-09-07T08:59:16Z</time>
   </trkpt>
   <trkpt lat="49.7874590" lon="20.0561190">
    <ele>799.0</ele>
    <time>2025-09-07T08:59:17Z</time>
   </trkpt>
   <trkpt lat="49.7874800" lon="20.0561360">
    <ele>799.6</ele>
    <time>2025-09-07T08:59:18Z</time>
   </trkpt>
   <trkpt lat="49.7875020" lon="20.0561460">
    <ele>800.0</ele>
    <time>2025-09-07T08:59:19Z</time>
   </trkpt>
   <trkpt lat="49.7875230" lon="20.0561550">
    <ele>800.2</ele>
    <time>2025-09-07T08:59:20Z</time>
   </trkpt>
   <trkpt lat="49.7875450" lon="20.0561640">
    <ele>800.4</ele>
    <time>2025-09-07T08:59:21Z</time>
   </trkpt>
   <trkpt lat="49.7875640" lon="20.0561730">
    <ele>800.6</ele>
    <time>2025-09-07T08:59:22Z</time>
   </trkpt>
   <trkpt lat="49.7875850" lon="20.0561960">
    <ele>801.2</ele>
    <time>2025-09-07T08:59:23Z</time>
   </trkpt>
   <trkpt lat="49.7876090" lon="20.0562060">
    <ele>801.6</ele>
    <time>2025-09-07T08:59:24Z</time>
   </trkpt>
   <trkpt lat="49.7876320" lon="20.0562080">
    <ele>801.6</ele>
    <time>2025-09-07T08:59:25Z</time>
   </trkpt>
   <trkpt lat="49.7876490" lon="20.0562120">
    <ele>801.8</ele>
    <time>2025-09-07T08:59:26Z</time>
   </trkpt>
   <trkpt lat="49.7876690" lon="20.0562120">
    <ele>802.2</ele>
    <time>2025-09-07T08:59:27Z</time>
   </trkpt>
   <trkpt lat="49.7876890" lon="20.0562180">
    <ele>802.8</ele>
    <time>2025-09-07T08:59:28Z</time>
   </trkpt>
   <trkpt lat="49.7877080" lon="20.0562240">
    <ele>803.2</ele>
    <time>2025-09-07T08:59:29Z</time>
   </trkpt>
   <trkpt lat="49.7877370" lon="20.0562270">
    <ele>803.6</ele>
    <time>2025-09-07T08:59:30Z</time>
   </trkpt>
   <trkpt lat="49.7877560" lon="20.0562310">
    <ele>803.8</ele>
    <time>2025-09-07T08:59:31Z</time>
   </trkpt>
   <trkpt lat="49.7877770" lon="20.0562480">
    <ele>804.0</ele>
    <time>2025-09-07T08:59:32Z</time>
   </trkpt>
   <trkpt lat="49.7878080" lon="20.0562720">
    <ele>804.4</ele>
    <time>2025-09-07T08:59:33Z</time>
   </trkpt>
   <trkpt lat="49.7878360" lon="20.0562830">
    <ele>805.0</ele>
    <time>2025-09-07T08:59:34Z</time>
   </trkpt>
   <trkpt lat="49.7878620" lon="20.0563010">
    <ele>805.4</ele>
    <time>2025-09-07T08:59:35Z</time>
   </trkpt>
   <trkpt lat="49.7878850" lon="20.0563080">
    <ele>805.6</ele>
    <time>2025-09-07T08:59:36Z</time>
   </trkpt>
   <trkpt lat="49.7879030" lon="20.0563180">
    <ele>806.2</ele>
    <time>2025-09-07T08:59:37Z</time>
   </trkpt>
   <trkpt lat="49.7879210" lon="20.0563240">
    <ele>806.4</ele>
    <time>2025-09-07T08:59:38Z</time>
   </trkpt>
   <trkpt lat="49.7879390" lon="20.0563290">
    <ele>806.6</ele>
    <time>2025-09-07T08:59:39Z</time>
   </trkpt>
   <trkpt lat="49.7879600" lon="20.0563410">
    <ele>807.0</ele>
    <time>2025-09-07T08:59:40Z</time>
   </trkpt>
   <trkpt lat="49.7879860" lon="20.0563580">
    <ele>807.4</ele>
    <time>2025-09-07T08:59:41Z</time>
   </trkpt>
   <trkpt lat="49.7880080" lon="20.0563790">
    <ele>807.6</ele>
    <time>2025-09-07T08:59:42Z</time>
   </trkpt>
   <trkpt lat="49.7880250" lon="20.0563970">
    <ele>808.0</ele>
    <time>2025-09-07T08:59:43Z</time>
   </trkpt>
   <trkpt lat="49.7880450" lon="20.0564050">
    <ele>808.4</ele>
    <time>2025-09-07T08:59:44Z</time>
   </trkpt>
   <trkpt lat="49.7880630" lon="20.0564150">
    <ele>808.6</ele>
    <time>2025-09-07T08:59:45Z</time>
   </trkpt>
   <trkpt lat="49.7880830" lon="20.0564210">
    <ele>809.0</ele>
    <time>2025-09-07T08:59:46Z</time>
   </trkpt>
   <trkpt lat="49.7880970" lon="20.0564270">
    <ele>809.4</ele>
    <time>2025-09-07T08:59:47Z</time>
   </trkpt>
   <trkpt lat="49.7881180" lon="20.0564460">
    <ele>809.6</ele>
    <time>2025-09-07T08:59:48Z</time>
   </trkpt>
   <trkpt lat="49.7881390" lon="20.0564780">
    <ele>810.0</ele>
    <time>2025-09-07T08:59:49Z</time>
   </trkpt>
   <trkpt lat="49.7881580" lon="20.0565010">
    <ele>810.2</ele>
    <time>2025-09-07T08:59:50Z</time>
   </trkpt>
   <trkpt lat="49.7881850" lon="20.0565120">
    <ele>810.6</ele>
    <time>2025-09-07T08:59:51Z</time>
   </trkpt>
   <trkpt lat="49.7882010" lon="20.0565360">
    <ele>810.8</ele>
    <time>2025-09-07T08:59:52Z</time>
   </trkpt>
   <trkpt lat="49.7882380" lon="20.0565610">
    <ele>811.0</ele>
    <time>2025-09-07T08:59:53Z</time>
   </trkpt>
   <trkpt lat="49.7882650" lon="20.0565810">
    <ele>811.6</ele>
    <time>2025-09-07T08:59:54Z</time>
   </trkpt>
   <trkpt lat="49.7882820" lon="20.0565880">
    <ele>812.0</ele>
    <time>2025-09-07T08:59:55Z</time>
   </trkpt>
   <trkpt lat="49.7882990" lon="20.0566050">
    <ele>812.0</ele>
    <time>2025-09-07T08:59:56Z</time>
   </trkpt>
   <trkpt lat="49.7883140" lon="20.0566170">
    <ele>812.4</ele>
    <time>2025-09-07T08:59:57Z</time>
   </trkpt>
   <trkpt lat="49.7883280" lon="20.0566290">
    <ele>812.4</ele>
    <time>2025-09-07T08:59:58Z</time>
   </trkpt>
   <trkpt lat="49.7883420" lon="20.0566420">
    <ele>812.8</ele>
    <time>2025-09-07T08:59:59Z</time>
   </trkpt>
   <trkpt lat="49.7883590" lon="20.0566530">
    <ele>813.2</ele>
    <time>2025-09-07T09:00:00Z</time>
   </trkpt>
   <trkpt lat="49.7883760" lon="20.0566610">
    <ele>813.4</ele>
    <time>2025-09-07T09:00:01Z</time>
   </trkpt>
   <trkpt lat="49.7883930" lon="20.0566710">
    <ele>813.6</ele>
    <time>2025-09-07T09:00:02Z</time>
   </trkpt>
   <trkpt lat="49.7884110" lon="20.0566800">
    <ele>813.8</ele>
    <time>2025-09-07T09:00:03Z</time>
   </trkpt>
   <trkpt lat="49.7884290" lon="20.0566900">
    <ele>814.2</ele>
    <time>2025-09-07T09:00:04Z</time>
   </trkpt>
   <trkpt lat="49.7884460" lon="20.0566990">
    <ele>814.6</ele>
    <time>2025-09-07T09:00:05Z</time>
   </trkpt>
   <trkpt lat="49.7884640" lon="20.0567160">
    <ele>815.0</ele>
    <time>2025-09-07T09:00:06Z</time>
   </trkpt>
   <trkpt lat="49.7884780" lon="20.0567370">
    <ele>815.2</ele>
    <time>2025-09-07T09:00:07Z</time>
   </trkpt>
   <trkpt lat="49.7884940" lon="20.0567600">
    <ele>815.4</ele>
    <time>2025-09-07T09:00:08Z</time>
   </trkpt>
   <trkpt lat="49.7885070" lon="20.0567830">
    <ele>815.4</ele>
    <time>2025-09-07T09:00:09Z</time>
   </trkpt>
   <trkpt lat="49.7885210" lon="20.0568040">
    <ele>815.6</ele>
    <time>2025-09-07T09:00:10Z</time>
   </trkpt>
   <trkpt lat="49.7885410" lon="20.0568270">
    <ele>815.6</ele>
    <time>2025-09-07T09:00:11Z</time>
   </trkpt>
   <trkpt lat="49.7885540" lon="20.0568470">
    <ele>815.8</ele>
    <time>2025-09-07T09:00:12Z</time>
   </trkpt>
   <trkpt lat="49.7885680" lon="20.0568680">
    <ele>815.8</ele>
    <time>2025-09-07T09:00:13Z</time>
   </trkpt>
   <trkpt lat="49.7885810" lon="20.0568900">
    <ele>816.0</ele>
    <time>2025-09-07T09:00:14Z</time>
   </trkpt>
   <trkpt lat="49.7885970" lon="20.0569070">
    <ele>816.2</ele>
    <time>2025-09-07T09:00:15Z</time>
   </trkpt>
   <trkpt lat="49.7886150" lon="20.0569280">
    <ele>816.2</ele>
    <time>2025-09-07T09:00:16Z</time>
   </trkpt>
   <trkpt lat="49.7886300" lon="20.0569480">
    <ele>816.2</ele>
    <time>2025-09-07T09:00:17Z</time>
   </trkpt>
   <trkpt lat="49.7886470" lon="20.0569670">
    <ele>816.2</ele>
    <time>2025-09-07T09:00:18Z</time>
   </trkpt>
   <trkpt lat="49.7886650" lon="20.0569900">
    <ele>816.2</ele>
    <time>2025-09-07T09:00:19Z</time>
   </trkpt>
   <trkpt lat="49.7886810" lon="20.0570080">
    <ele>816.2</ele>
    <time>2025-09-07T09:00:20Z</time>
   </trkpt>
   <trkpt lat="49.7886980" lon="20.0570190">
    <ele>816.4</ele>
    <time>2025-09-07T09:00:21Z</time>
   </trkpt>
   <trkpt lat="49.7887180" lon="20.0570280">
    <ele>816.4</ele>
    <time>2025-09-07T09:00:22Z</time>
   </trkpt>
   <trkpt lat="49.7887440" lon="20.0570410">
    <ele>816.8</ele>
    <time>2025-09-07T09:00:23Z</time>
   </trkpt>
   <trkpt lat="49.7887630" lon="20.0570490">
    <ele>817.0</ele>
    <time>2025-09-07T09:00:24Z</time>
   </trkpt>
   <trkpt lat="49.7887810" lon="20.0570590">
    <ele>817.0</ele>
    <time>2025-09-07T09:00:25Z</time>
   </trkpt>
   <trkpt lat="49.7888010" lon="20.0570680">
    <ele>817.4</ele>
    <time>2025-09-07T09:00:26Z</time>
   </trkpt>
   <trkpt lat="49.7888220" lon="20.0570720">
    <ele>817.6</ele>
    <time>2025-09-07T09:00:27Z</time>
   </trkpt>
   <trkpt lat="49.7888410" lon="20.0570770">
    <ele>817.6</ele>
    <time>2025-09-07T09:00:28Z</time>
   </trkpt>
   <trkpt lat="49.7888630" lon="20.0570910">
    <ele>817.8</ele>
    <time>2025-09-07T09:00:29Z</time>
   </trkpt>
   <trkpt lat="49.7888800" lon="20.0570980">
    <ele>818.0</ele>
    <time>2025-09-07T09:00:30Z</time>
   </trkpt>
   <trkpt lat="49.7888960" lon="20.0571030">
    <ele>818.2</ele>
    <time>2025-09-07T09:00:31Z</time>
   </trkpt>
   <trkpt lat="49.7889140" lon="20.0571050">
    <ele>818.4</ele>
    <time>2025-09-07T09:00:32Z</time>
   </trkpt>
   <trkpt lat="49.7889350" lon="20.0571080">
    <ele>818.6</ele>
    <time>2025-09-07T09:00:33Z</time>
   </trkpt>
   <trkpt lat="49.7889520" lon="20.0571060">
    <ele>819.0</ele>
    <time>2025-09-07T09:00:34Z</time>
   </trkpt>
   <trkpt lat="49.7889700" lon="20.0570980">
    <ele>819.2</ele>
    <time>2025-09-07T09:00:35Z</time>
   </trkpt>
   <trkpt lat="49.7889920" lon="20.0570960">
    <ele>819.4</ele>
    <time>2025-09-07T09:00:36Z</time>
   </trkpt>
   <trkpt lat="49.7890150" lon="20.0570830">
    <ele>819.6</ele>
    <time>2025-09-07T09:00:37Z</time>
   </trkpt>
   <trkpt lat="49.7890350" lon="20.0570880">
    <ele>819.8</ele>
    <time>2025-09-07T09:00:38Z</time>
   </trkpt>
   <trkpt lat="49.7890550" lon="20.0570940">
    <ele>820.0</ele>
    <time>2025-09-07T09:00:39Z</time>
   </trkpt>
   <trkpt lat="49.7890690" lon="20.0571090">
    <ele>820.2</ele>
    <time>2025-09-07T09:00:40Z</time>
   </trkpt>
   <trkpt lat="49.7890890" lon="20.0571260">
    <ele>820.6</ele>
    <time>2025-09-07T09:00:41Z</time>
   </trkpt>
   <trkpt lat="49.7891120" lon="20.0571340">
    <ele>820.8</ele>
    <time>2025-09-07T09:00:42Z</time>
   </trkpt>
   <trkpt lat="49.7891370" lon="20.0571380">
    <ele>820.8</ele>
    <time>2025-09-07T09:00:43Z</time>
   </trkpt>
   <trkpt lat="49.7891630" lon="20.0571340">
    <ele>820.8</ele>
    <time>2025-09-07T09:00:44Z</time>
   </trkpt>
   <trkpt lat="49.7891830" lon="20.0571350">
    <ele>820.8</ele>
    <time>2025-09-07T09:00:45Z</time>
   </trkpt>
   <trkpt lat="49.7892030" lon="20.0571340">
    <ele>821.0</ele>
    <time>2025-09-07T09:00:46Z</time>
   </trkpt>
   <trkpt lat="49.7892180" lon="20.0571310">
    <ele>821.2</ele>
    <time>2025-09-07T09:00:47Z</time>
   </trkpt>
   <trkpt lat="49.7892500" lon="20.0571170">
    <ele>821.4</ele>
    <time>2025-09-07T09:00:48Z</time>
   </trkpt>
   <trkpt lat="49.7892830" lon="20.0571210">
    <ele>821.6</ele>
    <time>2025-09-07T09:00:49Z</time>
   </trkpt>
   <trkpt lat="49.7893110" lon="20.0571260">
    <ele>821.8</ele>
    <time>2025-09-07T09:00:50Z</time>
   </trkpt>
   <trkpt lat="49.7893340" lon="20.0571400">
    <ele>821.8</ele>
    <time>2025-09-07T09:00:51Z</time>
   </trkpt>
   <trkpt lat="49.7893560" lon="20.0571460">
    <ele>822.0</ele>
    <time>2025-09-07T09:00:52Z</time>
   </trkpt>
   <trkpt lat="49.7893870" lon="20.0571560">
    <ele>822.4</ele>
    <time>2025-09-07T09:00:53Z</time>
   </trkpt>
   <trkpt lat="49.7894120" lon="20.0571660">
    <ele>822.4</ele>
    <time>2025-09-07T09:00:54Z</time>
   </trkpt>
   <trkpt lat="49.7894310" lon="20.0571690">
    <ele>822.6</ele>
    <time>2025-09-07T09:00:55Z</time>
   </trkpt>
   <trkpt lat="49.7894370" lon="20.0571650">
    <ele>822.6</ele>
    <time>2025-09-07T09:00:56Z</time>
   </trkpt>
   <trkpt lat="49.7894490" lon="20.0571530">
    <ele>822.8</ele>
    <time>2025-09-07T09:00:57Z</time>
   </trkpt>
   <trkpt lat="49.7894690" lon="20.0571440">
    <ele>822.8</ele>
    <time>2025-09-07T09:00:58Z</time>
   </trkpt>
   <trkpt lat="49.7894910" lon="20.0571500">
    <ele>823.2</ele>
    <time>2025-09-07T09:00:59Z</time>
   </trkpt>
   <trkpt lat="49.7895210" lon="20.0571430">
    <ele>823.4</ele>
    <time>2025-09-07T09:01:00Z</time>
   </trkpt>
   <trkpt lat="49.7895450" lon="20.0571380">
    <ele>823.4</ele>
    <time>2025-09-07T09:01:01Z</time>
   </trkpt>
   <trkpt lat="49.7895730" lon="20.0571320">
    <ele>823.6</ele>
    <time>2025-09-07T09:01:02Z</time>
   </trkpt>
   <trkpt lat="49.7896080" lon="20.0571290">
    <ele>823.6</ele>
    <time>2025-09-07T09:01:03Z</time>
   </trkpt>
   <trkpt lat="49.7896420" lon="20.0571270">
    <ele>823.8</ele>
    <time>2025-09-07T09:01:04Z</time>
   </trkpt>
   <trkpt lat="49.7896750" lon="20.0571290">
    <ele>823.8</ele>
    <time>2025-09-07T09:01:05Z</time>
   </trkpt>
   <trkpt lat="49.7897180" lon="20.0571380">
    <ele>823.8</ele>
    <time>2025-09-07T09:01:06Z</time>
   </trkpt>
   <trkpt lat="49.7897560" lon="20.0571300">
    <ele>823.8</ele>
    <time>2025-09-07T09:01:07Z</time>
   </trkpt>
   <trkpt lat="49.7898010" lon="20.0571170">
    <ele>823.8</ele>
    <time>2025-09-07T09:01:08Z</time>
   </trkpt>
   <trkpt lat="49.7898500" lon="20.0571160">
    <ele>823.6</ele>
    <time>2025-09-07T09:01:09Z</time>
   </trkpt>
   <trkpt lat="49.7899020" lon="20.0571040">
    <ele>823.4</ele>
    <time>2025-09-07T09:01:10Z</time>
   </trkpt>
   <trkpt lat="49.7899560" lon="20.0570730">
    <ele>822.4</ele>
    <time>2025-09-07T09:01:11Z</time>
   </trkpt>
   <trkpt lat="49.7900110" lon="20.0570370">
    <ele>821.4</ele>
    <time>2025-09-07T09:01:12Z</time>
   </trkpt>
   <trkpt lat="49.7900680" lon="20.0569970">
    <ele>820.8</ele>
    <time>2025-09-07T09:01:13Z</time>
   </trkpt>
   <trkpt lat="49.7901210" lon="20.0569530">
    <ele>820.0</ele>
    <time>2025-09-07T09:01:14Z</time>
   </trkpt>
   <trkpt lat="49.7902830" lon="20.0568150">
    <ele>818.6</ele>
    <time>2025-09-07T09:01:17Z</time>
   </trkpt>
   <trkpt lat="49.7903370" lon="20.0567680">
    <ele>817.4</ele>
    <time>2025-09-07T09:01:18Z</time>
   </trkpt>
   <trkpt lat="49.7904380" lon="20.0566740">
    <ele>817.0</ele>
    <time>2025-09-07T09:01:20Z</time>
   </trkpt>
   <trkpt lat="49.7905350" lon="20.0565620">
    <ele>816.2</ele>
    <time>2025-09-07T09:01:22Z</time>
   </trkpt>
   <trkpt lat="49.7905740" lon="20.0564700">
    <ele>816.0</ele>
    <time>2025-09-07T09:01:23Z</time>
   </trkpt>
   <trkpt lat="49.7906120" lon="20.0563880">
    <ele>815.8</ele>
    <time>2025-09-07T09:01:24Z</time>
   </trkpt>
   <trkpt lat="49.7907110" lon="20.0562410">
    <ele>815.6</ele>
    <time>2025-09-07T09:01:26Z</time>
   </trkpt>
   <trkpt lat="49.7907720" lon="20.0561770">
    <ele>815.2</ele>
    <time>2025-09-07T09:01:27Z</time>
   </trkpt>
   <trkpt lat="49.7908330" lon="20.0561210">
    <ele>814.8</ele>
    <time>2025-09-07T09:01:28Z</time>
   </trkpt>
   <trkpt lat="49.7908940" lon="20.0560830">
    <ele>814.4</ele>
    <time>2025-09-07T09:01:29Z</time>
   </trkpt>
   <trkpt lat="49.7909460" lon="20.0560540">
    <ele>814.2</ele>
    <time>2025-09-07T09:01:30Z</time>
   </trkpt>
   <trkpt lat="49.7909850" lon="20.0560270">
    <ele>812.8</ele>
    <time>2025-09-07T09:01:31Z</time>
   </trkpt>
   <trkpt lat="49.7910120" lon="20.0560020">
    <ele>811.2</ele>
    <time>2025-09-07T09:01:32Z</time>
   </trkpt>
   <trkpt lat="49.7910350" lon="20.0559860">
    <ele>810.6</ele>
    <time>2025-09-07T09:01:33Z</time>
   </trkpt>
   <trkpt lat="49.7910600" lon="20.0559660">
    <ele>810.4</ele>
    <time>2025-09-07T09:01:34Z</time>
   </trkpt>
   <trkpt lat="49.7910880" lon="20.0559510">
    <ele>809.6</ele>
    <time>2025-09-07T09:01:35Z</time>
   </trkpt>
   <trkpt lat="49.7911130" lon="20.0559360">
    <ele>809.2</ele>
    <time>2025-09-07T09:01:36Z</time>
   </trkpt>
   <trkpt lat="49.7911390" lon="20.0559280">
    <ele>809.0</ele>
    <time>2025-09-07T09:01:37Z</time>
   </trkpt>
   <trkpt lat="49.7911930" lon="20.0559210">
    <ele>808.2</ele>
    <time>2025-09-07T09:01:39Z</time>
   </trkpt>
   <trkpt lat="49.7912230" lon="20.0559080">
    <ele>807.8</ele>
    <time>2025-09-07T09:01:40Z</time>
   </trkpt>
   <trkpt lat="49.7913070" lon="20.0558560">
    <ele>807.2</ele>
    <time>2025-09-07T09:01:42Z</time>
   </trkpt>
   <trkpt lat="49.7913530" lon="20.0558200">
    <ele>806.8</ele>
    <time>2025-09-07T09:01:43Z</time>
   </trkpt>
   <trkpt lat="49.7914060" lon="20.0557610">
    <ele>806.4</ele>
    <time>2025-09-07T09:01:44Z</time>
   </trkpt>
   <trkpt lat="49.7914700" lon="20.0557250">
    <ele>805.6</ele>
    <time>2025-09-07T09:01:45Z</time>
   </trkpt>
   <trkpt lat="49.7915920" lon="20.0556380">
    <ele>803.6</ele>
    <time>2025-09-07T09:01:47Z</time>
   </trkpt>
   <trkpt lat="49.7917490" lon="20.0555250">
    <ele>802.4</ele>
    <time>2025-09-07T09:01:49Z</time>
   </trkpt>
   <trkpt lat="49.7919050" lon="20.0554120">
    <ele>800.4</ele>
    <time>2025-09-07T09:01:51Z</time>
   </trkpt>
   <trkpt lat="49.7919950" lon="20.0553580">
    <ele>798.4</ele>
    <time>2025-09-07T09:01:52Z</time>
   </trkpt>
   <trkpt lat="49.7920940" lon="20.0553080">
    <ele>796.8</ele>
    <time>2025-09-07T09:01:53Z</time>
   </trkpt>
   <trkpt lat="49.7921890" lon="20.0552680">
    <ele>796.4</ele>
    <time>2025-09-07T09:01:54Z</time>
   </trkpt>
   <trkpt lat="49.7922730" lon="20.0552080">
    <ele>795.0</ele>
    <time>2025-09-07T09:01:55Z</time>
   </trkpt>
   <trkpt lat="49.7923590" lon="20.0551560">
    <ele>793.6</ele>
    <time>2025-09-07T09:01:56Z</time>
   </trkpt>
   <trkpt lat="49.7924470" lon="20.0551110">
    <ele>792.6</ele>
    <time>2025-09-07T09:01:57Z</time>
   </trkpt>
   <trkpt lat="49.7925280" lon="20.0550740">
    <ele>792.0</ele>
    <time>2025-09-07T09:01:58Z</time>
   </trkpt>
   <trkpt lat="49.7926060" lon="20.0550280">
    <ele>790.2</ele>
    <time>2025-09-07T09:01:59Z</time>
   </trkpt>
   <trkpt lat="49.7926810" lon="20.0549770">
    <ele>788.8</ele>
    <time>2025-09-07T09:02:00Z</time>
   </trkpt>
   <trkpt lat="49.7927500" lon="20.0549290">
    <ele>787.2</ele>
    <time>2025-09-07T09:02:01Z</time>
   </trkpt>
   <trkpt lat="49.7928190" lon="20.0548800">
    <ele>786.0</ele>
    <time>2025-09-07T09:02:02Z</time>
   </trkpt>
   <trkpt lat="49.7928910" lon="20.0548450">
    <ele>785.6</ele>
    <time>2025-09-07T09:02:03Z</time>
   </trkpt>
   <trkpt lat="49.7929660" lon="20.0548150">
    <ele>784.8</ele>
    <time>2025-09-07T09:02:04Z</time>
   </trkpt>
   <trkpt lat="49.7930400" lon="20.0547910">
    <ele>784.2</ele>
    <time>2025-09-07T09:02:05Z</time>
   </trkpt>
   <trkpt lat="49.7931130" lon="20.0547790">
    <ele>782.6</ele>
    <time>2025-09-07T09:02:06Z</time>
   </trkpt>
   <trkpt lat="49.7931790" lon="20.0547710">
    <ele>781.8</ele>
    <time>2025-09-07T09:02:07Z</time>
   </trkpt>
   <trkpt lat="49.7932490" lon="20.0547560">
    <ele>780.4</ele>
    <time>2025-09-07T09:02:08Z</time>
   </trkpt>
   <trkpt lat="49.7933180" lon="20.0547310">
    <ele>779.8</ele>
    <time>2025-09-07T09:02:09Z</time>
   </trkpt>
   <trkpt lat="49.7933840" lon="20.0547000">
    <ele>779.6</ele>
    <time>2025-09-07T09:02:10Z</time>
   </trkpt>
   <trkpt lat="49.7934450" lon="20.0546720">
    <ele>779.0</ele>
    <time>2025-09-07T09:02:11Z</time>
   </trkpt>
   <trkpt lat="49.7935000" lon="20.0546430">
    <ele>777.6</ele>
    <time>2025-09-07T09:02:12Z</time>
   </trkpt>
   <trkpt lat="49.7936810" lon="20.0545540">
    <ele>777.0</ele>
    <time>2025-09-07T09:02:15Z</time>
   </trkpt>
   <trkpt lat="49.7937420" lon="20.0545270">
    <ele>776.8</ele>
    <time>2025-09-07T09:02:16Z</time>
   </trkpt>
   <trkpt lat="49.7937980" lon="20.0545020">
    <ele>776.6</ele>
    <time>2025-09-07T09:02:17Z</time>
   </trkpt>
   <trkpt lat="49.7938470" lon="20.0544850">
    <ele>776.6</ele>
    <time>2025-09-07T09:02:18Z</time>
   </trkpt>
   <trkpt lat="49.7938940" lon="20.0544670">
    <ele>776.6</ele>
    <time>2025-09-07T09:02:19Z</time>
   </trkpt>
   <trkpt lat="49.7939890" lon="20.0544300">
    <ele>776.4</ele>
    <time>2025-09-07T09:02:21Z</time>
   </trkpt>
   <trkpt lat="49.7940380" lon="20.0544080">
    <ele>775.6</ele>
    <time>2025-09-07T09:02:22Z</time>
   </trkpt>
   <trkpt lat="49.7940860" lon="20.0543880">
    <ele>775.4</ele>
    <time>2025-09-07T09:02:23Z</time>
   </trkpt>
   <trkpt lat="49.7941310" lon="20.0543780">
    <ele>775.2</ele>
    <time>2025-09-07T09:02:24Z</time>
   </trkpt>
   <trkpt lat="49.7941740" lon="20.0543670">
    <ele>775.2</ele>
    <time>2025-09-07T09:02:25Z</time>
   </trkpt>
   <trkpt lat="49.7942220" lon="20.0543400">
    <ele>775.0</ele>
    <time>2025-09-07T09:02:26Z</time>
   </trkpt>
   <trkpt lat="49.7942640" lon="20.0543010">
    <ele>775.0</ele>
    <time>2025-09-07T09:02:27Z</time>
   </trkpt>
   <trkpt lat="49.7942970" lon="20.0542610">
    <ele>775.0</ele>
    <time>2025-09-07T09:02:28Z</time>
   </trkpt>
   <trkpt lat="49.7943680" lon="20.0541820">
    <ele>775.0</ele>
    <time>2025-09-07T09:02:30Z</time>
   </trkpt>
   <trkpt lat="49.7944270" lon="20.0541340">
    <ele>775.0</ele>
    <time>2025-09-07T09:02:31Z</time>
   </trkpt>
   <trkpt lat="49.7944680" lon="20.0540970">
    <ele>774.6</ele>
    <time>2025-09-07T09:02:32Z</time>
   </trkpt>
   <trkpt lat="49.7945370" lon="20.0540550">
    <ele>774.4</ele>
    <time>2025-09-07T09:02:34Z</time>
   </trkpt>
   <trkpt lat="49.7945720" lon="20.0540160">
    <ele>774.2</ele>
    <time>2025-09-07T09:02:35Z</time>
   </trkpt>
   <trkpt lat="49.7946090" lon="20.0539740">
    <ele>774.2</ele>
    <time>2025-09-07T09:02:36Z</time>
   </trkpt>
   <trkpt lat="49.7946550" lon="20.0539450">
    <ele>774.2</ele>
    <time>2025-09-07T09:02:37Z</time>
   </trkpt>
   <trkpt lat="49.7946920" lon="20.0539130">
    <ele>774.2</ele>
    <time>2025-09-07T09:02:38Z</time>
   </trkpt>
   <trkpt lat="49.7947500" lon="20.0538470">
    <ele>774.4</ele>
    <time>2025-09-07T09:02:39Z</time>
   </trkpt>
   <trkpt lat="49.7947920" lon="20.0538180">
    <ele>774.4</ele>
    <time>2025-09-07T09:02:40Z</time>
   </trkpt>
   <trkpt lat="49.7948220" lon="20.0538050">
    <ele>774.6</ele>
    <time>2025-09-07T09:02:41Z</time>
   </trkpt>
   <trkpt lat="49.7948450" lon="20.0537990">
    <ele>774.8</ele>
    <time>2025-09-07T09:02:42Z</time>
   </trkpt>
   <trkpt lat="49.7948620" lon="20.0537990">
    <ele>775.0</ele>
    <time>2025-09-07T09:02:43Z</time>
   </trkpt>
   <trkpt lat="49.7948860" lon="20.0537960">
    <ele>775.0</ele>
    <time>2025-09-07T09:02:44Z</time>
   </trkpt>
   <trkpt lat="49.7949450" lon="20.0537760">
    <ele>775.4</ele>
    <time>2025-09-07T09:02:46Z</time>
   </trkpt>
   <trkpt lat="49.7950410" lon="20.0536910">
    <ele>775.6</ele>
    <time>2025-09-07T09:02:49Z</time>
   </trkpt>
   <trkpt lat="49.7950700" lon="20.0536470">
    <ele>776.0</ele>
    <time>2025-09-07T09:02:50Z</time>
   </trkpt>
   <trkpt lat="49.7950970" lon="20.0536060">
    <ele>776.2</ele>
    <time>2025-09-07T09:02:51Z</time>
   </trkpt>
   <trkpt lat="49.7951410" lon="20.0535410">
    <ele>776.2</ele>
    <time>2025-09-07T09:02:53Z</time>
   </trkpt>
   <trkpt lat="49.7952200" lon="20.0534760">
    <ele>776.2</ele>
    <time>2025-09-07T09:02:55Z</time>
   </trkpt>
   <trkpt lat="49.7952630" lon="20.0534600">
    <ele>776.2</ele>
    <time>2025-09-07T09:02:56Z</time>
   </trkpt>
   <trkpt lat="49.7953050" lon="20.0534510">
    <ele>776.2</ele>
    <time>2025-09-07T09:02:57Z</time>
   </trkpt>
   <trkpt lat="49.7953580" lon="20.0534380">
    <ele>775.8</ele>
    <time>2025-09-07T09:02:58Z</time>
   </trkpt>
   <trkpt lat="49.7954040" lon="20.0534260">
    <ele>775.2</ele>
    <time>2025-09-07T09:02:59Z</time>
   </trkpt>
   <trkpt lat="49.7954510" lon="20.0534040">
    <ele>774.0</ele>
    <time>2025-09-07T09:03:00Z</time>
   </trkpt>
   <trkpt lat="49.7955000" lon="20.0533770">
    <ele>773.8</ele>
    <time>2025-09-07T09:03:01Z</time>
   </trkpt>
   <trkpt lat="49.7955490" lon="20.0533550">
    <ele>773.8</ele>
    <time>2025-09-07T09:03:02Z</time>
   </trkpt>
   <trkpt lat="49.7955850" lon="20.0533200">
    <ele>773.6</ele>
    <time>2025-09-07T09:03:03Z</time>
   </trkpt>
   <trkpt lat="49.7956230" lon="20.0532810">
    <ele>773.6</ele>
    <time>2025-09-07T09:03:04Z</time>
   </trkpt>
   <trkpt lat="49.7956840" lon="20.0531960">
    <ele>773.8</ele>
    <time>2025-09-07T09:03:06Z</time>
   </trkpt>
   <trkpt lat="49.7957140" lon="20.0531620">
    <ele>773.8</ele>
    <time>2025-09-07T09:03:07Z</time>
   </trkpt>
   <trkpt lat="49.7957840" lon="20.0531180">
    <ele>773.8</ele>
    <time>2025-09-07T09:03:09Z</time>
   </trkpt>
   <trkpt lat="49.7958610" lon="20.0530830">
    <ele>773.4</ele>
    <time>2025-09-07T09:03:11Z</time>
   </trkpt>
   <trkpt lat="49.7959030" lon="20.0530570">
    <ele>773.4</ele>
    <time>2025-09-07T09:03:12Z</time>
   </trkpt>
   <trkpt lat="49.7959390" lon="20.0530210">
    <ele>773.4</ele>
    <time>2025-09-07T09:03:13Z</time>
   </trkpt>
   <trkpt lat="49.7960060" lon="20.0529570">
    <ele>773.2</ele>
    <time>2025-09-07T09:03:15Z</time>
   </trkpt>
   <trkpt lat="49.7960490" lon="20.0529290">
    <ele>773.0</ele>
    <time>2025-09-07T09:03:16Z</time>
   </trkpt>
   <trkpt lat="49.7960910" lon="20.0529150">
    <ele>772.8</ele>
    <time>2025-09-07T09:03:17Z</time>
   </trkpt>
   <trkpt lat="49.7961340" lon="20.0529150">
    <ele>772.6</ele>
    <time>2025-09-07T09:03:18Z</time>
   </trkpt>
   <trkpt lat="49.7961810" lon="20.0529190">
    <ele>772.4</ele>
    <time>2025-09-07T09:03:19Z</time>
   </trkpt>
   <trkpt lat="49.7962290" lon="20.0529220">
    <ele>771.2</ele>
    <time>2025-09-07T09:03:20Z</time>
   </trkpt>
   <trkpt lat="49.7962800" lon="20.0529110">
    <ele>770.6</ele>
    <time>2025-09-07T09:03:21Z</time>
   </trkpt>
   <trkpt lat="49.7963940" lon="20.0528630">
    <ele>770.4</ele>
    <time>2025-09-07T09:03:23Z</time>
   </trkpt>
   <trkpt lat="49.7964490" lon="20.0528320">
    <ele>770.0</ele>
    <time>2025-09-07T09:03:24Z</time>
   </trkpt>
   <trkpt lat="49.7964970" lon="20.0527980">
    <ele>769.8</ele>
    <time>2025-09-07T09:03:25Z</time>
   </trkpt>
   <trkpt lat="49.7965380" lon="20.0527590">
    <ele>769.8</ele>
    <time>2025-09-07T09:03:26Z</time>
   </trkpt>
   <trkpt lat="49.7965740" lon="20.0527150">
    <ele>769.8</ele>
    <time>2025-09-07T09:03:27Z</time>
   </trkpt>
   <trkpt lat="49.7966050" lon="20.0526820">
    <ele>770.2</ele>
    <time>2025-09-07T09:03:28Z</time>
   </trkpt>
   <trkpt lat="49.7966370" lon="20.0526590">
    <ele>770.4</ele>
    <time>2025-09-07T09:03:29Z</time>
   </trkpt>
   <trkpt lat="49.7967110" lon="20.0526080">
    <ele>771.2</ele>
    <time>2025-09-07T09:03:31Z</time>
   </trkpt>
   <trkpt lat="49.7967540" lon="20.0525910">
    <ele>771.8</ele>
    <time>2025-09-07T09:03:32Z</time>
   </trkpt>
   <trkpt lat="49.7967980" lon="20.0525760">
    <ele>771.8</ele>
    <time>2025-09-07T09:03:33Z</time>
   </trkpt>
   <trkpt lat="49.7968420" lon="20.0525560">
    <ele>771.8</ele>
    <time>2025-09-07T09:03:34Z</time>
   </trkpt>
   <trkpt lat="49.7968830" lon="20.0525340">
    <ele>771.8</ele>
    <time>2025-09-07T09:03:35Z</time>
   </trkpt>
   <trkpt lat="49.7969280" lon="20.0525120">
    <ele>772.0</ele>
    <time>2025-09-07T09:03:36Z</time>
   </trkpt>
   <trkpt lat="49.7969700" lon="20.0524850">
    <ele>772.0</ele>
    <time>2025-09-07T09:03:37Z</time>
   </trkpt>
   <trkpt lat="49.7970090" lon="20.0524520">
    <ele>772.4</ele>
    <time>2025-09-07T09:03:38Z</time>
   </trkpt>
   <trkpt lat="49.7970540" lon="20.0524080">
    <ele>772.4</ele>
    <time>2025-09-07T09:03:39Z</time>
   </trkpt>
   <trkpt lat="49.7970940" lon="20.0523740">
    <ele>772.8</ele>
    <time>2025-09-07T09:03:40Z</time>
   </trkpt>
   <trkpt lat="49.7971330" lon="20.0523480">
    <ele>773.0</ele>
    <time>2025-09-07T09:03:41Z</time>
   </trkpt>
   <trkpt lat="49.7971720" lon="20.0523170">
    <ele>773.2</ele>
    <time>2025-09-07T09:03:42Z</time>
   </trkpt>
   <trkpt lat="49.7972140" lon="20.0522790">
    <ele>773.6</ele>
    <time>2025-09-07T09:03:43Z</time>
   </trkpt>
   <trkpt lat="49.7972490" lon="20.0522400">
    <ele>773.6</ele>
    <time>2025-09-07T09:03:44Z</time>
   </trkpt>
   <trkpt lat="49.7972680" lon="20.0522010">
    <ele>773.8</ele>
    <time>2025-09-07T09:03:45Z</time>
   </trkpt>
   <trkpt lat="49.7972860" lon="20.0521640">
    <ele>773.8</ele>
    <time>2025-09-07T09:03:46Z</time>
   </trkpt>
   <trkpt lat="49.7973030" lon="20.0521370">
    <ele>774.0</ele>
    <time>2025-09-07T09:03:47Z</time>
   </trkpt>
   <trkpt lat="49.7973520" lon="20.0520940">
    <ele>774.6</ele>
    <time>2025-09-07T09:03:49Z</time>
   </trkpt>
   <trkpt lat="49.7973860" lon="20.0520630">
    <ele>774.8</ele>
    <time>2025-09-07T09:03:50Z</time>
   </trkpt>
   <trkpt lat="49.7974200" lon="20.0520350">
    <ele>775.0</ele>
    <time>2025-09-07T09:03:51Z</time>
   </trkpt>
   <trkpt lat="49.7974530" lon="20.0520010">
    <ele>775.2</ele>
    <time>2025-09-07T09:03:52Z</time>
   </trkpt>
   <trkpt lat="49.7974860" lon="20.0519730">
    <ele>775.2</ele>
    <time>2025-09-07T09:03:53Z</time>
   </trkpt>
   <trkpt lat="49.7975190" lon="20.0519460">
    <ele>775.4</ele>
    <time>2025-09-07T09:03:54Z</time>
   </trkpt>
   <trkpt lat="49.7975550" lon="20.0519230">
    <ele>775.4</ele>
    <time>2025-09-07T09:03:55Z</time>
   </trkpt>
   <trkpt lat="49.7975910" lon="20.0519020">
    <ele>775.4</ele>
    <time>2025-09-07T09:03:56Z</time>
   </trkpt>
   <trkpt lat="49.7976300" lon="20.0518850">
    <ele>775.0</ele>
    <time>2025-09-07T09:03:57Z</time>
   </trkpt>
   <trkpt lat="49.7976710" lon="20.0518680">
    <ele>775.0</ele>
    <time>2025-09-07T09:03:58Z</time>
   </trkpt>
   <trkpt lat="49.7977090" lon="20.0518470">
    <ele>774.6</ele>
    <time>2025-09-07T09:03:59Z</time>
   </trkpt>
   <trkpt lat="49.7977420" lon="20.0518160">
    <ele>774.4</ele>
    <time>2025-09-07T09:04:00Z</time>
   </trkpt>
   <trkpt lat="49.7977700" lon="20.0517810">
    <ele>774.2</ele>
    <time>2025-09-07T09:04:01Z</time>
   </trkpt>
   <trkpt lat="49.7978010" lon="20.0517360">
    <ele>774.2</ele>
    <time>2025-09-07T09:04:02Z</time>
   </trkpt>
   <trkpt lat="49.7978230" lon="20.0516890">
    <ele>774.4</ele>
    <time>2025-09-07T09:04:03Z</time>
   </trkpt>
   <trkpt lat="49.7978440" lon="20.0516410">
    <ele>774.6</ele>
    <time>2025-09-07T09:04:04Z</time>
   </trkpt>
   <trkpt lat="49.7978680" lon="20.0515970">
    <ele>774.6</ele>
    <time>2025-09-07T09:04:05Z</time>
   </trkpt>
   <trkpt lat="49.7978970" lon="20.0515580">
    <ele>774.8</ele>
    <time>2025-09-07T09:04:06Z</time>
   </trkpt>
   <trkpt lat="49.7979980" lon="20.0514030">
    <ele>775.0</ele>
    <time>2025-09-07T09:04:09Z</time>
   </trkpt>
   <trkpt lat="49.7980260" lon="20.0513510">
    <ele>775.0</ele>
    <time>2025-09-07T09:04:10Z</time>
   </trkpt>
   <trkpt lat="49.7980520" lon="20.0513060">
    <ele>775.2</ele>
    <time>2025-09-07T09:04:11Z</time>
   </trkpt>
   <trkpt lat="49.7980870" lon="20.0512610">
    <ele>775.2</ele>
    <time>2025-09-07T09:04:12Z</time>
   </trkpt>
   <trkpt lat="49.7981630" lon="20.0511690">
    <ele>775.2</ele>
    <time>2025-09-07T09:04:14Z</time>
   </trkpt>
   <trkpt lat="49.7982040" lon="20.0511190">
    <ele>775.2</ele>
    <time>2025-09-07T09:04:15Z</time>
   </trkpt>
   <trkpt lat="49.7982330" lon="20.0510680">
    <ele>775.2</ele>
    <time>2025-09-07T09:04:16Z</time>
   </trkpt>
   <trkpt lat="49.7982590" lon="20.0510200">
    <ele>775.2</ele>
    <time>2025-09-07T09:04:17Z</time>
   </trkpt>
   <trkpt lat="49.7983110" lon="20.0509300">
    <ele>775.4</ele>
    <time>2025-09-07T09:04:19Z</time>
   </trkpt>
   <trkpt lat="49.7983690" lon="20.0508300">
    <ele>775.6</ele>
    <time>2025-09-07T09:04:21Z</time>
   </trkpt>
   <trkpt lat="49.7983900" lon="20.0507780">
    <ele>775.8</ele>
    <time>2025-09-07T09:04:22Z</time>
   </trkpt>
   <trkpt lat="49.7984490" lon="20.0506630">
    <ele>775.8</ele>
    <time>2025-09-07T09:04:24Z</time>
   </trkpt>
   <trkpt lat="49.7985290" lon="20.0505650">
    <ele>776.2</ele>
    <time>2025-09-07T09:04:26Z</time>
   </trkpt>
   <trkpt lat="49.7986050" lon="20.0504440">
    <ele>776.2</ele>
    <time>2025-09-07T09:04:28Z</time>
   </trkpt>
   <trkpt lat="49.7986350" lon="20.0503800">
    <ele>776.4</ele>
    <time>2025-09-07T09:04:29Z</time>
   </trkpt>
   <trkpt lat="49.7986560" lon="20.0503110">
    <ele>776.6</ele>
    <time>2025-09-07T09:04:30Z</time>
   </trkpt>
   <trkpt lat="49.7986810" lon="20.0502370">
    <ele>776.6</ele>
    <time>2025-09-07T09:04:31Z</time>
   </trkpt>
   <trkpt lat="49.7986890" lon="20.0501760">
    <ele>776.8</ele>
    <time>2025-09-07T09:04:32Z</time>
   </trkpt>
   <trkpt lat="49.7987010" lon="20.0501300">
    <ele>777.0</ele>
    <time>2025-09-07T09:04:33Z</time>
   </trkpt>
   <trkpt lat="49.7987400" lon="20.0500520">
    <ele>777.2</ele>
    <time>2025-09-07T09:04:35Z</time>
   </trkpt>
   <trkpt lat="49.7987880" lon="20.0499470">
    <ele>777.4</ele>
    <time>2025-09-07T09:04:37Z</time>
   </trkpt>
   <trkpt lat="49.7988100" lon="20.0498840">
    <ele>777.4</ele>
    <time>2025-09-07T09:04:38Z</time>
   </trkpt>
   <trkpt lat="49.7988270" lon="20.0498410">
    <ele>777.6</ele>
    <time>2025-09-07T09:04:39Z</time>
   </trkpt>
   <trkpt lat="49.7988350" lon="20.0497940">
    <ele>777.8</ele>
    <time>2025-09-07T09:04:40Z</time>
   </trkpt>
   <trkpt lat="49.7988470" lon="20.0497530">
    <ele>777.8</ele>
    <time>2025-09-07T09:04:41Z</time>
   </trkpt>
   <trkpt lat="49.7988520" lon="20.0497110">
    <ele>778.0</ele>
    <time>2025-09-07T09:04:42Z</time>
   </trkpt>
   <trkpt lat="49.7988580" lon="20.0496720">
    <ele>778.0</ele>
    <time>2025-09-07T09:04:43Z</time>
   </trkpt>
   <trkpt lat="49.7988520" lon="20.0496060">
    <ele>778.8</ele>
    <time>2025-09-07T09:04:45Z</time>
   </trkpt>
   <trkpt lat="49.7988460" lon="20.0495620">
    <ele>779.2</ele>
    <time>2025-09-07T09:04:46Z</time>
   </trkpt>
   <trkpt lat="49.7988430" lon="20.0495180">
    <ele>779.6</ele>
    <time>2025-09-07T09:04:47Z</time>
   </trkpt>
   <trkpt lat="49.7988480" lon="20.0494840">
    <ele>780.0</ele>
    <time>2025-09-07T09:04:48Z</time>
   </trkpt>
   <trkpt lat="49.7988570" lon="20.0494500">
    <ele>780.0</ele>
    <time>2025-09-07T09:04:49Z</time>
   </trkpt>
   <trkpt lat="49.7988690" lon="20.0494200">
    <ele>780.2</ele>
    <time>2025-09-07T09:04:50Z</time>
   </trkpt>
   <trkpt lat="49.7988800" lon="20.0493900">
    <ele>780.4</ele>
    <time>2025-09-07T09:04:51Z</time>
   </trkpt>
   <trkpt lat="49.7988920" lon="20.0493610">
    <ele>780.6</ele>
    <time>2025-09-07T09:04:52Z</time>
   </trkpt>
   <trkpt lat="49.7989030" lon="20.0493370">
    <ele>780.8</ele>
    <time>2025-09-07T09:04:53Z</time>
   </trkpt>
   <trkpt lat="49.7989120" lon="20.0493100">
    <ele>780.8</ele>
    <time>2025-09-07T09:04:54Z</time>
   </trkpt>
   <trkpt lat="49.7989170" lon="20.0492880">
    <ele>780.8</ele>
    <time>2025-09-07T09:04:55Z</time>
   </trkpt>
   <trkpt lat="49.7989200" lon="20.0492650">
    <ele>781.0</ele>
    <time>2025-09-07T09:04:56Z</time>
   </trkpt>
   <trkpt lat="49.7989220" lon="20.0492440">
    <ele>781.2</ele>
    <time>2025-09-07T09:04:57Z</time>
   </trkpt>
   <trkpt lat="49.7989220" lon="20.0492180">
    <ele>781.2</ele>
    <time>2025-09-07T09:04:58Z</time>
   </trkpt>
   <trkpt lat="49.7989250" lon="20.0491820">
    <ele>781.2</ele>
    <time>2025-09-07T09:04:59Z</time>
   </trkpt>
   <trkpt lat="49.7989260" lon="20.0491740">
    <ele>781.4</ele>
    <time>2025-09-07T09:05:00Z</time>
   </trkpt>
   <trkpt lat="49.7989260" lon="20.0491740">
    <ele>781.4</ele>
    <time>2025-09-07T09:05:01Z</time>
   </trkpt>
   <trkpt lat="49.7989280" lon="20.0491690">
    <ele>781.6</ele>
    <time>2025-09-07T09:05:02Z</time>
   </trkpt>
   <trkpt lat="49.7989480" lon="20.0491390">
    <ele>781.8</ele>
    <time>2025-09-07T09:05:04Z</time>
   </trkpt>
   <trkpt lat="49.7989610" lon="20.0491110">
    <ele>781.8</ele>
    <time>2025-09-07T09:05:05Z</time>
   </trkpt>
   <trkpt lat="49.7989780" lon="20.0490750">
    <ele>781.8</ele>
    <time>2025-09-07T09:05:06Z</time>
   </trkpt>
   <trkpt lat="49.7989920" lon="20.0490390">
    <ele>781.6</ele>
    <time>2025-09-07T09:05:07Z</time>
   </trkpt>
   <trkpt lat="49.7990020" lon="20.0489970">
    <ele>781.8</ele>
    <time>2025-09-07T09:05:08Z</time>
   </trkpt>
   <trkpt lat="49.7990120" lon="20.0489460">
    <ele>781.8</ele>
    <time>2025-09-07T09:05:09Z</time>
   </trkpt>
   <trkpt lat="49.7990130" lon="20.0489030">
    <ele>781.8</ele>
    <time>2025-09-07T09:05:10Z</time>
   </trkpt>
   <trkpt lat="49.7990150" lon="20.0488620">
    <ele>781.8</ele>
    <time>2025-09-07T09:05:11Z</time>
   </trkpt>
   <trkpt lat="49.7990190" lon="20.0488210">
    <ele>782.0</ele>
    <time>2025-09-07T09:05:12Z</time>
   </trkpt>
   <trkpt lat="49.7990190" lon="20.0487810">
    <ele>782.6</ele>
    <time>2025-09-07T09:05:13Z</time>
   </trkpt>
   <trkpt lat="49.7990190" lon="20.0487450">
    <ele>783.0</ele>
    <time>2025-09-07T09:05:14Z</time>
   </trkpt>
   <trkpt lat="49.7990230" lon="20.0487110">
    <ele>783.2</ele>
    <time>2025-09-07T09:05:15Z</time>
   </trkpt>
   <trkpt lat="49.7990200" lon="20.0486650">
    <ele>783.4</ele>
    <time>2025-09-07T09:05:16Z</time>
   </trkpt>
   <trkpt lat="49.7990210" lon="20.0486060">
    <ele>783.4</ele>
    <time>2025-09-07T09:05:17Z</time>
   </trkpt>
   <trkpt lat="49.7990310" lon="20.0485490">
    <ele>783.4</ele>
    <time>2025-09-07T09:05:18Z</time>
   </trkpt>
   <trkpt lat="49.7990460" lon="20.0484990">
    <ele>783.4</ele>
    <time>2025-09-07T09:05:19Z</time>
   </trkpt>
   <trkpt lat="49.7990710" lon="20.0484480">
    <ele>783.4</ele>
    <time>2025-09-07T09:05:20Z</time>
   </trkpt>
   <trkpt lat="49.7990890" lon="20.0483930">
    <ele>783.4</ele>
    <time>2025-09-07T09:05:21Z</time>
   </trkpt>
   <trkpt lat="49.7990990" lon="20.0483250">
    <ele>783.4</ele>
    <time>2025-09-07T09:05:22Z</time>
   </trkpt>
   <trkpt lat="49.7991100" lon="20.0482600">
    <ele>783.6</ele>
    <time>2025-09-07T09:05:23Z</time>
   </trkpt>
   <trkpt lat="49.7991270" lon="20.0482060">
    <ele>783.8</ele>
    <time>2025-09-07T09:05:24Z</time>
   </trkpt>
   <trkpt lat="49.7991430" lon="20.0481490">
    <ele>784.2</ele>
    <time>2025-09-07T09:05:25Z</time>
   </trkpt>
   <trkpt lat="49.7991580" lon="20.0480850">
    <ele>784.4</ele>
    <time>2025-09-07T09:05:26Z</time>
   </trkpt>
   <trkpt lat="49.7991670" lon="20.0480210">
    <ele>784.6</ele>
    <time>2025-09-07T09:05:27Z</time>
   </trkpt>
   <trkpt lat="49.7991670" lon="20.0479540">
    <ele>784.6</ele>
    <time>2025-09-07T09:05:28Z</time>
   </trkpt>
   <trkpt lat="49.7991850" lon="20.0478860">
    <ele>784.6</ele>
    <time>2025-09-07T09:05:29Z</time>
   </trkpt>
   <trkpt lat="49.7992150" lon="20.0478220">
    <ele>784.6</ele>
    <time>2025-09-07T09:05:30Z</time>
   </trkpt>
   <trkpt lat="49.7992350" lon="20.0477690">
    <ele>784.6</ele>
    <time>2025-09-07T09:05:31Z</time>
   </trkpt>
   <trkpt lat="49.7992440" lon="20.0477010">
    <ele>784.6</ele>
    <time>2025-09-07T09:05:32Z</time>
   </trkpt>
   <trkpt lat="49.7992430" lon="20.0476230">
    <ele>784.6</ele>
    <time>2025-09-07T09:05:33Z</time>
   </trkpt>
   <trkpt lat="49.7992280" lon="20.0475470">
    <ele>784.4</ele>
    <time>2025-09-07T09:05:34Z</time>
   </trkpt>
   <trkpt lat="49.7992170" lon="20.0474810">
    <ele>784.4</ele>
    <time>2025-09-07T09:05:35Z</time>
   </trkpt>
   <trkpt lat="49.7992150" lon="20.0474250">
    <ele>784.2</ele>
    <time>2025-09-07T09:05:36Z</time>
   </trkpt>
   <trkpt lat="49.7992270" lon="20.0473820">
    <ele>784.2</ele>
    <time>2025-09-07T09:05:37Z</time>
   </trkpt>
   <trkpt lat="49.7992510" lon="20.0473460">
    <ele>784.2</ele>
    <time>2025-09-07T09:05:38Z</time>
   </trkpt>
   <trkpt lat="49.7992750" lon="20.0473110">
    <ele>784.2</ele>
    <time>2025-09-07T09:05:39Z</time>
   </trkpt>
   <trkpt lat="49.7992710" lon="20.0472770">
    <ele>784.2</ele>
    <time>2025-09-07T09:05:40Z</time>
   </trkpt>
   <trkpt lat="49.7992680" lon="20.0472290">
    <ele>784.2</ele>
    <time>2025-09-07T09:05:41Z</time>
   </trkpt>
   <trkpt lat="49.7992630" lon="20.0471730">
    <ele>784.2</ele>
    <time>2025-09-07T09:05:42Z</time>
   </trkpt>
   <trkpt lat="49.7992640" lon="20.0471180">
    <ele>784.2</ele>
    <time>2025-09-07T09:05:43Z</time>
   </trkpt>
   <trkpt lat="49.7992680" lon="20.0470600">
    <ele>784.2</ele>
    <time>2025-09-07T09:05:44Z</time>
   </trkpt>
   <trkpt lat="49.7992880" lon="20.0468290">
    <ele>784.0</ele>
    <time>2025-09-07T09:05:47Z</time>
   </trkpt>
   <trkpt lat="49.7993000" lon="20.0467420">
    <ele>783.8</ele>
    <time>2025-09-07T09:05:48Z</time>
   </trkpt>
   <trkpt lat="49.7993210" lon="20.0466600">
    <ele>783.4</ele>
    <time>2025-09-07T09:05:49Z</time>
   </trkpt>
   <trkpt lat="49.7993360" lon="20.0465870">
    <ele>782.4</ele>
    <time>2025-09-07T09:05:50Z</time>
   </trkpt>
   <trkpt lat="49.7993570" lon="20.0465320">
    <ele>782.4</ele>
    <time>2025-09-07T09:05:51Z</time>
   </trkpt>
   <trkpt lat="49.7993900" lon="20.0465000">
    <ele>782.0</ele>
    <time>2025-09-07T09:05:52Z</time>
   </trkpt>
   <trkpt lat="49.7994210" lon="20.0464780">
    <ele>782.2</ele>
    <time>2025-09-07T09:05:53Z</time>
   </trkpt>
   <trkpt lat="49.7994400" lon="20.0464530">
    <ele>782.4</ele>
    <time>2025-09-07T09:05:54Z</time>
   </trkpt>
   <trkpt lat="49.7994590" lon="20.0463760">
    <ele>782.4</ele>
    <time>2025-09-07T09:05:56Z</time>
   </trkpt>
   <trkpt lat="49.7994720" lon="20.0463150">
    <ele>782.2</ele>
    <time>2025-09-07T09:05:57Z</time>
   </trkpt>
   <trkpt lat="49.7995020" lon="20.0462440">
    <ele>781.8</ele>
    <time>2025-09-07T09:05:58Z</time>
   </trkpt>
   <trkpt lat="49.7995310" lon="20.0461820">
    <ele>781.8</ele>
    <time>2025-09-07T09:05:59Z</time>
   </trkpt>
   <trkpt lat="49.7995520" lon="20.0461340">
    <ele>781.6</ele>
    <time>2025-09-07T09:06:00Z</time>
   </trkpt>
   <trkpt lat="49.7995660" lon="20.0460900">
    <ele>781.6</ele>
    <time>2025-09-07T09:06:01Z</time>
   </trkpt>
   <trkpt lat="49.7995780" lon="20.0460530">
    <ele>781.6</ele>
    <time>2025-09-07T09:06:02Z</time>
   </trkpt>
   <trkpt lat="49.7995910" lon="20.0460140">
    <ele>781.8</ele>
    <time>2025-09-07T09:06:03Z</time>
   </trkpt>
   <trkpt lat="49.7996270" lon="20.0459200">
    <ele>782.2</ele>
    <time>2025-09-07T09:06:05Z</time>
   </trkpt>
   <trkpt lat="49.7996510" lon="20.0457740">
    <ele>782.0</ele>
    <time>2025-09-07T09:06:08Z</time>
   </trkpt>
   <trkpt lat="49.7996680" lon="20.0457250">
    <ele>782.0</ele>
    <time>2025-09-07T09:06:09Z</time>
   </trkpt>
   <trkpt lat="49.7997180" lon="20.0456010">
    <ele>781.6</ele>
    <time>2025-09-07T09:06:11Z</time>
   </trkpt>
   <trkpt lat="49.7997410" lon="20.0455350">
    <ele>779.6</ele>
    <time>2025-09-07T09:06:12Z</time>
   </trkpt>
   <trkpt lat="49.7997620" lon="20.0454800">
    <ele>779.4</ele>
    <time>2025-09-07T09:06:13Z</time>
   </trkpt>
   <trkpt lat="49.7998100" lon="20.0453890">
    <ele>778.0</ele>
    <time>2025-09-07T09:06:15Z</time>
   </trkpt>
   <trkpt lat="49.7998430" lon="20.0453080">
    <ele>777.0</ele>
    <time>2025-09-07T09:06:16Z</time>
   </trkpt>
   <trkpt lat="49.7998820" lon="20.0452160">
    <ele>776.2</ele>
    <time>2025-09-07T09:06:17Z</time>
   </trkpt>
   <trkpt lat="49.7999170" lon="20.0451310">
    <ele>774.8</ele>
    <time>2025-09-07T09:06:18Z</time>
   </trkpt>
   <trkpt lat="49.7999470" lon="20.0450570">
    <ele>774.0</ele>
    <time>2025-09-07T09:06:19Z</time>
   </trkpt>
   <trkpt lat="49.7999740" lon="20.0449870">
    <ele>773.8</ele>
    <time>2025-09-07T09:06:20Z</time>
   </trkpt>
   <trkpt lat="49.7999920" lon="20.0449270">
    <ele>773.4</ele>
    <time>2025-09-07T09:06:21Z</time>
   </trkpt>
   <trkpt lat="49.8000040" lon="20.0448640">
    <ele>773.4</ele>
    <time>2025-09-07T09:06:22Z</time>
   </trkpt>
   <trkpt lat="49.8000420" lon="20.0446950">
    <ele>773.2</ele>
    <time>2025-09-07T09:06:24Z</time>
   </trkpt>
   <trkpt lat="49.8000810" lon="20.0446080">
    <ele>773.0</ele>
    <time>2025-09-07T09:06:25Z</time>
   </trkpt>
   <trkpt lat="49.8001180" lon="20.0445310">
    <ele>772.8</ele>
    <time>2025-09-07T09:06:26Z</time>
   </trkpt>
   <trkpt lat="49.8001630" lon="20.0444800">
    <ele>772.8</ele>
    <time>2025-09-07T09:06:27Z</time>
   </trkpt>
   <trkpt lat="49.8002080" lon="20.0444320">
    <ele>772.4</ele>
    <time>2025-09-07T09:06:28Z</time>
   </trkpt>
   <trkpt lat="49.8002530" lon="20.0443690">
    <ele>772.2</ele>
    <time>2025-09-07T09:06:29Z</time>
   </trkpt>
   <trkpt lat="49.8002880" lon="20.0443000">
    <ele>771.2</ele>
    <time>2025-09-07T09:06:30Z</time>
   </trkpt>
   <trkpt lat="49.8003440" lon="20.0441440">
    <ele>770.0</ele>
    <time>2025-09-07T09:06:32Z</time>
   </trkpt>
   <trkpt lat="49.8003940" lon="20.0439240">
    <ele>769.4</ele>
    <time>2025-09-07T09:06:34Z</time>
   </trkpt>
   <trkpt lat="49.8004240" lon="20.0437250">
    <ele>767.8</ele>
    <time>2025-09-07T09:06:36Z</time>
   </trkpt>
   <trkpt lat="49.8004320" lon="20.0436150">
    <ele>767.6</ele>
    <time>2025-09-07T09:06:37Z</time>
   </trkpt>
   <trkpt lat="49.8004510" lon="20.0435350">
    <ele>767.2</ele>
    <time>2025-09-07T09:06:38Z</time>
   </trkpt>
   <trkpt lat="49.8004680" lon="20.0434570">
    <ele>767.0</ele>
    <time>2025-09-07T09:06:39Z</time>
   </trkpt>
   <trkpt lat="49.8004620" lon="20.0433750">
    <ele>766.8</ele>
    <time>2025-09-07T09:06:40Z</time>
   </trkpt>
   <trkpt lat="49.8004350" lon="20.0432840">
    <ele>766.2</ele>
    <time>2025-09-07T09:06:41Z</time>
   </trkpt>
   <trkpt lat="49.8004160" lon="20.0431960">
    <ele>766.0</ele>
    <time>2025-09-07T09:06:42Z</time>
   </trkpt>
   <trkpt lat="49.8004080" lon="20.0431090">
    <ele>765.6</ele>
    <time>2025-09-07T09:06:43Z</time>
   </trkpt>
   <trkpt lat="49.8003890" lon="20.0429190">
    <ele>764.8</ele>
    <time>2025-09-07T09:06:45Z</time>
   </trkpt>
   <trkpt lat="49.8003930" lon="20.0428260">
    <ele>764.0</ele>
    <time>2025-09-07T09:06:46Z</time>
   </trkpt>
   <trkpt lat="49.8003990" lon="20.0427390">
    <ele>763.4</ele>
    <time>2025-09-07T09:06:47Z</time>
   </trkpt>
   <trkpt lat="49.8004010" lon="20.0426570">
    <ele>762.4</ele>
    <time>2025-09-07T09:06:48Z</time>
   </trkpt>
   <trkpt lat="49.8003910" lon="20.0425800">
    <ele>762.0</ele>
    <time>2025-09-07T09:06:49Z</time>
   </trkpt>
   <trkpt lat="49.8003710" lon="20.0425040">
    <ele>760.6</ele>
    <time>2025-09-07T09:06:50Z</time>
   </trkpt>
   <trkpt lat="49.8003480" lon="20.0424240">
    <ele>759.6</ele>
    <time>2025-09-07T09:06:51Z</time>
   </trkpt>
   <trkpt lat="49.8003280" lon="20.0423410">
    <ele>758.6</ele>
    <time>2025-09-07T09:06:52Z</time>
   </trkpt>
   <trkpt lat="49.8003170" lon="20.0422530">
    <ele>757.0</ele>
    <time>2025-09-07T09:06:53Z</time>
   </trkpt>
   <trkpt lat="49.8003270" lon="20.0421590">
    <ele>756.4</ele>
    <time>2025-09-07T09:06:54Z</time>
   </trkpt>
   <trkpt lat="49.8003470" lon="20.0420600">
    <ele>755.0</ele>
    <time>2025-09-07T09:06:55Z</time>
   </trkpt>
   <trkpt lat="49.8003700" lon="20.0419530">
    <ele>754.0</ele>
    <time>2025-09-07T09:06:56Z</time>
   </trkpt>
   <trkpt lat="49.8004020" lon="20.0418550">
    <ele>752.8</ele>
    <time>2025-09-07T09:06:57Z</time>
   </trkpt>
   <trkpt lat="49.8004470" lon="20.0417630">
    <ele>751.8</ele>
    <time>2025-09-07T09:06:58Z</time>
   </trkpt>
   <trkpt lat="49.8004730" lon="20.0416810">
    <ele>751.0</ele>
    <time>2025-09-07T09:06:59Z</time>
   </trkpt>
   <trkpt lat="49.8004750" lon="20.0416050">
    <ele>750.2</ele>
    <time>2025-09-07T09:07:00Z</time>
   </trkpt>
   <trkpt lat="49.8004700" lon="20.0415170">
    <ele>749.6</ele>
    <time>2025-09-07T09:07:01Z</time>
   </trkpt>
   <trkpt lat="49.8004570" lon="20.0414050">
    <ele>748.8</ele>
    <time>2025-09-07T09:07:02Z</time>
   </trkpt>
   <trkpt lat="49.8004510" lon="20.0412970">
    <ele>747.6</ele>
    <time>2025-09-07T09:07:03Z</time>
   </trkpt>
   <trkpt lat="49.8004440" lon="20.0411960">
    <ele>745.6</ele>
    <time>2025-09-07T09:07:04Z</time>
   </trkpt>
   <trkpt lat="49.8004330" lon="20.0411040">
    <ele>745.0</ele>
    <time>2025-09-07T09:07:05Z</time>
   </trkpt>
   <trkpt lat="49.8004170" lon="20.0410160">
    <ele>743.8</ele>
    <time>2025-09-07T09:07:06Z</time>
   </trkpt>
   <trkpt lat="49.8003970" lon="20.0409320">
    <ele>742.8</ele>
    <time>2025-09-07T09:07:07Z</time>
   </trkpt>
   <trkpt lat="49.8003770" lon="20.0408570">
    <ele>742.0</ele>
    <time>2025-09-07T09:07:08Z</time>
   </trkpt>
   <trkpt lat="49.8003660" lon="20.0407790">
    <ele>741.6</ele>
    <time>2025-09-07T09:07:09Z</time>
   </trkpt>
   <trkpt lat="49.8003690" lon="20.0406900">
    <ele>740.0</ele>
    <time>2025-09-07T09:07:10Z</time>
   </trkpt>
   <trkpt lat="49.8003790" lon="20.0406000">
    <ele>739.2</ele>
    <time>2025-09-07T09:07:11Z</time>
   </trkpt>
   <trkpt lat="49.8003910" lon="20.0405250">
    <ele>738.6</ele>
    <time>2025-09-07T09:07:12Z</time>
   </trkpt>
   <trkpt lat="49.8004080" lon="20.0404610">
    <ele>738.0</ele>
    <time>2025-09-07T09:07:13Z</time>
   </trkpt>
   <trkpt lat="49.8004350" lon="20.0404060">
    <ele>736.6</ele>
    <time>2025-09-07T09:07:14Z</time>
   </trkpt>
   <trkpt lat="49.8004570" lon="20.0403530">
    <ele>735.4</ele>
    <time>2025-09-07T09:07:15Z</time>
   </trkpt>
   <trkpt lat="49.8004850" lon="20.0402950">
    <ele>735.4</ele>
    <time>2025-09-07T09:07:16Z</time>
   </trkpt>
   <trkpt lat="49.8005110" lon="20.0402480">
    <ele>735.4</ele>
    <time>2025-09-07T09:07:17Z</time>
   </trkpt>
   <trkpt lat="49.8005320" lon="20.0402110">
    <ele>735.4</ele>
    <time>2025-09-07T09:07:18Z</time>
   </trkpt>
   <trkpt lat="49.8005480" lon="20.0401800">
    <ele>735.4</ele>
    <time>2025-09-07T09:07:19Z</time>
   </trkpt>
   <trkpt lat="49.8005520" lon="20.0401680">
    <ele>735.4</ele>
    <time>2025-09-07T09:07:20Z</time>
   </trkpt>
   <trkpt lat="49.8005520" lon="20.0401680">
    <ele>735.4</ele>
    <time>2025-09-07T09:07:21Z</time>
   </trkpt>
   <trkpt lat="49.8005520" lon="20.0401680">
    <ele>735.4</ele>
    <time>2025-09-07T09:07:22Z</time>
   </trkpt>
   <trkpt lat="49.8005520" lon="20.0401680">
    <ele>735.4</ele>
    <time>2025-09-07T09:07:24Z</time>
   </trkpt>
   <trkpt lat="49.8005520" lon="20.0401680">
    <ele>735.4</ele>
    <time>2025-09-07T09:07:31Z</time>
   </trkpt>
   <trkpt lat="49.8005470" lon="20.0401590">
    <ele>735.4</ele>
    <time>2025-09-07T09:07:34Z</time>
   </trkpt>
   <trkpt lat="49.8005200" lon="20.0401100">
    <ele>735.4</ele>
    <time>2025-09-07T09:07:41Z</time>
   </trkpt>
   <trkpt lat="49.8005140" lon="20.0400650">
    <ele>735.2</ele>
    <time>2025-09-07T09:07:42Z</time>
   </trkpt>
   <trkpt lat="49.8005120" lon="20.0399630">
    <ele>734.8</ele>
    <time>2025-09-07T09:07:44Z</time>
   </trkpt>
   <trkpt lat="49.8005060" lon="20.0399100">
    <ele>734.2</ele>
    <time>2025-09-07T09:07:45Z</time>
   </trkpt>
   <trkpt lat="49.8004920" lon="20.0397730">
    <ele>732.8</ele>
    <time>2025-09-07T09:07:47Z</time>
   </trkpt>
   <trkpt lat="49.8004760" lon="20.0396040">
    <ele>731.0</ele>
    <time>2025-09-07T09:07:49Z</time>
   </trkpt>
   <trkpt lat="49.8004350" lon="20.0394240">
    <ele>729.4</ele>
    <time>2025-09-07T09:07:51Z</time>
   </trkpt>
   <trkpt lat="49.8004110" lon="20.0393250">
    <ele>728.4</ele>
    <time>2025-09-07T09:07:52Z</time>
   </trkpt>
   <trkpt lat="49.8003820" lon="20.0392100">
    <ele>727.0</ele>
    <time>2025-09-07T09:07:53Z</time>
   </trkpt>
   <trkpt lat="49.8003300" lon="20.0389600">
    <ele>723.8</ele>
    <time>2025-09-07T09:07:55Z</time>
   </trkpt>
   <trkpt lat="49.8003110" lon="20.0388400">
    <ele>723.0</ele>
    <time>2025-09-07T09:07:56Z</time>
   </trkpt>
   <trkpt lat="49.8003080" lon="20.0387360">
    <ele>722.8</ele>
    <time>2025-09-07T09:07:57Z</time>
   </trkpt>
   <trkpt lat="49.8003130" lon="20.0386540">
    <ele>722.4</ele>
    <time>2025-09-07T09:07:58Z</time>
   </trkpt>
   <trkpt lat="49.8003260" lon="20.0385890">
    <ele>722.0</ele>
    <time>2025-09-07T09:07:59Z</time>
   </trkpt>
   <trkpt lat="49.8003360" lon="20.0385320">
    <ele>721.6</ele>
    <time>2025-09-07T09:08:00Z</time>
   </trkpt>
   <trkpt lat="49.8003390" lon="20.0384800">
    <ele>721.2</ele>
    <time>2025-09-07T09:08:01Z</time>
   </trkpt>
   <trkpt lat="49.8003150" lon="20.0383740">
    <ele>720.4</ele>
    <time>2025-09-07T09:08:03Z</time>
   </trkpt>
   <trkpt lat="49.8002940" lon="20.0383060">
    <ele>719.6</ele>
    <time>2025-09-07T09:08:04Z</time>
   </trkpt>
   <trkpt lat="49.8002700" lon="20.0382300">
    <ele>719.4</ele>
    <time>2025-09-07T09:08:05Z</time>
   </trkpt>
   <trkpt lat="49.8002490" lon="20.0381540">
    <ele>718.8</ele>
    <time>2025-09-07T09:08:06Z</time>
   </trkpt>
   <trkpt lat="49.8002190" lon="20.0380640">
    <ele>718.0</ele>
    <time>2025-09-07T09:08:07Z</time>
   </trkpt>
   <trkpt lat="49.8001830" lon="20.0379680">
    <ele>717.0</ele>
    <time>2025-09-07T09:08:08Z</time>
   </trkpt>
   <trkpt lat="49.8001450" lon="20.0378670">
    <ele>716.0</ele>
    <time>2025-09-07T09:08:09Z</time>
   </trkpt>
   <trkpt lat="49.8001100" lon="20.0377670">
    <ele>715.2</ele>
    <time>2025-09-07T09:08:10Z</time>
   </trkpt>
   <trkpt lat="49.8000820" lon="20.0376590">
    <ele>714.2</ele>
    <time>2025-09-07T09:08:11Z</time>
   </trkpt>
   <trkpt lat="49.8000590" lon="20.0375600">
    <ele>713.0</ele>
    <time>2025-09-07T09:08:12Z</time>
   </trkpt>
   <trkpt lat="49.8000410" lon="20.0374590">
    <ele>712.4</ele>
    <time>2025-09-07T09:08:13Z</time>
   </trkpt>
   <trkpt lat="49.8000200" lon="20.0373730">
    <ele>711.0</ele>
    <time>2025-09-07T09:08:14Z</time>
   </trkpt>
   <trkpt lat="49.8000030" lon="20.0372930">
    <ele>709.4</ele>
    <time>2025-09-07T09:08:15Z</time>
   </trkpt>
   <trkpt lat="49.7999810" lon="20.0372270">
    <ele>708.0</ele>
    <time>2025-09-07T09:08:16Z</time>
   </trkpt>
   <trkpt lat="49.7999490" lon="20.0371710">
    <ele>706.4</ele>
    <time>2025-09-07T09:08:17Z</time>
   </trkpt>
   <trkpt lat="49.7999300" lon="20.0371140">
    <ele>705.4</ele>
    <time>2025-09-07T09:08:18Z</time>
   </trkpt>
   <trkpt lat="49.7999200" lon="20.0370600">
    <ele>704.2</ele>
    <time>2025-09-07T09:08:19Z</time>
   </trkpt>
   <trkpt lat="49.7999060" lon="20.0370060">
    <ele>703.6</ele>
    <time>2025-09-07T09:08:20Z</time>
   </trkpt>
   <trkpt lat="49.7998860" lon="20.0369490">
    <ele>703.0</ele>
    <time>2025-09-07T09:08:21Z</time>
   </trkpt>
   <trkpt lat="49.7998720" lon="20.0368980">
    <ele>702.0</ele>
    <time>2025-09-07T09:08:22Z</time>
   </trkpt>
   <trkpt lat="49.7998620" lon="20.0368590">
    <ele>701.8</ele>
    <time>2025-09-07T09:08:23Z</time>
   </trkpt>
   <trkpt lat="49.7998520" lon="20.0368160">
    <ele>701.2</ele>
    <time>2025-09-07T09:08:24Z</time>
   </trkpt>
   <trkpt lat="49.7998350" lon="20.0367690">
    <ele>700.8</ele>
    <time>2025-09-07T09:08:25Z</time>
   </trkpt>
   <trkpt lat="49.7998270" lon="20.0367270">
    <ele>700.2</ele>
    <time>2025-09-07T09:08:26Z</time>
   </trkpt>
   <trkpt lat="49.7998180" lon="20.0366890">
    <ele>699.6</ele>
    <time>2025-09-07T09:08:27Z</time>
   </trkpt>
   <trkpt lat="49.7997950" lon="20.0366500">
    <ele>699.4</ele>
    <time>2025-09-07T09:08:28Z</time>
   </trkpt>
   <trkpt lat="49.7997920" lon="20.0366410">
    <ele>699.2</ele>
    <time>2025-09-07T09:08:29Z</time>
   </trkpt>
   <trkpt lat="49.7997910" lon="20.0366390">
    <ele>699.2</ele>
    <time>2025-09-07T09:08:30Z</time>
   </trkpt>
   <trkpt lat="49.7997790" lon="20.0365900">
    <ele>699.0</ele>
    <time>2025-09-07T09:08:37Z</time>
   </trkpt>
   <trkpt lat="49.7997680" lon="20.0364370">
    <ele>697.8</ele>
    <time>2025-09-07T09:08:42Z</time>
   </trkpt>
   <trkpt lat="49.7997570" lon="20.0363860">
    <ele>697.4</ele>
    <time>2025-09-07T09:08:43Z</time>
   </trkpt>
   <trkpt lat="49.7997410" lon="20.0363370">
    <ele>697.0</ele>
    <time>2025-09-07T09:08:44Z</time>
   </trkpt>
   <trkpt lat="49.7997190" lon="20.0362870">
    <ele>696.6</ele>
    <time>2025-09-07T09:08:45Z</time>
   </trkpt>
   <trkpt lat="49.7996990" lon="20.0362310">
    <ele>696.2</ele>
    <time>2025-09-07T09:08:46Z</time>
   </trkpt>
   <trkpt lat="49.7996780" lon="20.0361670">
    <ele>695.8</ele>
    <time>2025-09-07T09:08:47Z</time>
   </trkpt>
   <trkpt lat="49.7996490" lon="20.0360930">
    <ele>694.6</ele>
    <time>2025-09-07T09:08:48Z</time>
   </trkpt>
   <trkpt lat="49.7995820" lon="20.0359300">
    <ele>693.8</ele>
    <time>2025-09-07T09:08:50Z</time>
   </trkpt>
   <trkpt lat="49.7995600" lon="20.0358440">
    <ele>692.4</ele>
    <time>2025-09-07T09:08:51Z</time>
   </trkpt>
   <trkpt lat="49.7995410" lon="20.0357550">
    <ele>691.0</ele>
    <time>2025-09-07T09:08:52Z</time>
   </trkpt>
   <trkpt lat="49.7995230" lon="20.0356580">
    <ele>689.8</ele>
    <time>2025-09-07T09:08:53Z</time>
   </trkpt>
   <trkpt lat="49.7994710" lon="20.0354380">
    <ele>687.4</ele>
    <time>2025-09-07T09:08:55Z</time>
   </trkpt>
   <trkpt lat="49.7994500" lon="20.0353330">
    <ele>686.2</ele>
    <time>2025-09-07T09:08:56Z</time>
   </trkpt>
   <trkpt lat="49.7994260" lon="20.0352350">
    <ele>685.0</ele>
    <time>2025-09-07T09:08:57Z</time>
   </trkpt>
   <trkpt lat="49.7993980" lon="20.0351550">
    <ele>684.2</ele>
    <time>2025-09-07T09:08:58Z</time>
   </trkpt>
   <trkpt lat="49.7993650" lon="20.0350860">
    <ele>683.6</ele>
    <time>2025-09-07T09:08:59Z</time>
   </trkpt>
   <trkpt lat="49.7993350" lon="20.0350230">
    <ele>683.0</ele>
    <time>2025-09-07T09:09:00Z</time>
   </trkpt>
   <trkpt lat="49.7993100" lon="20.0349510">
    <ele>682.6</ele>
    <time>2025-09-07T09:09:01Z</time>
   </trkpt>
   <trkpt lat="49.7992820" lon="20.0348620">
    <ele>682.0</ele>
    <time>2025-09-07T09:09:02Z</time>
   </trkpt>
   <trkpt lat="49.7992530" lon="20.0347800">
    <ele>681.0</ele>
    <time>2025-09-07T09:09:03Z</time>
   </trkpt>
   <trkpt lat="49.7991680" lon="20.0346310">
    <ele>679.0</ele>
    <time>2025-09-07T09:09:05Z</time>
   </trkpt>
   <trkpt lat="49.7991230" lon="20.0345660">
    <ele>677.6</ele>
    <time>2025-09-07T09:09:06Z</time>
   </trkpt>
   <trkpt lat="49.7990700" lon="20.0344860">
    <ele>676.4</ele>
    <time>2025-09-07T09:09:07Z</time>
   </trkpt>
   <trkpt lat="49.7990250" lon="20.0343970">
    <ele>674.6</ele>
    <time>2025-09-07T09:09:08Z</time>
   </trkpt>
   <trkpt lat="49.7989930" lon="20.0343240">
    <ele>672.6</ele>
    <time>2025-09-07T09:09:09Z</time>
   </trkpt>
   <trkpt lat="49.7989580" lon="20.0342710">
    <ele>671.8</ele>
    <time>2025-09-07T09:09:10Z</time>
   </trkpt>
   <trkpt lat="49.7989140" lon="20.0342370">
    <ele>669.8</ele>
    <time>2025-09-07T09:09:11Z</time>
   </trkpt>
   <trkpt lat="49.7988660" lon="20.0342150">
    <ele>668.2</ele>
    <time>2025-09-07T09:09:12Z</time>
   </trkpt>
   <trkpt lat="49.7988240" lon="20.0341810">
    <ele>666.6</ele>
    <time>2025-09-07T09:09:13Z</time>
   </trkpt>
   <trkpt lat="49.7987820" lon="20.0341370">
    <ele>666.2</ele>
    <time>2025-09-07T09:09:14Z</time>
   </trkpt>
   <trkpt lat="49.7987450" lon="20.0340810">
    <ele>665.2</ele>
    <time>2025-09-07T09:09:15Z</time>
   </trkpt>
   <trkpt lat="49.7987160" lon="20.0340100">
    <ele>663.4</ele>
    <time>2025-09-07T09:09:16Z</time>
   </trkpt>
   <trkpt lat="49.7986920" lon="20.0339370">
    <ele>662.2</ele>
    <time>2025-09-07T09:09:17Z</time>
   </trkpt>
   <trkpt lat="49.7986770" lon="20.0338550">
    <ele>660.0</ele>
    <time>2025-09-07T09:09:18Z</time>
   </trkpt>
   <trkpt lat="49.7986400" lon="20.0337600">
    <ele>658.6</ele>
    <time>2025-09-07T09:09:19Z</time>
   </trkpt>
   <trkpt lat="49.7986150" lon="20.0336660">
    <ele>657.8</ele>
    <time>2025-09-07T09:09:20Z</time>
   </trkpt>
   <trkpt lat="49.7986030" lon="20.0335860">
    <ele>656.2</ele>
    <time>2025-09-07T09:09:21Z</time>
   </trkpt>
   <trkpt lat="49.7985990" lon="20.0335230">
    <ele>653.8</ele>
    <time>2025-09-07T09:09:22Z</time>
   </trkpt>
   <trkpt lat="49.7986020" lon="20.0334570">
    <ele>652.6</ele>
    <time>2025-09-07T09:09:23Z</time>
   </trkpt>
   <trkpt lat="49.7985920" lon="20.0333960">
    <ele>651.4</ele>
    <time>2025-09-07T09:09:24Z</time>
   </trkpt>
   <trkpt lat="49.7985800" lon="20.0333490">
    <ele>650.2</ele>
    <time>2025-09-07T09:09:25Z</time>
   </trkpt>
   <trkpt lat="49.7985680" lon="20.0333120">
    <ele>649.4</ele>
    <time>2025-09-07T09:09:26Z</time>
   </trkpt>
   <trkpt lat="49.7985530" lon="20.0332780">
    <ele>648.2</ele>
    <time>2025-09-07T09:09:27Z</time>
   </trkpt>
   <trkpt lat="49.7985430" lon="20.0332480">
    <ele>647.0</ele>
    <time>2025-09-07T09:09:28Z</time>
   </trkpt>
   <trkpt lat="49.7985280" lon="20.0331840">
    <ele>646.0</ele>
    <time>2025-09-07T09:09:30Z</time>
   </trkpt>
   <trkpt lat="49.7985210" lon="20.0331510">
    <ele>645.0</ele>
    <time>2025-09-07T09:09:31Z</time>
   </trkpt>
   <trkpt lat="49.7985120" lon="20.0331260">
    <ele>644.4</ele>
    <time>2025-09-07T09:09:32Z</time>
   </trkpt>
   <trkpt lat="49.7985060" lon="20.0330680">
    <ele>643.4</ele>
    <time>2025-09-07T09:09:34Z</time>
   </trkpt>
   <trkpt lat="49.7985130" lon="20.0330440">
    <ele>643.2</ele>
    <time>2025-09-07T09:09:35Z</time>
   </trkpt>
   <trkpt lat="49.7985200" lon="20.0330240">
    <ele>643.0</ele>
    <time>2025-09-07T09:09:36Z</time>
   </trkpt>
   <trkpt lat="49.7985260" lon="20.0330050">
    <ele>642.6</ele>
    <time>2025-09-07T09:09:37Z</time>
   </trkpt>
   <trkpt lat="49.7985300" lon="20.0329970">
    <ele>642.2</ele>
    <time>2025-09-07T09:09:38Z</time>
   </trkpt>
   <trkpt lat="49.7985300" lon="20.0329970">
    <ele>641.6</ele>
    <time>2025-09-07T09:09:39Z</time>
   </trkpt>
   <trkpt lat="49.7985310" lon="20.0329920">
    <ele>641.4</ele>
    <time>2025-09-07T09:09:40Z</time>
   </trkpt>
   <trkpt lat="49.7985490" lon="20.0329530">
    <ele>641.2</ele>
    <time>2025-09-07T09:09:42Z</time>
   </trkpt>
   <trkpt lat="49.7985420" lon="20.0328610">
    <ele>639.8</ele>
    <time>2025-09-07T09:09:45Z</time>
   </trkpt>
   <trkpt lat="49.7985300" lon="20.0328210">
    <ele>639.0</ele>
    <time>2025-09-07T09:09:46Z</time>
   </trkpt>
   <trkpt lat="49.7985080" lon="20.0327770">
    <ele>638.2</ele>
    <time>2025-09-07T09:09:47Z</time>
   </trkpt>
   <trkpt lat="49.7984920" lon="20.0327280">
    <ele>637.0</ele>
    <time>2025-09-07T09:09:48Z</time>
   </trkpt>
   <trkpt lat="49.7984880" lon="20.0326780">
    <ele>635.0</ele>
    <time>2025-09-07T09:09:49Z</time>
   </trkpt>
   <trkpt lat="49.7984920" lon="20.0326310">
    <ele>632.8</ele>
    <time>2025-09-07T09:09:50Z</time>
   </trkpt>
   <trkpt lat="49.7985070" lon="20.0325930">
    <ele>631.2</ele>
    <time>2025-09-07T09:09:51Z</time>
   </trkpt>
   <trkpt lat="49.7985280" lon="20.0325640">
    <ele>629.8</ele>
    <time>2025-09-07T09:09:52Z</time>
   </trkpt>
   <trkpt lat="49.7985440" lon="20.0325350">
    <ele>628.8</ele>
    <time>2025-09-07T09:09:53Z</time>
   </trkpt>
   <trkpt lat="49.7985600" lon="20.0325100">
    <ele>628.6</ele>
    <time>2025-09-07T09:09:54Z</time>
   </trkpt>
   <trkpt lat="49.7985750" lon="20.0324810">
    <ele>627.8</ele>
    <time>2025-09-07T09:09:55Z</time>
   </trkpt>
   <trkpt lat="49.7985810" lon="20.0324330">
    <ele>627.8</ele>
    <time>2025-09-07T09:09:56Z</time>
   </trkpt>
   <trkpt lat="49.7985860" lon="20.0323690">
    <ele>627.2</ele>
    <time>2025-09-07T09:09:57Z</time>
   </trkpt>
   <trkpt lat="49.7986040" lon="20.0322950">
    <ele>626.6</ele>
    <time>2025-09-07T09:09:58Z</time>
   </trkpt>
   <trkpt lat="49.7986310" lon="20.0322210">
    <ele>625.2</ele>
    <time>2025-09-07T09:09:59Z</time>
   </trkpt>
   <trkpt lat="49.7986530" lon="20.0321520">
    <ele>623.4</ele>
    <time>2025-09-07T09:10:00Z</time>
   </trkpt>
   <trkpt lat="49.7986680" lon="20.0321010">
    <ele>623.0</ele>
    <time>2025-09-07T09:10:01Z</time>
   </trkpt>
   <trkpt lat="49.7986750" lon="20.0320700">
    <ele>622.8</ele>
    <time>2025-09-07T09:10:02Z</time>
   </trkpt>
   <trkpt lat="49.7986790" lon="20.0320490">
    <ele>622.8</ele>
    <time>2025-09-07T09:10:03Z</time>
   </trkpt>
   <trkpt lat="49.7986840" lon="20.0320320">
    <ele>622.6</ele>
    <time>2025-09-07T09:10:04Z</time>
   </trkpt>
   <trkpt lat="49.7986900" lon="20.0320180">
    <ele>622.6</ele>
    <time>2025-09-07T09:10:05Z</time>
   </trkpt>
   <trkpt lat="49.7986910" lon="20.0319930">
    <ele>622.6</ele>
    <time>2025-09-07T09:10:07Z</time>
   </trkpt>
   <trkpt lat="49.7986950" lon="20.0319710">
    <ele>622.4</ele>
    <time>2025-09-07T09:10:08Z</time>
   </trkpt>
   <trkpt lat="49.7987090" lon="20.0319180">
    <ele>622.4</ele>
    <time>2025-09-07T09:10:10Z</time>
   </trkpt>
   <trkpt lat="49.7987250" lon="20.0317220">
    <ele>621.4</ele>
    <time>2025-09-07T09:10:14Z</time>
   </trkpt>
   <trkpt lat="49.7987460" lon="20.0316580">
    <ele>621.2</ele>
    <time>2025-09-07T09:10:15Z</time>
   </trkpt>
   <trkpt lat="49.7987740" lon="20.0316140">
    <ele>620.2</ele>
    <time>2025-09-07T09:10:16Z</time>
   </trkpt>
   <trkpt lat="49.7988180" lon="20.0315730">
    <ele>618.8</ele>
    <time>2025-09-07T09:10:17Z</time>
   </trkpt>
   <trkpt lat="49.7988450" lon="20.0315380">
    <ele>618.2</ele>
    <time>2025-09-07T09:10:18Z</time>
   </trkpt>
   <trkpt lat="49.7988540" lon="20.0314740">
    <ele>616.8</ele>
    <time>2025-09-07T09:10:19Z</time>
   </trkpt>
   <trkpt lat="49.7988690" lon="20.0313810">
    <ele>615.6</ele>
    <time>2025-09-07T09:10:20Z</time>
   </trkpt>
   <trkpt lat="49.7989080" lon="20.0312830">
    <ele>612.8</ele>
    <time>2025-09-07T09:10:21Z</time>
   </trkpt>
   <trkpt lat="49.7989360" lon="20.0311770">
    <ele>611.8</ele>
    <time>2025-09-07T09:10:22Z</time>
   </trkpt>
   <trkpt lat="49.7989780" lon="20.0310710">
    <ele>611.0</ele>
    <time>2025-09-07T09:10:23Z</time>
   </trkpt>
   <trkpt lat="49.7990100" lon="20.0309330">
    <ele>610.0</ele>
    <time>2025-09-07T09:10:24Z</time>
   </trkpt>
   <trkpt lat="49.7990520" lon="20.0308180">
    <ele>608.8</ele>
    <time>2025-09-07T09:10:25Z</time>
   </trkpt>
   <trkpt lat="49.7990640" lon="20.0307430">
    <ele>607.8</ele>
    <time>2025-09-07T09:10:26Z</time>
   </trkpt>
   <trkpt lat="49.7990650" lon="20.0306760">
    <ele>605.6</ele>
    <time>2025-09-07T09:10:27Z</time>
   </trkpt>
   <trkpt lat="49.7990540" lon="20.0306140">
    <ele>604.4</ele>
    <time>2025-09-07T09:10:28Z</time>
   </trkpt>
   <trkpt lat="49.7990330" lon="20.0305380">
    <ele>603.0</ele>
    <time>2025-09-07T09:10:29Z</time>
   </trkpt>
   <trkpt lat="49.7990200" lon="20.0304460">
    <ele>601.4</ele>
    <time>2025-09-07T09:10:30Z</time>
   </trkpt>
   <trkpt lat="49.7990120" lon="20.0302510">
    <ele>599.4</ele>
    <time>2025-09-07T09:10:32Z</time>
   </trkpt>
   <trkpt lat="49.7990050" lon="20.0301630">
    <ele>598.6</ele>
    <time>2025-09-07T09:10:33Z</time>
   </trkpt>
   <trkpt lat="49.7989790" lon="20.0300810">
    <ele>596.4</ele>
    <time>2025-09-07T09:10:34Z</time>
   </trkpt>
   <trkpt lat="49.7989480" lon="20.0300080">
    <ele>595.2</ele>
    <time>2025-09-07T09:10:35Z</time>
   </trkpt>
   <trkpt lat="49.7989130" lon="20.0299190">
    <ele>592.0</ele>
    <time>2025-09-07T09:10:36Z</time>
   </trkpt>
   <trkpt lat="49.7988860" lon="20.0298160">
    <ele>590.8</ele>
    <time>2025-09-07T09:10:37Z</time>
   </trkpt>
   <trkpt lat="49.7988320" lon="20.0295690">
    <ele>589.4</ele>
    <time>2025-09-07T09:10:39Z</time>
   </trkpt>
   <trkpt lat="49.7988190" lon="20.0294370">
    <ele>588.4</ele>
    <time>2025-09-07T09:10:40Z</time>
   </trkpt>
   <trkpt lat="49.7987850" lon="20.0293160">
    <ele>587.0</ele>
    <time>2025-09-07T09:10:41Z</time>
   </trkpt>
   <trkpt lat="49.7987580" lon="20.0292140">
    <ele>585.2</ele>
    <time>2025-09-07T09:10:42Z</time>
   </trkpt>
   <trkpt lat="49.7987390" lon="20.0291210">
    <ele>583.6</ele>
    <time>2025-09-07T09:10:43Z</time>
   </trkpt>
   <trkpt lat="49.7987220" lon="20.0290220">
    <ele>582.6</ele>
    <time>2025-09-07T09:10:44Z</time>
   </trkpt>
   <trkpt lat="49.7986950" lon="20.0289130">
    <ele>581.2</ele>
    <time>2025-09-07T09:10:45Z</time>
   </trkpt>
   <trkpt lat="49.7986760" lon="20.0288060">
    <ele>580.6</ele>
    <time>2025-09-07T09:10:46Z</time>
   </trkpt>
   <trkpt lat="49.7986480" lon="20.0286850">
    <ele>578.6</ele>
    <time>2025-09-07T09:10:47Z</time>
   </trkpt>
   <trkpt lat="49.7986170" lon="20.0285550">
    <ele>576.6</ele>
    <time>2025-09-07T09:10:48Z</time>
   </trkpt>
   <trkpt lat="49.7985880" lon="20.0284240">
    <ele>572.4</ele>
    <time>2025-09-07T09:10:49Z</time>
   </trkpt>
   <trkpt lat="49.7985770" lon="20.0282940">
    <ele>571.8</ele>
    <time>2025-09-07T09:10:50Z</time>
   </trkpt>
   <trkpt lat="49.7985700" lon="20.0281450">
    <ele>570.8</ele>
    <time>2025-09-07T09:10:51Z</time>
   </trkpt>
   <trkpt lat="49.7985310" lon="20.0278440">
    <ele>569.6</ele>
    <time>2025-09-07T09:10:53Z</time>
   </trkpt>
   <trkpt lat="49.7985080" lon="20.0276890">
    <ele>568.4</ele>
    <time>2025-09-07T09:10:54Z</time>
   </trkpt>
   <trkpt lat="49.7984430" lon="20.0273620">
    <ele>567.6</ele>
    <time>2025-09-07T09:10:56Z</time>
   </trkpt>
   <trkpt lat="49.7984170" lon="20.0272240">
    <ele>567.6</ele>
    <time>2025-09-07T09:10:57Z</time>
   </trkpt>
   <trkpt lat="49.7984100" lon="20.0271010">
    <ele>567.0</ele>
    <time>2025-09-07T09:10:58Z</time>
   </trkpt>
   <trkpt lat="49.7983930" lon="20.0269800">
    <ele>566.6</ele>
    <time>2025-09-07T09:10:59Z</time>
   </trkpt>
   <trkpt lat="49.7983730" lon="20.0268640">
    <ele>566.2</ele>
    <time>2025-09-07T09:11:00Z</time>
   </trkpt>
   <trkpt lat="49.7983560" lon="20.0267430">
    <ele>565.4</ele>
    <time>2025-09-07T09:11:01Z</time>
   </trkpt>
   <trkpt lat="49.7983480" lon="20.0266330">
    <ele>565.2</ele>
    <time>2025-09-07T09:11:02Z</time>
   </trkpt>
   <trkpt lat="49.7983460" lon="20.0265250">
    <ele>562.8</ele>
    <time>2025-09-07T09:11:03Z</time>
   </trkpt>
   <trkpt lat="49.7983460" lon="20.0264270">
    <ele>561.4</ele>
    <time>2025-09-07T09:11:04Z</time>
   </trkpt>
   <trkpt lat="49.7983420" lon="20.0263370">
    <ele>560.4</ele>
    <time>2025-09-07T09:11:05Z</time>
   </trkpt>
   <trkpt lat="49.7983340" lon="20.0262460">
    <ele>560.4</ele>
    <time>2025-09-07T09:11:06Z</time>
   </trkpt>
   <trkpt lat="49.7983340" lon="20.0261590">
    <ele>560.2</ele>
    <time>2025-09-07T09:11:07Z</time>
   </trkpt>
   <trkpt lat="49.7983420" lon="20.0260760">
    <ele>560.0</ele>
    <time>2025-09-07T09:11:08Z</time>
   </trkpt>
   <trkpt lat="49.7983900" lon="20.0257770">
    <ele>558.2</ele>
    <time>2025-09-07T09:11:11Z</time>
   </trkpt>
   <trkpt lat="49.7983990" lon="20.0256790">
    <ele>556.0</ele>
    <time>2025-09-07T09:11:12Z</time>
   </trkpt>
   <trkpt lat="49.7983980" lon="20.0255780">
    <ele>554.2</ele>
    <time>2025-09-07T09:11:13Z</time>
   </trkpt>
   <trkpt lat="49.7983880" lon="20.0254640">
    <ele>552.2</ele>
    <time>2025-09-07T09:11:14Z</time>
   </trkpt>
   <trkpt lat="49.7983780" lon="20.0253510">
    <ele>550.2</ele>
    <time>2025-09-07T09:11:15Z</time>
   </trkpt>
   <trkpt lat="49.7983800" lon="20.0252340">
    <ele>548.6</ele>
    <time>2025-09-07T09:11:16Z</time>
   </trkpt>
   <trkpt lat="49.7983870" lon="20.0251150">
    <ele>547.0</ele>
    <time>2025-09-07T09:11:17Z</time>
   </trkpt>
   <trkpt lat="49.7984080" lon="20.0249980">
    <ele>544.2</ele>
    <time>2025-09-07T09:11:18Z</time>
   </trkpt>
   <trkpt lat="49.7984270" lon="20.0248700">
    <ele>543.2</ele>
    <time>2025-09-07T09:11:19Z</time>
   </trkpt>
   <trkpt lat="49.7984480" lon="20.0247370">
    <ele>542.2</ele>
    <time>2025-09-07T09:11:20Z</time>
   </trkpt>
   <trkpt lat="49.7984690" lon="20.0245920">
    <ele>540.4</ele>
    <time>2025-09-07T09:11:21Z</time>
   </trkpt>
   <trkpt lat="49.7984860" lon="20.0244650">
    <ele>538.2</ele>
    <time>2025-09-07T09:11:22Z</time>
   </trkpt>
   <trkpt lat="49.7984930" lon="20.0243510">
    <ele>537.2</ele>
    <time>2025-09-07T09:11:23Z</time>
   </trkpt>
   <trkpt lat="49.7984910" lon="20.0242340">
    <ele>536.0</ele>
    <time>2025-09-07T09:11:24Z</time>
   </trkpt>
   <trkpt lat="49.7984850" lon="20.0241150">
    <ele>535.2</ele>
    <time>2025-09-07T09:11:25Z</time>
   </trkpt>
   <trkpt lat="49.7984800" lon="20.0239960">
    <ele>535.0</ele>
    <time>2025-09-07T09:11:26Z</time>
   </trkpt>
   <trkpt lat="49.7984790" lon="20.0238710">
    <ele>534.2</ele>
    <time>2025-09-07T09:11:27Z</time>
   </trkpt>
   <trkpt lat="49.7984920" lon="20.0237160">
    <ele>532.0</ele>
    <time>2025-09-07T09:11:28Z</time>
   </trkpt>
   <trkpt lat="49.7985180" lon="20.0235620">
    <ele>530.6</ele>
    <time>2025-09-07T09:11:29Z</time>
   </trkpt>
   <trkpt lat="49.7985370" lon="20.0234110">
    <ele>528.6</ele>
    <time>2025-09-07T09:11:30Z</time>
   </trkpt>
   <trkpt lat="49.7985420" lon="20.0232880">
    <ele>528.0</ele>
    <time>2025-09-07T09:11:31Z</time>
   </trkpt>
   <trkpt lat="49.7985420" lon="20.0231700">
    <ele>526.2</ele>
    <time>2025-09-07T09:11:32Z</time>
   </trkpt>
   <trkpt lat="49.7985410" lon="20.0230580">
    <ele>525.2</ele>
    <time>2025-09-07T09:11:33Z</time>
   </trkpt>
   <trkpt lat="49.7985450" lon="20.0229690">
    <ele>523.8</ele>
    <time>2025-09-07T09:11:34Z</time>
   </trkpt>
   <trkpt lat="49.7985400" lon="20.0228670">
    <ele>522.2</ele>
    <time>2025-09-07T09:11:35Z</time>
   </trkpt>
   <trkpt lat="49.7985210" lon="20.0227560">
    <ele>520.4</ele>
    <time>2025-09-07T09:11:36Z</time>
   </trkpt>
   <trkpt lat="49.7984900" lon="20.0226400">
    <ele>519.0</ele>
    <time>2025-09-07T09:11:37Z</time>
   </trkpt>
   <trkpt lat="49.7984520" lon="20.0225000">
    <ele>515.6</ele>
    <time>2025-09-07T09:11:38Z</time>
   </trkpt>
   <trkpt lat="49.7984130" lon="20.0223650">
    <ele>514.6</ele>
    <time>2025-09-07T09:11:39Z</time>
   </trkpt>
   <trkpt lat="49.7983760" lon="20.0222300">
    <ele>513.4</ele>
    <time>2025-09-07T09:11:40Z</time>
   </trkpt>
   <trkpt lat="49.7983600" lon="20.0221170">
    <ele>511.8</ele>
    <time>2025-09-07T09:11:41Z</time>
   </trkpt>
   <trkpt lat="49.7983690" lon="20.0220350">
    <ele>509.6</ele>
    <time>2025-09-07T09:11:42Z</time>
   </trkpt>
   <trkpt lat="49.7983970" lon="20.0219690">
    <ele>508.6</ele>
    <time>2025-09-07T09:11:43Z</time>
   </trkpt>
   <trkpt lat="49.7984610" lon="20.0219130">
    <ele>508.0</ele>
    <time>2025-09-07T09:11:44Z</time>
   </trkpt>
   <trkpt lat="49.7985250" lon="20.0218940">
    <ele>506.4</ele>
    <time>2025-09-07T09:11:45Z</time>
   </trkpt>
   <trkpt lat="49.7985830" lon="20.0218980">
    <ele>504.0</ele>
    <time>2025-09-07T09:11:46Z</time>
   </trkpt>
   <trkpt lat="49.7986480" lon="20.0219160">
    <ele>503.0</ele>
    <time>2025-09-07T09:11:47Z</time>
   </trkpt>
   <trkpt lat="49.7987190" lon="20.0219470">
    <ele>501.6</ele>
    <time>2025-09-07T09:11:48Z</time>
   </trkpt>
   <trkpt lat="49.7987950" lon="20.0219750">
    <ele>500.8</ele>
    <time>2025-09-07T09:11:49Z</time>
   </trkpt>
   <trkpt lat="49.7988770" lon="20.0220020">
    <ele>499.6</ele>
    <time>2025-09-07T09:11:50Z</time>
   </trkpt>
   <trkpt lat="49.7990470" lon="20.0220420">
    <ele>494.6</ele>
    <time>2025-09-07T09:11:52Z</time>
   </trkpt>
   <trkpt lat="49.7991300" lon="20.0220690">
    <ele>493.8</ele>
    <time>2025-09-07T09:11:53Z</time>
   </trkpt>
   <trkpt lat="49.7992080" lon="20.0221070">
    <ele>493.4</ele>
    <time>2025-09-07T09:11:54Z</time>
   </trkpt>
   <trkpt lat="49.7992750" lon="20.0221630">
    <ele>493.0</ele>
    <time>2025-09-07T09:11:55Z</time>
   </trkpt>
   <trkpt lat="49.7993390" lon="20.0222240">
    <ele>492.4</ele>
    <time>2025-09-07T09:11:56Z</time>
   </trkpt>
   <trkpt lat="49.7994060" lon="20.0222740">
    <ele>492.2</ele>
    <time>2025-09-07T09:11:57Z</time>
   </trkpt>
   <trkpt lat="49.7994670" lon="20.0223210">
    <ele>491.6</ele>
    <time>2025-09-07T09:11:58Z</time>
   </trkpt>
   <trkpt lat="49.7995260" lon="20.0223700">
    <ele>488.4</ele>
    <time>2025-09-07T09:11:59Z</time>
   </trkpt>
   <trkpt lat="49.7995860" lon="20.0224110">
    <ele>487.4</ele>
    <time>2025-09-07T09:12:00Z</time>
   </trkpt>
   <trkpt lat="49.7996500" lon="20.0224370">
    <ele>486.0</ele>
    <time>2025-09-07T09:12:01Z</time>
   </trkpt>
   <trkpt lat="49.7997070" lon="20.0224430">
    <ele>484.2</ele>
    <time>2025-09-07T09:12:02Z</time>
   </trkpt>
   <trkpt lat="49.7997650" lon="20.0224250">
    <ele>481.2</ele>
    <time>2025-09-07T09:12:03Z</time>
   </trkpt>
   <trkpt lat="49.7998300" lon="20.0223770">
    <ele>479.0</ele>
    <time>2025-09-07T09:12:04Z</time>
   </trkpt>
   <trkpt lat="49.7998920" lon="20.0222950">
    <ele>476.6</ele>
    <time>2025-09-07T09:12:05Z</time>
   </trkpt>
   <trkpt lat="49.7999380" lon="20.0222090">
    <ele>473.8</ele>
    <time>2025-09-07T09:12:06Z</time>
   </trkpt>
   <trkpt lat="49.7999790" lon="20.0221200">
    <ele>472.0</ele>
    <time>2025-09-07T09:12:07Z</time>
   </trkpt>
   <trkpt lat="49.8000150" lon="20.0220320">
    <ele>471.0</ele>
    <time>2025-09-07T09:12:08Z</time>
   </trkpt>
   <trkpt lat="49.8000450" lon="20.0219480">
    <ele>469.6</ele>
    <time>2025-09-07T09:12:09Z</time>
   </trkpt>
   <trkpt lat="49.8000700" lon="20.0218630">
    <ele>468.4</ele>
    <time>2025-09-07T09:12:10Z</time>
   </trkpt>
   <trkpt lat="49.8000960" lon="20.0217840">
    <ele>467.0</ele>
    <time>2025-09-07T09:12:11Z</time>
   </trkpt>
   <trkpt lat="49.8001200" lon="20.0217000">
    <ele>465.8</ele>
    <time>2025-09-07T09:12:12Z</time>
   </trkpt>
   <trkpt lat="49.8001470" lon="20.0215860">
    <ele>463.4</ele>
    <time>2025-09-07T09:12:13Z</time>
   </trkpt>
   <trkpt lat="49.8001780" lon="20.0214720">
    <ele>462.8</ele>
    <time>2025-09-07T09:12:14Z</time>
   </trkpt>
   <trkpt lat="49.8002030" lon="20.0213640">
    <ele>460.4</ele>
    <time>2025-09-07T09:12:15Z</time>
   </trkpt>
   <trkpt lat="49.8002160" lon="20.0212410">
    <ele>458.0</ele>
    <time>2025-09-07T09:12:16Z</time>
   </trkpt>
   <trkpt lat="49.8002440" lon="20.0209910">
    <ele>455.4</ele>
    <time>2025-09-07T09:12:18Z</time>
   </trkpt>
   <trkpt lat="49.8002500" lon="20.0208530">
    <ele>453.6</ele>
    <time>2025-09-07T09:12:19Z</time>
   </trkpt>
   <trkpt lat="49.8002450" lon="20.0207210">
    <ele>452.4</ele>
    <time>2025-09-07T09:12:20Z</time>
   </trkpt>
   <trkpt lat="49.8002250" lon="20.0205900">
    <ele>450.4</ele>
    <time>2025-09-07T09:12:21Z</time>
   </trkpt>
   <trkpt lat="49.8001940" lon="20.0204670">
    <ele>448.0</ele>
    <time>2025-09-07T09:12:22Z</time>
   </trkpt>
   <trkpt lat="49.8001510" lon="20.0203290">
    <ele>446.8</ele>
    <time>2025-09-07T09:12:23Z</time>
   </trkpt>
   <trkpt lat="49.8001180" lon="20.0201880">
    <ele>441.2</ele>
    <time>2025-09-07T09:12:24Z</time>
   </trkpt>
   <trkpt lat="49.8000830" lon="20.0200450">
    <ele>439.8</ele>
    <time>2025-09-07T09:12:25Z</time>
   </trkpt>
   <trkpt lat="49.8000470" lon="20.0199050">
    <ele>438.4</ele>
    <time>2025-09-07T09:12:26Z</time>
   </trkpt>
   <trkpt lat="49.8000180" lon="20.0197680">
    <ele>437.8</ele>
    <time>2025-09-07T09:12:27Z</time>
   </trkpt>
   <trkpt lat="49.8000010" lon="20.0196440">
    <ele>437.0</ele>
    <time>2025-09-07T09:12:28Z</time>
   </trkpt>
   <trkpt lat="49.8000040" lon="20.0195320">
    <ele>436.8</ele>
    <time>2025-09-07T09:12:29Z</time>
   </trkpt>
   <trkpt lat="49.8000150" lon="20.0194380">
    <ele>435.4</ele>
    <time>2025-09-07T09:12:30Z</time>
   </trkpt>
   <trkpt lat="49.8000240" lon="20.0193170">
    <ele>433.6</ele>
    <time>2025-09-07T09:12:31Z</time>
   </trkpt>
   <trkpt lat="49.8000310" lon="20.0191610">
    <ele>431.8</ele>
    <time>2025-09-07T09:12:32Z</time>
   </trkpt>
   <trkpt lat="49.8000320" lon="20.0190210">
    <ele>429.6</ele>
    <time>2025-09-07T09:12:33Z</time>
   </trkpt>
   <trkpt lat="49.8000370" lon="20.0188790">
    <ele>428.0</ele>
    <time>2025-09-07T09:12:34Z</time>
   </trkpt>
   <trkpt lat="49.8000500" lon="20.0187410">
    <ele>426.0</ele>
    <time>2025-09-07T09:12:35Z</time>
   </trkpt>
   <trkpt lat="49.8000680" lon="20.0186100">
    <ele>425.4</ele>
    <time>2025-09-07T09:12:36Z</time>
   </trkpt>
   <trkpt lat="49.8000880" lon="20.0184940">
    <ele>424.2</ele>
    <time>2025-09-07T09:12:37Z</time>
   </trkpt>
   <trkpt lat="49.8001040" lon="20.0184000">
    <ele>422.6</ele>
    <time>2025-09-07T09:12:38Z</time>
   </trkpt>
   <trkpt lat="49.8001140" lon="20.0183210">
    <ele>420.8</ele>
    <time>2025-09-07T09:12:39Z</time>
   </trkpt>
   <trkpt lat="49.8001200" lon="20.0182620">
    <ele>418.6</ele>
    <time>2025-09-07T09:12:40Z</time>
   </trkpt>
   <trkpt lat="49.8001210" lon="20.0182340">
    <ele>417.0</ele>
    <time>2025-09-07T09:12:41Z</time>
   </trkpt>
   <trkpt lat="49.8001220" lon="20.0182220">
    <ele>416.2</ele>
    <time>2025-09-07T09:12:42Z</time>
   </trkpt>
   <trkpt lat="49.8001210" lon="20.0182350">
    <ele>415.6</ele>
    <time>2025-09-07T09:12:43Z</time>
   </trkpt>
   <trkpt lat="49.8001210" lon="20.0182380">
    <ele>415.2</ele>
    <time>2025-09-07T09:12:44Z</time>
   </trkpt>
   <trkpt lat="49.8001200" lon="20.0182600">
    <ele>415.2</ele>
    <time>2025-09-07T09:12:51Z</time>
   </trkpt>
   <trkpt lat="49.8001200" lon="20.0182600">
    <ele>415.4</ele>
    <time>2025-09-07T09:13:01Z</time>
   </trkpt>
   <trkpt lat="49.8001200" lon="20.0182600">
    <ele>415.4</ele>
    <time>2025-09-07T09:13:03Z</time>
   </trkpt>
   <trkpt lat="49.8001190" lon="20.0182570">
    <ele>415.6</ele>
    <time>2025-09-07T09:13:10Z</time>
   </trkpt>
   <trkpt lat="49.8001190" lon="20.0182570">
    <ele>416.0</ele>
    <time>2025-09-07T09:13:19Z</time>
   </trkpt>
   <trkpt lat="49.8001190" lon="20.0182570">
    <ele>416.0</ele>
    <time>2025-09-07T09:13:21Z</time>
   </trkpt>
   <trkpt lat="49.8001190" lon="20.0182570">
    <ele>416.2</ele>
    <time>2025-09-07T09:13:26Z</time>
   </trkpt>
   <trkpt lat="49.8001190" lon="20.0182570">
    <ele>416.4</ele>
    <time>2025-09-07T09:13:31Z</time>
   </trkpt>
   <trkpt lat="49.8001220" lon="20.0182630">
    <ele>416.4</ele>
    <time>2025-09-07T09:13:34Z</time>
   </trkpt>
   <trkpt lat="49.8001080" lon="20.0181820">
    <ele>416.4</ele>
    <time>2025-09-07T09:13:39Z</time>
   </trkpt>
   <trkpt lat="49.8000990" lon="20.0181240">
    <ele>416.2</ele>
    <time>2025-09-07T09:13:40Z</time>
   </trkpt>
   <trkpt lat="49.8000740" lon="20.0179790">
    <ele>414.6</ele>
    <time>2025-09-07T09:13:42Z</time>
   </trkpt>
   <trkpt lat="49.8000580" lon="20.0178930">
    <ele>414.0</ele>
    <time>2025-09-07T09:13:43Z</time>
   </trkpt>
   <trkpt lat="49.8000410" lon="20.0177960">
    <ele>412.8</ele>
    <time>2025-09-07T09:13:44Z</time>
   </trkpt>
   <trkpt lat="49.8000030" lon="20.0175780">
    <ele>411.4</ele>
    <time>2025-09-07T09:13:46Z</time>
   </trkpt>
   <trkpt lat="49.7999840" lon="20.0174570">
    <ele>410.6</ele>
    <time>2025-09-07T09:13:47Z</time>
   </trkpt>
   <trkpt lat="49.7999640" lon="20.0173260">
    <ele>408.6</ele>
    <time>2025-09-07T09:13:48Z</time>
   </trkpt>
   <trkpt lat="49.7999470" lon="20.0171840">
    <ele>406.6</ele>
    <time>2025-09-07T09:13:49Z</time>
   </trkpt>
   <trkpt lat="49.7999340" lon="20.0170440">
    <ele>405.4</ele>
    <time>2025-09-07T09:13:50Z</time>
   </trkpt>
   <trkpt lat="49.7999240" lon="20.0169160">
    <ele>404.6</ele>
    <time>2025-09-07T09:13:51Z</time>
   </trkpt>
   <trkpt lat="49.7999170" lon="20.0168120">
    <ele>404.0</ele>
    <time>2025-09-07T09:13:52Z</time>
   </trkpt>
   <trkpt lat="49.7999110" lon="20.0167340">
    <ele>403.8</ele>
    <time>2025-09-07T09:13:53Z</time>
   </trkpt>
   <trkpt lat="49.7999050" lon="20.0166810">
    <ele>403.2</ele>
    <time>2025-09-07T09:13:54Z</time>
   </trkpt>
   <trkpt lat="49.7999020" lon="20.0166500">
    <ele>403.0</ele>
    <time>2025-09-07T09:13:55Z</time>
   </trkpt>
   <trkpt lat="49.7998990" lon="20.0166270">
    <ele>403.0</ele>
    <time>2025-09-07T09:13:56Z</time>
   </trkpt>
   <trkpt lat="49.7998970" lon="20.0166060">
    <ele>402.8</ele>
    <time>2025-09-07T09:13:57Z</time>
   </trkpt>
   <trkpt lat="49.7998830" lon="20.0165550">
    <ele>402.6</ele>
    <time>2025-09-07T09:13:59Z</time>
   </trkpt>
   <trkpt lat="49.7998180" lon="20.0165550">
    <ele>402.4</ele>
    <time>2025-09-07T09:14:02Z</time>
   </trkpt>
   <trkpt lat="49.7997960" lon="20.0165610">
    <ele>402.4</ele>
    <time>2025-09-07T09:14:03Z</time>
   </trkpt>
   <trkpt lat="49.7997470" lon="20.0165720">
    <ele>402.6</ele>
    <time>2025-09-07T09:14:05Z</time>
   </trkpt>
   <trkpt lat="49.7997260" lon="20.0165710">
    <ele>402.8</ele>
    <time>2025-09-07T09:14:06Z</time>
   </trkpt>
   <trkpt lat="49.7997050" lon="20.0165720">
    <ele>402.8</ele>
    <time>2025-09-07T09:14:07Z</time>
   </trkpt>
   <trkpt lat="49.7996630" lon="20.0165910">
    <ele>403.2</ele>
    <time>2025-09-07T09:14:09Z</time>
   </trkpt>
   <trkpt lat="49.7994720" lon="20.0166410">
    <ele>403.8</ele>
    <time>2025-09-07T09:14:17Z</time>
   </trkpt>
   <trkpt lat="49.7994480" lon="20.0166480">
    <ele>403.8</ele>
    <time>2025-09-07T09:14:18Z</time>
   </trkpt>
   <trkpt lat="49.7994240" lon="20.0166530">
    <ele>403.8</ele>
    <time>2025-09-07T09:14:19Z</time>
   </trkpt>
   <trkpt lat="49.7994020" lon="20.0166550">
    <ele>404.0</ele>
    <time>2025-09-07T09:14:20Z</time>
   </trkpt>
   <trkpt lat="49.7993800" lon="20.0166580">
    <ele>404.0</ele>
    <time>2025-09-07T09:14:21Z</time>
   </trkpt>
   <trkpt lat="49.7993500" lon="20.0166680">
    <ele>404.2</ele>
    <time>2025-09-07T09:14:23Z</time>
   </trkpt>
   <trkpt lat="49.7993400" lon="20.0166850">
    <ele>404.4</ele>
    <time>2025-09-07T09:14:24Z</time>
   </trkpt>
   <trkpt lat="49.7993310" lon="20.0167110">
    <ele>404.6</ele>
    <time>2025-09-07T09:14:25Z</time>
   </trkpt>
   <trkpt lat="49.7993120" lon="20.0167290">
    <ele>404.8</ele>
    <time>2025-09-07T09:14:26Z</time>
   </trkpt>
   <trkpt lat="49.7992900" lon="20.0167250">
    <ele>404.8</ele>
    <time>2025-09-07T09:14:27Z</time>
   </trkpt>
   <trkpt lat="49.7992700" lon="20.0167140">
    <ele>404.8</ele>
    <time>2025-09-07T09:14:28Z</time>
   </trkpt>
   <trkpt lat="49.7992300" lon="20.0167070">
    <ele>405.0</ele>
    <time>2025-09-07T09:14:30Z</time>
   </trkpt>
   <trkpt lat="49.7992060" lon="20.0167160">
    <ele>405.2</ele>
    <time>2025-09-07T09:14:31Z</time>
   </trkpt>
   <trkpt lat="49.7991570" lon="20.0167190">
    <ele>405.2</ele>
    <time>2025-09-07T09:14:33Z</time>
   </trkpt>
   <trkpt lat="49.7991330" lon="20.0167200">
    <ele>405.2</ele>
    <time>2025-09-07T09:14:34Z</time>
   </trkpt>
   <trkpt lat="49.7991120" lon="20.0167240">
    <ele>405.2</ele>
    <time>2025-09-07T09:14:35Z</time>
   </trkpt>
   <trkpt lat="49.7990900" lon="20.0167290">
    <ele>405.2</ele>
    <time>2025-09-07T09:14:36Z</time>
   </trkpt>
   <trkpt lat="49.7990690" lon="20.0167350">
    <ele>405.4</ele>
    <time>2025-09-07T09:14:37Z</time>
   </trkpt>
   <trkpt lat="49.7989990" lon="20.0167490">
    <ele>405.6</ele>
    <time>2025-09-07T09:14:40Z</time>
   </trkpt>
   <trkpt lat="49.7989780" lon="20.0167540">
    <ele>405.8</ele>
    <time>2025-09-07T09:14:41Z</time>
   </trkpt>
   <trkpt lat="49.7989560" lon="20.0167630">
    <ele>405.8</ele>
    <time>2025-09-07T09:14:42Z</time>
   </trkpt>
   <trkpt lat="49.7989120" lon="20.0167600">
    <ele>406.0</ele>
    <time>2025-09-07T09:14:44Z</time>
   </trkpt>
   <trkpt lat="49.7988920" lon="20.0167590">
    <ele>406.2</ele>
    <time>2025-09-07T09:14:45Z</time>
   </trkpt>
   <trkpt lat="49.7988480" lon="20.0167650">
    <ele>406.4</ele>
    <time>2025-09-07T09:14:47Z</time>
   </trkpt>
   <trkpt lat="49.7988260" lon="20.0167700">
    <ele>406.4</ele>
    <time>2025-09-07T09:14:48Z</time>
   </trkpt>
   <trkpt lat="49.7987580" lon="20.0167860">
    <ele>406.8</ele>
    <time>2025-09-07T09:14:51Z</time>
   </trkpt>
   <trkpt lat="49.7987360" lon="20.0167920">
    <ele>406.8</ele>
    <time>2025-09-07T09:14:52Z</time>
   </trkpt>
   <trkpt lat="49.7986700" lon="20.0168020">
    <ele>407.2</ele>
    <time>2025-09-07T09:14:55Z</time>
   </trkpt>
   <trkpt lat="49.7986240" lon="20.0168110">
    <ele>407.2</ele>
    <time>2025-09-07T09:14:57Z</time>
   </trkpt>
   <trkpt lat="49.7985780" lon="20.0168190">
    <ele>407.6</ele>
    <time>2025-09-07T09:14:59Z</time>
   </trkpt>
   <trkpt lat="49.7984590" lon="20.0168400">
    <ele>408.2</ele>
    <time>2025-09-07T09:15:05Z</time>
   </trkpt>
   <trkpt lat="49.7984150" lon="20.0168570">
    <ele>408.2</ele>
    <time>2025-09-07T09:15:06Z</time>
   </trkpt>
   <trkpt lat="49.7984050" lon="20.0168740">
    <ele>408.4</ele>
    <time>2025-09-07T09:15:07Z</time>
   </trkpt>
   <trkpt lat="49.7983890" lon="20.0168990">
    <ele>408.6</ele>
    <time>2025-09-07T09:15:08Z</time>
   </trkpt>
   <trkpt lat="49.7983700" lon="20.0169340">
    <ele>408.8</ele>
    <time>2025-09-07T09:15:09Z</time>
   </trkpt>
   <trkpt lat="49.7983460" lon="20.0169660">
    <ele>409.0</ele>
    <time>2025-09-07T09:15:10Z</time>
   </trkpt>
   <trkpt lat="49.7983130" lon="20.0169940">
    <ele>409.0</ele>
    <time>2025-09-07T09:15:11Z</time>
   </trkpt>
   <trkpt lat="49.7982750" lon="20.0170140">
    <ele>409.2</ele>
    <time>2025-09-07T09:15:12Z</time>
   </trkpt>
   <trkpt lat="49.7982430" lon="20.0170250">
    <ele>409.4</ele>
    <time>2025-09-07T09:15:13Z</time>
   </trkpt>
   <trkpt lat="49.7982150" lon="20.0170320">
    <ele>409.4</ele>
    <time>2025-09-07T09:15:14Z</time>
   </trkpt>
   <trkpt lat="49.7981860" lon="20.0170390">
    <ele>409.6</ele>
    <time>2025-09-07T09:15:15Z</time>
   </trkpt>
   <trkpt lat="49.7981560" lon="20.0170500">
    <ele>409.8</ele>
    <time>2025-09-07T09:15:16Z</time>
   </trkpt>
   <trkpt lat="49.7981250" lon="20.0170620">
    <ele>409.8</ele>
    <time>2025-09-07T09:15:17Z</time>
   </trkpt>
   <trkpt lat="49.7980940" lon="20.0170750">
    <ele>410.0</ele>
    <time>2025-09-07T09:15:18Z</time>
   </trkpt>
   <trkpt lat="49.7980650" lon="20.0170870">
    <ele>410.0</ele>
    <time>2025-09-07T09:15:19Z</time>
   </trkpt>
   <trkpt lat="49.7980360" lon="20.0170910">
    <ele>410.2</ele>
    <time>2025-09-07T09:15:20Z</time>
   </trkpt>
   <trkpt lat="49.7980060" lon="20.0170930">
    <ele>410.2</ele>
    <time>2025-09-07T09:15:21Z</time>
   </trkpt>
   <trkpt lat="49.7979790" lon="20.0170970">
    <ele>410.4</ele>
    <time>2025-09-07T09:15:22Z</time>
   </trkpt>
   <trkpt lat="49.7979500" lon="20.0170990">
    <ele>410.8</ele>
    <time>2025-09-07T09:15:23Z</time>
   </trkpt>
   <trkpt lat="49.7979190" lon="20.0170980">
    <ele>410.8</ele>
    <time>2025-09-07T09:15:24Z</time>
   </trkpt>
   <trkpt lat="49.7978940" lon="20.0170980">
    <ele>411.0</ele>
    <time>2025-09-07T09:15:25Z</time>
   </trkpt>
   <trkpt lat="49.7978740" lon="20.0171020">
    <ele>411.0</ele>
    <time>2025-09-07T09:15:26Z</time>
   </trkpt>
   <trkpt lat="49.7978600" lon="20.0171070">
    <ele>411.2</ele>
    <time>2025-09-07T09:15:27Z</time>
   </trkpt>
   <trkpt lat="49.7978560" lon="20.0171120">
    <ele>411.2</ele>
    <time>2025-09-07T09:15:28Z</time>
   </trkpt>
   <trkpt lat="49.7978560" lon="20.0171120">
    <ele>411.2</ele>
    <time>2025-09-07T09:15:29Z</time>
   </trkpt>
   <trkpt lat="49.7978560" lon="20.0171120">
    <ele>411.4</ele>
    <time>2025-09-07T09:15:30Z</time>
   </trkpt>
   <trkpt lat="49.7978560" lon="20.0171120">
    <ele>411.6</ele>
    <time>2025-09-07T09:22:13Z</time>
   </trkpt>
   <trkpt lat="49.7978560" lon="20.0171120">
    <ele>411.6</ele>
    <time>2025-09-07T09:22:14Z</time>
   </trkpt>
   <trkpt lat="49.7978560" lon="20.0171120">
    <ele>411.6</ele>
    <time>2025-09-07T09:22:15Z</time>
   </trkpt>
   <trkpt lat="49.7978560" lon="20.0171120">
    <ele>411.6</ele>
    <time>2025-09-07T09:22:16Z</time>
   </trkpt>
   <trkpt lat="49.7978420" lon="20.0171250">
    <ele>411.6</ele>
    <time>2025-09-07T09:22:17Z</time>
   </trkpt>
   <trkpt lat="49.7978420" lon="20.0171250">
    <ele>411.6</ele>
    <time>2025-09-07T09:22:18Z</time>
   </trkpt>
   <trkpt lat="49.7978610" lon="20.0170520">
    <ele>411.6</ele>
    <time>2025-09-07T09:22:19Z</time>
   </trkpt>
   <trkpt lat="49.7978990" lon="20.0169640">
    <ele>411.6</ele>
    <time>2025-09-07T09:22:20Z</time>
   </trkpt>
   <trkpt lat="49.7978730" lon="20.0170060">
    <ele>411.8</ele>
    <time>2025-09-07T09:22:21Z</time>
   </trkpt>
   <trkpt lat="49.7978350" lon="20.0169920">
    <ele>411.8</ele>
    <time>2025-09-07T09:22:22Z</time>
   </trkpt>
   <trkpt lat="49.7978050" lon="20.0169660">
    <ele>411.8</ele>
    <time>2025-09-07T09:22:23Z</time>
   </trkpt>
   <trkpt lat="49.7977690" lon="20.0169630">
    <ele>411.8</ele>
    <time>2025-09-07T09:22:24Z</time>
   </trkpt>
   <trkpt lat="49.7977320" lon="20.0169750">
    <ele>411.8</ele>
    <time>2025-09-07T09:22:25Z</time>
   </trkpt>
   <trkpt lat="49.7977050" lon="20.0169790">
    <ele>411.8</ele>
    <time>2025-09-07T09:22:26Z</time>
   </trkpt>
   <trkpt lat="49.7976660" lon="20.0169920">
    <ele>412.0</ele>
    <time>2025-09-07T09:22:27Z</time>
   </trkpt>
   <trkpt lat="49.7976410" lon="20.0170000">
    <ele>412.2</ele>
    <time>2025-09-07T09:22:28Z</time>
   </trkpt>
   <trkpt lat="49.7976120" lon="20.0170100">
    <ele>412.2</ele>
    <time>2025-09-07T09:22:29Z</time>
   </trkpt>
   <trkpt lat="49.7975820" lon="20.0170200">
    <ele>412.2</ele>
    <time>2025-09-07T09:22:30Z</time>
   </trkpt>
   <trkpt lat="49.7975560" lon="20.0170300">
    <ele>412.4</ele>
    <time>2025-09-07T09:22:31Z</time>
   </trkpt>
   <trkpt lat="49.7975340" lon="20.0170390">
    <ele>412.4</ele>
    <time>2025-09-07T09:22:32Z</time>
   </trkpt>
   <trkpt lat="49.7975060" lon="20.0170550">
    <ele>412.4</ele>
    <time>2025-09-07T09:22:33Z</time>
   </trkpt>
   <trkpt lat="49.7974750" lon="20.0170640">
    <ele>412.4</ele>
    <time>2025-09-07T09:22:34Z</time>
   </trkpt>
   <trkpt lat="49.7973570" lon="20.0170720">
    <ele>412.6</ele>
    <time>2025-09-07T09:22:38Z</time>
   </trkpt>
   <trkpt lat="49.7973170" lon="20.0170640">
    <ele>412.6</ele>
    <time>2025-09-07T09:22:39Z</time>
   </trkpt>
   <trkpt lat="49.7971840" lon="20.0170160">
    <ele>412.2</ele>
    <time>2025-09-07T09:22:43Z</time>
   </trkpt>
   <trkpt lat="49.7971060" lon="20.0169720">
    <ele>412.0</ele>
    <time>2025-09-07T09:22:45Z</time>
   </trkpt>
   <trkpt lat="49.7969510" lon="20.0168740">
    <ele>412.2</ele>
    <time>2025-09-07T09:22:49Z</time>
   </trkpt>
   <trkpt lat="49.7969140" lon="20.0168520">
    <ele>412.2</ele>
    <time>2025-09-07T09:22:50Z</time>
   </trkpt>
   <trkpt lat="49.7968780" lon="20.0168300">
    <ele>412.2</ele>
    <time>2025-09-07T09:22:51Z</time>
   </trkpt>
   <trkpt lat="49.7968430" lon="20.0168110">
    <ele>412.2</ele>
    <time>2025-09-07T09:22:52Z</time>
   </trkpt>
   <trkpt lat="49.7968090" lon="20.0167950">
    <ele>412.2</ele>
    <time>2025-09-07T09:22:53Z</time>
   </trkpt>
   <trkpt lat="49.7966400" lon="20.0167740">
    <ele>411.8</ele>
    <time>2025-09-07T09:22:57Z</time>
   </trkpt>
   <trkpt lat="49.7966050" lon="20.0167720">
    <ele>411.8</ele>
    <time>2025-09-07T09:22:58Z</time>
   </trkpt>
   <trkpt lat="49.7965690" lon="20.0167720">
    <ele>411.8</ele>
    <time>2025-09-07T09:22:59Z</time>
   </trkpt>
   <trkpt lat="49.7965310" lon="20.0167680">
    <ele>411.6</ele>
    <time>2025-09-07T09:23:00Z</time>
   </trkpt>
   <trkpt lat="49.7964570" lon="20.0167330">
    <ele>411.4</ele>
    <time>2025-09-07T09:23:02Z</time>
   </trkpt>
   <trkpt lat="49.7964250" lon="20.0166950">
    <ele>411.2</ele>
    <time>2025-09-07T09:23:03Z</time>
   </trkpt>
   <trkpt lat="49.7963940" lon="20.0166470">
    <ele>411.0</ele>
    <time>2025-09-07T09:23:04Z</time>
   </trkpt>
   <trkpt lat="49.7963660" lon="20.0165940">
    <ele>410.6</ele>
    <time>2025-09-07T09:23:05Z</time>
   </trkpt>
   <trkpt lat="49.7963430" lon="20.0165360">
    <ele>410.0</ele>
    <time>2025-09-07T09:23:06Z</time>
   </trkpt>
   <trkpt lat="49.7963250" lon="20.0164690">
    <ele>410.0</ele>
    <time>2025-09-07T09:23:07Z</time>
   </trkpt>
   <trkpt lat="49.7963090" lon="20.0164030">
    <ele>410.0</ele>
    <time>2025-09-07T09:23:08Z</time>
   </trkpt>
   <trkpt lat="49.7962760" lon="20.0162610">
    <ele>409.6</ele>
    <time>2025-09-07T09:23:10Z</time>
   </trkpt>
   <trkpt lat="49.7962460" lon="20.0160110">
    <ele>409.0</ele>
    <time>2025-09-07T09:23:13Z</time>
   </trkpt>
   <trkpt lat="49.7962430" lon="20.0157530">
    <ele>408.4</ele>
    <time>2025-09-07T09:23:16Z</time>
   </trkpt>
   <trkpt lat="49.7962430" lon="20.0156680">
    <ele>408.0</ele>
    <time>2025-09-07T09:23:17Z</time>
   </trkpt>
   <trkpt lat="49.7962420" lon="20.0155840">
    <ele>408.0</ele>
    <time>2025-09-07T09:23:18Z</time>
   </trkpt>
   <trkpt lat="49.7962380" lon="20.0155030">
    <ele>407.8</ele>
    <time>2025-09-07T09:23:19Z</time>
   </trkpt>
   <trkpt lat="49.7962270" lon="20.0154280">
    <ele>407.8</ele>
    <time>2025-09-07T09:23:20Z</time>
   </trkpt>
   <trkpt lat="49.7962110" lon="20.0153580">
    <ele>407.8</ele>
    <time>2025-09-07T09:23:21Z</time>
   </trkpt>
   <trkpt lat="49.7961950" lon="20.0152930">
    <ele>408.0</ele>
    <time>2025-09-07T09:23:22Z</time>
   </trkpt>
   <trkpt lat="49.7961770" lon="20.0152360">
    <ele>408.0</ele>
    <time>2025-09-07T09:23:23Z</time>
   </trkpt>
   <trkpt lat="49.7961590" lon="20.0151890">
    <ele>408.4</ele>
    <time>2025-09-07T09:23:24Z</time>
   </trkpt>
   <trkpt lat="49.7961420" lon="20.0151470">
    <ele>408.8</ele>
    <time>2025-09-07T09:23:25Z</time>
   </trkpt>
   <trkpt lat="49.7961240" lon="20.0151050">
    <ele>408.8</ele>
    <time>2025-09-07T09:23:26Z</time>
   </trkpt>
   <trkpt lat="49.7960730" lon="20.0150310">
    <ele>409.0</ele>
    <time>2025-09-07T09:23:28Z</time>
   </trkpt>
   <trkpt lat="49.7960470" lon="20.0150010">
    <ele>409.2</ele>
    <time>2025-09-07T09:23:29Z</time>
   </trkpt>
   <trkpt lat="49.7960260" lon="20.0149780">
    <ele>409.6</ele>
    <time>2025-09-07T09:23:30Z</time>
   </trkpt>
   <trkpt lat="49.7960070" lon="20.0149560">
    <ele>410.2</ele>
    <time>2025-09-07T09:23:31Z</time>
   </trkpt>
   <trkpt lat="49.7959900" lon="20.0149340">
    <ele>410.6</ele>
    <time>2025-09-07T09:23:32Z</time>
   </trkpt>
   <trkpt lat="49.7959750" lon="20.0149100">
    <ele>410.8</ele>
    <time>2025-09-07T09:23:33Z</time>
   </trkpt>
   <trkpt lat="49.7959210" lon="20.0148330">
    <ele>411.6</ele>
    <time>2025-09-07T09:23:36Z</time>
   </trkpt>
   <trkpt lat="49.7958980" lon="20.0148170">
    <ele>412.0</ele>
    <time>2025-09-07T09:23:37Z</time>
   </trkpt>
   <trkpt lat="49.7958440" lon="20.0147390">
    <ele>413.0</ele>
    <time>2025-09-07T09:23:40Z</time>
   </trkpt>
   <trkpt lat="49.7958300" lon="20.0147100">
    <ele>413.4</ele>
    <time>2025-09-07T09:23:41Z</time>
   </trkpt>
   <trkpt lat="49.7958150" lon="20.0146820">
    <ele>414.0</ele>
    <time>2025-09-07T09:23:42Z</time>
   </trkpt>
   <trkpt lat="49.7957990" lon="20.0146540">
    <ele>414.4</ele>
    <time>2025-09-07T09:23:43Z</time>
   </trkpt>
   <trkpt lat="49.7957850" lon="20.0146230">
    <ele>414.8</ele>
    <time>2025-09-07T09:23:44Z</time>
   </trkpt>
   <trkpt lat="49.7957710" lon="20.0145940">
    <ele>415.0</ele>
    <time>2025-09-07T09:23:45Z</time>
   </trkpt>
   <trkpt lat="49.7957570" lon="20.0145650">
    <ele>415.6</ele>
    <time>2025-09-07T09:23:46Z</time>
   </trkpt>
   <trkpt lat="49.7957420" lon="20.0145370">
    <ele>416.0</ele>
    <time>2025-09-07T09:23:47Z</time>
   </trkpt>
   <trkpt lat="49.7957260" lon="20.0145090">
    <ele>416.2</ele>
    <time>2025-09-07T09:23:48Z</time>
   </trkpt>
   <trkpt lat="49.7957120" lon="20.0144780">
    <ele>416.8</ele>
    <time>2025-09-07T09:23:49Z</time>
   </trkpt>
   <trkpt lat="49.7956980" lon="20.0144480">
    <ele>417.2</ele>
    <time>2025-09-07T09:23:50Z</time>
   </trkpt>
   <trkpt lat="49.7956890" lon="20.0144150">
    <ele>417.6</ele>
    <time>2025-09-07T09:23:51Z</time>
   </trkpt>
   <trkpt lat="49.7956830" lon="20.0143840">
    <ele>418.0</ele>
    <time>2025-09-07T09:23:52Z</time>
   </trkpt>
   <trkpt lat="49.7956750" lon="20.0143530">
    <ele>418.4</ele>
    <time>2025-09-07T09:23:53Z</time>
   </trkpt>
   <trkpt lat="49.7956670" lon="20.0143190">
    <ele>418.6</ele>
    <time>2025-09-07T09:23:54Z</time>
   </trkpt>
   <trkpt lat="49.7956570" lon="20.0142830">
    <ele>419.0</ele>
    <time>2025-09-07T09:23:55Z</time>
   </trkpt>
   <trkpt lat="49.7956520" lon="20.0142470">
    <ele>419.4</ele>
    <time>2025-09-07T09:23:56Z</time>
   </trkpt>
   <trkpt lat="49.7956470" lon="20.0142130">
    <ele>419.8</ele>
    <time>2025-09-07T09:23:57Z</time>
   </trkpt>
   <trkpt lat="49.7956420" lon="20.0141860">
    <ele>420.6</ele>
    <time>2025-09-07T09:23:58Z</time>
   </trkpt>
   <trkpt lat="49.7956370" lon="20.0141600">
    <ele>420.8</ele>
    <time>2025-09-07T09:23:59Z</time>
   </trkpt>
   <trkpt lat="49.7956330" lon="20.0141350">
    <ele>421.2</ele>
    <time>2025-09-07T09:24:00Z</time>
   </trkpt>
   <trkpt lat="49.7956310" lon="20.0141080">
    <ele>421.4</ele>
    <time>2025-09-07T09:24:01Z</time>
   </trkpt>
   <trkpt lat="49.7956290" lon="20.0140800">
    <ele>421.6</ele>
    <time>2025-09-07T09:24:02Z</time>
   </trkpt>
   <trkpt lat="49.7956270" lon="20.0140530">
    <ele>421.8</ele>
    <time>2025-09-07T09:24:03Z</time>
   </trkpt>
   <trkpt lat="49.7956280" lon="20.0140230">
    <ele>422.2</ele>
    <time>2025-09-07T09:24:04Z</time>
   </trkpt>
   <trkpt lat="49.7956300" lon="20.0139920">
    <ele>422.6</ele>
    <time>2025-09-07T09:24:05Z</time>
   </trkpt>
   <trkpt lat="49.7956300" lon="20.0139620">
    <ele>423.0</ele>
    <time>2025-09-07T09:24:06Z</time>
   </trkpt>
   <trkpt lat="49.7956270" lon="20.0139320">
    <ele>423.2</ele>
    <time>2025-09-07T09:24:07Z</time>
   </trkpt>
   <trkpt lat="49.7956210" lon="20.0139030">
    <ele>423.6</ele>
    <time>2025-09-07T09:24:08Z</time>
   </trkpt>
   <trkpt lat="49.7956150" lon="20.0138660">
    <ele>423.8</ele>
    <time>2025-09-07T09:24:09Z</time>
   </trkpt>
   <trkpt lat="49.7956110" lon="20.0138290">
    <ele>424.2</ele>
    <time>2025-09-07T09:24:10Z</time>
   </trkpt>
   <trkpt lat="49.7956060" lon="20.0137950">
    <ele>424.6</ele>
    <time>2025-09-07T09:24:11Z</time>
   </trkpt>
   <trkpt lat="49.7956020" lon="20.0137650">
    <ele>425.2</ele>
    <time>2025-09-07T09:24:12Z</time>
   </trkpt>
   <trkpt lat="49.7955970" lon="20.0137350">
    <ele>425.4</ele>
    <time>2025-09-07T09:24:13Z</time>
   </trkpt>
   <trkpt lat="49.7955910" lon="20.0137020">
    <ele>425.8</ele>
    <time>2025-09-07T09:24:14Z</time>
   </trkpt>
   <trkpt lat="49.7955870" lon="20.0136680">
    <ele>426.2</ele>
    <time>2025-09-07T09:24:15Z</time>
   </trkpt>
   <trkpt lat="49.7955830" lon="20.0136330">
    <ele>426.6</ele>
    <time>2025-09-07T09:24:16Z</time>
   </trkpt>
   <trkpt lat="49.7955820" lon="20.0135970">
    <ele>427.0</ele>
    <time>2025-09-07T09:24:17Z</time>
   </trkpt>
   <trkpt lat="49.7955790" lon="20.0135600">
    <ele>427.6</ele>
    <time>2025-09-07T09:24:18Z</time>
   </trkpt>
   <trkpt lat="49.7955800" lon="20.0135230">
    <ele>427.6</ele>
    <time>2025-09-07T09:24:19Z</time>
   </trkpt>
   <trkpt lat="49.7955800" lon="20.0134870">
    <ele>428.6</ele>
    <time>2025-09-07T09:24:20Z</time>
   </trkpt>
   <trkpt lat="49.7955810" lon="20.0134510">
    <ele>429.2</ele>
    <time>2025-09-07T09:24:21Z</time>
   </trkpt>
   <trkpt lat="49.7955800" lon="20.0134220">
    <ele>429.4</ele>
    <time>2025-09-07T09:24:22Z</time>
   </trkpt>
   <trkpt lat="49.7955750" lon="20.0133910">
    <ele>429.8</ele>
    <time>2025-09-07T09:24:23Z</time>
   </trkpt>
   <trkpt lat="49.7955700" lon="20.0133610">
    <ele>430.2</ele>
    <time>2025-09-07T09:24:24Z</time>
   </trkpt>
   <trkpt lat="49.7955660" lon="20.0133340">
    <ele>430.6</ele>
    <time>2025-09-07T09:24:25Z</time>
   </trkpt>
   <trkpt lat="49.7955660" lon="20.0133060">
    <ele>431.0</ele>
    <time>2025-09-07T09:24:26Z</time>
   </trkpt>
   <trkpt lat="49.7955670" lon="20.0132840">
    <ele>431.4</ele>
    <time>2025-09-07T09:24:27Z</time>
   </trkpt>
   <trkpt lat="49.7955640" lon="20.0132530">
    <ele>432.0</ele>
    <time>2025-09-07T09:24:28Z</time>
   </trkpt>
   <trkpt lat="49.7955590" lon="20.0132250">
    <ele>432.2</ele>
    <time>2025-09-07T09:24:29Z</time>
   </trkpt>
   <trkpt lat="49.7955560" lon="20.0131940">
    <ele>432.4</ele>
    <time>2025-09-07T09:24:30Z</time>
   </trkpt>
   <trkpt lat="49.7955530" lon="20.0131620">
    <ele>432.8</ele>
    <time>2025-09-07T09:24:31Z</time>
   </trkpt>
   <trkpt lat="49.7955500" lon="20.0131300">
    <ele>433.2</ele>
    <time>2025-09-07T09:24:32Z</time>
   </trkpt>
   <trkpt lat="49.7955450" lon="20.0130960">
    <ele>433.6</ele>
    <time>2025-09-07T09:24:33Z</time>
   </trkpt>
   <trkpt lat="49.7955420" lon="20.0130590">
    <ele>434.0</ele>
    <time>2025-09-07T09:24:34Z</time>
   </trkpt>
   <trkpt lat="49.7955400" lon="20.0130260">
    <ele>434.4</ele>
    <time>2025-09-07T09:24:35Z</time>
   </trkpt>
   <trkpt lat="49.7955370" lon="20.0129950">
    <ele>434.8</ele>
    <time>2025-09-07T09:24:36Z</time>
   </trkpt>
   <trkpt lat="49.7955370" lon="20.0129630">
    <ele>435.2</ele>
    <time>2025-09-07T09:24:37Z</time>
   </trkpt>
   <trkpt lat="49.7955350" lon="20.0129330">
    <ele>435.6</ele>
    <time>2025-09-07T09:24:38Z</time>
   </trkpt>
   <trkpt lat="49.7955290" lon="20.0128980">
    <ele>436.0</ele>
    <time>2025-09-07T09:24:39Z</time>
   </trkpt>
   <trkpt lat="49.7955150" lon="20.0128620">
    <ele>436.2</ele>
    <time>2025-09-07T09:24:40Z</time>
   </trkpt>
   <trkpt lat="49.7955020" lon="20.0128260">
    <ele>436.4</ele>
    <time>2025-09-07T09:24:41Z</time>
   </trkpt>
   <trkpt lat="49.7954960" lon="20.0127900">
    <ele>436.8</ele>
    <time>2025-09-07T09:24:42Z</time>
   </trkpt>
   <trkpt lat="49.7954930" lon="20.0127560">
    <ele>437.4</ele>
    <time>2025-09-07T09:24:43Z</time>
   </trkpt>
   <trkpt lat="49.7954900" lon="20.0127270">
    <ele>437.6</ele>
    <time>2025-09-07T09:24:44Z</time>
   </trkpt>
   <trkpt lat="49.7954880" lon="20.0127060">
    <ele>437.8</ele>
    <time>2025-09-07T09:24:45Z</time>
   </trkpt>
   <trkpt lat="49.7954840" lon="20.0126920">
    <ele>438.2</ele>
    <time>2025-09-07T09:24:46Z</time>
   </trkpt>
   <trkpt lat="49.7954820" lon="20.0126770">
    <ele>438.4</ele>
    <time>2025-09-07T09:24:47Z</time>
   </trkpt>
   <trkpt lat="49.7954780" lon="20.0126600">
    <ele>438.6</ele>
    <time>2025-09-07T09:24:48Z</time>
   </trkpt>
   <trkpt lat="49.7954770" lon="20.0126380">
    <ele>438.6</ele>
    <time>2025-09-07T09:24:49Z</time>
   </trkpt>
   <trkpt lat="49.7954770" lon="20.0126150">
    <ele>438.8</ele>
    <time>2025-09-07T09:24:50Z</time>
   </trkpt>
   <trkpt lat="49.7954760" lon="20.0125890">
    <ele>439.0</ele>
    <time>2025-09-07T09:24:51Z</time>
   </trkpt>
   <trkpt lat="49.7954770" lon="20.0125590">
    <ele>439.2</ele>
    <time>2025-09-07T09:24:52Z</time>
   </trkpt>
   <trkpt lat="49.7954760" lon="20.0125270">
    <ele>439.2</ele>
    <time>2025-09-07T09:24:53Z</time>
   </trkpt>
   <trkpt lat="49.7954730" lon="20.0124870">
    <ele>439.4</ele>
    <time>2025-09-07T09:24:54Z</time>
   </trkpt>
   <trkpt lat="49.7954620" lon="20.0124420">
    <ele>439.4</ele>
    <time>2025-09-07T09:24:55Z</time>
   </trkpt>
   <trkpt lat="49.7954510" lon="20.0123970">
    <ele>439.4</ele>
    <time>2025-09-07T09:24:56Z</time>
   </trkpt>
   <trkpt lat="49.7954390" lon="20.0123540">
    <ele>439.4</ele>
    <time>2025-09-07T09:24:57Z</time>
   </trkpt>
   <trkpt lat="49.7954260" lon="20.0123090">
    <ele>439.4</ele>
    <time>2025-09-07T09:24:58Z</time>
   </trkpt>
   <trkpt lat="49.7954060" lon="20.0122630">
    <ele>439.4</ele>
    <time>2025-09-07T09:24:59Z</time>
   </trkpt>
   <trkpt lat="49.7953850" lon="20.0122150">
    <ele>439.4</ele>
    <time>2025-09-07T09:25:00Z</time>
   </trkpt>
   <trkpt lat="49.7953620" lon="20.0121640">
    <ele>439.4</ele>
    <time>2025-09-07T09:25:01Z</time>
   </trkpt>
   <trkpt lat="49.7953380" lon="20.0121120">
    <ele>439.0</ele>
    <time>2025-09-07T09:25:02Z</time>
   </trkpt>
   <trkpt lat="49.7953120" lon="20.0120600">
    <ele>438.6</ele>
    <time>2025-09-07T09:25:03Z</time>
   </trkpt>
   <trkpt lat="49.7952810" lon="20.0120080">
    <ele>438.4</ele>
    <time>2025-09-07T09:25:04Z</time>
   </trkpt>
   <trkpt lat="49.7952470" lon="20.0119520">
    <ele>438.4</ele>
    <time>2025-09-07T09:25:05Z</time>
   </trkpt>
   <trkpt lat="49.7952130" lon="20.0118940">
    <ele>437.8</ele>
    <time>2025-09-07T09:25:06Z</time>
   </trkpt>
   <trkpt lat="49.7951820" lon="20.0118260">
    <ele>437.4</ele>
    <time>2025-09-07T09:25:07Z</time>
   </trkpt>
   <trkpt lat="49.7951440" lon="20.0117550">
    <ele>437.0</ele>
    <time>2025-09-07T09:25:08Z</time>
   </trkpt>
   <trkpt lat="49.7950980" lon="20.0116830">
    <ele>436.0</ele>
    <time>2025-09-07T09:25:09Z</time>
   </trkpt>
   <trkpt lat="49.7950420" lon="20.0116080">
    <ele>435.6</ele>
    <time>2025-09-07T09:25:10Z</time>
   </trkpt>
   <trkpt lat="49.7949810" lon="20.0115310">
    <ele>434.6</ele>
    <time>2025-09-07T09:25:11Z</time>
   </trkpt>
   <trkpt lat="49.7948580" lon="20.0113520">
    <ele>433.0</ele>
    <time>2025-09-07T09:25:13Z</time>
   </trkpt>
   <trkpt lat="49.7947920" lon="20.0112520">
    <ele>431.0</ele>
    <time>2025-09-07T09:25:14Z</time>
   </trkpt>
   <trkpt lat="49.7947190" lon="20.0111520">
    <ele>429.2</ele>
    <time>2025-09-07T09:25:15Z</time>
   </trkpt>
   <trkpt lat="49.7946400" lon="20.0110480">
    <ele>427.8</ele>
    <time>2025-09-07T09:25:16Z</time>
   </trkpt>
   <trkpt lat="49.7944820" lon="20.0108480">
    <ele>425.2</ele>
    <time>2025-09-07T09:25:18Z</time>
   </trkpt>
   <trkpt lat="49.7944110" lon="20.0107530">
    <ele>425.0</ele>
    <time>2025-09-07T09:25:19Z</time>
   </trkpt>
   <trkpt lat="49.7943510" lon="20.0106640">
    <ele>425.0</ele>
    <time>2025-09-07T09:25:20Z</time>
   </trkpt>
   <trkpt lat="49.7943010" lon="20.0105820">
    <ele>425.0</ele>
    <time>2025-09-07T09:25:21Z</time>
   </trkpt>
   <trkpt lat="49.7942600" lon="20.0105130">
    <ele>425.8</ele>
    <time>2025-09-07T09:25:22Z</time>
   </trkpt>
   <trkpt lat="49.7942210" lon="20.0104540">
    <ele>427.6</ele>
    <time>2025-09-07T09:25:23Z</time>
   </trkpt>
   <trkpt lat="49.7941810" lon="20.0103980">
    <ele>429.4</ele>
    <time>2025-09-07T09:25:24Z</time>
   </trkpt>
   <trkpt lat="49.7941400" lon="20.0103430">
    <ele>430.4</ele>
    <time>2025-09-07T09:25:25Z</time>
   </trkpt>
   <trkpt lat="49.7940980" lon="20.0102900">
    <ele>431.0</ele>
    <time>2025-09-07T09:25:26Z</time>
   </trkpt>
   <trkpt lat="49.7940600" lon="20.0102340">
    <ele>431.4</ele>
    <time>2025-09-07T09:25:27Z</time>
   </trkpt>
   <trkpt lat="49.7940230" lon="20.0101780">
    <ele>431.6</ele>
    <time>2025-09-07T09:25:28Z</time>
   </trkpt>
   <trkpt lat="49.7939910" lon="20.0101290">
    <ele>431.6</ele>
    <time>2025-09-07T09:25:29Z</time>
   </trkpt>
   <trkpt lat="49.7939610" lon="20.0100860">
    <ele>432.2</ele>
    <time>2025-09-07T09:25:30Z</time>
   </trkpt>
   <trkpt lat="49.7939340" lon="20.0100500">
    <ele>432.6</ele>
    <time>2025-09-07T09:25:31Z</time>
   </trkpt>
   <trkpt lat="49.7939110" lon="20.0100150">
    <ele>433.2</ele>
    <time>2025-09-07T09:25:32Z</time>
   </trkpt>
   <trkpt lat="49.7938920" lon="20.0099800">
    <ele>433.6</ele>
    <time>2025-09-07T09:25:33Z</time>
   </trkpt>
   <trkpt lat="49.7938780" lon="20.0099460">
    <ele>433.6</ele>
    <time>2025-09-07T09:25:34Z</time>
   </trkpt>
   <trkpt lat="49.7938640" lon="20.0099180">
    <ele>434.0</ele>
    <time>2025-09-07T09:25:35Z</time>
   </trkpt>
   <trkpt lat="49.7938470" lon="20.0098960">
    <ele>434.4</ele>
    <time>2025-09-07T09:25:36Z</time>
   </trkpt>
   <trkpt lat="49.7938310" lon="20.0098730">
    <ele>434.4</ele>
    <time>2025-09-07T09:25:37Z</time>
   </trkpt>
   <trkpt lat="49.7938130" lon="20.0098470">
    <ele>435.0</ele>
    <time>2025-09-07T09:25:38Z</time>
   </trkpt>
   <trkpt lat="49.7937820" lon="20.0097870">
    <ele>435.4</ele>
    <time>2025-09-07T09:25:40Z</time>
   </trkpt>
   <trkpt lat="49.7937640" lon="20.0097590">
    <ele>435.8</ele>
    <time>2025-09-07T09:25:41Z</time>
   </trkpt>
   <trkpt lat="49.7937420" lon="20.0097330">
    <ele>435.8</ele>
    <time>2025-09-07T09:25:42Z</time>
   </trkpt>
   <trkpt lat="49.7937200" lon="20.0097060">
    <ele>435.8</ele>
    <time>2025-09-07T09:25:43Z</time>
   </trkpt>
   <trkpt lat="49.7936990" lon="20.0096770">
    <ele>436.0</ele>
    <time>2025-09-07T09:25:44Z</time>
   </trkpt>
   <trkpt lat="49.7936770" lon="20.0096430">
    <ele>436.0</ele>
    <time>2025-09-07T09:25:45Z</time>
   </trkpt>
   <trkpt lat="49.7936530" lon="20.0096060">
    <ele>436.2</ele>
    <time>2025-09-07T09:25:46Z</time>
   </trkpt>
   <trkpt lat="49.7936240" lon="20.0095700">
    <ele>436.2</ele>
    <time>2025-09-07T09:25:47Z</time>
   </trkpt>
   <trkpt lat="49.7935900" lon="20.0095360">
    <ele>436.4</ele>
    <time>2025-09-07T09:25:48Z</time>
   </trkpt>
   <trkpt lat="49.7935570" lon="20.0094970">
    <ele>436.4</ele>
    <time>2025-09-07T09:25:49Z</time>
   </trkpt>
   <trkpt lat="49.7935220" lon="20.0094630">
    <ele>436.6</ele>
    <time>2025-09-07T09:25:50Z</time>
   </trkpt>
   <trkpt lat="49.7934870" lon="20.0094330">
    <ele>437.0</ele>
    <time>2025-09-07T09:25:51Z</time>
   </trkpt>
   <trkpt lat="49.7934510" lon="20.0094060">
    <ele>437.2</ele>
    <time>2025-09-07T09:25:52Z</time>
   </trkpt>
   <trkpt lat="49.7934210" lon="20.0093740">
    <ele>437.4</ele>
    <time>2025-09-07T09:25:53Z</time>
   </trkpt>
   <trkpt lat="49.7933940" lon="20.0093420">
    <ele>437.8</ele>
    <time>2025-09-07T09:25:54Z</time>
   </trkpt>
   <trkpt lat="49.7933660" lon="20.0093110">
    <ele>438.0</ele>
    <time>2025-09-07T09:25:55Z</time>
   </trkpt>
   <trkpt lat="49.7933440" lon="20.0092820">
    <ele>438.8</ele>
    <time>2025-09-07T09:25:56Z</time>
   </trkpt>
   <trkpt lat="49.7933240" lon="20.0092560">
    <ele>439.2</ele>
    <time>2025-09-07T09:25:57Z</time>
   </trkpt>
   <trkpt lat="49.7933000" lon="20.0092360">
    <ele>439.6</ele>
    <time>2025-09-07T09:25:58Z</time>
   </trkpt>
   <trkpt lat="49.7932790" lon="20.0092130">
    <ele>439.8</ele>
    <time>2025-09-07T09:25:59Z</time>
   </trkpt>
   <trkpt lat="49.7932590" lon="20.0091850">
    <ele>440.0</ele>
    <time>2025-09-07T09:26:00Z</time>
   </trkpt>
   <trkpt lat="49.7932370" lon="20.0091560">
    <ele>440.4</ele>
    <time>2025-09-07T09:26:01Z</time>
   </trkpt>
   <trkpt lat="49.7932150" lon="20.0091320">
    <ele>440.6</ele>
    <time>2025-09-07T09:26:02Z</time>
   </trkpt>
   <trkpt lat="49.7931950" lon="20.0091060">
    <ele>441.0</ele>
    <time>2025-09-07T09:26:03Z</time>
   </trkpt>
   <trkpt lat="49.7931740" lon="20.0090800">
    <ele>441.0</ele>
    <time>2025-09-07T09:26:04Z</time>
   </trkpt>
   <trkpt lat="49.7931530" lon="20.0090550">
    <ele>441.0</ele>
    <time>2025-09-07T09:26:05Z</time>
   </trkpt>
   <trkpt lat="49.7931360" lon="20.0090250">
    <ele>441.2</ele>
    <time>2025-09-07T09:26:06Z</time>
   </trkpt>
   <trkpt lat="49.7931170" lon="20.0089970">
    <ele>441.4</ele>
    <time>2025-09-07T09:26:07Z</time>
   </trkpt>
   <trkpt lat="49.7930970" lon="20.0089710">
    <ele>441.4</ele>
    <time>2025-09-07T09:26:08Z</time>
   </trkpt>
   <trkpt lat="49.7930760" lon="20.0089460">
    <ele>441.8</ele>
    <time>2025-09-07T09:26:09Z</time>
   </trkpt>
   <trkpt lat="49.7930560" lon="20.0089190">
    <ele>442.2</ele>
    <time>2025-09-07T09:26:10Z</time>
   </trkpt>
   <trkpt lat="49.7930370" lon="20.0088900">
    <ele>442.6</ele>
    <time>2025-09-07T09:26:11Z</time>
   </trkpt>
   <trkpt lat="49.7930370" lon="20.0088900">
    <ele>443.2</ele>
    <time>2025-09-07T09:26:12Z</time>
   </trkpt>
   <trkpt lat="49.7930000" lon="20.0088370">
    <ele>443.2</ele>
    <time>2025-09-07T09:26:13Z</time>
   </trkpt>
   <trkpt lat="49.7930000" lon="20.0088370">
    <ele>443.4</ele>
    <time>2025-09-07T09:26:14Z</time>
   </trkpt>
   <trkpt lat="49.7929680" lon="20.0087910">
    <ele>443.8</ele>
    <time>2025-09-07T09:26:15Z</time>
   </trkpt>
   <trkpt lat="49.7929520" lon="20.0087680">
    <ele>444.2</ele>
    <time>2025-09-07T09:26:16Z</time>
   </trkpt>
   <trkpt lat="49.7929520" lon="20.0087680">
    <ele>444.4</ele>
    <time>2025-09-07T09:26:17Z</time>
   </trkpt>
   <trkpt lat="49.7929190" lon="20.0087130">
    <ele>444.6</ele>
    <time>2025-09-07T09:26:18Z</time>
   </trkpt>
   <trkpt lat="49.7929050" lon="20.0086860">
    <ele>445.0</ele>
    <time>2025-09-07T09:26:19Z</time>
   </trkpt>
   <trkpt lat="49.7929050" lon="20.0086860">
    <ele>445.2</ele>
    <time>2025-09-07T09:26:20Z</time>
   </trkpt>
   <trkpt lat="49.7928740" lon="20.0086390">
    <ele>445.6</ele>
    <time>2025-09-07T09:26:21Z</time>
   </trkpt>
   <trkpt lat="49.7928740" lon="20.0086390">
    <ele>446.0</ele>
    <time>2025-09-07T09:26:22Z</time>
   </trkpt>
   <trkpt lat="49.7928440" lon="20.0085990">
    <ele>446.4</ele>
    <time>2025-09-07T09:26:23Z</time>
   </trkpt>
   <trkpt lat="49.7928310" lon="20.0085760">
    <ele>446.8</ele>
    <time>2025-09-07T09:26:24Z</time>
   </trkpt>
   <trkpt lat="49.7928190" lon="20.0085550">
    <ele>447.0</ele>
    <time>2025-09-07T09:26:25Z</time>
   </trkpt>
   <trkpt lat="49.7928070" lon="20.0085300">
    <ele>447.4</ele>
    <time>2025-09-07T09:26:26Z</time>
   </trkpt>
   <trkpt lat="49.7927930" lon="20.0085120">
    <ele>447.6</ele>
    <time>2025-09-07T09:26:27Z</time>
   </trkpt>
   <trkpt lat="49.7927750" lon="20.0084920">
    <ele>448.0</ele>
    <time>2025-09-07T09:26:28Z</time>
   </trkpt>
   <trkpt lat="49.7927600" lon="20.0084700">
    <ele>448.4</ele>
    <time>2025-09-07T09:26:29Z</time>
   </trkpt>
   <trkpt lat="49.7927460" lon="20.0084450">
    <ele>448.6</ele>
    <time>2025-09-07T09:26:30Z</time>
   </trkpt>
   <trkpt lat="49.7927310" lon="20.0084210">
    <ele>449.2</ele>
    <time>2025-09-07T09:26:31Z</time>
   </trkpt>
   <trkpt lat="49.7927180" lon="20.0083960">
    <ele>449.6</ele>
    <time>2025-09-07T09:26:32Z</time>
   </trkpt>
   <trkpt lat="49.7927060" lon="20.0083690">
    <ele>450.0</ele>
    <time>2025-09-07T09:26:33Z</time>
   </trkpt>
   <trkpt lat="49.7926950" lon="20.0083430">
    <ele>450.4</ele>
    <time>2025-09-07T09:26:34Z</time>
   </trkpt>
   <trkpt lat="49.7926840" lon="20.0083140">
    <ele>451.0</ele>
    <time>2025-09-07T09:26:35Z</time>
   </trkpt>
   <trkpt lat="49.7926770" lon="20.0082830">
    <ele>451.4</ele>
    <time>2025-09-07T09:26:36Z</time>
   </trkpt>
   <trkpt lat="49.7926700" lon="20.0082520">
    <ele>451.8</ele>
    <time>2025-09-07T09:26:37Z</time>
   </trkpt>
   <trkpt lat="49.7926610" lon="20.0082210">
    <ele>452.4</ele>
    <time>2025-09-07T09:26:38Z</time>
   </trkpt>
   <trkpt lat="49.7926520" lon="20.0081910">
    <ele>452.6</ele>
    <time>2025-09-07T09:26:39Z</time>
   </trkpt>
   <trkpt lat="49.7926440" lon="20.0081600">
    <ele>453.0</ele>
    <time>2025-09-07T09:26:40Z</time>
   </trkpt>
   <trkpt lat="49.7926370" lon="20.0081280">
    <ele>453.4</ele>
    <time>2025-09-07T09:26:41Z</time>
   </trkpt>
   <trkpt lat="49.7926370" lon="20.0081280">
    <ele>454.0</ele>
    <time>2025-09-07T09:26:42Z</time>
   </trkpt>
   <trkpt lat="49.7926240" lon="20.0080700">
    <ele>454.4</ele>
    <time>2025-09-07T09:26:43Z</time>
   </trkpt>
   <trkpt lat="49.7926170" lon="20.0080390">
    <ele>454.8</ele>
    <time>2025-09-07T09:26:44Z</time>
   </trkpt>
   <trkpt lat="49.7926110" lon="20.0080070">
    <ele>455.2</ele>
    <time>2025-09-07T09:26:45Z</time>
   </trkpt>
   <trkpt lat="49.7926110" lon="20.0080070">
    <ele>455.4</ele>
    <time>2025-09-07T09:26:46Z</time>
   </trkpt>
   <trkpt lat="49.7925990" lon="20.0079450">
    <ele>455.8</ele>
    <time>2025-09-07T09:26:47Z</time>
   </trkpt>
   <trkpt lat="49.7925920" lon="20.0079110">
    <ele>456.4</ele>
    <time>2025-09-07T09:26:48Z</time>
   </trkpt>
   <trkpt lat="49.7925850" lon="20.0078780">
    <ele>456.6</ele>
    <time>2025-09-07T09:26:49Z</time>
   </trkpt>
   <trkpt lat="49.7925810" lon="20.0078470">
    <ele>457.0</ele>
    <time>2025-09-07T09:26:50Z</time>
   </trkpt>
   <trkpt lat="49.7925780" lon="20.0078140">
    <ele>457.6</ele>
    <time>2025-09-07T09:26:51Z</time>
   </trkpt>
   <trkpt lat="49.7925760" lon="20.0077820">
    <ele>457.6</ele>
    <time>2025-09-07T09:26:52Z</time>
   </trkpt>
   <trkpt lat="49.7925750" lon="20.0077500">
    <ele>458.0</ele>
    <time>2025-09-07T09:26:53Z</time>
   </trkpt>
   <trkpt lat="49.7925760" lon="20.0077180">
    <ele>458.4</ele>
    <time>2025-09-07T09:26:54Z</time>
   </trkpt>
   <trkpt lat="49.7925780" lon="20.0076860">
    <ele>458.6</ele>
    <time>2025-09-07T09:26:55Z</time>
   </trkpt>
   <trkpt lat="49.7925800" lon="20.0076550">
    <ele>459.0</ele>
    <time>2025-09-07T09:26:56Z</time>
   </trkpt>
   <trkpt lat="49.7925830" lon="20.0076280">
    <ele>459.4</ele>
    <time>2025-09-07T09:26:57Z</time>
   </trkpt>
   <trkpt lat="49.7925850" lon="20.0076000">
    <ele>459.6</ele>
    <time>2025-09-07T09:26:58Z</time>
   </trkpt>
   <trkpt lat="49.7925870" lon="20.0075720">
    <ele>459.8</ele>
    <time>2025-09-07T09:26:59Z</time>
   </trkpt>
   <trkpt lat="49.7925900" lon="20.0075450">
    <ele>460.0</ele>
    <time>2025-09-07T09:27:00Z</time>
   </trkpt>
   <trkpt lat="49.7925950" lon="20.0075130">
    <ele>460.4</ele>
    <time>2025-09-07T09:27:01Z</time>
   </trkpt>
   <trkpt lat="49.7925970" lon="20.0074790">
    <ele>460.4</ele>
    <time>2025-09-07T09:27:02Z</time>
   </trkpt>
   <trkpt lat="49.7925980" lon="20.0074470">
    <ele>460.8</ele>
    <time>2025-09-07T09:27:03Z</time>
   </trkpt>
   <trkpt lat="49.7925980" lon="20.0074470">
    <ele>461.0</ele>
    <time>2025-09-07T09:27:04Z</time>
   </trkpt>
   <trkpt lat="49.7926030" lon="20.0073820">
    <ele>461.2</ele>
    <time>2025-09-07T09:27:05Z</time>
   </trkpt>
   <trkpt lat="49.7926070" lon="20.0073480">
    <ele>461.4</ele>
    <time>2025-09-07T09:27:06Z</time>
   </trkpt>
   <trkpt lat="49.7926120" lon="20.0073150">
    <ele>461.8</ele>
    <time>2025-09-07T09:27:07Z</time>
   </trkpt>
   <trkpt lat="49.7926150" lon="20.0072810">
    <ele>462.0</ele>
    <time>2025-09-07T09:27:08Z</time>
   </trkpt>
   <trkpt lat="49.7926150" lon="20.0072810">
    <ele>462.2</ele>
    <time>2025-09-07T09:27:09Z</time>
   </trkpt>
   <trkpt lat="49.7926140" lon="20.0072150">
    <ele>462.4</ele>
    <time>2025-09-07T09:27:10Z</time>
   </trkpt>
   <trkpt lat="49.7926140" lon="20.0072150">
    <ele>462.6</ele>
    <time>2025-09-07T09:27:11Z</time>
   </trkpt>
   <trkpt lat="49.7926070" lon="20.0071560">
    <ele>462.8</ele>
    <time>2025-09-07T09:27:12Z</time>
   </trkpt>
   <trkpt lat="49.7926030" lon="20.0071260">
    <ele>463.0</ele>
    <time>2025-09-07T09:27:13Z</time>
   </trkpt>
   <trkpt lat="49.7925980" lon="20.0070960">
    <ele>463.4</ele>
    <time>2025-09-07T09:27:14Z</time>
   </trkpt>
   <trkpt lat="49.7925950" lon="20.0070640">
    <ele>463.8</ele>
    <time>2025-09-07T09:27:15Z</time>
   </trkpt>
   <trkpt lat="49.7925910" lon="20.0070290">
    <ele>464.0</ele>
    <time>2025-09-07T09:27:16Z</time>
   </trkpt>
   <trkpt lat="49.7925860" lon="20.0069960">
    <ele>464.4</ele>
    <time>2025-09-07T09:27:17Z</time>
   </trkpt>
   <trkpt lat="49.7925840" lon="20.0069660">
    <ele>464.6</ele>
    <time>2025-09-07T09:27:18Z</time>
   </trkpt>
   <trkpt lat="49.7925810" lon="20.0069350">
    <ele>465.0</ele>
    <time>2025-09-07T09:27:19Z</time>
   </trkpt>
   <trkpt lat="49.7925780" lon="20.0069040">
    <ele>465.4</ele>
    <time>2025-09-07T09:27:20Z</time>
   </trkpt>
   <trkpt lat="49.7925720" lon="20.0068740">
    <ele>465.8</ele>
    <time>2025-09-07T09:27:21Z</time>
   </trkpt>
   <trkpt lat="49.7925650" lon="20.0068420">
    <ele>466.2</ele>
    <time>2025-09-07T09:27:22Z</time>
   </trkpt>
   <trkpt lat="49.7925570" lon="20.0068090">
    <ele>466.4</ele>
    <time>2025-09-07T09:27:23Z</time>
   </trkpt>
   <trkpt lat="49.7925510" lon="20.0067770">
    <ele>466.8</ele>
    <time>2025-09-07T09:27:24Z</time>
   </trkpt>
   <trkpt lat="49.7925510" lon="20.0067770">
    <ele>467.4</ele>
    <time>2025-09-07T09:27:25Z</time>
   </trkpt>
   <trkpt lat="49.7925460" lon="20.0067160">
    <ele>467.8</ele>
    <time>2025-09-07T09:27:26Z</time>
   </trkpt>
   <trkpt lat="49.7925430" lon="20.0066850">
    <ele>468.0</ele>
    <time>2025-09-07T09:27:27Z</time>
   </trkpt>
   <trkpt lat="49.7925380" lon="20.0066540">
    <ele>468.2</ele>
    <time>2025-09-07T09:27:28Z</time>
   </trkpt>
   <trkpt lat="49.7925380" lon="20.0066540">
    <ele>468.6</ele>
    <time>2025-09-07T09:27:29Z</time>
   </trkpt>
   <trkpt lat="49.7925280" lon="20.0065930">
    <ele>468.8</ele>
    <time>2025-09-07T09:27:30Z</time>
   </trkpt>
   <trkpt lat="49.7925260" lon="20.0065650">
    <ele>469.2</ele>
    <time>2025-09-07T09:27:31Z</time>
   </trkpt>
   <trkpt lat="49.7925270" lon="20.0065390">
    <ele>469.6</ele>
    <time>2025-09-07T09:27:32Z</time>
   </trkpt>
   <trkpt lat="49.7925260" lon="20.0065130">
    <ele>469.8</ele>
    <time>2025-09-07T09:27:33Z</time>
   </trkpt>
   <trkpt lat="49.7925250" lon="20.0064880">
    <ele>470.2</ele>
    <time>2025-09-07T09:27:34Z</time>
   </trkpt>
   <trkpt lat="49.7925240" lon="20.0064600">
    <ele>470.4</ele>
    <time>2025-09-07T09:27:35Z</time>
   </trkpt>
   <trkpt lat="49.7925220" lon="20.0064310">
    <ele>470.6</ele>
    <time>2025-09-07T09:27:36Z</time>
   </trkpt>
   <trkpt lat="49.7925230" lon="20.0064020">
    <ele>470.8</ele>
    <time>2025-09-07T09:27:37Z</time>
   </trkpt>
   <trkpt lat="49.7925230" lon="20.0063750">
    <ele>471.0</ele>
    <time>2025-09-07T09:27:38Z</time>
   </trkpt>
   <trkpt lat="49.7925230" lon="20.0063480">
    <ele>471.2</ele>
    <time>2025-09-07T09:27:39Z</time>
   </trkpt>
   <trkpt lat="49.7925210" lon="20.0063190">
    <ele>471.4</ele>
    <time>2025-09-07T09:27:40Z</time>
   </trkpt>
   <trkpt lat="49.7925180" lon="20.0062890">
    <ele>471.6</ele>
    <time>2025-09-07T09:27:41Z</time>
   </trkpt>
   <trkpt lat="49.7925210" lon="20.0062600">
    <ele>471.8</ele>
    <time>2025-09-07T09:27:42Z</time>
   </trkpt>
   <trkpt lat="49.7925260" lon="20.0062300">
    <ele>472.0</ele>
    <time>2025-09-07T09:27:43Z</time>
   </trkpt>
   <trkpt lat="49.7925250" lon="20.0062050">
    <ele>472.2</ele>
    <time>2025-09-07T09:27:44Z</time>
   </trkpt>
   <trkpt lat="49.7925220" lon="20.0061800">
    <ele>472.4</ele>
    <time>2025-09-07T09:27:45Z</time>
   </trkpt>
   <trkpt lat="49.7925200" lon="20.0061520">
    <ele>472.8</ele>
    <time>2025-09-07T09:27:46Z</time>
   </trkpt>
   <trkpt lat="49.7925140" lon="20.0061260">
    <ele>472.8</ele>
    <time>2025-09-07T09:27:47Z</time>
   </trkpt>
   <trkpt lat="49.7925100" lon="20.0060960">
    <ele>473.2</ele>
    <time>2025-09-07T09:27:48Z</time>
   </trkpt>
   <trkpt lat="49.7925070" lon="20.0060690">
    <ele>473.6</ele>
    <time>2025-09-07T09:27:49Z</time>
   </trkpt>
   <trkpt lat="49.7925040" lon="20.0060460">
    <ele>473.8</ele>
    <time>2025-09-07T09:27:50Z</time>
   </trkpt>
   <trkpt lat="49.7924990" lon="20.0060180">
    <ele>474.2</ele>
    <time>2025-09-07T09:27:51Z</time>
   </trkpt>
   <trkpt lat="49.7924930" lon="20.0059910">
    <ele>474.4</ele>
    <time>2025-09-07T09:27:52Z</time>
   </trkpt>
   <trkpt lat="49.7924880" lon="20.0059630">
    <ele>474.6</ele>
    <time>2025-09-07T09:27:53Z</time>
   </trkpt>
   <trkpt lat="49.7924830" lon="20.0059380">
    <ele>475.2</ele>
    <time>2025-09-07T09:27:54Z</time>
   </trkpt>
   <trkpt lat="49.7924780" lon="20.0059180">
    <ele>475.6</ele>
    <time>2025-09-07T09:27:55Z</time>
   </trkpt>
   <trkpt lat="49.7924670" lon="20.0059030">
    <ele>476.0</ele>
    <time>2025-09-07T09:27:56Z</time>
   </trkpt>
   <trkpt lat="49.7924520" lon="20.0058970">
    <ele>476.4</ele>
    <time>2025-09-07T09:27:57Z</time>
   </trkpt>
   <trkpt lat="49.7924360" lon="20.0059030">
    <ele>476.8</ele>
    <time>2025-09-07T09:27:58Z</time>
   </trkpt>
   <trkpt lat="49.7924200" lon="20.0059150">
    <ele>477.2</ele>
    <time>2025-09-07T09:27:59Z</time>
   </trkpt>
   <trkpt lat="49.7924060" lon="20.0059270">
    <ele>477.8</ele>
    <time>2025-09-07T09:28:00Z</time>
   </trkpt>
   <trkpt lat="49.7923940" lon="20.0059380">
    <ele>478.2</ele>
    <time>2025-09-07T09:28:01Z</time>
   </trkpt>
   <trkpt lat="49.7923800" lon="20.0059580">
    <ele>478.8</ele>
    <time>2025-09-07T09:28:02Z</time>
   </trkpt>
   <trkpt lat="49.7923680" lon="20.0059730">
    <ele>479.0</ele>
    <time>2025-09-07T09:28:03Z</time>
   </trkpt>
   <trkpt lat="49.7923660" lon="20.0059960">
    <ele>479.4</ele>
    <time>2025-09-07T09:28:04Z</time>
   </trkpt>
   <trkpt lat="49.7923550" lon="20.0060140">
    <ele>480.0</ele>
    <time>2025-09-07T09:28:05Z</time>
   </trkpt>
   <trkpt lat="49.7923460" lon="20.0060350">
    <ele>480.2</ele>
    <time>2025-09-07T09:28:06Z</time>
   </trkpt>
   <trkpt lat="49.7923330" lon="20.0060600">
    <ele>480.6</ele>
    <time>2025-09-07T09:28:07Z</time>
   </trkpt>
   <trkpt lat="49.7923200" lon="20.0060810">
    <ele>481.0</ele>
    <time>2025-09-07T09:28:08Z</time>
   </trkpt>
   <trkpt lat="49.7923040" lon="20.0061040">
    <ele>481.2</ele>
    <time>2025-09-07T09:28:09Z</time>
   </trkpt>
   <trkpt lat="49.7922710" lon="20.0061260">
    <ele>481.6</ele>
    <time>2025-09-07T09:28:10Z</time>
   </trkpt>
   <trkpt lat="49.7922550" lon="20.0061460">
    <ele>481.8</ele>
    <time>2025-09-07T09:28:11Z</time>
   </trkpt>
   <trkpt lat="49.7922440" lon="20.0061670">
    <ele>482.2</ele>
    <time>2025-09-07T09:28:12Z</time>
   </trkpt>
   <trkpt lat="49.7922380" lon="20.0061830">
    <ele>482.6</ele>
    <time>2025-09-07T09:28:13Z</time>
   </trkpt>
   <trkpt lat="49.7922310" lon="20.0061940">
    <ele>483.0</ele>
    <time>2025-09-07T09:28:14Z</time>
   </trkpt>
   <trkpt lat="49.7922180" lon="20.0062110">
    <ele>483.4</ele>
    <time>2025-09-07T09:28:15Z</time>
   </trkpt>
   <trkpt lat="49.7922080" lon="20.0062280">
    <ele>483.6</ele>
    <time>2025-09-07T09:28:16Z</time>
   </trkpt>
   <trkpt lat="49.7922010" lon="20.0062520">
    <ele>484.0</ele>
    <time>2025-09-07T09:28:17Z</time>
   </trkpt>
   <trkpt lat="49.7921880" lon="20.0062740">
    <ele>484.2</ele>
    <time>2025-09-07T09:28:18Z</time>
   </trkpt>
   <trkpt lat="49.7921760" lon="20.0062940">
    <ele>484.6</ele>
    <time>2025-09-07T09:28:19Z</time>
   </trkpt>
   <trkpt lat="49.7921610" lon="20.0063160">
    <ele>484.8</ele>
    <time>2025-09-07T09:28:20Z</time>
   </trkpt>
   <trkpt lat="49.7921420" lon="20.0063370">
    <ele>485.0</ele>
    <time>2025-09-07T09:28:21Z</time>
   </trkpt>
   <trkpt lat="49.7921280" lon="20.0063610">
    <ele>485.4</ele>
    <time>2025-09-07T09:28:22Z</time>
   </trkpt>
   <trkpt lat="49.7921150" lon="20.0063850">
    <ele>485.8</ele>
    <time>2025-09-07T09:28:23Z</time>
   </trkpt>
   <trkpt lat="49.7921010" lon="20.0064100">
    <ele>486.2</ele>
    <time>2025-09-07T09:28:24Z</time>
   </trkpt>
   <trkpt lat="49.7920840" lon="20.0064350">
    <ele>486.4</ele>
    <time>2025-09-07T09:28:25Z</time>
   </trkpt>
   <trkpt lat="49.7920700" lon="20.0064620">
    <ele>486.8</ele>
    <time>2025-09-07T09:28:26Z</time>
   </trkpt>
   <trkpt lat="49.7920560" lon="20.0064870">
    <ele>486.8</ele>
    <time>2025-09-07T09:28:27Z</time>
   </trkpt>
   <trkpt lat="49.7920420" lon="20.0065130">
    <ele>487.2</ele>
    <time>2025-09-07T09:28:28Z</time>
   </trkpt>
   <trkpt lat="49.7920300" lon="20.0065390">
    <ele>487.2</ele>
    <time>2025-09-07T09:28:29Z</time>
   </trkpt>
   <trkpt lat="49.7920170" lon="20.0065590">
    <ele>487.6</ele>
    <time>2025-09-07T09:28:30Z</time>
   </trkpt>
   <trkpt lat="49.7920060" lon="20.0065800">
    <ele>487.8</ele>
    <time>2025-09-07T09:28:31Z</time>
   </trkpt>
   <trkpt lat="49.7919950" lon="20.0065960">
    <ele>488.2</ele>
    <time>2025-09-07T09:28:32Z</time>
   </trkpt>
   <trkpt lat="49.7919820" lon="20.0066120">
    <ele>488.6</ele>
    <time>2025-09-07T09:28:33Z</time>
   </trkpt>
   <trkpt lat="49.7919660" lon="20.0066320">
    <ele>488.8</ele>
    <time>2025-09-07T09:28:34Z</time>
   </trkpt>
   <trkpt lat="49.7919490" lon="20.0066520">
    <ele>489.2</ele>
    <time>2025-09-07T09:28:35Z</time>
   </trkpt>
   <trkpt lat="49.7919330" lon="20.0066730">
    <ele>489.4</ele>
    <time>2025-09-07T09:28:36Z</time>
   </trkpt>
   <trkpt lat="49.7919150" lon="20.0066910">
    <ele>490.0</ele>
    <time>2025-09-07T09:28:37Z</time>
   </trkpt>
   <trkpt lat="49.7918990" lon="20.0067090">
    <ele>490.4</ele>
    <time>2025-09-07T09:28:38Z</time>
   </trkpt>
   <trkpt lat="49.7918810" lon="20.0067280">
    <ele>490.4</ele>
    <time>2025-09-07T09:28:39Z</time>
   </trkpt>
   <trkpt lat="49.7918620" lon="20.0067480">
    <ele>491.0</ele>
    <time>2025-09-07T09:28:40Z</time>
   </trkpt>
   <trkpt lat="49.7918420" lon="20.0067640">
    <ele>491.4</ele>
    <time>2025-09-07T09:28:41Z</time>
   </trkpt>
   <trkpt lat="49.7918220" lon="20.0067800">
    <ele>491.8</ele>
    <time>2025-09-07T09:28:42Z</time>
   </trkpt>
   <trkpt lat="49.7918040" lon="20.0067930">
    <ele>492.4</ele>
    <time>2025-09-07T09:28:43Z</time>
   </trkpt>
   <trkpt lat="49.7917870" lon="20.0068020">
    <ele>492.8</ele>
    <time>2025-09-07T09:28:44Z</time>
   </trkpt>
   <trkpt lat="49.7917700" lon="20.0068080">
    <ele>493.2</ele>
    <time>2025-09-07T09:28:45Z</time>
   </trkpt>
   <trkpt lat="49.7917510" lon="20.0068150">
    <ele>493.6</ele>
    <time>2025-09-07T09:28:46Z</time>
   </trkpt>
   <trkpt lat="49.7917320" lon="20.0068170">
    <ele>494.0</ele>
    <time>2025-09-07T09:28:47Z</time>
   </trkpt>
   <trkpt lat="49.7917130" lon="20.0068200">
    <ele>494.6</ele>
    <time>2025-09-07T09:28:48Z</time>
   </trkpt>
   <trkpt lat="49.7916930" lon="20.0068210">
    <ele>495.0</ele>
    <time>2025-09-07T09:28:49Z</time>
   </trkpt>
   <trkpt lat="49.7916730" lon="20.0068180">
    <ele>495.2</ele>
    <time>2025-09-07T09:28:50Z</time>
   </trkpt>
   <trkpt lat="49.7916550" lon="20.0068080">
    <ele>495.6</ele>
    <time>2025-09-07T09:28:51Z</time>
   </trkpt>
   <trkpt lat="49.7916350" lon="20.0067960">
    <ele>496.0</ele>
    <time>2025-09-07T09:28:52Z</time>
   </trkpt>
   <trkpt lat="49.7916160" lon="20.0067870">
    <ele>496.4</ele>
    <time>2025-09-07T09:28:53Z</time>
   </trkpt>
   <trkpt lat="49.7915970" lon="20.0067760">
    <ele>496.8</ele>
    <time>2025-09-07T09:28:54Z</time>
   </trkpt>
   <trkpt lat="49.7915810" lon="20.0067610">
    <ele>497.0</ele>
    <time>2025-09-07T09:28:55Z</time>
   </trkpt>
   <trkpt lat="49.7915810" lon="20.0067610">
    <ele>497.6</ele>
    <time>2025-09-07T09:28:56Z</time>
   </trkpt>
   <trkpt lat="49.7915540" lon="20.0067300">
    <ele>497.8</ele>
    <time>2025-09-07T09:28:57Z</time>
   </trkpt>
   <trkpt lat="49.7915390" lon="20.0067120">
    <ele>498.2</ele>
    <time>2025-09-07T09:28:58Z</time>
   </trkpt>
   <trkpt lat="49.7915270" lon="20.0066950">
    <ele>498.4</ele>
    <time>2025-09-07T09:28:59Z</time>
   </trkpt>
   <trkpt lat="49.7915150" lon="20.0066750">
    <ele>499.0</ele>
    <time>2025-09-07T09:29:00Z</time>
   </trkpt>
   <trkpt lat="49.7915020" lon="20.0066600">
    <ele>499.2</ele>
    <time>2025-09-07T09:29:01Z</time>
   </trkpt>
   <trkpt lat="49.7914900" lon="20.0066420">
    <ele>499.6</ele>
    <time>2025-09-07T09:29:02Z</time>
   </trkpt>
   <trkpt lat="49.7914780" lon="20.0066230">
    <ele>500.0</ele>
    <time>2025-09-07T09:29:03Z</time>
   </trkpt>
   <trkpt lat="49.7914640" lon="20.0066030">
    <ele>500.4</ele>
    <time>2025-09-07T09:29:04Z</time>
   </trkpt>
   <trkpt lat="49.7914490" lon="20.0065810">
    <ele>500.8</ele>
    <time>2025-09-07T09:29:05Z</time>
   </trkpt>
   <trkpt lat="49.7914340" lon="20.0065620">
    <ele>501.0</ele>
    <time>2025-09-07T09:29:06Z</time>
   </trkpt>
   <trkpt lat="49.7914210" lon="20.0065410">
    <ele>501.4</ele>
    <time>2025-09-07T09:29:07Z</time>
   </trkpt>
   <trkpt lat="49.7914100" lon="20.0065210">
    <ele>502.0</ele>
    <time>2025-09-07T09:29:08Z</time>
   </trkpt>
   <trkpt lat="49.7913990" lon="20.0065010">
    <ele>502.4</ele>
    <time>2025-09-07T09:29:09Z</time>
   </trkpt>
   <trkpt lat="49.7913860" lon="20.0064830">
    <ele>502.6</ele>
    <time>2025-09-07T09:29:10Z</time>
   </trkpt>
   <trkpt lat="49.7913730" lon="20.0064630">
    <ele>503.0</ele>
    <time>2025-09-07T09:29:11Z</time>
   </trkpt>
   <trkpt lat="49.7913610" lon="20.0064380">
    <ele>503.4</ele>
    <time>2025-09-07T09:29:12Z</time>
   </trkpt>
   <trkpt lat="49.7913470" lon="20.0064180">
    <ele>503.6</ele>
    <time>2025-09-07T09:29:13Z</time>
   </trkpt>
   <trkpt lat="49.7913340" lon="20.0063980">
    <ele>504.0</ele>
    <time>2025-09-07T09:29:14Z</time>
   </trkpt>
   <trkpt lat="49.7913220" lon="20.0063790">
    <ele>504.4</ele>
    <time>2025-09-07T09:29:15Z</time>
   </trkpt>
   <trkpt lat="49.7913100" lon="20.0063610">
    <ele>504.8</ele>
    <time>2025-09-07T09:29:16Z</time>
   </trkpt>
   <trkpt lat="49.7912980" lon="20.0063430">
    <ele>505.2</ele>
    <time>2025-09-07T09:29:17Z</time>
   </trkpt>
   <trkpt lat="49.7912880" lon="20.0063270">
    <ele>505.4</ele>
    <time>2025-09-07T09:29:18Z</time>
   </trkpt>
   <trkpt lat="49.7912770" lon="20.0063070">
    <ele>505.8</ele>
    <time>2025-09-07T09:29:19Z</time>
   </trkpt>
   <trkpt lat="49.7912630" lon="20.0062860">
    <ele>506.0</ele>
    <time>2025-09-07T09:29:20Z</time>
   </trkpt>
   <trkpt lat="49.7912500" lon="20.0062640">
    <ele>506.4</ele>
    <time>2025-09-07T09:29:21Z</time>
   </trkpt>
   <trkpt lat="49.7912370" lon="20.0062430">
    <ele>506.6</ele>
    <time>2025-09-07T09:29:22Z</time>
   </trkpt>
   <trkpt lat="49.7912240" lon="20.0062220">
    <ele>507.0</ele>
    <time>2025-09-07T09:29:23Z</time>
   </trkpt>
   <trkpt lat="49.7912110" lon="20.0062020">
    <ele>507.4</ele>
    <time>2025-09-07T09:29:24Z</time>
   </trkpt>
   <trkpt lat="49.7911990" lon="20.0061780">
    <ele>507.8</ele>
    <time>2025-09-07T09:29:25Z</time>
   </trkpt>
   <trkpt lat="49.7911880" lon="20.0061560">
    <ele>508.0</ele>
    <time>2025-09-07T09:29:26Z</time>
   </trkpt>
   <trkpt lat="49.7911760" lon="20.0061340">
    <ele>508.4</ele>
    <time>2025-09-07T09:29:27Z</time>
   </trkpt>
   <trkpt lat="49.7911660" lon="20.0061090">
    <ele>508.8</ele>
    <time>2025-09-07T09:29:28Z</time>
   </trkpt>
   <trkpt lat="49.7911570" lon="20.0060860">
    <ele>509.2</ele>
    <time>2025-09-07T09:29:29Z</time>
   </trkpt>
   <trkpt lat="49.7911450" lon="20.0060610">
    <ele>509.6</ele>
    <time>2025-09-07T09:29:30Z</time>
   </trkpt>
   <trkpt lat="49.7911330" lon="20.0060330">
    <ele>510.0</ele>
    <time>2025-09-07T09:29:31Z</time>
   </trkpt>
   <trkpt lat="49.7911240" lon="20.0060050">
    <ele>510.4</ele>
    <time>2025-09-07T09:29:32Z</time>
   </trkpt>
   <trkpt lat="49.7911170" lon="20.0059770">
    <ele>510.6</ele>
    <time>2025-09-07T09:29:33Z</time>
   </trkpt>
   <trkpt lat="49.7911090" lon="20.0059520">
    <ele>510.8</ele>
    <time>2025-09-07T09:29:34Z</time>
   </trkpt>
   <trkpt lat="49.7910990" lon="20.0059260">
    <ele>511.2</ele>
    <time>2025-09-07T09:29:35Z</time>
   </trkpt>
   <trkpt lat="49.7910890" lon="20.0059000">
    <ele>511.4</ele>
    <time>2025-09-07T09:29:36Z</time>
   </trkpt>
   <trkpt lat="49.7910800" lon="20.0058700">
    <ele>511.6</ele>
    <time>2025-09-07T09:29:37Z</time>
   </trkpt>
   <trkpt lat="49.7910730" lon="20.0058420">
    <ele>511.8</ele>
    <time>2025-09-07T09:29:38Z</time>
   </trkpt>
   <trkpt lat="49.7910640" lon="20.0058170">
    <ele>512.2</ele>
    <time>2025-09-07T09:29:39Z</time>
   </trkpt>
   <trkpt lat="49.7910540" lon="20.0057940">
    <ele>512.4</ele>
    <time>2025-09-07T09:29:40Z</time>
   </trkpt>
   <trkpt lat="49.7910420" lon="20.0057680">
    <ele>512.6</ele>
    <time>2025-09-07T09:29:41Z</time>
   </trkpt>
   <trkpt lat="49.7910320" lon="20.0057430">
    <ele>512.8</ele>
    <time>2025-09-07T09:29:42Z</time>
   </trkpt>
   <trkpt lat="49.7910230" lon="20.0057210">
    <ele>513.4</ele>
    <time>2025-09-07T09:29:43Z</time>
   </trkpt>
   <trkpt lat="49.7910100" lon="20.0057020">
    <ele>513.6</ele>
    <time>2025-09-07T09:29:44Z</time>
   </trkpt>
   <trkpt lat="49.7909970" lon="20.0056840">
    <ele>514.0</ele>
    <time>2025-09-07T09:29:45Z</time>
   </trkpt>
   <trkpt lat="49.7909840" lon="20.0056650">
    <ele>514.4</ele>
    <time>2025-09-07T09:29:46Z</time>
   </trkpt>
   <trkpt lat="49.7909720" lon="20.0056470">
    <ele>514.6</ele>
    <time>2025-09-07T09:29:47Z</time>
   </trkpt>
   <trkpt lat="49.7909600" lon="20.0056280">
    <ele>514.8</ele>
    <time>2025-09-07T09:29:48Z</time>
   </trkpt>
   <trkpt lat="49.7909470" lon="20.0056060">
    <ele>515.2</ele>
    <time>2025-09-07T09:29:49Z</time>
   </trkpt>
   <trkpt lat="49.7909360" lon="20.0055810">
    <ele>515.6</ele>
    <time>2025-09-07T09:29:50Z</time>
   </trkpt>
   <trkpt lat="49.7909210" lon="20.0055580">
    <ele>515.6</ele>
    <time>2025-09-07T09:29:51Z</time>
   </trkpt>
   <trkpt lat="49.7909070" lon="20.0055340">
    <ele>515.8</ele>
    <time>2025-09-07T09:29:52Z</time>
   </trkpt>
   <trkpt lat="49.7908950" lon="20.0055070">
    <ele>516.0</ele>
    <time>2025-09-07T09:29:53Z</time>
   </trkpt>
   <trkpt lat="49.7908810" lon="20.0054810">
    <ele>516.4</ele>
    <time>2025-09-07T09:29:54Z</time>
   </trkpt>
   <trkpt lat="49.7908680" lon="20.0054570">
    <ele>516.8</ele>
    <time>2025-09-07T09:29:55Z</time>
   </trkpt>
   <trkpt lat="49.7908560" lon="20.0054310">
    <ele>517.2</ele>
    <time>2025-09-07T09:29:56Z</time>
   </trkpt>
   <trkpt lat="49.7908440" lon="20.0054030">
    <ele>517.4</ele>
    <time>2025-09-07T09:29:57Z</time>
   </trkpt>
   <trkpt lat="49.7908350" lon="20.0053720">
    <ele>517.8</ele>
    <time>2025-09-07T09:29:58Z</time>
   </trkpt>
   <trkpt lat="49.7908250" lon="20.0053460">
    <ele>518.0</ele>
    <time>2025-09-07T09:29:59Z</time>
   </trkpt>
   <trkpt lat="49.7908160" lon="20.0053190">
    <ele>518.0</ele>
    <time>2025-09-07T09:30:00Z</time>
   </trkpt>
   <trkpt lat="49.7908080" lon="20.0052920">
    <ele>518.6</ele>
    <time>2025-09-07T09:30:01Z</time>
   </trkpt>
   <trkpt lat="49.7908000" lon="20.0052630">
    <ele>519.0</ele>
    <time>2025-09-07T09:30:02Z</time>
   </trkpt>
   <trkpt lat="49.7907930" lon="20.0052340">
    <ele>519.2</ele>
    <time>2025-09-07T09:30:03Z</time>
   </trkpt>
   <trkpt lat="49.7907880" lon="20.0052040">
    <ele>519.6</ele>
    <time>2025-09-07T09:30:04Z</time>
   </trkpt>
   <trkpt lat="49.7907840" lon="20.0051750">
    <ele>520.0</ele>
    <time>2025-09-07T09:30:05Z</time>
   </trkpt>
   <trkpt lat="49.7907790" lon="20.0051420">
    <ele>520.2</ele>
    <time>2025-09-07T09:30:06Z</time>
   </trkpt>
   <trkpt lat="49.7907750" lon="20.0051110">
    <ele>520.8</ele>
    <time>2025-09-07T09:30:07Z</time>
   </trkpt>
   <trkpt lat="49.7907720" lon="20.0050800">
    <ele>521.0</ele>
    <time>2025-09-07T09:30:08Z</time>
   </trkpt>
   <trkpt lat="49.7907670" lon="20.0050500">
    <ele>521.2</ele>
    <time>2025-09-07T09:30:09Z</time>
   </trkpt>
   <trkpt lat="49.7907630" lon="20.0050180">
    <ele>521.6</ele>
    <time>2025-09-07T09:30:10Z</time>
   </trkpt>
   <trkpt lat="49.7907590" lon="20.0049890">
    <ele>521.8</ele>
    <time>2025-09-07T09:30:11Z</time>
   </trkpt>
   <trkpt lat="49.7907530" lon="20.0049620">
    <ele>522.2</ele>
    <time>2025-09-07T09:30:12Z</time>
   </trkpt>
   <trkpt lat="49.7907460" lon="20.0049330">
    <ele>522.6</ele>
    <time>2025-09-07T09:30:13Z</time>
   </trkpt>
   <trkpt lat="49.7907400" lon="20.0049020">
    <ele>522.8</ele>
    <time>2025-09-07T09:30:14Z</time>
   </trkpt>
   <trkpt lat="49.7907360" lon="20.0048700">
    <ele>523.2</ele>
    <time>2025-09-07T09:30:15Z</time>
   </trkpt>
   <trkpt lat="49.7907290" lon="20.0048420">
    <ele>523.2</ele>
    <time>2025-09-07T09:30:16Z</time>
   </trkpt>
   <trkpt lat="49.7907210" lon="20.0048150">
    <ele>523.6</ele>
    <time>2025-09-07T09:30:17Z</time>
   </trkpt>
   <trkpt lat="49.7907110" lon="20.0047890">
    <ele>523.8</ele>
    <time>2025-09-07T09:30:18Z</time>
   </trkpt>
   <trkpt lat="49.7907020" lon="20.0047640">
    <ele>524.0</ele>
    <time>2025-09-07T09:30:19Z</time>
   </trkpt>
   <trkpt lat="49.7906940" lon="20.0047360">
    <ele>524.4</ele>
    <time>2025-09-07T09:30:20Z</time>
   </trkpt>
   <trkpt lat="49.7906850" lon="20.0047070">
    <ele>524.6</ele>
    <time>2025-09-07T09:30:21Z</time>
   </trkpt>
   <trkpt lat="49.7906760" lon="20.0046780">
    <ele>524.8</ele>
    <time>2025-09-07T09:30:22Z</time>
   </trkpt>
   <trkpt lat="49.7906670" lon="20.0046490">
    <ele>525.0</ele>
    <time>2025-09-07T09:30:23Z</time>
   </trkpt>
   <trkpt lat="49.7906590" lon="20.0046210">
    <ele>525.2</ele>
    <time>2025-09-07T09:30:24Z</time>
   </trkpt>
   <trkpt lat="49.7906490" lon="20.0045920">
    <ele>525.6</ele>
    <time>2025-09-07T09:30:25Z</time>
   </trkpt>
   <trkpt lat="49.7906410" lon="20.0045660">
    <ele>525.8</ele>
    <time>2025-09-07T09:30:26Z</time>
   </trkpt>
   <trkpt lat="49.7906320" lon="20.0045380">
    <ele>526.0</ele>
    <time>2025-09-07T09:30:27Z</time>
   </trkpt>
   <trkpt lat="49.7906210" lon="20.0045110">
    <ele>526.4</ele>
    <time>2025-09-07T09:30:28Z</time>
   </trkpt>
   <trkpt lat="49.7906120" lon="20.0044820">
    <ele>526.6</ele>
    <time>2025-09-07T09:30:29Z</time>
   </trkpt>
   <trkpt lat="49.7906030" lon="20.0044510">
    <ele>527.0</ele>
    <time>2025-09-07T09:30:30Z</time>
   </trkpt>
   <trkpt lat="49.7905940" lon="20.0044240">
    <ele>527.2</ele>
    <time>2025-09-07T09:30:31Z</time>
   </trkpt>
   <trkpt lat="49.7905830" lon="20.0043960">
    <ele>527.6</ele>
    <time>2025-09-07T09:30:32Z</time>
   </trkpt>
   <trkpt lat="49.7905730" lon="20.0043680">
    <ele>527.8</ele>
    <time>2025-09-07T09:30:33Z</time>
   </trkpt>
   <trkpt lat="49.7905630" lon="20.0043410">
    <ele>527.8</ele>
    <time>2025-09-07T09:30:34Z</time>
   </trkpt>
   <trkpt lat="49.7905540" lon="20.0043100">
    <ele>528.2</ele>
    <time>2025-09-07T09:30:35Z</time>
   </trkpt>
   <trkpt lat="49.7905460" lon="20.0042820">
    <ele>528.4</ele>
    <time>2025-09-07T09:30:36Z</time>
   </trkpt>
   <trkpt lat="49.7905370" lon="20.0042560">
    <ele>528.8</ele>
    <time>2025-09-07T09:30:37Z</time>
   </trkpt>
   <trkpt lat="49.7905280" lon="20.0042320">
    <ele>529.0</ele>
    <time>2025-09-07T09:30:38Z</time>
   </trkpt>
   <trkpt lat="49.7905160" lon="20.0042070">
    <ele>529.2</ele>
    <time>2025-09-07T09:30:39Z</time>
   </trkpt>
   <trkpt lat="49.7905040" lon="20.0041830">
    <ele>529.6</ele>
    <time>2025-09-07T09:30:40Z</time>
   </trkpt>
   <trkpt lat="49.7904900" lon="20.0041560">
    <ele>530.0</ele>
    <time>2025-09-07T09:30:41Z</time>
   </trkpt>
   <trkpt lat="49.7904780" lon="20.0041320">
    <ele>530.2</ele>
    <time>2025-09-07T09:30:42Z</time>
   </trkpt>
   <trkpt lat="49.7904670" lon="20.0041090">
    <ele>530.6</ele>
    <time>2025-09-07T09:30:43Z</time>
   </trkpt>
   <trkpt lat="49.7904560" lon="20.0040840">
    <ele>530.8</ele>
    <time>2025-09-07T09:30:44Z</time>
   </trkpt>
   <trkpt lat="49.7904430" lon="20.0040590">
    <ele>531.0</ele>
    <time>2025-09-07T09:30:45Z</time>
   </trkpt>
   <trkpt lat="49.7904300" lon="20.0040360">
    <ele>531.2</ele>
    <time>2025-09-07T09:30:46Z</time>
   </trkpt>
   <trkpt lat="49.7904160" lon="20.0040140">
    <ele>531.6</ele>
    <time>2025-09-07T09:30:47Z</time>
   </trkpt>
   <trkpt lat="49.7904020" lon="20.0039880">
    <ele>531.8</ele>
    <time>2025-09-07T09:30:48Z</time>
   </trkpt>
   <trkpt lat="49.7903890" lon="20.0039630">
    <ele>532.0</ele>
    <time>2025-09-07T09:30:49Z</time>
   </trkpt>
   <trkpt lat="49.7903760" lon="20.0039410">
    <ele>532.4</ele>
    <time>2025-09-07T09:30:50Z</time>
   </trkpt>
   <trkpt lat="49.7903630" lon="20.0039210">
    <ele>532.8</ele>
    <time>2025-09-07T09:30:51Z</time>
   </trkpt>
   <trkpt lat="49.7903500" lon="20.0038990">
    <ele>533.0</ele>
    <time>2025-09-07T09:30:52Z</time>
   </trkpt>
   <trkpt lat="49.7903370" lon="20.0038760">
    <ele>533.2</ele>
    <time>2025-09-07T09:30:53Z</time>
   </trkpt>
   <trkpt lat="49.7903250" lon="20.0038530">
    <ele>533.6</ele>
    <time>2025-09-07T09:30:54Z</time>
   </trkpt>
   <trkpt lat="49.7903110" lon="20.0038290">
    <ele>534.0</ele>
    <time>2025-09-07T09:30:55Z</time>
   </trkpt>
   <trkpt lat="49.7902980" lon="20.0038060">
    <ele>534.2</ele>
    <time>2025-09-07T09:30:56Z</time>
   </trkpt>
   <trkpt lat="49.7902860" lon="20.0037900">
    <ele>534.6</ele>
    <time>2025-09-07T09:30:57Z</time>
   </trkpt>
   <trkpt lat="49.7902740" lon="20.0037690">
    <ele>535.0</ele>
    <time>2025-09-07T09:30:58Z</time>
   </trkpt>
   <trkpt lat="49.7902610" lon="20.0037470">
    <ele>535.4</ele>
    <time>2025-09-07T09:30:59Z</time>
   </trkpt>
   <trkpt lat="49.7902490" lon="20.0037200">
    <ele>535.8</ele>
    <time>2025-09-07T09:31:00Z</time>
   </trkpt>
   <trkpt lat="49.7902380" lon="20.0036920">
    <ele>536.0</ele>
    <time>2025-09-07T09:31:01Z</time>
   </trkpt>
   <trkpt lat="49.7902250" lon="20.0036690">
    <ele>536.4</ele>
    <time>2025-09-07T09:31:02Z</time>
   </trkpt>
   <trkpt lat="49.7902110" lon="20.0036480">
    <ele>536.6</ele>
    <time>2025-09-07T09:31:03Z</time>
   </trkpt>
   <trkpt lat="49.7902000" lon="20.0036240">
    <ele>537.0</ele>
    <time>2025-09-07T09:31:04Z</time>
   </trkpt>
   <trkpt lat="49.7901900" lon="20.0036030">
    <ele>537.2</ele>
    <time>2025-09-07T09:31:05Z</time>
   </trkpt>
   <trkpt lat="49.7901770" lon="20.0035830">
    <ele>537.6</ele>
    <time>2025-09-07T09:31:06Z</time>
   </trkpt>
   <trkpt lat="49.7901610" lon="20.0035630">
    <ele>538.0</ele>
    <time>2025-09-07T09:31:07Z</time>
   </trkpt>
   <trkpt lat="49.7901470" lon="20.0035440">
    <ele>538.2</ele>
    <time>2025-09-07T09:31:08Z</time>
   </trkpt>
   <trkpt lat="49.7901340" lon="20.0035250">
    <ele>538.4</ele>
    <time>2025-09-07T09:31:09Z</time>
   </trkpt>
   <trkpt lat="49.7901220" lon="20.0035060">
    <ele>538.8</ele>
    <time>2025-09-07T09:31:10Z</time>
   </trkpt>
   <trkpt lat="49.7901100" lon="20.0034850">
    <ele>539.2</ele>
    <time>2025-09-07T09:31:11Z</time>
   </trkpt>
   <trkpt lat="49.7900950" lon="20.0034640">
    <ele>539.6</ele>
    <time>2025-09-07T09:31:12Z</time>
   </trkpt>
   <trkpt lat="49.7900790" lon="20.0034400">
    <ele>540.0</ele>
    <time>2025-09-07T09:31:13Z</time>
   </trkpt>
   <trkpt lat="49.7900630" lon="20.0034170">
    <ele>540.2</ele>
    <time>2025-09-07T09:31:14Z</time>
   </trkpt>
   <trkpt lat="49.7900470" lon="20.0033980">
    <ele>541.0</ele>
    <time>2025-09-07T09:31:15Z</time>
   </trkpt>
   <trkpt lat="49.7900300" lon="20.0033840">
    <ele>541.2</ele>
    <time>2025-09-07T09:31:16Z</time>
   </trkpt>
   <trkpt lat="49.7900100" lon="20.0033720">
    <ele>541.4</ele>
    <time>2025-09-07T09:31:17Z</time>
   </trkpt>
   <trkpt lat="49.7899910" lon="20.0033580">
    <ele>541.6</ele>
    <time>2025-09-07T09:31:18Z</time>
   </trkpt>
   <trkpt lat="49.7899740" lon="20.0033450">
    <ele>541.8</ele>
    <time>2025-09-07T09:31:19Z</time>
   </trkpt>
   <trkpt lat="49.7899580" lon="20.0033350">
    <ele>542.4</ele>
    <time>2025-09-07T09:31:20Z</time>
   </trkpt>
   <trkpt lat="49.7899400" lon="20.0033280">
    <ele>542.4</ele>
    <time>2025-09-07T09:31:21Z</time>
   </trkpt>
   <trkpt lat="49.7899200" lon="20.0033230">
    <ele>542.6</ele>
    <time>2025-09-07T09:31:22Z</time>
   </trkpt>
   <trkpt lat="49.7899010" lon="20.0033150">
    <ele>543.0</ele>
    <time>2025-09-07T09:31:23Z</time>
   </trkpt>
   <trkpt lat="49.7898830" lon="20.0033080">
    <ele>543.2</ele>
    <time>2025-09-07T09:31:24Z</time>
   </trkpt>
   <trkpt lat="49.7898660" lon="20.0033010">
    <ele>543.6</ele>
    <time>2025-09-07T09:31:25Z</time>
   </trkpt>
   <trkpt lat="49.7898500" lon="20.0032920">
    <ele>543.8</ele>
    <time>2025-09-07T09:31:26Z</time>
   </trkpt>
   <trkpt lat="49.7898310" lon="20.0032830">
    <ele>544.2</ele>
    <time>2025-09-07T09:31:27Z</time>
   </trkpt>
   <trkpt lat="49.7898110" lon="20.0032740">
    <ele>544.4</ele>
    <time>2025-09-07T09:31:28Z</time>
   </trkpt>
   <trkpt lat="49.7897920" lon="20.0032660">
    <ele>544.6</ele>
    <time>2025-09-07T09:31:29Z</time>
   </trkpt>
   <trkpt lat="49.7897730" lon="20.0032570">
    <ele>545.0</ele>
    <time>2025-09-07T09:31:30Z</time>
   </trkpt>
   <trkpt lat="49.7897550" lon="20.0032460">
    <ele>545.2</ele>
    <time>2025-09-07T09:31:31Z</time>
   </trkpt>
   <trkpt lat="49.7897350" lon="20.0032330">
    <ele>545.6</ele>
    <time>2025-09-07T09:31:32Z</time>
   </trkpt>
   <trkpt lat="49.7897170" lon="20.0032250">
    <ele>545.8</ele>
    <time>2025-09-07T09:31:33Z</time>
   </trkpt>
   <trkpt lat="49.7897000" lon="20.0032170">
    <ele>546.0</ele>
    <time>2025-09-07T09:31:34Z</time>
   </trkpt>
   <trkpt lat="49.7896830" lon="20.0032060">
    <ele>546.4</ele>
    <time>2025-09-07T09:31:35Z</time>
   </trkpt>
   <trkpt lat="49.7896640" lon="20.0031920">
    <ele>546.8</ele>
    <time>2025-09-07T09:31:36Z</time>
   </trkpt>
   <trkpt lat="49.7896460" lon="20.0031780">
    <ele>547.2</ele>
    <time>2025-09-07T09:31:37Z</time>
   </trkpt>
   <trkpt lat="49.7896290" lon="20.0031640">
    <ele>547.6</ele>
    <time>2025-09-07T09:31:38Z</time>
   </trkpt>
   <trkpt lat="49.7896140" lon="20.0031450">
    <ele>548.0</ele>
    <time>2025-09-07T09:31:39Z</time>
   </trkpt>
   <trkpt lat="49.7896030" lon="20.0031220">
    <ele>548.2</ele>
    <time>2025-09-07T09:31:40Z</time>
   </trkpt>
   <trkpt lat="49.7895950" lon="20.0030940">
    <ele>548.6</ele>
    <time>2025-09-07T09:31:41Z</time>
   </trkpt>
   <trkpt lat="49.7895910" lon="20.0030610">
    <ele>549.2</ele>
    <time>2025-09-07T09:31:42Z</time>
   </trkpt>
   <trkpt lat="49.7895890" lon="20.0030260">
    <ele>549.2</ele>
    <time>2025-09-07T09:31:43Z</time>
   </trkpt>
   <trkpt lat="49.7895920" lon="20.0029950">
    <ele>549.8</ele>
    <time>2025-09-07T09:31:44Z</time>
   </trkpt>
   <trkpt lat="49.7896000" lon="20.0029670">
    <ele>550.2</ele>
    <time>2025-09-07T09:31:45Z</time>
   </trkpt>
   <trkpt lat="49.7896090" lon="20.0029420">
    <ele>550.4</ele>
    <time>2025-09-07T09:31:46Z</time>
   </trkpt>
   <trkpt lat="49.7896170" lon="20.0029130">
    <ele>550.8</ele>
    <time>2025-09-07T09:31:47Z</time>
   </trkpt>
   <trkpt lat="49.7896260" lon="20.0028820">
    <ele>550.8</ele>
    <time>2025-09-07T09:31:48Z</time>
   </trkpt>
   <trkpt lat="49.7896360" lon="20.0028540">
    <ele>550.8</ele>
    <time>2025-09-07T09:31:49Z</time>
   </trkpt>
   <trkpt lat="49.7896460" lon="20.0028270">
    <ele>551.0</ele>
    <time>2025-09-07T09:31:50Z</time>
   </trkpt>
   <trkpt lat="49.7896560" lon="20.0028010">
    <ele>551.4</ele>
    <time>2025-09-07T09:31:51Z</time>
   </trkpt>
   <trkpt lat="49.7896640" lon="20.0027730">
    <ele>551.6</ele>
    <time>2025-09-07T09:31:52Z</time>
   </trkpt>
   <trkpt lat="49.7896750" lon="20.0027440">
    <ele>551.8</ele>
    <time>2025-09-07T09:31:53Z</time>
   </trkpt>
   <trkpt lat="49.7896870" lon="20.0027140">
    <ele>552.2</ele>
    <time>2025-09-07T09:31:54Z</time>
   </trkpt>
   <trkpt lat="49.7896980" lon="20.0026860">
    <ele>552.4</ele>
    <time>2025-09-07T09:31:55Z</time>
   </trkpt>
   <trkpt lat="49.7897080" lon="20.0026570">
    <ele>552.6</ele>
    <time>2025-09-07T09:31:56Z</time>
   </trkpt>
   <trkpt lat="49.7897180" lon="20.0026300">
    <ele>553.0</ele>
    <time>2025-09-07T09:31:57Z</time>
   </trkpt>
   <trkpt lat="49.7897290" lon="20.0026050">
    <ele>553.2</ele>
    <time>2025-09-07T09:31:58Z</time>
   </trkpt>
   <trkpt lat="49.7897400" lon="20.0025780">
    <ele>553.6</ele>
    <time>2025-09-07T09:31:59Z</time>
   </trkpt>
   <trkpt lat="49.7897490" lon="20.0025500">
    <ele>553.8</ele>
    <time>2025-09-07T09:32:00Z</time>
   </trkpt>
   <trkpt lat="49.7897600" lon="20.0025220">
    <ele>554.0</ele>
    <time>2025-09-07T09:32:01Z</time>
   </trkpt>
   <trkpt lat="49.7897730" lon="20.0024920">
    <ele>554.4</ele>
    <time>2025-09-07T09:32:02Z</time>
   </trkpt>
   <trkpt lat="49.7897860" lon="20.0024630">
    <ele>554.6</ele>
    <time>2025-09-07T09:32:03Z</time>
   </trkpt>
   <trkpt lat="49.7897970" lon="20.0024330">
    <ele>554.8</ele>
    <time>2025-09-07T09:32:04Z</time>
   </trkpt>
   <trkpt lat="49.7898080" lon="20.0024020">
    <ele>555.0</ele>
    <time>2025-09-07T09:32:05Z</time>
   </trkpt>
   <trkpt lat="49.7898190" lon="20.0023710">
    <ele>555.2</ele>
    <time>2025-09-07T09:32:06Z</time>
   </trkpt>
   <trkpt lat="49.7898300" lon="20.0023360">
    <ele>555.4</ele>
    <time>2025-09-07T09:32:07Z</time>
   </trkpt>
   <trkpt lat="49.7898420" lon="20.0023030">
    <ele>555.6</ele>
    <time>2025-09-07T09:32:08Z</time>
   </trkpt>
   <trkpt lat="49.7898530" lon="20.0022720">
    <ele>555.6</ele>
    <time>2025-09-07T09:32:09Z</time>
   </trkpt>
   <trkpt lat="49.7898650" lon="20.0022390">
    <ele>555.6</ele>
    <time>2025-09-07T09:32:10Z</time>
   </trkpt>
   <trkpt lat="49.7898760" lon="20.0022070">
    <ele>555.8</ele>
    <time>2025-09-07T09:32:11Z</time>
   </trkpt>
   <trkpt lat="49.7898850" lon="20.0021730">
    <ele>556.0</ele>
    <time>2025-09-07T09:32:12Z</time>
   </trkpt>
   <trkpt lat="49.7898960" lon="20.0021400">
    <ele>556.0</ele>
    <time>2025-09-07T09:32:13Z</time>
   </trkpt>
   <trkpt lat="49.7899070" lon="20.0021070">
    <ele>556.0</ele>
    <time>2025-09-07T09:32:14Z</time>
   </trkpt>
   <trkpt lat="49.7899180" lon="20.0020730">
    <ele>556.0</ele>
    <time>2025-09-07T09:32:15Z</time>
   </trkpt>
   <trkpt lat="49.7899300" lon="20.0020350">
    <ele>556.0</ele>
    <time>2025-09-07T09:32:16Z</time>
   </trkpt>
   <trkpt lat="49.7899420" lon="20.0019950">
    <ele>556.0</ele>
    <time>2025-09-07T09:32:17Z</time>
   </trkpt>
   <trkpt lat="49.7899570" lon="20.0019570">
    <ele>556.0</ele>
    <time>2025-09-07T09:32:18Z</time>
   </trkpt>
   <trkpt lat="49.7899740" lon="20.0019230">
    <ele>556.0</ele>
    <time>2025-09-07T09:32:19Z</time>
   </trkpt>
   <trkpt lat="49.7899920" lon="20.0018850">
    <ele>556.0</ele>
    <time>2025-09-07T09:32:20Z</time>
   </trkpt>
   <trkpt lat="49.7900090" lon="20.0018440">
    <ele>556.2</ele>
    <time>2025-09-07T09:32:21Z</time>
   </trkpt>
   <trkpt lat="49.7900260" lon="20.0018000">
    <ele>556.2</ele>
    <time>2025-09-07T09:32:22Z</time>
   </trkpt>
   <trkpt lat="49.7900460" lon="20.0017590">
    <ele>556.2</ele>
    <time>2025-09-07T09:32:23Z</time>
   </trkpt>
   <trkpt lat="49.7900580" lon="20.0017180">
    <ele>556.2</ele>
    <time>2025-09-07T09:32:24Z</time>
   </trkpt>
   <trkpt lat="49.7900720" lon="20.0016750">
    <ele>556.2</ele>
    <time>2025-09-07T09:32:25Z</time>
   </trkpt>
   <trkpt lat="49.7900880" lon="20.0016300">
    <ele>556.2</ele>
    <time>2025-09-07T09:32:26Z</time>
   </trkpt>
   <trkpt lat="49.7901030" lon="20.0015860">
    <ele>556.2</ele>
    <time>2025-09-07T09:32:27Z</time>
   </trkpt>
   <trkpt lat="49.7901170" lon="20.0015420">
    <ele>556.0</ele>
    <time>2025-09-07T09:32:28Z</time>
   </trkpt>
   <trkpt lat="49.7901270" lon="20.0015000">
    <ele>556.2</ele>
    <time>2025-09-07T09:32:29Z</time>
   </trkpt>
   <trkpt lat="49.7901640" lon="20.0013640">
    <ele>556.4</ele>
    <time>2025-09-07T09:32:32Z</time>
   </trkpt>
   <trkpt lat="49.7902240" lon="20.0011670">
    <ele>556.6</ele>
    <time>2025-09-07T09:32:36Z</time>
   </trkpt>
   <trkpt lat="49.7902370" lon="20.0011150">
    <ele>556.6</ele>
    <time>2025-09-07T09:32:37Z</time>
   </trkpt>
   <trkpt lat="49.7902610" lon="20.0010140">
    <ele>556.6</ele>
    <time>2025-09-07T09:32:39Z</time>
   </trkpt>
   <trkpt lat="49.7902720" lon="20.0009620">
    <ele>556.6</ele>
    <time>2025-09-07T09:32:40Z</time>
   </trkpt>
   <trkpt lat="49.7902970" lon="20.0008580">
    <ele>556.4</ele>
    <time>2025-09-07T09:32:42Z</time>
   </trkpt>
   <trkpt lat="49.7903100" lon="20.0008070">
    <ele>556.6</ele>
    <time>2025-09-07T09:32:43Z</time>
   </trkpt>
   <trkpt lat="49.7903360" lon="20.0007100">
    <ele>556.6</ele>
    <time>2025-09-07T09:32:45Z</time>
   </trkpt>
   <trkpt lat="49.7903470" lon="20.0006610">
    <ele>556.8</ele>
    <time>2025-09-07T09:32:46Z</time>
   </trkpt>
   <trkpt lat="49.7903550" lon="20.0006210">
    <ele>556.8</ele>
    <time>2025-09-07T09:32:47Z</time>
   </trkpt>
   <trkpt lat="49.7903700" lon="20.0005670">
    <ele>557.0</ele>
    <time>2025-09-07T09:32:48Z</time>
   </trkpt>
   <trkpt lat="49.7903810" lon="20.0005240">
    <ele>557.0</ele>
    <time>2025-09-07T09:32:49Z</time>
   </trkpt>
   <trkpt lat="49.7903890" lon="20.0004910">
    <ele>557.0</ele>
    <time>2025-09-07T09:32:50Z</time>
   </trkpt>
   <trkpt lat="49.7904150" lon="20.0003560">
    <ele>558.0</ele>
    <time>2025-09-07T09:32:53Z</time>
   </trkpt>
   <trkpt lat="49.7904230" lon="20.0003220">
    <ele>558.4</ele>
    <time>2025-09-07T09:32:54Z</time>
   </trkpt>
   <trkpt lat="49.7904330" lon="20.0002700">
    <ele>558.4</ele>
    <time>2025-09-07T09:32:55Z</time>
   </trkpt>
   <trkpt lat="49.7904430" lon="20.0001860">
    <ele>559.0</ele>
    <time>2025-09-07T09:32:57Z</time>
   </trkpt>
   <trkpt lat="49.7904500" lon="20.0001430">
    <ele>559.2</ele>
    <time>2025-09-07T09:32:58Z</time>
   </trkpt>
   <trkpt lat="49.7904630" lon="20.0000570">
    <ele>559.6</ele>
    <time>2025-09-07T09:33:00Z</time>
   </trkpt>
   <trkpt lat="49.7904720" lon="20.0000110">
    <ele>559.8</ele>
    <time>2025-09-07T09:33:01Z</time>
   </trkpt>
   <trkpt lat="49.7904830" lon="19.9999670">
    <ele>559.8</ele>
    <time>2025-09-07T09:33:02Z</time>
   </trkpt>
   <trkpt lat="49.7904960" lon="19.9999280">
    <ele>559.8</ele>
    <time>2025-09-07T09:33:03Z</time>
   </trkpt>
   <trkpt lat="49.7905060" lon="19.9998870">
    <ele>559.8</ele>
    <time>2025-09-07T09:33:04Z</time>
   </trkpt>
   <trkpt lat="49.7905150" lon="19.9998430">
    <ele>560.0</ele>
    <time>2025-09-07T09:33:05Z</time>
   </trkpt>
   <trkpt lat="49.7905250" lon="19.9998000">
    <ele>560.0</ele>
    <time>2025-09-07T09:33:06Z</time>
   </trkpt>
   <trkpt lat="49.7905350" lon="19.9997560">
    <ele>560.0</ele>
    <time>2025-09-07T09:33:07Z</time>
   </trkpt>
   <trkpt lat="49.7905450" lon="19.9997140">
    <ele>560.2</ele>
    <time>2025-09-07T09:33:08Z</time>
   </trkpt>
   <trkpt lat="49.7905560" lon="19.9996760">
    <ele>560.2</ele>
    <time>2025-09-07T09:33:09Z</time>
   </trkpt>
   <trkpt lat="49.7905650" lon="19.9996400">
    <ele>560.4</ele>
    <time>2025-09-07T09:33:10Z</time>
   </trkpt>
   <trkpt lat="49.7905740" lon="19.9996040">
    <ele>560.6</ele>
    <time>2025-09-07T09:33:11Z</time>
   </trkpt>
   <trkpt lat="49.7905840" lon="19.9995660">
    <ele>560.8</ele>
    <time>2025-09-07T09:33:12Z</time>
   </trkpt>
   <trkpt lat="49.7905960" lon="19.9995250">
    <ele>560.8</ele>
    <time>2025-09-07T09:33:13Z</time>
   </trkpt>
   <trkpt lat="49.7906060" lon="19.9994820">
    <ele>560.8</ele>
    <time>2025-09-07T09:33:14Z</time>
   </trkpt>
   <trkpt lat="49.7906150" lon="19.9994390">
    <ele>561.0</ele>
    <time>2025-09-07T09:33:15Z</time>
   </trkpt>
   <trkpt lat="49.7906260" lon="19.9993960">
    <ele>561.0</ele>
    <time>2025-09-07T09:33:16Z</time>
   </trkpt>
   <trkpt lat="49.7906350" lon="19.9993500">
    <ele>561.0</ele>
    <time>2025-09-07T09:33:17Z</time>
   </trkpt>
   <trkpt lat="49.7906410" lon="19.9993070">
    <ele>561.0</ele>
    <time>2025-09-07T09:33:18Z</time>
   </trkpt>
   <trkpt lat="49.7906490" lon="19.9992670">
    <ele>561.0</ele>
    <time>2025-09-07T09:33:19Z</time>
   </trkpt>
   <trkpt lat="49.7906510" lon="19.9992280">
    <ele>561.2</ele>
    <time>2025-09-07T09:33:20Z</time>
   </trkpt>
   <trkpt lat="49.7906480" lon="19.9991920">
    <ele>561.2</ele>
    <time>2025-09-07T09:33:21Z</time>
   </trkpt>
   <trkpt lat="49.7906420" lon="19.9991580">
    <ele>561.2</ele>
    <time>2025-09-07T09:33:22Z</time>
   </trkpt>
   <trkpt lat="49.7906320" lon="19.9991170">
    <ele>561.2</ele>
    <time>2025-09-07T09:33:23Z</time>
   </trkpt>
   <trkpt lat="49.7906310" lon="19.9990620">
    <ele>561.2</ele>
    <time>2025-09-07T09:33:24Z</time>
   </trkpt>
   <trkpt lat="49.7906560" lon="19.9989490">
    <ele>561.0</ele>
    <time>2025-09-07T09:33:26Z</time>
   </trkpt>
   <trkpt lat="49.7906750" lon="19.9988920">
    <ele>560.6</ele>
    <time>2025-09-07T09:33:27Z</time>
   </trkpt>
   <trkpt lat="49.7906960" lon="19.9988360">
    <ele>560.4</ele>
    <time>2025-09-07T09:33:28Z</time>
   </trkpt>
   <trkpt lat="49.7907240" lon="19.9987860">
    <ele>560.2</ele>
    <time>2025-09-07T09:33:29Z</time>
   </trkpt>
   <trkpt lat="49.7907940" lon="19.9986800">
    <ele>559.6</ele>
    <time>2025-09-07T09:33:31Z</time>
   </trkpt>
   <trkpt lat="49.7908310" lon="19.9986320">
    <ele>559.0</ele>
    <time>2025-09-07T09:33:32Z</time>
   </trkpt>
   <trkpt lat="49.7909100" lon="19.9985330">
    <ele>558.0</ele>
    <time>2025-09-07T09:33:34Z</time>
   </trkpt>
   <trkpt lat="49.7910390" lon="19.9983800">
    <ele>557.2</ele>
    <time>2025-09-07T09:33:37Z</time>
   </trkpt>
   <trkpt lat="49.7911300" lon="19.9982730">
    <ele>556.6</ele>
    <time>2025-09-07T09:33:39Z</time>
   </trkpt>
   <trkpt lat="49.7912020" lon="19.9981650">
    <ele>556.2</ele>
    <time>2025-09-07T09:33:41Z</time>
   </trkpt>
   <trkpt lat="49.7912340" lon="19.9981180">
    <ele>556.0</ele>
    <time>2025-09-07T09:33:42Z</time>
   </trkpt>
   <trkpt lat="49.7912710" lon="19.9980760">
    <ele>555.6</ele>
    <time>2025-09-07T09:33:43Z</time>
   </trkpt>
   <trkpt lat="49.7913140" lon="19.9980350">
    <ele>555.2</ele>
    <time>2025-09-07T09:33:44Z</time>
   </trkpt>
   <trkpt lat="49.7913620" lon="19.9979930">
    <ele>555.2</ele>
    <time>2025-09-07T09:33:45Z</time>
   </trkpt>
   <trkpt lat="49.7914100" lon="19.9979590">
    <ele>555.0</ele>
    <time>2025-09-07T09:33:46Z</time>
   </trkpt>
   <trkpt lat="49.7914550" lon="19.9979260">
    <ele>555.0</ele>
    <time>2025-09-07T09:33:47Z</time>
   </trkpt>
   <trkpt lat="49.7914940" lon="19.9978870">
    <ele>555.2</ele>
    <time>2025-09-07T09:33:48Z</time>
   </trkpt>
   <trkpt lat="49.7915310" lon="19.9978480">
    <ele>555.2</ele>
    <time>2025-09-07T09:33:49Z</time>
   </trkpt>
   <trkpt lat="49.7915680" lon="19.9978080">
    <ele>555.2</ele>
    <time>2025-09-07T09:33:50Z</time>
   </trkpt>
   <trkpt lat="49.7916090" lon="19.9977710">
    <ele>555.4</ele>
    <time>2025-09-07T09:33:51Z</time>
   </trkpt>
   <trkpt lat="49.7916970" lon="19.9977200">
    <ele>555.6</ele>
    <time>2025-09-07T09:33:53Z</time>
   </trkpt>
   <trkpt lat="49.7917400" lon="19.9976960">
    <ele>555.6</ele>
    <time>2025-09-07T09:33:54Z</time>
   </trkpt>
   <trkpt lat="49.7918310" lon="19.9976430">
    <ele>555.8</ele>
    <time>2025-09-07T09:33:56Z</time>
   </trkpt>
   <trkpt lat="49.7918770" lon="19.9976240">
    <ele>555.8</ele>
    <time>2025-09-07T09:33:57Z</time>
   </trkpt>
   <trkpt lat="49.7919230" lon="19.9976170">
    <ele>555.6</ele>
    <time>2025-09-07T09:33:58Z</time>
   </trkpt>
   <trkpt lat="49.7919680" lon="19.9976160">
    <ele>555.6</ele>
    <time>2025-09-07T09:33:59Z</time>
   </trkpt>
   <trkpt lat="49.7920130" lon="19.9976110">
    <ele>555.6</ele>
    <time>2025-09-07T09:34:00Z</time>
   </trkpt>
   <trkpt lat="49.7921480" lon="19.9975830">
    <ele>555.6</ele>
    <time>2025-09-07T09:34:03Z</time>
   </trkpt>
   <trkpt lat="49.7921900" lon="19.9975800">
    <ele>555.6</ele>
    <time>2025-09-07T09:34:04Z</time>
   </trkpt>
   <trkpt lat="49.7922280" lon="19.9975840">
    <ele>555.8</ele>
    <time>2025-09-07T09:34:05Z</time>
   </trkpt>
   <trkpt lat="49.7922620" lon="19.9975920">
    <ele>556.2</ele>
    <time>2025-09-07T09:34:06Z</time>
   </trkpt>
   <trkpt lat="49.7922960" lon="19.9975930">
    <ele>556.2</ele>
    <time>2025-09-07T09:34:07Z</time>
   </trkpt>
   <trkpt lat="49.7923260" lon="19.9975920">
    <ele>556.2</ele>
    <time>2025-09-07T09:34:08Z</time>
   </trkpt>
   <trkpt lat="49.7923560" lon="19.9975850">
    <ele>557.0</ele>
    <time>2025-09-07T09:34:09Z</time>
   </trkpt>
   <trkpt lat="49.7923830" lon="19.9975780">
    <ele>557.6</ele>
    <time>2025-09-07T09:34:10Z</time>
   </trkpt>
   <trkpt lat="49.7924110" lon="19.9975680">
    <ele>558.0</ele>
    <time>2025-09-07T09:34:11Z</time>
   </trkpt>
   <trkpt lat="49.7924380" lon="19.9975570">
    <ele>558.0</ele>
    <time>2025-09-07T09:34:12Z</time>
   </trkpt>
   <trkpt lat="49.7924650" lon="19.9975500">
    <ele>558.2</ele>
    <time>2025-09-07T09:34:13Z</time>
   </trkpt>
   <trkpt lat="49.7924930" lon="19.9975410">
    <ele>558.4</ele>
    <time>2025-09-07T09:34:14Z</time>
   </trkpt>
   <trkpt lat="49.7926040" lon="19.9974790">
    <ele>559.2</ele>
    <time>2025-09-07T09:34:18Z</time>
   </trkpt>
   <trkpt lat="49.7926320" lon="19.9974610">
    <ele>559.2</ele>
    <time>2025-09-07T09:34:19Z</time>
   </trkpt>
   <trkpt lat="49.7926610" lon="19.9974440">
    <ele>559.2</ele>
    <time>2025-09-07T09:34:20Z</time>
   </trkpt>
   <trkpt lat="49.7926870" lon="19.9974260">
    <ele>559.4</ele>
    <time>2025-09-07T09:34:21Z</time>
   </trkpt>
   <trkpt lat="49.7927120" lon="19.9974050">
    <ele>559.6</ele>
    <time>2025-09-07T09:34:22Z</time>
   </trkpt>
   <trkpt lat="49.7927360" lon="19.9973800">
    <ele>560.0</ele>
    <time>2025-09-07T09:34:23Z</time>
   </trkpt>
   <trkpt lat="49.7927570" lon="19.9973550">
    <ele>560.2</ele>
    <time>2025-09-07T09:34:24Z</time>
   </trkpt>
   <trkpt lat="49.7927770" lon="19.9973290">
    <ele>560.4</ele>
    <time>2025-09-07T09:34:25Z</time>
   </trkpt>
   <trkpt lat="49.7927960" lon="19.9972950">
    <ele>560.6</ele>
    <time>2025-09-07T09:34:26Z</time>
   </trkpt>
   <trkpt lat="49.7928140" lon="19.9972570">
    <ele>560.6</ele>
    <time>2025-09-07T09:34:27Z</time>
   </trkpt>
   <trkpt lat="49.7928290" lon="19.9972210">
    <ele>560.8</ele>
    <time>2025-09-07T09:34:28Z</time>
   </trkpt>
   <trkpt lat="49.7928440" lon="19.9971880">
    <ele>561.2</ele>
    <time>2025-09-07T09:34:29Z</time>
   </trkpt>
   <trkpt lat="49.7928590" lon="19.9971590">
    <ele>561.6</ele>
    <time>2025-09-07T09:34:30Z</time>
   </trkpt>
   <trkpt lat="49.7928740" lon="19.9971270">
    <ele>562.0</ele>
    <time>2025-09-07T09:34:31Z</time>
   </trkpt>
   <trkpt lat="49.7928920" lon="19.9970930">
    <ele>562.4</ele>
    <time>2025-09-07T09:34:32Z</time>
   </trkpt>
   <trkpt lat="49.7929100" lon="19.9970620">
    <ele>562.8</ele>
    <time>2025-09-07T09:34:33Z</time>
   </trkpt>
   <trkpt lat="49.7929260" lon="19.9970280">
    <ele>563.0</ele>
    <time>2025-09-07T09:34:34Z</time>
   </trkpt>
   <trkpt lat="49.7929320" lon="19.9969840">
    <ele>563.6</ele>
    <time>2025-09-07T09:34:35Z</time>
   </trkpt>
   <trkpt lat="49.7929390" lon="19.9969370">
    <ele>564.2</ele>
    <time>2025-09-07T09:34:36Z</time>
   </trkpt>
   <trkpt lat="49.7929510" lon="19.9968970">
    <ele>564.4</ele>
    <time>2025-09-07T09:34:37Z</time>
   </trkpt>
   <trkpt lat="49.7929630" lon="19.9968600">
    <ele>564.8</ele>
    <time>2025-09-07T09:34:38Z</time>
   </trkpt>
   <trkpt lat="49.7929760" lon="19.9968240">
    <ele>565.2</ele>
    <time>2025-09-07T09:34:39Z</time>
   </trkpt>
   <trkpt lat="49.7929890" lon="19.9967920">
    <ele>565.6</ele>
    <time>2025-09-07T09:34:40Z</time>
   </trkpt>
   <trkpt lat="49.7930020" lon="19.9967610">
    <ele>566.0</ele>
    <time>2025-09-07T09:34:41Z</time>
   </trkpt>
   <trkpt lat="49.7930190" lon="19.9967330">
    <ele>566.4</ele>
    <time>2025-09-07T09:34:42Z</time>
   </trkpt>
   <trkpt lat="49.7930330" lon="19.9967030">
    <ele>566.6</ele>
    <time>2025-09-07T09:34:43Z</time>
   </trkpt>
   <trkpt lat="49.7930460" lon="19.9966700">
    <ele>566.6</ele>
    <time>2025-09-07T09:34:44Z</time>
   </trkpt>
   <trkpt lat="49.7930620" lon="19.9966410">
    <ele>566.8</ele>
    <time>2025-09-07T09:34:45Z</time>
   </trkpt>
   <trkpt lat="49.7930810" lon="19.9966160">
    <ele>567.4</ele>
    <time>2025-09-07T09:34:46Z</time>
   </trkpt>
   <trkpt lat="49.7931000" lon="19.9965970">
    <ele>567.6</ele>
    <time>2025-09-07T09:34:47Z</time>
   </trkpt>
   <trkpt lat="49.7931200" lon="19.9965810">
    <ele>567.8</ele>
    <time>2025-09-07T09:34:48Z</time>
   </trkpt>
   <trkpt lat="49.7931450" lon="19.9965660">
    <ele>568.0</ele>
    <time>2025-09-07T09:34:49Z</time>
   </trkpt>
   <trkpt lat="49.7931700" lon="19.9965560">
    <ele>568.4</ele>
    <time>2025-09-07T09:34:50Z</time>
   </trkpt>
   <trkpt lat="49.7931950" lon="19.9965530">
    <ele>568.6</ele>
    <time>2025-09-07T09:34:51Z</time>
   </trkpt>
   <trkpt lat="49.7932170" lon="19.9965480">
    <ele>568.8</ele>
    <time>2025-09-07T09:34:52Z</time>
   </trkpt>
   <trkpt lat="49.7932370" lon="19.9965330">
    <ele>569.0</ele>
    <time>2025-09-07T09:34:53Z</time>
   </trkpt>
   <trkpt lat="49.7932560" lon="19.9965120">
    <ele>569.8</ele>
    <time>2025-09-07T09:34:54Z</time>
   </trkpt>
   <trkpt lat="49.7932770" lon="19.9964940">
    <ele>570.2</ele>
    <time>2025-09-07T09:34:55Z</time>
   </trkpt>
   <trkpt lat="49.7932970" lon="19.9964760">
    <ele>570.6</ele>
    <time>2025-09-07T09:34:56Z</time>
   </trkpt>
   <trkpt lat="49.7933160" lon="19.9964530">
    <ele>570.6</ele>
    <time>2025-09-07T09:34:57Z</time>
   </trkpt>
   <trkpt lat="49.7933330" lon="19.9964290">
    <ele>570.8</ele>
    <time>2025-09-07T09:34:58Z</time>
   </trkpt>
   <trkpt lat="49.7933510" lon="19.9964030">
    <ele>571.4</ele>
    <time>2025-09-07T09:34:59Z</time>
   </trkpt>
   <trkpt lat="49.7933650" lon="19.9963750">
    <ele>571.8</ele>
    <time>2025-09-07T09:35:00Z</time>
   </trkpt>
   <trkpt lat="49.7933820" lon="19.9963470">
    <ele>572.0</ele>
    <time>2025-09-07T09:35:01Z</time>
   </trkpt>
   <trkpt lat="49.7934020" lon="19.9963210">
    <ele>572.2</ele>
    <time>2025-09-07T09:35:02Z</time>
   </trkpt>
   <trkpt lat="49.7934180" lon="19.9962930">
    <ele>572.2</ele>
    <time>2025-09-07T09:35:03Z</time>
   </trkpt>
   <trkpt lat="49.7934300" lon="19.9962620">
    <ele>572.4</ele>
    <time>2025-09-07T09:35:04Z</time>
   </trkpt>
   <trkpt lat="49.7934390" lon="19.9962270">
    <ele>572.8</ele>
    <time>2025-09-07T09:35:05Z</time>
   </trkpt>
   <trkpt lat="49.7934480" lon="19.9961910">
    <ele>573.2</ele>
    <time>2025-09-07T09:35:06Z</time>
   </trkpt>
   <trkpt lat="49.7934580" lon="19.9961580">
    <ele>573.6</ele>
    <time>2025-09-07T09:35:07Z</time>
   </trkpt>
   <trkpt lat="49.7934690" lon="19.9961300">
    <ele>573.6</ele>
    <time>2025-09-07T09:35:08Z</time>
   </trkpt>
   <trkpt lat="49.7934800" lon="19.9961050">
    <ele>573.8</ele>
    <time>2025-09-07T09:35:09Z</time>
   </trkpt>
   <trkpt lat="49.7934940" lon="19.9960800">
    <ele>574.2</ele>
    <time>2025-09-07T09:35:10Z</time>
   </trkpt>
   <trkpt lat="49.7935120" lon="19.9960570">
    <ele>574.4</ele>
    <time>2025-09-07T09:35:11Z</time>
   </trkpt>
   <trkpt lat="49.7935290" lon="19.9960320">
    <ele>574.6</ele>
    <time>2025-09-07T09:35:12Z</time>
   </trkpt>
   <trkpt lat="49.7935430" lon="19.9960040">
    <ele>574.8</ele>
    <time>2025-09-07T09:35:13Z</time>
   </trkpt>
   <trkpt lat="49.7935530" lon="19.9959730">
    <ele>575.0</ele>
    <time>2025-09-07T09:35:14Z</time>
   </trkpt>
   <trkpt lat="49.7935610" lon="19.9959430">
    <ele>575.2</ele>
    <time>2025-09-07T09:35:15Z</time>
   </trkpt>
   <trkpt lat="49.7935740" lon="19.9959120">
    <ele>575.8</ele>
    <time>2025-09-07T09:35:16Z</time>
   </trkpt>
   <trkpt lat="49.7935860" lon="19.9958850">
    <ele>576.0</ele>
    <time>2025-09-07T09:35:17Z</time>
   </trkpt>
   <trkpt lat="49.7935970" lon="19.9958560">
    <ele>576.2</ele>
    <time>2025-09-07T09:35:18Z</time>
   </trkpt>
   <trkpt lat="49.7936130" lon="19.9958180">
    <ele>576.6</ele>
    <time>2025-09-07T09:35:19Z</time>
   </trkpt>
   <trkpt lat="49.7936300" lon="19.9957850">
    <ele>576.8</ele>
    <time>2025-09-07T09:35:20Z</time>
   </trkpt>
   <trkpt lat="49.7936450" lon="19.9957540">
    <ele>577.2</ele>
    <time>2025-09-07T09:35:21Z</time>
   </trkpt>
   <trkpt lat="49.7936600" lon="19.9957270">
    <ele>577.6</ele>
    <time>2025-09-07T09:35:22Z</time>
   </trkpt>
   <trkpt lat="49.7936720" lon="19.9956950">
    <ele>578.6</ele>
    <time>2025-09-07T09:35:23Z</time>
   </trkpt>
   <trkpt lat="49.7936830" lon="19.9956590">
    <ele>578.8</ele>
    <time>2025-09-07T09:35:24Z</time>
   </trkpt>
   <trkpt lat="49.7936950" lon="19.9956290">
    <ele>579.2</ele>
    <time>2025-09-07T09:35:25Z</time>
   </trkpt>
   <trkpt lat="49.7937080" lon="19.9956080">
    <ele>580.0</ele>
    <time>2025-09-07T09:35:26Z</time>
   </trkpt>
   <trkpt lat="49.7937190" lon="19.9955850">
    <ele>580.4</ele>
    <time>2025-09-07T09:35:27Z</time>
   </trkpt>
   <trkpt lat="49.7937260" lon="19.9955580">
    <ele>580.8</ele>
    <time>2025-09-07T09:35:28Z</time>
   </trkpt>
   <trkpt lat="49.7937390" lon="19.9955240">
    <ele>581.2</ele>
    <time>2025-09-07T09:35:29Z</time>
   </trkpt>
   <trkpt lat="49.7937540" lon="19.9954950">
    <ele>581.4</ele>
    <time>2025-09-07T09:35:30Z</time>
   </trkpt>
   <trkpt lat="49.7937740" lon="19.9954700">
    <ele>581.6</ele>
    <time>2025-09-07T09:35:31Z</time>
   </trkpt>
   <trkpt lat="49.7937740" lon="19.9954700">
    <ele>581.8</ele>
    <time>2025-09-07T09:35:32Z</time>
   </trkpt>
   <trkpt lat="49.7938120" lon="19.9954360">
    <ele>581.8</ele>
    <time>2025-09-07T09:35:33Z</time>
   </trkpt>
   <trkpt lat="49.7938330" lon="19.9954180">
    <ele>581.8</ele>
    <time>2025-09-07T09:35:34Z</time>
   </trkpt>
   <trkpt lat="49.7938460" lon="19.9953980">
    <ele>582.0</ele>
    <time>2025-09-07T09:35:35Z</time>
   </trkpt>
   <trkpt lat="49.7938630" lon="19.9953770">
    <ele>582.0</ele>
    <time>2025-09-07T09:35:36Z</time>
   </trkpt>
   <trkpt lat="49.7938810" lon="19.9953600">
    <ele>582.2</ele>
    <time>2025-09-07T09:35:37Z</time>
   </trkpt>
   <trkpt lat="49.7938980" lon="19.9953440">
    <ele>582.4</ele>
    <time>2025-09-07T09:35:38Z</time>
   </trkpt>
   <trkpt lat="49.7939070" lon="19.9953260">
    <ele>582.6</ele>
    <time>2025-09-07T09:35:39Z</time>
   </trkpt>
   <trkpt lat="49.7939200" lon="19.9952950">
    <ele>582.8</ele>
    <time>2025-09-07T09:35:40Z</time>
   </trkpt>
   <trkpt lat="49.7939420" lon="19.9952470">
    <ele>582.8</ele>
    <time>2025-09-07T09:35:41Z</time>
   </trkpt>
   <trkpt lat="49.7939580" lon="19.9952130">
    <ele>582.8</ele>
    <time>2025-09-07T09:35:42Z</time>
   </trkpt>
   <trkpt lat="49.7939760" lon="19.9951770">
    <ele>582.8</ele>
    <time>2025-09-07T09:35:43Z</time>
   </trkpt>
   <trkpt lat="49.7939980" lon="19.9951530">
    <ele>582.8</ele>
    <time>2025-09-07T09:35:44Z</time>
   </trkpt>
   <trkpt lat="49.7940160" lon="19.9951340">
    <ele>582.8</ele>
    <time>2025-09-07T09:35:45Z</time>
   </trkpt>
   <trkpt lat="49.7940300" lon="19.9951110">
    <ele>582.8</ele>
    <time>2025-09-07T09:35:46Z</time>
   </trkpt>
   <trkpt lat="49.7940410" lon="19.9950870">
    <ele>582.8</ele>
    <time>2025-09-07T09:35:47Z</time>
   </trkpt>
   <trkpt lat="49.7940540" lon="19.9950660">
    <ele>582.8</ele>
    <time>2025-09-07T09:35:48Z</time>
   </trkpt>
   <trkpt lat="49.7940690" lon="19.9950440">
    <ele>582.8</ele>
    <time>2025-09-07T09:35:49Z</time>
   </trkpt>
   <trkpt lat="49.7940780" lon="19.9950130">
    <ele>582.8</ele>
    <time>2025-09-07T09:35:50Z</time>
   </trkpt>
   <trkpt lat="49.7940860" lon="19.9949870">
    <ele>582.8</ele>
    <time>2025-09-07T09:35:51Z</time>
   </trkpt>
   <trkpt lat="49.7940980" lon="19.9949670">
    <ele>582.8</ele>
    <time>2025-09-07T09:35:52Z</time>
   </trkpt>
   <trkpt lat="49.7941170" lon="19.9949420">
    <ele>582.8</ele>
    <time>2025-09-07T09:35:53Z</time>
   </trkpt>
   <trkpt lat="49.7941360" lon="19.9949060">
    <ele>583.0</ele>
    <time>2025-09-07T09:35:54Z</time>
   </trkpt>
   <trkpt lat="49.7941520" lon="19.9948770">
    <ele>583.0</ele>
    <time>2025-09-07T09:35:55Z</time>
   </trkpt>
   <trkpt lat="49.7941640" lon="19.9948500">
    <ele>583.2</ele>
    <time>2025-09-07T09:35:56Z</time>
   </trkpt>
   <trkpt lat="49.7941720" lon="19.9948290">
    <ele>583.2</ele>
    <time>2025-09-07T09:35:57Z</time>
   </trkpt>
   <trkpt lat="49.7941850" lon="19.9948080">
    <ele>583.6</ele>
    <time>2025-09-07T09:35:58Z</time>
   </trkpt>
   <trkpt lat="49.7942010" lon="19.9947870">
    <ele>583.6</ele>
    <time>2025-09-07T09:35:59Z</time>
   </trkpt>
   <trkpt lat="49.7942130" lon="19.9947680">
    <ele>584.0</ele>
    <time>2025-09-07T09:36:00Z</time>
   </trkpt>
   <trkpt lat="49.7942500" lon="19.9946870">
    <ele>584.4</ele>
    <time>2025-09-07T09:36:03Z</time>
   </trkpt>
   <trkpt lat="49.7942580" lon="19.9946610">
    <ele>584.6</ele>
    <time>2025-09-07T09:36:04Z</time>
   </trkpt>
   <trkpt lat="49.7942620" lon="19.9946310">
    <ele>584.6</ele>
    <time>2025-09-07T09:36:05Z</time>
   </trkpt>
   <trkpt lat="49.7942630" lon="19.9945970">
    <ele>585.0</ele>
    <time>2025-09-07T09:36:06Z</time>
   </trkpt>
   <trkpt lat="49.7942640" lon="19.9945600">
    <ele>585.2</ele>
    <time>2025-09-07T09:36:07Z</time>
   </trkpt>
   <trkpt lat="49.7942620" lon="19.9945300">
    <ele>585.4</ele>
    <time>2025-09-07T09:36:08Z</time>
   </trkpt>
   <trkpt lat="49.7942590" lon="19.9945040">
    <ele>585.8</ele>
    <time>2025-09-07T09:36:09Z</time>
   </trkpt>
   <trkpt lat="49.7942550" lon="19.9944790">
    <ele>586.0</ele>
    <time>2025-09-07T09:36:10Z</time>
   </trkpt>
   <trkpt lat="49.7942490" lon="19.9944520">
    <ele>586.2</ele>
    <time>2025-09-07T09:36:11Z</time>
   </trkpt>
   <trkpt lat="49.7942440" lon="19.9944240">
    <ele>586.6</ele>
    <time>2025-09-07T09:36:12Z</time>
   </trkpt>
   <trkpt lat="49.7942450" lon="19.9943880">
    <ele>586.6</ele>
    <time>2025-09-07T09:36:13Z</time>
   </trkpt>
   <trkpt lat="49.7942450" lon="19.9943560">
    <ele>586.8</ele>
    <time>2025-09-07T09:36:14Z</time>
   </trkpt>
   <trkpt lat="49.7942470" lon="19.9943240">
    <ele>587.0</ele>
    <time>2025-09-07T09:36:15Z</time>
   </trkpt>
   <trkpt lat="49.7942490" lon="19.9942950">
    <ele>587.2</ele>
    <time>2025-09-07T09:36:16Z</time>
   </trkpt>
   <trkpt lat="49.7942460" lon="19.9942570">
    <ele>587.2</ele>
    <time>2025-09-07T09:36:17Z</time>
   </trkpt>
   <trkpt lat="49.7942490" lon="19.9942260">
    <ele>587.4</ele>
    <time>2025-09-07T09:36:18Z</time>
   </trkpt>
   <trkpt lat="49.7942500" lon="19.9941960">
    <ele>587.4</ele>
    <time>2025-09-07T09:36:19Z</time>
   </trkpt>
   <trkpt lat="49.7942480" lon="19.9941630">
    <ele>587.6</ele>
    <time>2025-09-07T09:36:20Z</time>
   </trkpt>
   <trkpt lat="49.7942390" lon="19.9941230">
    <ele>587.6</ele>
    <time>2025-09-07T09:36:21Z</time>
   </trkpt>
   <trkpt lat="49.7942400" lon="19.9940830">
    <ele>587.6</ele>
    <time>2025-09-07T09:36:22Z</time>
   </trkpt>
   <trkpt lat="49.7942560" lon="19.9940490">
    <ele>587.8</ele>
    <time>2025-09-07T09:36:23Z</time>
   </trkpt>
   <trkpt lat="49.7942610" lon="19.9940120">
    <ele>587.8</ele>
    <time>2025-09-07T09:36:24Z</time>
   </trkpt>
   <trkpt lat="49.7942600" lon="19.9939730">
    <ele>587.8</ele>
    <time>2025-09-07T09:36:25Z</time>
   </trkpt>
   <trkpt lat="49.7942540" lon="19.9939350">
    <ele>588.0</ele>
    <time>2025-09-07T09:36:26Z</time>
   </trkpt>
   <trkpt lat="49.7942460" lon="19.9939030">
    <ele>588.0</ele>
    <time>2025-09-07T09:36:27Z</time>
   </trkpt>
   <trkpt lat="49.7942460" lon="19.9938630">
    <ele>588.0</ele>
    <time>2025-09-07T09:36:28Z</time>
   </trkpt>
   <trkpt lat="49.7942590" lon="19.9938110">
    <ele>588.0</ele>
    <time>2025-09-07T09:36:29Z</time>
   </trkpt>
   <trkpt lat="49.7942770" lon="19.9937550">
    <ele>588.0</ele>
    <time>2025-09-07T09:36:30Z</time>
   </trkpt>
   <trkpt lat="49.7942890" lon="19.9936930">
    <ele>588.0</ele>
    <time>2025-09-07T09:36:31Z</time>
   </trkpt>
   <trkpt lat="49.7942960" lon="19.9936580">
    <ele>588.0</ele>
    <time>2025-09-07T09:36:32Z</time>
   </trkpt>
   <trkpt lat="49.7943170" lon="19.9936060">
    <ele>588.0</ele>
    <time>2025-09-07T09:36:33Z</time>
   </trkpt>
   <trkpt lat="49.7943360" lon="19.9935460">
    <ele>587.8</ele>
    <time>2025-09-07T09:36:34Z</time>
   </trkpt>
   <trkpt lat="49.7943450" lon="19.9934860">
    <ele>587.6</ele>
    <time>2025-09-07T09:36:35Z</time>
   </trkpt>
   <trkpt lat="49.7943460" lon="19.9934170">
    <ele>587.6</ele>
    <time>2025-09-07T09:36:36Z</time>
   </trkpt>
   <trkpt lat="49.7943620" lon="19.9933440">
    <ele>587.4</ele>
    <time>2025-09-07T09:36:37Z</time>
   </trkpt>
   <trkpt lat="49.7943960" lon="19.9932580">
    <ele>587.4</ele>
    <time>2025-09-07T09:36:38Z</time>
   </trkpt>
   <trkpt lat="49.7944580" lon="19.9931360">
    <ele>587.4</ele>
    <time>2025-09-07T09:36:40Z</time>
   </trkpt>
   <trkpt lat="49.7944800" lon="19.9930730">
    <ele>587.4</ele>
    <time>2025-09-07T09:36:41Z</time>
   </trkpt>
   <trkpt lat="49.7944910" lon="19.9930330">
    <ele>587.6</ele>
    <time>2025-09-07T09:36:42Z</time>
   </trkpt>
   <trkpt lat="49.7945020" lon="19.9929900">
    <ele>587.8</ele>
    <time>2025-09-07T09:36:43Z</time>
   </trkpt>
   <trkpt lat="49.7945480" lon="19.9928800">
    <ele>587.8</ele>
    <time>2025-09-07T09:36:45Z</time>
   </trkpt>
   <trkpt lat="49.7945680" lon="19.9928290">
    <ele>587.8</ele>
    <time>2025-09-07T09:36:46Z</time>
   </trkpt>
   <trkpt lat="49.7946210" lon="19.9927290">
    <ele>587.2</ele>
    <time>2025-09-07T09:36:48Z</time>
   </trkpt>
   <trkpt lat="49.7946470" lon="19.9926610">
    <ele>587.0</ele>
    <time>2025-09-07T09:36:49Z</time>
   </trkpt>
   <trkpt lat="49.7946710" lon="19.9926070">
    <ele>586.8</ele>
    <time>2025-09-07T09:36:50Z</time>
   </trkpt>
   <trkpt lat="49.7947000" lon="19.9925540">
    <ele>586.4</ele>
    <time>2025-09-07T09:36:51Z</time>
   </trkpt>
   <trkpt lat="49.7947210" lon="19.9925070">
    <ele>586.4</ele>
    <time>2025-09-07T09:36:52Z</time>
   </trkpt>
   <trkpt lat="49.7947460" lon="19.9924550">
    <ele>586.4</ele>
    <time>2025-09-07T09:36:53Z</time>
   </trkpt>
   <trkpt lat="49.7947700" lon="19.9924160">
    <ele>586.4</ele>
    <time>2025-09-07T09:36:54Z</time>
   </trkpt>
   <trkpt lat="49.7948020" lon="19.9923840">
    <ele>586.4</ele>
    <time>2025-09-07T09:36:55Z</time>
   </trkpt>
   <trkpt lat="49.7948300" lon="19.9923580">
    <ele>586.4</ele>
    <time>2025-09-07T09:36:56Z</time>
   </trkpt>
   <trkpt lat="49.7949060" lon="19.9922160">
    <ele>586.2</ele>
    <time>2025-09-07T09:36:59Z</time>
   </trkpt>
   <trkpt lat="49.7949870" lon="19.9920350">
    <ele>585.6</ele>
    <time>2025-09-07T09:37:02Z</time>
   </trkpt>
   <trkpt lat="49.7950220" lon="19.9919830">
    <ele>585.0</ele>
    <time>2025-09-07T09:37:03Z</time>
   </trkpt>
   <trkpt lat="49.7950500" lon="19.9919380">
    <ele>585.0</ele>
    <time>2025-09-07T09:37:04Z</time>
   </trkpt>
   <trkpt lat="49.7951010" lon="19.9918530">
    <ele>584.6</ele>
    <time>2025-09-07T09:37:06Z</time>
   </trkpt>
   <trkpt lat="49.7951560" lon="19.9917320">
    <ele>584.4</ele>
    <time>2025-09-07T09:37:08Z</time>
   </trkpt>
   <trkpt lat="49.7952290" lon="19.9916550">
    <ele>584.0</ele>
    <time>2025-09-07T09:37:10Z</time>
   </trkpt>
   <trkpt lat="49.7952760" lon="19.9916360">
    <ele>583.8</ele>
    <time>2025-09-07T09:37:11Z</time>
   </trkpt>
   <trkpt lat="49.7953210" lon="19.9916140">
    <ele>583.4</ele>
    <time>2025-09-07T09:37:12Z</time>
   </trkpt>
   <trkpt lat="49.7953790" lon="19.9915850">
    <ele>582.2</ele>
    <time>2025-09-07T09:37:13Z</time>
   </trkpt>
   <trkpt lat="49.7954990" lon="19.9915330">
    <ele>581.2</ele>
    <time>2025-09-07T09:37:15Z</time>
   </trkpt>
   <trkpt lat="49.7955540" lon="19.9915130">
    <ele>581.0</ele>
    <time>2025-09-07T09:37:16Z</time>
   </trkpt>
   <trkpt lat="49.7955980" lon="19.9914960">
    <ele>580.8</ele>
    <time>2025-09-07T09:37:17Z</time>
   </trkpt>
   <trkpt lat="49.7956310" lon="19.9914850">
    <ele>580.6</ele>
    <time>2025-09-07T09:37:18Z</time>
   </trkpt>
   <trkpt lat="49.7956540" lon="19.9914720">
    <ele>580.4</ele>
    <time>2025-09-07T09:37:19Z</time>
   </trkpt>
   <trkpt lat="49.7956690" lon="19.9914400">
    <ele>580.4</ele>
    <time>2025-09-07T09:37:20Z</time>
   </trkpt>
   <trkpt lat="49.7956780" lon="19.9913940">
    <ele>580.2</ele>
    <time>2025-09-07T09:37:21Z</time>
   </trkpt>
   <trkpt lat="49.7956960" lon="19.9913370">
    <ele>580.0</ele>
    <time>2025-09-07T09:37:22Z</time>
   </trkpt>
   <trkpt lat="49.7957660" lon="19.9912130">
    <ele>580.0</ele>
    <time>2025-09-07T09:37:25Z</time>
   </trkpt>
   <trkpt lat="49.7957810" lon="19.9911770">
    <ele>580.2</ele>
    <time>2025-09-07T09:37:26Z</time>
   </trkpt>
   <trkpt lat="49.7957870" lon="19.9911360">
    <ele>580.4</ele>
    <time>2025-09-07T09:37:27Z</time>
   </trkpt>
   <trkpt lat="49.7957910" lon="19.9910970">
    <ele>580.8</ele>
    <time>2025-09-07T09:37:28Z</time>
   </trkpt>
   <trkpt lat="49.7957890" lon="19.9910590">
    <ele>580.8</ele>
    <time>2025-09-07T09:37:29Z</time>
   </trkpt>
   <trkpt lat="49.7957910" lon="19.9910210">
    <ele>581.0</ele>
    <time>2025-09-07T09:37:30Z</time>
   </trkpt>
   <trkpt lat="49.7957960" lon="19.9909820">
    <ele>581.0</ele>
    <time>2025-09-07T09:37:31Z</time>
   </trkpt>
   <trkpt lat="49.7958010" lon="19.9909520">
    <ele>581.4</ele>
    <time>2025-09-07T09:37:32Z</time>
   </trkpt>
   <trkpt lat="49.7958050" lon="19.9909270">
    <ele>581.6</ele>
    <time>2025-09-07T09:37:33Z</time>
   </trkpt>
   <trkpt lat="49.7958150" lon="19.9909110">
    <ele>581.8</ele>
    <time>2025-09-07T09:37:34Z</time>
   </trkpt>
   <trkpt lat="49.7958300" lon="19.9908920">
    <ele>582.0</ele>
    <time>2025-09-07T09:37:35Z</time>
   </trkpt>
   <trkpt lat="49.7958390" lon="19.9908680">
    <ele>582.0</ele>
    <time>2025-09-07T09:37:36Z</time>
   </trkpt>
   <trkpt lat="49.7958520" lon="19.9908520">
    <ele>582.2</ele>
    <time>2025-09-07T09:37:37Z</time>
   </trkpt>
   <trkpt lat="49.7958650" lon="19.9908390">
    <ele>582.4</ele>
    <time>2025-09-07T09:37:38Z</time>
   </trkpt>
   <trkpt lat="49.7958780" lon="19.9908290">
    <ele>582.4</ele>
    <time>2025-09-07T09:37:39Z</time>
   </trkpt>
   <trkpt lat="49.7958960" lon="19.9908040">
    <ele>583.0</ele>
    <time>2025-09-07T09:37:41Z</time>
   </trkpt>
   <trkpt lat="49.7959180" lon="19.9907770">
    <ele>583.4</ele>
    <time>2025-09-07T09:37:43Z</time>
   </trkpt>
   <trkpt lat="49.7959570" lon="19.9907380">
    <ele>584.0</ele>
    <time>2025-09-07T09:37:45Z</time>
   </trkpt>
   <trkpt lat="49.7959940" lon="19.9907100">
    <ele>584.6</ele>
    <time>2025-09-07T09:37:47Z</time>
   </trkpt>
   <trkpt lat="49.7960120" lon="19.9906930">
    <ele>585.0</ele>
    <time>2025-09-07T09:37:48Z</time>
   </trkpt>
   <trkpt lat="49.7960240" lon="19.9906730">
    <ele>585.4</ele>
    <time>2025-09-07T09:37:49Z</time>
   </trkpt>
   <trkpt lat="49.7960310" lon="19.9906530">
    <ele>585.6</ele>
    <time>2025-09-07T09:37:50Z</time>
   </trkpt>
   <trkpt lat="49.7960510" lon="19.9906270">
    <ele>585.8</ele>
    <time>2025-09-07T09:37:51Z</time>
   </trkpt>
   <trkpt lat="49.7960610" lon="19.9906070">
    <ele>586.4</ele>
    <time>2025-09-07T09:37:52Z</time>
   </trkpt>
   <trkpt lat="49.7960680" lon="19.9905880">
    <ele>586.6</ele>
    <time>2025-09-07T09:37:53Z</time>
   </trkpt>
   <trkpt lat="49.7960740" lon="19.9905730">
    <ele>586.8</ele>
    <time>2025-09-07T09:37:54Z</time>
   </trkpt>
   <trkpt lat="49.7960820" lon="19.9905530">
    <ele>587.0</ele>
    <time>2025-09-07T09:37:55Z</time>
   </trkpt>
   <trkpt lat="49.7960910" lon="19.9905360">
    <ele>587.2</ele>
    <time>2025-09-07T09:37:56Z</time>
   </trkpt>
   <trkpt lat="49.7960980" lon="19.9905150">
    <ele>587.4</ele>
    <time>2025-09-07T09:37:57Z</time>
   </trkpt>
   <trkpt lat="49.7961060" lon="19.9904920">
    <ele>587.6</ele>
    <time>2025-09-07T09:37:58Z</time>
   </trkpt>
   <trkpt lat="49.7961210" lon="19.9904740">
    <ele>587.6</ele>
    <time>2025-09-07T09:37:59Z</time>
   </trkpt>
   <trkpt lat="49.7961280" lon="19.9904620">
    <ele>587.8</ele>
    <time>2025-09-07T09:38:00Z</time>
   </trkpt>
   <trkpt lat="49.7961320" lon="19.9904390">
    <ele>588.0</ele>
    <time>2025-09-07T09:38:01Z</time>
   </trkpt>
   <trkpt lat="49.7961320" lon="19.9904080">
    <ele>588.0</ele>
    <time>2025-09-07T09:38:02Z</time>
   </trkpt>
   <trkpt lat="49.7961420" lon="19.9903810">
    <ele>588.0</ele>
    <time>2025-09-07T09:38:03Z</time>
   </trkpt>
   <trkpt lat="49.7961560" lon="19.9903500">
    <ele>588.0</ele>
    <time>2025-09-07T09:38:04Z</time>
   </trkpt>
   <trkpt lat="49.7961760" lon="19.9903170">
    <ele>588.0</ele>
    <time>2025-09-07T09:38:05Z</time>
   </trkpt>
   <trkpt lat="49.7961870" lon="19.9902870">
    <ele>588.0</ele>
    <time>2025-09-07T09:38:06Z</time>
   </trkpt>
   <trkpt lat="49.7961900" lon="19.9902480">
    <ele>588.2</ele>
    <time>2025-09-07T09:38:07Z</time>
   </trkpt>
   <trkpt lat="49.7961900" lon="19.9902060">
    <ele>588.2</ele>
    <time>2025-09-07T09:38:08Z</time>
   </trkpt>
   <trkpt lat="49.7962020" lon="19.9901720">
    <ele>588.4</ele>
    <time>2025-09-07T09:38:09Z</time>
   </trkpt>
   <trkpt lat="49.7962040" lon="19.9901460">
    <ele>588.4</ele>
    <time>2025-09-07T09:38:10Z</time>
   </trkpt>
   <trkpt lat="49.7961890" lon="19.9901110">
    <ele>588.6</ele>
    <time>2025-09-07T09:38:11Z</time>
   </trkpt>
   <trkpt lat="49.7961720" lon="19.9900690">
    <ele>588.6</ele>
    <time>2025-09-07T09:38:12Z</time>
   </trkpt>
   <trkpt lat="49.7961850" lon="19.9900350">
    <ele>588.8</ele>
    <time>2025-09-07T09:38:13Z</time>
   </trkpt>
   <trkpt lat="49.7962040" lon="19.9900050">
    <ele>588.8</ele>
    <time>2025-09-07T09:38:14Z</time>
   </trkpt>
   <trkpt lat="49.7962060" lon="19.9899770">
    <ele>589.0</ele>
    <time>2025-09-07T09:38:15Z</time>
   </trkpt>
   <trkpt lat="49.7962090" lon="19.9899300">
    <ele>589.0</ele>
    <time>2025-09-07T09:38:16Z</time>
   </trkpt>
   <trkpt lat="49.7962190" lon="19.9898970">
    <ele>589.2</ele>
    <time>2025-09-07T09:38:17Z</time>
   </trkpt>
   <trkpt lat="49.7962290" lon="19.9898770">
    <ele>589.6</ele>
    <time>2025-09-07T09:38:18Z</time>
   </trkpt>
   <trkpt lat="49.7962350" lon="19.9898470">
    <ele>590.2</ele>
    <time>2025-09-07T09:38:19Z</time>
   </trkpt>
   <trkpt lat="49.7962340" lon="19.9898120">
    <ele>591.0</ele>
    <time>2025-09-07T09:38:20Z</time>
   </trkpt>
   <trkpt lat="49.7962400" lon="19.9897740">
    <ele>591.2</ele>
    <time>2025-09-07T09:38:21Z</time>
   </trkpt>
   <trkpt lat="49.7962360" lon="19.9897450">
    <ele>591.8</ele>
    <time>2025-09-07T09:38:22Z</time>
   </trkpt>
   <trkpt lat="49.7962360" lon="19.9897210">
    <ele>592.0</ele>
    <time>2025-09-07T09:38:23Z</time>
   </trkpt>
   <trkpt lat="49.7962470" lon="19.9896850">
    <ele>592.2</ele>
    <time>2025-09-07T09:38:24Z</time>
   </trkpt>
   <trkpt lat="49.7962570" lon="19.9896610">
    <ele>592.6</ele>
    <time>2025-09-07T09:38:25Z</time>
   </trkpt>
   <trkpt lat="49.7962540" lon="19.9896160">
    <ele>592.8</ele>
    <time>2025-09-07T09:38:26Z</time>
   </trkpt>
   <trkpt lat="49.7962580" lon="19.9895850">
    <ele>593.0</ele>
    <time>2025-09-07T09:38:27Z</time>
   </trkpt>
   <trkpt lat="49.7962600" lon="19.9895570">
    <ele>593.2</ele>
    <time>2025-09-07T09:38:28Z</time>
   </trkpt>
   <trkpt lat="49.7962660" lon="19.9895320">
    <ele>593.6</ele>
    <time>2025-09-07T09:38:29Z</time>
   </trkpt>
   <trkpt lat="49.7962720" lon="19.9895110">
    <ele>594.0</ele>
    <time>2025-09-07T09:38:30Z</time>
   </trkpt>
   <trkpt lat="49.7962740" lon="19.9894950">
    <ele>594.4</ele>
    <time>2025-09-07T09:38:31Z</time>
   </trkpt>
   <trkpt lat="49.7962790" lon="19.9894740">
    <ele>594.8</ele>
    <time>2025-09-07T09:38:32Z</time>
   </trkpt>
   <trkpt lat="49.7962860" lon="19.9894430">
    <ele>595.2</ele>
    <time>2025-09-07T09:38:33Z</time>
   </trkpt>
   <trkpt lat="49.7962930" lon="19.9894070">
    <ele>595.4</ele>
    <time>2025-09-07T09:38:34Z</time>
   </trkpt>
   <trkpt lat="49.7962970" lon="19.9893730">
    <ele>595.8</ele>
    <time>2025-09-07T09:38:35Z</time>
   </trkpt>
   <trkpt lat="49.7963040" lon="19.9893510">
    <ele>596.0</ele>
    <time>2025-09-07T09:38:36Z</time>
   </trkpt>
   <trkpt lat="49.7963090" lon="19.9893300">
    <ele>596.4</ele>
    <time>2025-09-07T09:38:37Z</time>
   </trkpt>
   <trkpt lat="49.7963140" lon="19.9893040">
    <ele>596.8</ele>
    <time>2025-09-07T09:38:38Z</time>
   </trkpt>
   <trkpt lat="49.7963230" lon="19.9892830">
    <ele>597.0</ele>
    <time>2025-09-07T09:38:39Z</time>
   </trkpt>
   <trkpt lat="49.7963320" lon="19.9892650">
    <ele>597.6</ele>
    <time>2025-09-07T09:38:40Z</time>
   </trkpt>
   <trkpt lat="49.7963410" lon="19.9892480">
    <ele>597.8</ele>
    <time>2025-09-07T09:38:41Z</time>
   </trkpt>
   <trkpt lat="49.7963500" lon="19.9892300">
    <ele>598.0</ele>
    <time>2025-09-07T09:38:42Z</time>
   </trkpt>
   <trkpt lat="49.7963610" lon="19.9891990">
    <ele>598.4</ele>
    <time>2025-09-07T09:38:43Z</time>
   </trkpt>
   <trkpt lat="49.7963730" lon="19.9891760">
    <ele>598.6</ele>
    <time>2025-09-07T09:38:44Z</time>
   </trkpt>
   <trkpt lat="49.7963880" lon="19.9891630">
    <ele>598.8</ele>
    <time>2025-09-07T09:38:45Z</time>
   </trkpt>
   <trkpt lat="49.7964070" lon="19.9891520">
    <ele>598.8</ele>
    <time>2025-09-07T09:38:46Z</time>
   </trkpt>
   <trkpt lat="49.7964250" lon="19.9891450">
    <ele>599.0</ele>
    <time>2025-09-07T09:38:47Z</time>
   </trkpt>
   <trkpt lat="49.7964390" lon="19.9891360">
    <ele>599.0</ele>
    <time>2025-09-07T09:38:48Z</time>
   </trkpt>
   <trkpt lat="49.7964580" lon="19.9891200">
    <ele>599.0</ele>
    <time>2025-09-07T09:38:49Z</time>
   </trkpt>
   <trkpt lat="49.7964730" lon="19.9891010">
    <ele>599.2</ele>
    <time>2025-09-07T09:38:50Z</time>
   </trkpt>
   <trkpt lat="49.7964860" lon="19.9890840">
    <ele>599.2</ele>
    <time>2025-09-07T09:38:51Z</time>
   </trkpt>
   <trkpt lat="49.7964910" lon="19.9890780">
    <ele>599.6</ele>
    <time>2025-09-07T09:38:52Z</time>
   </trkpt>
   <trkpt lat="49.7964910" lon="19.9890780">
    <ele>599.8</ele>
    <time>2025-09-07T09:38:53Z</time>
   </trkpt>
   <trkpt lat="49.7964910" lon="19.9890780">
    <ele>600.0</ele>
    <time>2025-09-07T09:38:55Z</time>
   </trkpt>
   <trkpt lat="49.7965050" lon="19.9890650">
    <ele>600.2</ele>
    <time>2025-09-07T09:39:02Z</time>
   </trkpt>
   <trkpt lat="49.7965080" lon="19.9890590">
    <ele>600.2</ele>
    <time>2025-09-07T09:39:05Z</time>
   </trkpt>
   <trkpt lat="49.7965160" lon="19.9890460">
    <ele>600.4</ele>
    <time>2025-09-07T09:39:06Z</time>
   </trkpt>
   <trkpt lat="49.7965270" lon="19.9890300">
    <ele>600.4</ele>
    <time>2025-09-07T09:39:07Z</time>
   </trkpt>
   <trkpt lat="49.7965360" lon="19.9890140">
    <ele>600.4</ele>
    <time>2025-09-07T09:39:08Z</time>
   </trkpt>
   <trkpt lat="49.7965440" lon="19.9889990">
    <ele>600.8</ele>
    <time>2025-09-07T09:39:09Z</time>
   </trkpt>
   <trkpt lat="49.7965560" lon="19.9889850">
    <ele>601.0</ele>
    <time>2025-09-07T09:39:10Z</time>
   </trkpt>
   <trkpt lat="49.7965700" lon="19.9889670">
    <ele>601.0</ele>
    <time>2025-09-07T09:39:11Z</time>
   </trkpt>
   <trkpt lat="49.7965840" lon="19.9889460">
    <ele>601.2</ele>
    <time>2025-09-07T09:39:12Z</time>
   </trkpt>
   <trkpt lat="49.7965930" lon="19.9889230">
    <ele>601.4</ele>
    <time>2025-09-07T09:39:13Z</time>
   </trkpt>
   <trkpt lat="49.7966040" lon="19.9889020">
    <ele>601.4</ele>
    <time>2025-09-07T09:39:14Z</time>
   </trkpt>
   <trkpt lat="49.7966160" lon="19.9888850">
    <ele>601.6</ele>
    <time>2025-09-07T09:39:15Z</time>
   </trkpt>
   <trkpt lat="49.7966310" lon="19.9888600">
    <ele>601.6</ele>
    <time>2025-09-07T09:39:16Z</time>
   </trkpt>
   <trkpt lat="49.7966450" lon="19.9888350">
    <ele>601.6</ele>
    <time>2025-09-07T09:39:17Z</time>
   </trkpt>
   <trkpt lat="49.7966570" lon="19.9888060">
    <ele>602.0</ele>
    <time>2025-09-07T09:39:18Z</time>
   </trkpt>
   <trkpt lat="49.7966660" lon="19.9887800">
    <ele>602.0</ele>
    <time>2025-09-07T09:39:19Z</time>
   </trkpt>
   <trkpt lat="49.7966720" lon="19.9887590">
    <ele>602.2</ele>
    <time>2025-09-07T09:39:20Z</time>
   </trkpt>
   <trkpt lat="49.7966930" lon="19.9887360">
    <ele>602.4</ele>
    <time>2025-09-07T09:39:21Z</time>
   </trkpt>
   <trkpt lat="49.7967070" lon="19.9887120">
    <ele>602.6</ele>
    <time>2025-09-07T09:39:22Z</time>
   </trkpt>
   <trkpt lat="49.7967110" lon="19.9886840">
    <ele>603.2</ele>
    <time>2025-09-07T09:39:23Z</time>
   </trkpt>
   <trkpt lat="49.7967130" lon="19.9886560">
    <ele>603.4</ele>
    <time>2025-09-07T09:39:24Z</time>
   </trkpt>
   <trkpt lat="49.7967210" lon="19.9886310">
    <ele>603.8</ele>
    <time>2025-09-07T09:39:25Z</time>
   </trkpt>
   <trkpt lat="49.7967250" lon="19.9885970">
    <ele>604.0</ele>
    <time>2025-09-07T09:39:26Z</time>
   </trkpt>
   <trkpt lat="49.7967330" lon="19.9885770">
    <ele>604.2</ele>
    <time>2025-09-07T09:39:27Z</time>
   </trkpt>
   <trkpt lat="49.7967450" lon="19.9885400">
    <ele>604.6</ele>
    <time>2025-09-07T09:39:28Z</time>
   </trkpt>
   <trkpt lat="49.7967520" lon="19.9885190">
    <ele>604.8</ele>
    <time>2025-09-07T09:39:29Z</time>
   </trkpt>
   <trkpt lat="49.7967560" lon="19.9885070">
    <ele>604.8</ele>
    <time>2025-09-07T09:39:30Z</time>
   </trkpt>
   <trkpt lat="49.7967620" lon="19.9884930">
    <ele>605.0</ele>
    <time>2025-09-07T09:39:31Z</time>
   </trkpt>
   <trkpt lat="49.7967640" lon="19.9884740">
    <ele>605.4</ele>
    <time>2025-09-07T09:39:32Z</time>
   </trkpt>
   <trkpt lat="49.7967700" lon="19.9884560">
    <ele>605.6</ele>
    <time>2025-09-07T09:39:33Z</time>
   </trkpt>
   <trkpt lat="49.7967790" lon="19.9884370">
    <ele>605.8</ele>
    <time>2025-09-07T09:39:34Z</time>
   </trkpt>
   <trkpt lat="49.7967860" lon="19.9884270">
    <ele>606.0</ele>
    <time>2025-09-07T09:39:35Z</time>
   </trkpt>
   <trkpt lat="49.7967940" lon="19.9884180">
    <ele>606.4</ele>
    <time>2025-09-07T09:39:36Z</time>
   </trkpt>
   <trkpt lat="49.7968000" lon="19.9884050">
    <ele>606.6</ele>
    <time>2025-09-07T09:39:37Z</time>
   </trkpt>
   <trkpt lat="49.7968090" lon="19.9883910">
    <ele>606.6</ele>
    <time>2025-09-07T09:39:38Z</time>
   </trkpt>
   <trkpt lat="49.7968140" lon="19.9883760">
    <ele>606.8</ele>
    <time>2025-09-07T09:39:39Z</time>
   </trkpt>
   <trkpt lat="49.7968230" lon="19.9883550">
    <ele>607.2</ele>
    <time>2025-09-07T09:39:40Z</time>
   </trkpt>
   <trkpt lat="49.7968370" lon="19.9883360">
    <ele>607.6</ele>
    <time>2025-09-07T09:39:41Z</time>
   </trkpt>
   <trkpt lat="49.7968460" lon="19.9883180">
    <ele>608.0</ele>
    <time>2025-09-07T09:39:42Z</time>
   </trkpt>
   <trkpt lat="49.7968510" lon="19.9883010">
    <ele>608.2</ele>
    <time>2025-09-07T09:39:43Z</time>
   </trkpt>
   <trkpt lat="49.7968570" lon="19.9882850">
    <ele>608.4</ele>
    <time>2025-09-07T09:39:44Z</time>
   </trkpt>
   <trkpt lat="49.7968640" lon="19.9882640">
    <ele>608.6</ele>
    <time>2025-09-07T09:39:45Z</time>
   </trkpt>
   <trkpt lat="49.7968740" lon="19.9882520">
    <ele>608.8</ele>
    <time>2025-09-07T09:39:46Z</time>
   </trkpt>
   <trkpt lat="49.7968860" lon="19.9882390">
    <ele>609.0</ele>
    <time>2025-09-07T09:39:47Z</time>
   </trkpt>
   <trkpt lat="49.7969130" lon="19.9882200">
    <ele>609.6</ele>
    <time>2025-09-07T09:39:48Z</time>
   </trkpt>
   <trkpt lat="49.7969300" lon="19.9882020">
    <ele>610.0</ele>
    <time>2025-09-07T09:39:49Z</time>
   </trkpt>
   <trkpt lat="49.7969390" lon="19.9881930">
    <ele>610.4</ele>
    <time>2025-09-07T09:39:50Z</time>
   </trkpt>
   <trkpt lat="49.7969550" lon="19.9881760">
    <ele>610.6</ele>
    <time>2025-09-07T09:39:51Z</time>
   </trkpt>
   <trkpt lat="49.7969650" lon="19.9881590">
    <ele>611.0</ele>
    <time>2025-09-07T09:39:52Z</time>
   </trkpt>
   <trkpt lat="49.7969690" lon="19.9881410">
    <ele>611.2</ele>
    <time>2025-09-07T09:39:53Z</time>
   </trkpt>
   <trkpt lat="49.7969780" lon="19.9881180">
    <ele>611.6</ele>
    <time>2025-09-07T09:39:54Z</time>
   </trkpt>
   <trkpt lat="49.7969910" lon="19.9880950">
    <ele>612.2</ele>
    <time>2025-09-07T09:39:55Z</time>
   </trkpt>
   <trkpt lat="49.7970050" lon="19.9880720">
    <ele>612.2</ele>
    <time>2025-09-07T09:39:56Z</time>
   </trkpt>
   <trkpt lat="49.7970180" lon="19.9880420">
    <ele>612.6</ele>
    <time>2025-09-07T09:39:57Z</time>
   </trkpt>
   <trkpt lat="49.7970250" lon="19.9880180">
    <ele>613.0</ele>
    <time>2025-09-07T09:39:58Z</time>
   </trkpt>
   <trkpt lat="49.7970410" lon="19.9879930">
    <ele>613.4</ele>
    <time>2025-09-07T09:39:59Z</time>
   </trkpt>
   <trkpt lat="49.7970590" lon="19.9879750">
    <ele>613.8</ele>
    <time>2025-09-07T09:40:00Z</time>
   </trkpt>
   <trkpt lat="49.7970720" lon="19.9879680">
    <ele>614.0</ele>
    <time>2025-09-07T09:40:01Z</time>
   </trkpt>
   <trkpt lat="49.7970800" lon="19.9879520">
    <ele>614.2</ele>
    <time>2025-09-07T09:40:02Z</time>
   </trkpt>
   <trkpt lat="49.7970890" lon="19.9879300">
    <ele>614.6</ele>
    <time>2025-09-07T09:40:03Z</time>
   </trkpt>
   <trkpt lat="49.7970980" lon="19.9879040">
    <ele>614.8</ele>
    <time>2025-09-07T09:40:04Z</time>
   </trkpt>
   <trkpt lat="49.7971000" lon="19.9878800">
    <ele>615.0</ele>
    <time>2025-09-07T09:40:05Z</time>
   </trkpt>
   <trkpt lat="49.7971060" lon="19.9878590">
    <ele>615.2</ele>
    <time>2025-09-07T09:40:06Z</time>
   </trkpt>
   <trkpt lat="49.7971140" lon="19.9878480">
    <ele>615.2</ele>
    <time>2025-09-07T09:40:07Z</time>
   </trkpt>
   <trkpt lat="49.7971290" lon="19.9878390">
    <ele>615.4</ele>
    <time>2025-09-07T09:40:08Z</time>
   </trkpt>
   <trkpt lat="49.7971510" lon="19.9878190">
    <ele>615.8</ele>
    <time>2025-09-07T09:40:09Z</time>
   </trkpt>
   <trkpt lat="49.7971680" lon="19.9878170">
    <ele>615.8</ele>
    <time>2025-09-07T09:40:10Z</time>
   </trkpt>
   <trkpt lat="49.7971900" lon="19.9877990">
    <ele>615.8</ele>
    <time>2025-09-07T09:40:11Z</time>
   </trkpt>
   <trkpt lat="49.7972020" lon="19.9877800">
    <ele>616.0</ele>
    <time>2025-09-07T09:40:12Z</time>
   </trkpt>
   <trkpt lat="49.7972110" lon="19.9877590">
    <ele>616.4</ele>
    <time>2025-09-07T09:40:13Z</time>
   </trkpt>
   <trkpt lat="49.7972210" lon="19.9877450">
    <ele>616.4</ele>
    <time>2025-09-07T09:40:14Z</time>
   </trkpt>
   <trkpt lat="49.7972380" lon="19.9877360">
    <ele>616.6</ele>
    <time>2025-09-07T09:40:15Z</time>
   </trkpt>
   <trkpt lat="49.7972550" lon="19.9877250">
    <ele>617.0</ele>
    <time>2025-09-07T09:40:16Z</time>
   </trkpt>
   <trkpt lat="49.7972660" lon="19.9876990">
    <ele>617.2</ele>
    <time>2025-09-07T09:40:17Z</time>
   </trkpt>
   <trkpt lat="49.7972740" lon="19.9876920">
    <ele>617.4</ele>
    <time>2025-09-07T09:40:18Z</time>
   </trkpt>
   <trkpt lat="49.7972810" lon="19.9876800">
    <ele>617.4</ele>
    <time>2025-09-07T09:40:19Z</time>
   </trkpt>
   <trkpt lat="49.7972900" lon="19.9876660">
    <ele>617.4</ele>
    <time>2025-09-07T09:40:20Z</time>
   </trkpt>
   <trkpt lat="49.7973080" lon="19.9876580">
    <ele>617.4</ele>
    <time>2025-09-07T09:40:21Z</time>
   </trkpt>
   <trkpt lat="49.7973210" lon="19.9876480">
    <ele>617.4</ele>
    <time>2025-09-07T09:40:22Z</time>
   </trkpt>
   <trkpt lat="49.7973420" lon="19.9876320">
    <ele>617.4</ele>
    <time>2025-09-07T09:40:23Z</time>
   </trkpt>
   <trkpt lat="49.7973700" lon="19.9876100">
    <ele>617.2</ele>
    <time>2025-09-07T09:40:24Z</time>
   </trkpt>
   <trkpt lat="49.7974120" lon="19.9875720">
    <ele>616.8</ele>
    <time>2025-09-07T09:40:25Z</time>
   </trkpt>
   <trkpt lat="49.7974470" lon="19.9875320">
    <ele>616.2</ele>
    <time>2025-09-07T09:40:26Z</time>
   </trkpt>
   <trkpt lat="49.7974470" lon="19.9875320">
    <ele>615.6</ele>
    <time>2025-09-07T09:40:27Z</time>
   </trkpt>
   <trkpt lat="49.7975360" lon="19.9874300">
    <ele>614.4</ele>
    <time>2025-09-07T09:40:28Z</time>
   </trkpt>
   <trkpt lat="49.7975360" lon="19.9874300">
    <ele>613.4</ele>
    <time>2025-09-07T09:40:29Z</time>
   </trkpt>
   <trkpt lat="49.7976520" lon="19.9873430">
    <ele>613.0</ele>
    <time>2025-09-07T09:40:30Z</time>
   </trkpt>
   <trkpt lat="49.7976980" lon="19.9873410">
    <ele>612.6</ele>
    <time>2025-09-07T09:40:31Z</time>
   </trkpt>
   <trkpt lat="49.7977310" lon="19.9873490">
    <ele>612.2</ele>
    <time>2025-09-07T09:40:32Z</time>
   </trkpt>
   <trkpt lat="49.7977610" lon="19.9873490">
    <ele>612.2</ele>
    <time>2025-09-07T09:40:33Z</time>
   </trkpt>
   <trkpt lat="49.7977880" lon="19.9873300">
    <ele>612.0</ele>
    <time>2025-09-07T09:40:34Z</time>
   </trkpt>
   <trkpt lat="49.7978210" lon="19.9872980">
    <ele>612.0</ele>
    <time>2025-09-07T09:40:35Z</time>
   </trkpt>
   <trkpt lat="49.7978540" lon="19.9872730">
    <ele>611.6</ele>
    <time>2025-09-07T09:40:36Z</time>
   </trkpt>
   <trkpt lat="49.7978930" lon="19.9872550">
    <ele>611.6</ele>
    <time>2025-09-07T09:40:37Z</time>
   </trkpt>
   <trkpt lat="49.7979960" lon="19.9872080">
    <ele>610.6</ele>
    <time>2025-09-07T09:40:39Z</time>
   </trkpt>
   <trkpt lat="49.7981890" lon="19.9871310">
    <ele>609.0</ele>
    <time>2025-09-07T09:40:42Z</time>
   </trkpt>
   <trkpt lat="49.7982640" lon="19.9871110">
    <ele>607.6</ele>
    <time>2025-09-07T09:40:43Z</time>
   </trkpt>
   <trkpt lat="49.7983380" lon="19.9870880">
    <ele>605.2</ele>
    <time>2025-09-07T09:40:44Z</time>
   </trkpt>
   <trkpt lat="49.7984060" lon="19.9870640">
    <ele>604.2</ele>
    <time>2025-09-07T09:40:45Z</time>
   </trkpt>
   <trkpt lat="49.7984540" lon="19.9870460">
    <ele>603.2</ele>
    <time>2025-09-07T09:40:46Z</time>
   </trkpt>
   <trkpt lat="49.7985040" lon="19.9870230">
    <ele>602.2</ele>
    <time>2025-09-07T09:40:47Z</time>
   </trkpt>
   <trkpt lat="49.7985540" lon="19.9870000">
    <ele>601.8</ele>
    <time>2025-09-07T09:40:48Z</time>
   </trkpt>
   <trkpt lat="49.7985920" lon="19.9869860">
    <ele>600.8</ele>
    <time>2025-09-07T09:40:49Z</time>
   </trkpt>
   <trkpt lat="49.7986290" lon="19.9869720">
    <ele>599.2</ele>
    <time>2025-09-07T09:40:50Z</time>
   </trkpt>
   <trkpt lat="49.7986690" lon="19.9869520">
    <ele>598.4</ele>
    <time>2025-09-07T09:40:51Z</time>
   </trkpt>
   <trkpt lat="49.7987080" lon="19.9869180">
    <ele>597.0</ele>
    <time>2025-09-07T09:40:52Z</time>
   </trkpt>
   <trkpt lat="49.7987440" lon="19.9869300">
    <ele>596.8</ele>
    <time>2025-09-07T09:40:53Z</time>
   </trkpt>
   <trkpt lat="49.7987670" lon="19.9869450">
    <ele>596.4</ele>
    <time>2025-09-07T09:40:54Z</time>
   </trkpt>
   <trkpt lat="49.7987890" lon="19.9869450">
    <ele>595.6</ele>
    <time>2025-09-07T09:40:55Z</time>
   </trkpt>
   <trkpt lat="49.7988250" lon="19.9869260">
    <ele>595.0</ele>
    <time>2025-09-07T09:40:56Z</time>
   </trkpt>
   <trkpt lat="49.7988640" lon="19.9868950">
    <ele>594.8</ele>
    <time>2025-09-07T09:40:57Z</time>
   </trkpt>
   <trkpt lat="49.7989000" lon="19.9868720">
    <ele>593.8</ele>
    <time>2025-09-07T09:40:58Z</time>
   </trkpt>
   <trkpt lat="49.7989290" lon="19.9868470">
    <ele>593.2</ele>
    <time>2025-09-07T09:40:59Z</time>
   </trkpt>
   <trkpt lat="49.7989700" lon="19.9868280">
    <ele>592.2</ele>
    <time>2025-09-07T09:41:00Z</time>
   </trkpt>
   <trkpt lat="49.7989950" lon="19.9868190">
    <ele>591.2</ele>
    <time>2025-09-07T09:41:01Z</time>
   </trkpt>
   <trkpt lat="49.7990290" lon="19.9868100">
    <ele>590.2</ele>
    <time>2025-09-07T09:41:02Z</time>
   </trkpt>
   <trkpt lat="49.7990550" lon="19.9868140">
    <ele>590.0</ele>
    <time>2025-09-07T09:41:03Z</time>
   </trkpt>
   <trkpt lat="49.7990730" lon="19.9868190">
    <ele>589.4</ele>
    <time>2025-09-07T09:41:04Z</time>
   </trkpt>
   <trkpt lat="49.7990960" lon="19.9868130">
    <ele>588.8</ele>
    <time>2025-09-07T09:41:05Z</time>
   </trkpt>
   <trkpt lat="49.7991670" lon="19.9867860">
    <ele>588.0</ele>
    <time>2025-09-07T09:41:07Z</time>
   </trkpt>
   <trkpt lat="49.7992080" lon="19.9867720">
    <ele>586.8</ele>
    <time>2025-09-07T09:41:08Z</time>
   </trkpt>
   <trkpt lat="49.7992540" lon="19.9867550">
    <ele>586.2</ele>
    <time>2025-09-07T09:41:09Z</time>
   </trkpt>
   <trkpt lat="49.7993440" lon="19.9867100">
    <ele>585.0</ele>
    <time>2025-09-07T09:41:11Z</time>
   </trkpt>
   <trkpt lat="49.7994300" lon="19.9866650">
    <ele>584.0</ele>
    <time>2025-09-07T09:41:13Z</time>
   </trkpt>
   <trkpt lat="49.7994770" lon="19.9866560">
    <ele>583.4</ele>
    <time>2025-09-07T09:41:14Z</time>
   </trkpt>
   <trkpt lat="49.7995320" lon="19.9866480">
    <ele>583.0</ele>
    <time>2025-09-07T09:41:15Z</time>
   </trkpt>
   <trkpt lat="49.7995840" lon="19.9866450">
    <ele>582.4</ele>
    <time>2025-09-07T09:41:16Z</time>
   </trkpt>
   <trkpt lat="49.7996300" lon="19.9866390">
    <ele>581.6</ele>
    <time>2025-09-07T09:41:17Z</time>
   </trkpt>
   <trkpt lat="49.7996780" lon="19.9866280">
    <ele>579.4</ele>
    <time>2025-09-07T09:41:18Z</time>
   </trkpt>
   <trkpt lat="49.7997320" lon="19.9866150">
    <ele>577.8</ele>
    <time>2025-09-07T09:41:19Z</time>
   </trkpt>
   <trkpt lat="49.7997850" lon="19.9865950">
    <ele>576.4</ele>
    <time>2025-09-07T09:41:20Z</time>
   </trkpt>
   <trkpt lat="49.7998360" lon="19.9865640">
    <ele>575.6</ele>
    <time>2025-09-07T09:41:21Z</time>
   </trkpt>
   <trkpt lat="49.7998870" lon="19.9865230">
    <ele>575.2</ele>
    <time>2025-09-07T09:41:22Z</time>
   </trkpt>
   <trkpt lat="49.7999510" lon="19.9864770">
    <ele>574.2</ele>
    <time>2025-09-07T09:41:23Z</time>
   </trkpt>
   <trkpt lat="49.8000240" lon="19.9864310">
    <ele>573.6</ele>
    <time>2025-09-07T09:41:24Z</time>
   </trkpt>
   <trkpt lat="49.8000780" lon="19.9863960">
    <ele>573.2</ele>
    <time>2025-09-07T09:41:25Z</time>
   </trkpt>
   <trkpt lat="49.8001320" lon="19.9863580">
    <ele>572.6</ele>
    <time>2025-09-07T09:41:26Z</time>
   </trkpt>
   <trkpt lat="49.8001750" lon="19.9863220">
    <ele>572.0</ele>
    <time>2025-09-07T09:41:27Z</time>
   </trkpt>
   <trkpt lat="49.8002230" lon="19.9862940">
    <ele>571.2</ele>
    <time>2025-09-07T09:41:28Z</time>
   </trkpt>
   <trkpt lat="49.8002530" lon="19.9863040">
    <ele>570.0</ele>
    <time>2025-09-07T09:41:29Z</time>
   </trkpt>
   <trkpt lat="49.8002680" lon="19.9863350">
    <ele>569.4</ele>
    <time>2025-09-07T09:41:30Z</time>
   </trkpt>
   <trkpt lat="49.8002850" lon="19.9863480">
    <ele>569.0</ele>
    <time>2025-09-07T09:41:31Z</time>
   </trkpt>
   <trkpt lat="49.8003200" lon="19.9863440">
    <ele>568.4</ele>
    <time>2025-09-07T09:41:32Z</time>
   </trkpt>
   <trkpt lat="49.8003210" lon="19.9863480">
    <ele>568.4</ele>
    <time>2025-09-07T09:41:33Z</time>
   </trkpt>
   <trkpt lat="49.8003210" lon="19.9863480">
    <ele>568.2</ele>
    <time>2025-09-07T09:41:34Z</time>
   </trkpt>
   <trkpt lat="49.8003370" lon="19.9863500">
    <ele>568.2</ele>
    <time>2025-09-07T09:41:37Z</time>
   </trkpt>
   <trkpt lat="49.8003560" lon="19.9863580">
    <ele>568.2</ele>
    <time>2025-09-07T09:41:38Z</time>
   </trkpt>
   <trkpt lat="49.8003840" lon="19.9863650">
    <ele>568.2</ele>
    <time>2025-09-07T09:41:39Z</time>
   </trkpt>
   <trkpt lat="49.8005040" lon="19.9863780">
    <ele>567.2</ele>
    <time>2025-09-07T09:41:42Z</time>
   </trkpt>
   <trkpt lat="49.8005520" lon="19.9863890">
    <ele>566.8</ele>
    <time>2025-09-07T09:41:43Z</time>
   </trkpt>
   <trkpt lat="49.8006820" lon="19.9864340">
    <ele>565.6</ele>
    <time>2025-09-07T09:41:46Z</time>
   </trkpt>
   <trkpt lat="49.8007290" lon="19.9864440">
    <ele>565.6</ele>
    <time>2025-09-07T09:41:47Z</time>
   </trkpt>
   <trkpt lat="49.8008420" lon="19.9864630">
    <ele>565.4</ele>
    <time>2025-09-07T09:41:49Z</time>
   </trkpt>
   <trkpt lat="49.8011710" lon="19.9864600">
    <ele>563.6</ele>
    <time>2025-09-07T09:41:54Z</time>
   </trkpt>
   <trkpt lat="49.8012430" lon="19.9864540">
    <ele>562.4</ele>
    <time>2025-09-07T09:41:55Z</time>
   </trkpt>
   <trkpt lat="49.8014130" lon="19.9864360">
    <ele>561.6</ele>
    <time>2025-09-07T09:41:57Z</time>
   </trkpt>
   <trkpt lat="49.8015050" lon="19.9864510">
    <ele>561.2</ele>
    <time>2025-09-07T09:41:58Z</time>
   </trkpt>
   <trkpt lat="49.8015980" lon="19.9864960">
    <ele>560.8</ele>
    <time>2025-09-07T09:41:59Z</time>
   </trkpt>
   <trkpt lat="49.8016770" lon="19.9865430">
    <ele>560.4</ele>
    <time>2025-09-07T09:42:00Z</time>
   </trkpt>
   <trkpt lat="49.8017610" lon="19.9865770">
    <ele>559.8</ele>
    <time>2025-09-07T09:42:01Z</time>
   </trkpt>
   <trkpt lat="49.8018260" lon="19.9865920">
    <ele>559.4</ele>
    <time>2025-09-07T09:42:02Z</time>
   </trkpt>
   <trkpt lat="49.8019080" lon="19.9866070">
    <ele>559.0</ele>
    <time>2025-09-07T09:42:03Z</time>
   </trkpt>
   <trkpt lat="49.8019360" lon="19.9866050">
    <ele>559.0</ele>
    <time>2025-09-07T09:42:04Z</time>
   </trkpt>
   <trkpt lat="49.8019680" lon="19.9865970">
    <ele>559.0</ele>
    <time>2025-09-07T09:42:05Z</time>
   </trkpt>
   <trkpt lat="49.8019930" lon="19.9865890">
    <ele>559.0</ele>
    <time>2025-09-07T09:42:06Z</time>
   </trkpt>
   <trkpt lat="49.8020190" lon="19.9865820">
    <ele>558.8</ele>
    <time>2025-09-07T09:42:07Z</time>
   </trkpt>
   <trkpt lat="49.8020440" lon="19.9865760">
    <ele>558.8</ele>
    <time>2025-09-07T09:42:08Z</time>
   </trkpt>
   <trkpt lat="49.8020720" lon="19.9865590">
    <ele>558.8</ele>
    <time>2025-09-07T09:42:09Z</time>
   </trkpt>
   <trkpt lat="49.8021560" lon="19.9865140">
    <ele>558.8</ele>
    <time>2025-09-07T09:42:12Z</time>
   </trkpt>
   <trkpt lat="49.8022180" lon="19.9864500">
    <ele>558.8</ele>
    <time>2025-09-07T09:42:14Z</time>
   </trkpt>
   <trkpt lat="49.8023220" lon="19.9863350">
    <ele>558.4</ele>
    <time>2025-09-07T09:42:17Z</time>
   </trkpt>
   <trkpt lat="49.8023550" lon="19.9862900">
    <ele>558.4</ele>
    <time>2025-09-07T09:42:18Z</time>
   </trkpt>
   <trkpt lat="49.8024180" lon="19.9861920">
    <ele>558.6</ele>
    <time>2025-09-07T09:42:20Z</time>
   </trkpt>
   <trkpt lat="49.8024420" lon="19.9861540">
    <ele>558.6</ele>
    <time>2025-09-07T09:42:21Z</time>
   </trkpt>
   <trkpt lat="49.8024780" lon="19.9861000">
    <ele>559.2</ele>
    <time>2025-09-07T09:42:22Z</time>
   </trkpt>
   <trkpt lat="49.8025050" lon="19.9860590">
    <ele>559.4</ele>
    <time>2025-09-07T09:42:23Z</time>
   </trkpt>
   <trkpt lat="49.8025340" lon="19.9860160">
    <ele>559.8</ele>
    <time>2025-09-07T09:42:24Z</time>
   </trkpt>
   <trkpt lat="49.8026180" lon="19.9858470">
    <ele>560.6</ele>
    <time>2025-09-07T09:42:28Z</time>
   </trkpt>
   <trkpt lat="49.8026420" lon="19.9858060">
    <ele>560.8</ele>
    <time>2025-09-07T09:42:29Z</time>
   </trkpt>
   <trkpt lat="49.8026620" lon="19.9857720">
    <ele>560.8</ele>
    <time>2025-09-07T09:42:30Z</time>
   </trkpt>
   <trkpt lat="49.8026930" lon="19.9857250">
    <ele>561.0</ele>
    <time>2025-09-07T09:42:31Z</time>
   </trkpt>
   <trkpt lat="49.8027140" lon="19.9856950">
    <ele>561.4</ele>
    <time>2025-09-07T09:42:32Z</time>
   </trkpt>
   <trkpt lat="49.8027440" lon="19.9856580">
    <ele>561.6</ele>
    <time>2025-09-07T09:42:33Z</time>
   </trkpt>
   <trkpt lat="49.8027730" lon="19.9856360">
    <ele>561.6</ele>
    <time>2025-09-07T09:42:34Z</time>
   </trkpt>
   <trkpt lat="49.8027940" lon="19.9856250">
    <ele>561.8</ele>
    <time>2025-09-07T09:42:35Z</time>
   </trkpt>
   <trkpt lat="49.8028230" lon="19.9856100">
    <ele>562.2</ele>
    <time>2025-09-07T09:42:36Z</time>
   </trkpt>
   <trkpt lat="49.8028920" lon="19.9855480">
    <ele>562.8</ele>
    <time>2025-09-07T09:42:39Z</time>
   </trkpt>
   <trkpt lat="49.8029180" lon="19.9855260">
    <ele>563.2</ele>
    <time>2025-09-07T09:42:40Z</time>
   </trkpt>
   <trkpt lat="49.8029420" lon="19.9855010">
    <ele>563.4</ele>
    <time>2025-09-07T09:42:41Z</time>
   </trkpt>
   <trkpt lat="49.8029660" lon="19.9854770">
    <ele>563.6</ele>
    <time>2025-09-07T09:42:42Z</time>
   </trkpt>
   <trkpt lat="49.8029900" lon="19.9854530">
    <ele>563.8</ele>
    <time>2025-09-07T09:42:43Z</time>
   </trkpt>
   <trkpt lat="49.8030160" lon="19.9854310">
    <ele>563.8</ele>
    <time>2025-09-07T09:42:44Z</time>
   </trkpt>
   <trkpt lat="49.8030420" lon="19.9854090">
    <ele>564.0</ele>
    <time>2025-09-07T09:42:45Z</time>
   </trkpt>
   <trkpt lat="49.8030710" lon="19.9853810">
    <ele>564.2</ele>
    <time>2025-09-07T09:42:46Z</time>
   </trkpt>
   <trkpt lat="49.8030860" lon="19.9853590">
    <ele>564.4</ele>
    <time>2025-09-07T09:42:47Z</time>
   </trkpt>
   <trkpt lat="49.8031040" lon="19.9853310">
    <ele>564.8</ele>
    <time>2025-09-07T09:42:48Z</time>
   </trkpt>
   <trkpt lat="49.8031210" lon="19.9853080">
    <ele>565.0</ele>
    <time>2025-09-07T09:42:49Z</time>
   </trkpt>
   <trkpt lat="49.8031410" lon="19.9852880">
    <ele>565.2</ele>
    <time>2025-09-07T09:42:50Z</time>
   </trkpt>
   <trkpt lat="49.8031590" lon="19.9852700">
    <ele>565.8</ele>
    <time>2025-09-07T09:42:51Z</time>
   </trkpt>
   <trkpt lat="49.8031810" lon="19.9852520">
    <ele>566.2</ele>
    <time>2025-09-07T09:42:52Z</time>
   </trkpt>
   <trkpt lat="49.8032060" lon="19.9852330">
    <ele>566.6</ele>
    <time>2025-09-07T09:42:53Z</time>
   </trkpt>
   <trkpt lat="49.8032310" lon="19.9852140">
    <ele>566.8</ele>
    <time>2025-09-07T09:42:54Z</time>
   </trkpt>
   <trkpt lat="49.8032520" lon="19.9851920">
    <ele>567.4</ele>
    <time>2025-09-07T09:42:55Z</time>
   </trkpt>
   <trkpt lat="49.8032740" lon="19.9851710">
    <ele>567.8</ele>
    <time>2025-09-07T09:42:56Z</time>
   </trkpt>
   <trkpt lat="49.8032930" lon="19.9851510">
    <ele>568.2</ele>
    <time>2025-09-07T09:42:57Z</time>
   </trkpt>
   <trkpt lat="49.8033190" lon="19.9851310">
    <ele>568.6</ele>
    <time>2025-09-07T09:42:58Z</time>
   </trkpt>
   <trkpt lat="49.8033470" lon="19.9851090">
    <ele>569.0</ele>
    <time>2025-09-07T09:42:59Z</time>
   </trkpt>
   <trkpt lat="49.8033700" lon="19.9850940">
    <ele>569.2</ele>
    <time>2025-09-07T09:43:00Z</time>
   </trkpt>
   <trkpt lat="49.8033910" lon="19.9850820">
    <ele>569.6</ele>
    <time>2025-09-07T09:43:01Z</time>
   </trkpt>
   <trkpt lat="49.8034150" lon="19.9850680">
    <ele>570.2</ele>
    <time>2025-09-07T09:43:02Z</time>
   </trkpt>
   <trkpt lat="49.8034360" lon="19.9850550">
    <ele>570.4</ele>
    <time>2025-09-07T09:43:03Z</time>
   </trkpt>
   <trkpt lat="49.8034580" lon="19.9850480">
    <ele>570.6</ele>
    <time>2025-09-07T09:43:04Z</time>
   </trkpt>
   <trkpt lat="49.8034810" lon="19.9850410">
    <ele>571.0</ele>
    <time>2025-09-07T09:43:05Z</time>
   </trkpt>
   <trkpt lat="49.8035050" lon="19.9850350">
    <ele>571.2</ele>
    <time>2025-09-07T09:43:06Z</time>
   </trkpt>
   <trkpt lat="49.8035260" lon="19.9850280">
    <ele>571.6</ele>
    <time>2025-09-07T09:43:07Z</time>
   </trkpt>
   <trkpt lat="49.8035470" lon="19.9850160">
    <ele>572.0</ele>
    <time>2025-09-07T09:43:08Z</time>
   </trkpt>
   <trkpt lat="49.8035700" lon="19.9850110">
    <ele>572.2</ele>
    <time>2025-09-07T09:43:09Z</time>
   </trkpt>
   <trkpt lat="49.8035910" lon="19.9850040">
    <ele>572.4</ele>
    <time>2025-09-07T09:43:10Z</time>
   </trkpt>
   <trkpt lat="49.8036060" lon="19.9849960">
    <ele>572.8</ele>
    <time>2025-09-07T09:43:11Z</time>
   </trkpt>
   <trkpt lat="49.8036310" lon="19.9849800">
    <ele>573.2</ele>
    <time>2025-09-07T09:43:12Z</time>
   </trkpt>
   <trkpt lat="49.8036590" lon="19.9849600">
    <ele>573.4</ele>
    <time>2025-09-07T09:43:13Z</time>
   </trkpt>
   <trkpt lat="49.8036910" lon="19.9849410">
    <ele>573.8</ele>
    <time>2025-09-07T09:43:14Z</time>
   </trkpt>
   <trkpt lat="49.8037110" lon="19.9849340">
    <ele>574.0</ele>
    <time>2025-09-07T09:43:15Z</time>
   </trkpt>
   <trkpt lat="49.8037310" lon="19.9849290">
    <ele>574.2</ele>
    <time>2025-09-07T09:43:16Z</time>
   </trkpt>
   <trkpt lat="49.8037560" lon="19.9849150">
    <ele>574.4</ele>
    <time>2025-09-07T09:43:17Z</time>
   </trkpt>
   <trkpt lat="49.8037830" lon="19.9849000">
    <ele>574.6</ele>
    <time>2025-09-07T09:43:18Z</time>
   </trkpt>
   <trkpt lat="49.8038010" lon="19.9848940">
    <ele>575.0</ele>
    <time>2025-09-07T09:43:19Z</time>
   </trkpt>
   <trkpt lat="49.8038290" lon="19.9848860">
    <ele>575.2</ele>
    <time>2025-09-07T09:43:20Z</time>
   </trkpt>
   <trkpt lat="49.8038570" lon="19.9848800">
    <ele>575.6</ele>
    <time>2025-09-07T09:43:21Z</time>
   </trkpt>
   <trkpt lat="49.8038710" lon="19.9848970">
    <ele>575.8</ele>
    <time>2025-09-07T09:43:22Z</time>
   </trkpt>
   <trkpt lat="49.8038910" lon="19.9848920">
    <ele>576.4</ele>
    <time>2025-09-07T09:43:23Z</time>
   </trkpt>
   <trkpt lat="49.8039130" lon="19.9848860">
    <ele>576.4</ele>
    <time>2025-09-07T09:43:24Z</time>
   </trkpt>
   <trkpt lat="49.8039390" lon="19.9848820">
    <ele>576.6</ele>
    <time>2025-09-07T09:43:25Z</time>
   </trkpt>
   <trkpt lat="49.8039730" lon="19.9848770">
    <ele>576.8</ele>
    <time>2025-09-07T09:43:26Z</time>
   </trkpt>
   <trkpt lat="49.8039950" lon="19.9848720">
    <ele>576.8</ele>
    <time>2025-09-07T09:43:27Z</time>
   </trkpt>
   <trkpt lat="49.8040280" lon="19.9848660">
    <ele>577.0</ele>
    <time>2025-09-07T09:43:28Z</time>
   </trkpt>
   <trkpt lat="49.8040530" lon="19.9848590">
    <ele>577.0</ele>
    <time>2025-09-07T09:43:29Z</time>
   </trkpt>
   <trkpt lat="49.8040740" lon="19.9848540">
    <ele>577.0</ele>
    <time>2025-09-07T09:43:30Z</time>
   </trkpt>
   <trkpt lat="49.8040900" lon="19.9848480">
    <ele>577.2</ele>
    <time>2025-09-07T09:43:31Z</time>
   </trkpt>
   <trkpt lat="49.8041090" lon="19.9848330">
    <ele>577.2</ele>
    <time>2025-09-07T09:43:32Z</time>
   </trkpt>
   <trkpt lat="49.8041210" lon="19.9848220">
    <ele>577.4</ele>
    <time>2025-09-07T09:43:33Z</time>
   </trkpt>
   <trkpt lat="49.8041360" lon="19.9848110">
    <ele>577.6</ele>
    <time>2025-09-07T09:43:34Z</time>
   </trkpt>
   <trkpt lat="49.8041540" lon="19.9847910">
    <ele>578.0</ele>
    <time>2025-09-07T09:43:35Z</time>
   </trkpt>
   <trkpt lat="49.8041720" lon="19.9847620">
    <ele>578.4</ele>
    <time>2025-09-07T09:43:36Z</time>
   </trkpt>
   <trkpt lat="49.8041910" lon="19.9847310">
    <ele>578.8</ele>
    <time>2025-09-07T09:43:37Z</time>
   </trkpt>
   <trkpt lat="49.8042100" lon="19.9846990">
    <ele>579.0</ele>
    <time>2025-09-07T09:43:38Z</time>
   </trkpt>
   <trkpt lat="49.8042320" lon="19.9846680">
    <ele>579.6</ele>
    <time>2025-09-07T09:43:39Z</time>
   </trkpt>
   <trkpt lat="49.8042450" lon="19.9846540">
    <ele>580.4</ele>
    <time>2025-09-07T09:43:40Z</time>
   </trkpt>
   <trkpt lat="49.8042610" lon="19.9846340">
    <ele>580.8</ele>
    <time>2025-09-07T09:43:41Z</time>
   </trkpt>
   <trkpt lat="49.8042710" lon="19.9846180">
    <ele>581.0</ele>
    <time>2025-09-07T09:43:42Z</time>
   </trkpt>
   <trkpt lat="49.8042880" lon="19.9845960">
    <ele>581.4</ele>
    <time>2025-09-07T09:43:43Z</time>
   </trkpt>
   <trkpt lat="49.8043010" lon="19.9845750">
    <ele>581.8</ele>
    <time>2025-09-07T09:43:44Z</time>
   </trkpt>
   <trkpt lat="49.8043140" lon="19.9845550">
    <ele>582.2</ele>
    <time>2025-09-07T09:43:45Z</time>
   </trkpt>
   <trkpt lat="49.8043260" lon="19.9845390">
    <ele>582.4</ele>
    <time>2025-09-07T09:43:46Z</time>
   </trkpt>
   <trkpt lat="49.8043450" lon="19.9845190">
    <ele>582.6</ele>
    <time>2025-09-07T09:43:47Z</time>
   </trkpt>
   <trkpt lat="49.8043650" lon="19.9845000">
    <ele>582.8</ele>
    <time>2025-09-07T09:43:48Z</time>
   </trkpt>
   <trkpt lat="49.8043810" lon="19.9844850">
    <ele>583.0</ele>
    <time>2025-09-07T09:43:49Z</time>
   </trkpt>
   <trkpt lat="49.8043940" lon="19.9844710">
    <ele>583.4</ele>
    <time>2025-09-07T09:43:50Z</time>
   </trkpt>
   <trkpt lat="49.8044040" lon="19.9844600">
    <ele>583.6</ele>
    <time>2025-09-07T09:43:51Z</time>
   </trkpt>
   <trkpt lat="49.8044150" lon="19.9844500">
    <ele>583.8</ele>
    <time>2025-09-07T09:43:52Z</time>
   </trkpt>
   <trkpt lat="49.8044290" lon="19.9844470">
    <ele>583.8</ele>
    <time>2025-09-07T09:43:53Z</time>
   </trkpt>
   <trkpt lat="49.8044430" lon="19.9844430">
    <ele>584.2</ele>
    <time>2025-09-07T09:43:54Z</time>
   </trkpt>
   <trkpt lat="49.8044530" lon="19.9844370">
    <ele>584.2</ele>
    <time>2025-09-07T09:43:55Z</time>
   </trkpt>
   <trkpt lat="49.8044670" lon="19.9844270">
    <ele>584.4</ele>
    <time>2025-09-07T09:43:56Z</time>
   </trkpt>
   <trkpt lat="49.8044820" lon="19.9844210">
    <ele>584.4</ele>
    <time>2025-09-07T09:43:57Z</time>
   </trkpt>
   <trkpt lat="49.8044940" lon="19.9844160">
    <ele>584.4</ele>
    <time>2025-09-07T09:43:58Z</time>
   </trkpt>
   <trkpt lat="49.8045040" lon="19.9844090">
    <ele>584.4</ele>
    <time>2025-09-07T09:43:59Z</time>
   </trkpt>
   <trkpt lat="49.8045100" lon="19.9843950">
    <ele>584.6</ele>
    <time>2025-09-07T09:44:00Z</time>
   </trkpt>
   <trkpt lat="49.8045170" lon="19.9843830">
    <ele>584.6</ele>
    <time>2025-09-07T09:44:01Z</time>
   </trkpt>
   <trkpt lat="49.8045210" lon="19.9843780">
    <ele>584.8</ele>
    <time>2025-09-07T09:44:02Z</time>
   </trkpt>
   <trkpt lat="49.8045210" lon="19.9843780">
    <ele>584.8</ele>
    <time>2025-09-07T09:44:03Z</time>
   </trkpt>
   <trkpt lat="49.8045210" lon="19.9843780">
    <ele>584.8</ele>
    <time>2025-09-07T09:44:07Z</time>
   </trkpt>
   <trkpt lat="49.8045210" lon="19.9843780">
    <ele>584.8</ele>
    <time>2025-09-07T09:44:13Z</time>
   </trkpt>
   <trkpt lat="49.8045210" lon="19.9843780">
    <ele>584.8</ele>
    <time>2025-09-07T09:44:16Z</time>
   </trkpt>
   <trkpt lat="49.8045210" lon="19.9843780">
    <ele>584.8</ele>
    <time>2025-09-07T09:44:20Z</time>
   </trkpt>
   <trkpt lat="49.8045160" lon="19.9843810">
    <ele>584.8</ele>
    <time>2025-09-07T09:44:22Z</time>
   </trkpt>
   <trkpt lat="49.8045440" lon="19.9843700">
    <ele>585.2</ele>
    <time>2025-09-07T09:44:27Z</time>
   </trkpt>
   <trkpt lat="49.8045560" lon="19.9843660">
    <ele>585.2</ele>
    <time>2025-09-07T09:44:28Z</time>
   </trkpt>
   <trkpt lat="49.8045770" lon="19.9843580">
    <ele>585.2</ele>
    <time>2025-09-07T09:44:29Z</time>
   </trkpt>
   <trkpt lat="49.8046120" lon="19.9843510">
    <ele>585.2</ele>
    <time>2025-09-07T09:44:31Z</time>
   </trkpt>
   <trkpt lat="49.8046280" lon="19.9843540">
    <ele>585.4</ele>
    <time>2025-09-07T09:44:32Z</time>
   </trkpt>
   <trkpt lat="49.8046510" lon="19.9843520">
    <ele>585.6</ele>
    <time>2025-09-07T09:44:34Z</time>
   </trkpt>
   <trkpt lat="49.8046690" lon="19.9843410">
    <ele>585.6</ele>
    <time>2025-09-07T09:44:35Z</time>
   </trkpt>
   <trkpt lat="49.8046830" lon="19.9843260">
    <ele>585.8</ele>
    <time>2025-09-07T09:44:36Z</time>
   </trkpt>
   <trkpt lat="49.8046970" lon="19.9843090">
    <ele>586.0</ele>
    <time>2025-09-07T09:44:37Z</time>
   </trkpt>
   <trkpt lat="49.8047110" lon="19.9842980">
    <ele>586.0</ele>
    <time>2025-09-07T09:44:38Z</time>
   </trkpt>
   <trkpt lat="49.8047210" lon="19.9842870">
    <ele>586.2</ele>
    <time>2025-09-07T09:44:39Z</time>
   </trkpt>
   <trkpt lat="49.8047330" lon="19.9842800">
    <ele>586.4</ele>
    <time>2025-09-07T09:44:40Z</time>
   </trkpt>
   <trkpt lat="49.8048450" lon="19.9841740">
    <ele>586.6</ele>
    <time>2025-09-07T09:44:45Z</time>
   </trkpt>
   <trkpt lat="49.8049290" lon="19.9841080">
    <ele>587.0</ele>
    <time>2025-09-07T09:44:49Z</time>
   </trkpt>
   <trkpt lat="49.8049760" lon="19.9840620">
    <ele>587.2</ele>
    <time>2025-09-07T09:44:51Z</time>
   </trkpt>
   <trkpt lat="49.8049960" lon="19.9840420">
    <ele>587.4</ele>
    <time>2025-09-07T09:44:52Z</time>
   </trkpt>
   <trkpt lat="49.8050210" lon="19.9840220">
    <ele>587.8</ele>
    <time>2025-09-07T09:44:53Z</time>
   </trkpt>
   <trkpt lat="49.8050390" lon="19.9840110">
    <ele>588.2</ele>
    <time>2025-09-07T09:44:54Z</time>
   </trkpt>
   <trkpt lat="49.8050560" lon="19.9840000">
    <ele>588.4</ele>
    <time>2025-09-07T09:44:55Z</time>
   </trkpt>
   <trkpt lat="49.8050720" lon="19.9839890">
    <ele>588.8</ele>
    <time>2025-09-07T09:44:56Z</time>
   </trkpt>
   <trkpt lat="49.8050780" lon="19.9839790">
    <ele>589.0</ele>
    <time>2025-09-07T09:44:57Z</time>
   </trkpt>
   <trkpt lat="49.8051000" lon="19.9839630">
    <ele>589.2</ele>
    <time>2025-09-07T09:44:58Z</time>
   </trkpt>
   <trkpt lat="49.8051250" lon="19.9839470">
    <ele>589.4</ele>
    <time>2025-09-07T09:44:59Z</time>
   </trkpt>
   <trkpt lat="49.8051480" lon="19.9839300">
    <ele>589.8</ele>
    <time>2025-09-07T09:45:00Z</time>
   </trkpt>
   <trkpt lat="49.8051690" lon="19.9839180">
    <ele>590.2</ele>
    <time>2025-09-07T09:45:01Z</time>
   </trkpt>
   <trkpt lat="49.8051930" lon="19.9839060">
    <ele>590.2</ele>
    <time>2025-09-07T09:45:02Z</time>
   </trkpt>
   <trkpt lat="49.8052090" lon="19.9838970">
    <ele>590.4</ele>
    <time>2025-09-07T09:45:03Z</time>
   </trkpt>
   <trkpt lat="49.8052280" lon="19.9838820">
    <ele>590.6</ele>
    <time>2025-09-07T09:45:04Z</time>
   </trkpt>
   <trkpt lat="49.8052490" lon="19.9838690">
    <ele>591.0</ele>
    <time>2025-09-07T09:45:05Z</time>
   </trkpt>
   <trkpt lat="49.8052710" lon="19.9838560">
    <ele>591.4</ele>
    <time>2025-09-07T09:45:06Z</time>
   </trkpt>
   <trkpt lat="49.8052880" lon="19.9838410">
    <ele>591.8</ele>
    <time>2025-09-07T09:45:07Z</time>
   </trkpt>
   <trkpt lat="49.8053060" lon="19.9838210">
    <ele>592.2</ele>
    <time>2025-09-07T09:45:08Z</time>
   </trkpt>
   <trkpt lat="49.8053220" lon="19.9838080">
    <ele>592.4</ele>
    <time>2025-09-07T09:45:09Z</time>
   </trkpt>
   <trkpt lat="49.8053380" lon="19.9837950">
    <ele>593.0</ele>
    <time>2025-09-07T09:45:10Z</time>
   </trkpt>
   <trkpt lat="49.8053560" lon="19.9837770">
    <ele>593.0</ele>
    <time>2025-09-07T09:45:11Z</time>
   </trkpt>
   <trkpt lat="49.8053720" lon="19.9837570">
    <ele>593.4</ele>
    <time>2025-09-07T09:45:12Z</time>
   </trkpt>
   <trkpt lat="49.8053910" lon="19.9837340">
    <ele>593.8</ele>
    <time>2025-09-07T09:45:13Z</time>
   </trkpt>
   <trkpt lat="49.8054070" lon="19.9837130">
    <ele>594.0</ele>
    <time>2025-09-07T09:45:14Z</time>
   </trkpt>
   <trkpt lat="49.8054230" lon="19.9836940">
    <ele>594.2</ele>
    <time>2025-09-07T09:45:15Z</time>
   </trkpt>
   <trkpt lat="49.8054400" lon="19.9836730">
    <ele>594.4</ele>
    <time>2025-09-07T09:45:16Z</time>
   </trkpt>
   <trkpt lat="49.8054590" lon="19.9836530">
    <ele>594.8</ele>
    <time>2025-09-07T09:45:17Z</time>
   </trkpt>
   <trkpt lat="49.8054740" lon="19.9836320">
    <ele>595.0</ele>
    <time>2025-09-07T09:45:18Z</time>
   </trkpt>
   <trkpt lat="49.8054850" lon="19.9836100">
    <ele>595.0</ele>
    <time>2025-09-07T09:45:19Z</time>
   </trkpt>
   <trkpt lat="49.8054940" lon="19.9835810">
    <ele>595.2</ele>
    <time>2025-09-07T09:45:20Z</time>
   </trkpt>
   <trkpt lat="49.8055060" lon="19.9835540">
    <ele>595.4</ele>
    <time>2025-09-07T09:45:21Z</time>
   </trkpt>
   <trkpt lat="49.8055170" lon="19.9835300">
    <ele>595.6</ele>
    <time>2025-09-07T09:45:22Z</time>
   </trkpt>
   <trkpt lat="49.8055240" lon="19.9835070">
    <ele>595.8</ele>
    <time>2025-09-07T09:45:23Z</time>
   </trkpt>
   <trkpt lat="49.8055320" lon="19.9834840">
    <ele>596.0</ele>
    <time>2025-09-07T09:45:24Z</time>
   </trkpt>
   <trkpt lat="49.8055430" lon="19.9834630">
    <ele>596.2</ele>
    <time>2025-09-07T09:45:25Z</time>
   </trkpt>
   <trkpt lat="49.8055540" lon="19.9834390">
    <ele>596.4</ele>
    <time>2025-09-07T09:45:26Z</time>
   </trkpt>
   <trkpt lat="49.8055690" lon="19.9834170">
    <ele>596.6</ele>
    <time>2025-09-07T09:45:27Z</time>
   </trkpt>
   <trkpt lat="49.8055790" lon="19.9833940">
    <ele>596.6</ele>
    <time>2025-09-07T09:45:28Z</time>
   </trkpt>
   <trkpt lat="49.8055830" lon="19.9833670">
    <ele>597.0</ele>
    <time>2025-09-07T09:45:29Z</time>
   </trkpt>
   <trkpt lat="49.8055890" lon="19.9833350">
    <ele>597.0</ele>
    <time>2025-09-07T09:45:30Z</time>
   </trkpt>
   <trkpt lat="49.8055880" lon="19.9832990">
    <ele>597.0</ele>
    <time>2025-09-07T09:45:31Z</time>
   </trkpt>
   <trkpt lat="49.8055810" lon="19.9832630">
    <ele>597.2</ele>
    <time>2025-09-07T09:45:32Z</time>
   </trkpt>
   <trkpt lat="49.8055810" lon="19.9832280">
    <ele>597.2</ele>
    <time>2025-09-07T09:45:33Z</time>
   </trkpt>
   <trkpt lat="49.8055860" lon="19.9831940">
    <ele>597.4</ele>
    <time>2025-09-07T09:45:34Z</time>
   </trkpt>
   <trkpt lat="49.8055920" lon="19.9831590">
    <ele>597.4</ele>
    <time>2025-09-07T09:45:35Z</time>
   </trkpt>
   <trkpt lat="49.8056000" lon="19.9831240">
    <ele>597.6</ele>
    <time>2025-09-07T09:45:36Z</time>
   </trkpt>
   <trkpt lat="49.8056100" lon="19.9830910">
    <ele>597.8</ele>
    <time>2025-09-07T09:45:37Z</time>
   </trkpt>
   <trkpt lat="49.8056210" lon="19.9830650">
    <ele>598.4</ele>
    <time>2025-09-07T09:45:38Z</time>
   </trkpt>
   <trkpt lat="49.8056380" lon="19.9830360">
    <ele>598.8</ele>
    <time>2025-09-07T09:45:39Z</time>
   </trkpt>
   <trkpt lat="49.8056510" lon="19.9830080">
    <ele>599.2</ele>
    <time>2025-09-07T09:45:40Z</time>
   </trkpt>
   <trkpt lat="49.8056630" lon="19.9829790">
    <ele>599.6</ele>
    <time>2025-09-07T09:45:41Z</time>
   </trkpt>
   <trkpt lat="49.8056690" lon="19.9829500">
    <ele>599.8</ele>
    <time>2025-09-07T09:45:42Z</time>
   </trkpt>
   <trkpt lat="49.8056820" lon="19.9829220">
    <ele>600.4</ele>
    <time>2025-09-07T09:45:43Z</time>
   </trkpt>
   <trkpt lat="49.8056970" lon="19.9828940">
    <ele>600.6</ele>
    <time>2025-09-07T09:45:44Z</time>
   </trkpt>
   <trkpt lat="49.8057060" lon="19.9828610">
    <ele>600.6</ele>
    <time>2025-09-07T09:45:45Z</time>
   </trkpt>
   <trkpt lat="49.8057190" lon="19.9828220">
    <ele>600.6</ele>
    <time>2025-09-07T09:45:46Z</time>
   </trkpt>
   <trkpt lat="49.8057270" lon="19.9827890">
    <ele>600.8</ele>
    <time>2025-09-07T09:45:47Z</time>
   </trkpt>
   <trkpt lat="49.8057290" lon="19.9827590">
    <ele>600.8</ele>
    <time>2025-09-07T09:45:48Z</time>
   </trkpt>
   <trkpt lat="49.8057340" lon="19.9827220">
    <ele>600.8</ele>
    <time>2025-09-07T09:45:49Z</time>
   </trkpt>
   <trkpt lat="49.8057330" lon="19.9826970">
    <ele>601.2</ele>
    <time>2025-09-07T09:45:50Z</time>
   </trkpt>
   <trkpt lat="49.8057350" lon="19.9826690">
    <ele>601.4</ele>
    <time>2025-09-07T09:45:51Z</time>
   </trkpt>
   <trkpt lat="49.8057380" lon="19.9826430">
    <ele>601.6</ele>
    <time>2025-09-07T09:45:52Z</time>
   </trkpt>
   <trkpt lat="49.8057440" lon="19.9826190">
    <ele>601.8</ele>
    <time>2025-09-07T09:45:53Z</time>
   </trkpt>
   <trkpt lat="49.8057590" lon="19.9825930">
    <ele>602.0</ele>
    <time>2025-09-07T09:45:54Z</time>
   </trkpt>
   <trkpt lat="49.8057690" lon="19.9825730">
    <ele>602.2</ele>
    <time>2025-09-07T09:45:55Z</time>
   </trkpt>
   <trkpt lat="49.8057830" lon="19.9825450">
    <ele>602.6</ele>
    <time>2025-09-07T09:45:56Z</time>
   </trkpt>
   <trkpt lat="49.8057930" lon="19.9825170">
    <ele>602.8</ele>
    <time>2025-09-07T09:45:57Z</time>
   </trkpt>
   <trkpt lat="49.8057930" lon="19.9824910">
    <ele>603.2</ele>
    <time>2025-09-07T09:45:58Z</time>
   </trkpt>
   <trkpt lat="49.8057820" lon="19.9824520">
    <ele>603.6</ele>
    <time>2025-09-07T09:45:59Z</time>
   </trkpt>
   <trkpt lat="49.8057760" lon="19.9824150">
    <ele>603.8</ele>
    <time>2025-09-07T09:46:00Z</time>
   </trkpt>
   <trkpt lat="49.8057740" lon="19.9823790">
    <ele>604.2</ele>
    <time>2025-09-07T09:46:01Z</time>
   </trkpt>
   <trkpt lat="49.8057770" lon="19.9823450">
    <ele>604.4</ele>
    <time>2025-09-07T09:46:02Z</time>
   </trkpt>
   <trkpt lat="49.8057760" lon="19.9823110">
    <ele>604.4</ele>
    <time>2025-09-07T09:46:03Z</time>
   </trkpt>
   <trkpt lat="49.8057720" lon="19.9822740">
    <ele>604.4</ele>
    <time>2025-09-07T09:46:04Z</time>
   </trkpt>
   <trkpt lat="49.8057650" lon="19.9822250">
    <ele>604.4</ele>
    <time>2025-09-07T09:46:05Z</time>
   </trkpt>
   <trkpt lat="49.8057590" lon="19.9821750">
    <ele>604.4</ele>
    <time>2025-09-07T09:46:06Z</time>
   </trkpt>
   <trkpt lat="49.8057590" lon="19.9821110">
    <ele>604.2</ele>
    <time>2025-09-07T09:46:07Z</time>
   </trkpt>
   <trkpt lat="49.8057660" lon="19.9820540">
    <ele>604.2</ele>
    <time>2025-09-07T09:46:08Z</time>
   </trkpt>
   <trkpt lat="49.8057700" lon="19.9820020">
    <ele>604.2</ele>
    <time>2025-09-07T09:46:09Z</time>
   </trkpt>
   <trkpt lat="49.8057830" lon="19.9819570">
    <ele>604.2</ele>
    <time>2025-09-07T09:46:10Z</time>
   </trkpt>
   <trkpt lat="49.8058090" lon="19.9819200">
    <ele>604.6</ele>
    <time>2025-09-07T09:46:11Z</time>
   </trkpt>
   <trkpt lat="49.8058180" lon="19.9818800">
    <ele>604.6</ele>
    <time>2025-09-07T09:46:12Z</time>
   </trkpt>
   <trkpt lat="49.8058230" lon="19.9818320">
    <ele>604.8</ele>
    <time>2025-09-07T09:46:13Z</time>
   </trkpt>
   <trkpt lat="49.8058210" lon="19.9817850">
    <ele>604.8</ele>
    <time>2025-09-07T09:46:14Z</time>
   </trkpt>
   <trkpt lat="49.8058120" lon="19.9817280">
    <ele>604.8</ele>
    <time>2025-09-07T09:46:15Z</time>
   </trkpt>
   <trkpt lat="49.8058010" lon="19.9816720">
    <ele>604.6</ele>
    <time>2025-09-07T09:46:16Z</time>
   </trkpt>
   <trkpt lat="49.8057940" lon="19.9816170">
    <ele>604.8</ele>
    <time>2025-09-07T09:46:17Z</time>
   </trkpt>
   <trkpt lat="49.8058030" lon="19.9815570">
    <ele>604.6</ele>
    <time>2025-09-07T09:46:18Z</time>
   </trkpt>
   <trkpt lat="49.8058150" lon="19.9814950">
    <ele>604.6</ele>
    <time>2025-09-07T09:46:19Z</time>
   </trkpt>
   <trkpt lat="49.8058190" lon="19.9814350">
    <ele>604.6</ele>
    <time>2025-09-07T09:46:20Z</time>
   </trkpt>
   <trkpt lat="49.8058280" lon="19.9813850">
    <ele>604.6</ele>
    <time>2025-09-07T09:46:21Z</time>
   </trkpt>
   <trkpt lat="49.8058440" lon="19.9813220">
    <ele>604.8</ele>
    <time>2025-09-07T09:46:22Z</time>
   </trkpt>
   <trkpt lat="49.8058580" lon="19.9812760">
    <ele>605.0</ele>
    <time>2025-09-07T09:46:23Z</time>
   </trkpt>
   <trkpt lat="49.8058940" lon="19.9811840">
    <ele>605.2</ele>
    <time>2025-09-07T09:46:25Z</time>
   </trkpt>
   <trkpt lat="49.8058890" lon="19.9811320">
    <ele>605.6</ele>
    <time>2025-09-07T09:46:26Z</time>
   </trkpt>
   <trkpt lat="49.8058940" lon="19.9810840">
    <ele>605.6</ele>
    <time>2025-09-07T09:46:27Z</time>
   </trkpt>
   <trkpt lat="49.8059080" lon="19.9809830">
    <ele>605.6</ele>
    <time>2025-09-07T09:46:29Z</time>
   </trkpt>
   <trkpt lat="49.8059510" lon="19.9808670">
    <ele>605.8</ele>
    <time>2025-09-07T09:46:32Z</time>
   </trkpt>
   <trkpt lat="49.8059560" lon="19.9808180">
    <ele>605.8</ele>
    <time>2025-09-07T09:46:33Z</time>
   </trkpt>
   <trkpt lat="49.8059620" lon="19.9807710">
    <ele>605.8</ele>
    <time>2025-09-07T09:46:34Z</time>
   </trkpt>
   <trkpt lat="49.8060090" lon="19.9804820">
    <ele>605.0</ele>
    <time>2025-09-07T09:46:40Z</time>
   </trkpt>
   <trkpt lat="49.8060060" lon="19.9804030">
    <ele>604.8</ele>
    <time>2025-09-07T09:46:41Z</time>
   </trkpt>
   <trkpt lat="49.8060110" lon="19.9803470">
    <ele>604.8</ele>
    <time>2025-09-07T09:46:42Z</time>
   </trkpt>
   <trkpt lat="49.8060200" lon="19.9802920">
    <ele>604.4</ele>
    <time>2025-09-07T09:46:43Z</time>
   </trkpt>
   <trkpt lat="49.8060630" lon="19.9801100">
    <ele>603.0</ele>
    <time>2025-09-07T09:46:46Z</time>
   </trkpt>
   <trkpt lat="49.8061340" lon="19.9797380">
    <ele>601.8</ele>
    <time>2025-09-07T09:46:51Z</time>
   </trkpt>
   <trkpt lat="49.8061860" lon="19.9795500">
    <ele>601.6</ele>
    <time>2025-09-07T09:46:53Z</time>
   </trkpt>
   <trkpt lat="49.8062440" lon="19.9794160">
    <ele>600.4</ele>
    <time>2025-09-07T09:46:55Z</time>
   </trkpt>
   <trkpt lat="49.8062730" lon="19.9793250">
    <ele>599.4</ele>
    <time>2025-09-07T09:46:56Z</time>
   </trkpt>
   <trkpt lat="49.8062850" lon="19.9792730">
    <ele>598.6</ele>
    <time>2025-09-07T09:46:57Z</time>
   </trkpt>
   <trkpt lat="49.8063070" lon="19.9791970">
    <ele>598.2</ele>
    <time>2025-09-07T09:46:58Z</time>
   </trkpt>
   <trkpt lat="49.8063310" lon="19.9791340">
    <ele>597.8</ele>
    <time>2025-09-07T09:46:59Z</time>
   </trkpt>
   <trkpt lat="49.8063610" lon="19.9790320">
    <ele>597.6</ele>
    <time>2025-09-07T09:47:00Z</time>
   </trkpt>
   <trkpt lat="49.8063880" lon="19.9789660">
    <ele>597.6</ele>
    <time>2025-09-07T09:47:01Z</time>
   </trkpt>
   <trkpt lat="49.8064240" lon="19.9788880">
    <ele>597.4</ele>
    <time>2025-09-07T09:47:02Z</time>
   </trkpt>
   <trkpt lat="49.8064450" lon="19.9788050">
    <ele>597.0</ele>
    <time>2025-09-07T09:47:03Z</time>
   </trkpt>
   <trkpt lat="49.8064720" lon="19.9787260">
    <ele>597.0</ele>
    <time>2025-09-07T09:47:04Z</time>
   </trkpt>
   <trkpt lat="49.8064860" lon="19.9786620">
    <ele>597.0</ele>
    <time>2025-09-07T09:47:05Z</time>
   </trkpt>
   <trkpt lat="49.8064970" lon="19.9786140">
    <ele>597.0</ele>
    <time>2025-09-07T09:47:06Z</time>
   </trkpt>
   <trkpt lat="49.8065140" lon="19.9785510">
    <ele>597.0</ele>
    <time>2025-09-07T09:47:07Z</time>
   </trkpt>
   <trkpt lat="49.8065110" lon="19.9785100">
    <ele>597.2</ele>
    <time>2025-09-07T09:47:08Z</time>
   </trkpt>
   <trkpt lat="49.8065170" lon="19.9784790">
    <ele>597.6</ele>
    <time>2025-09-07T09:47:09Z</time>
   </trkpt>
   <trkpt lat="49.8065230" lon="19.9783890">
    <ele>598.2</ele>
    <time>2025-09-07T09:47:11Z</time>
   </trkpt>
   <trkpt lat="49.8065310" lon="19.9783210">
    <ele>598.4</ele>
    <time>2025-09-07T09:47:12Z</time>
   </trkpt>
   <trkpt lat="49.8065440" lon="19.9782860">
    <ele>598.6</ele>
    <time>2025-09-07T09:47:13Z</time>
   </trkpt>
   <trkpt lat="49.8065540" lon="19.9782620">
    <ele>598.6</ele>
    <time>2025-09-07T09:47:14Z</time>
   </trkpt>
   <trkpt lat="49.8065580" lon="19.9782210">
    <ele>599.0</ele>
    <time>2025-09-07T09:47:15Z</time>
   </trkpt>
   <trkpt lat="49.8065730" lon="19.9781890">
    <ele>599.4</ele>
    <time>2025-09-07T09:47:16Z</time>
   </trkpt>
   <trkpt lat="49.8065930" lon="19.9781240">
    <ele>600.0</ele>
    <time>2025-09-07T09:47:18Z</time>
   </trkpt>
   <trkpt lat="49.8066200" lon="19.9780730">
    <ele>600.6</ele>
    <time>2025-09-07T09:47:20Z</time>
   </trkpt>
   <trkpt lat="49.8066350" lon="19.9780370">
    <ele>601.2</ele>
    <time>2025-09-07T09:47:21Z</time>
   </trkpt>
   <trkpt lat="49.8066440" lon="19.9780110">
    <ele>601.4</ele>
    <time>2025-09-07T09:47:22Z</time>
   </trkpt>
   <trkpt lat="49.8066610" lon="19.9779800">
    <ele>601.8</ele>
    <time>2025-09-07T09:47:23Z</time>
   </trkpt>
   <trkpt lat="49.8066750" lon="19.9779580">
    <ele>602.2</ele>
    <time>2025-09-07T09:47:24Z</time>
   </trkpt>
   <trkpt lat="49.8066890" lon="19.9779490">
    <ele>602.6</ele>
    <time>2025-09-07T09:47:25Z</time>
   </trkpt>
   <trkpt lat="49.8067050" lon="19.9779300">
    <ele>603.0</ele>
    <time>2025-09-07T09:47:26Z</time>
   </trkpt>
   <trkpt lat="49.8067180" lon="19.9778970">
    <ele>603.2</ele>
    <time>2025-09-07T09:47:27Z</time>
   </trkpt>
   <trkpt lat="49.8067270" lon="19.9778750">
    <ele>603.6</ele>
    <time>2025-09-07T09:47:28Z</time>
   </trkpt>
   <trkpt lat="49.8067410" lon="19.9778370">
    <ele>604.0</ele>
    <time>2025-09-07T09:47:29Z</time>
   </trkpt>
   <trkpt lat="49.8067500" lon="19.9778170">
    <ele>604.4</ele>
    <time>2025-09-07T09:47:30Z</time>
   </trkpt>
   <trkpt lat="49.8067610" lon="19.9778010">
    <ele>604.8</ele>
    <time>2025-09-07T09:47:31Z</time>
   </trkpt>
   <trkpt lat="49.8067770" lon="19.9777810">
    <ele>605.0</ele>
    <time>2025-09-07T09:47:32Z</time>
   </trkpt>
   <trkpt lat="49.8067990" lon="19.9777590">
    <ele>605.4</ele>
    <time>2025-09-07T09:47:33Z</time>
   </trkpt>
   <trkpt lat="49.8068150" lon="19.9777370">
    <ele>605.8</ele>
    <time>2025-09-07T09:47:34Z</time>
   </trkpt>
   <trkpt lat="49.8068300" lon="19.9777170">
    <ele>606.2</ele>
    <time>2025-09-07T09:47:35Z</time>
   </trkpt>
   <trkpt lat="49.8068500" lon="19.9776970">
    <ele>606.4</ele>
    <time>2025-09-07T09:47:36Z</time>
   </trkpt>
   <trkpt lat="49.8068710" lon="19.9776880">
    <ele>606.8</ele>
    <time>2025-09-07T09:47:37Z</time>
   </trkpt>
   <trkpt lat="49.8068840" lon="19.9776740">
    <ele>607.4</ele>
    <time>2025-09-07T09:47:38Z</time>
   </trkpt>
   <trkpt lat="49.8068960" lon="19.9776520">
    <ele>607.8</ele>
    <time>2025-09-07T09:47:39Z</time>
   </trkpt>
   <trkpt lat="49.8069090" lon="19.9776310">
    <ele>608.2</ele>
    <time>2025-09-07T09:47:40Z</time>
   </trkpt>
   <trkpt lat="49.8069360" lon="19.9776090">
    <ele>608.2</ele>
    <time>2025-09-07T09:47:41Z</time>
   </trkpt>
   <trkpt lat="49.8069590" lon="19.9775920">
    <ele>609.2</ele>
    <time>2025-09-07T09:47:42Z</time>
   </trkpt>
   <trkpt lat="49.8069780" lon="19.9775680">
    <ele>609.6</ele>
    <time>2025-09-07T09:47:43Z</time>
   </trkpt>
   <trkpt lat="49.8070070" lon="19.9775460">
    <ele>610.2</ele>
    <time>2025-09-07T09:47:44Z</time>
   </trkpt>
   <trkpt lat="49.8070220" lon="19.9775260">
    <ele>610.8</ele>
    <time>2025-09-07T09:47:45Z</time>
   </trkpt>
   <trkpt lat="49.8070450" lon="19.9775060">
    <ele>611.4</ele>
    <time>2025-09-07T09:47:46Z</time>
   </trkpt>
   <trkpt lat="49.8070550" lon="19.9774830">
    <ele>611.8</ele>
    <time>2025-09-07T09:47:47Z</time>
   </trkpt>
   <trkpt lat="49.8070670" lon="19.9774480">
    <ele>612.0</ele>
    <time>2025-09-07T09:47:48Z</time>
   </trkpt>
   <trkpt lat="49.8070740" lon="19.9774090">
    <ele>612.2</ele>
    <time>2025-09-07T09:47:49Z</time>
   </trkpt>
   <trkpt lat="49.8070870" lon="19.9773870">
    <ele>612.6</ele>
    <time>2025-09-07T09:47:50Z</time>
   </trkpt>
   <trkpt lat="49.8070980" lon="19.9773650">
    <ele>613.0</ele>
    <time>2025-09-07T09:47:51Z</time>
   </trkpt>
   <trkpt lat="49.8071150" lon="19.9773450">
    <ele>613.4</ele>
    <time>2025-09-07T09:47:52Z</time>
   </trkpt>
   <trkpt lat="49.8071280" lon="19.9773350">
    <ele>613.8</ele>
    <time>2025-09-07T09:47:53Z</time>
   </trkpt>
   <trkpt lat="49.8071460" lon="19.9773100">
    <ele>614.4</ele>
    <time>2025-09-07T09:47:54Z</time>
   </trkpt>
   <trkpt lat="49.8071600" lon="19.9772830">
    <ele>614.6</ele>
    <time>2025-09-07T09:47:55Z</time>
   </trkpt>
   <trkpt lat="49.8071670" lon="19.9772420">
    <ele>615.0</ele>
    <time>2025-09-07T09:47:56Z</time>
   </trkpt>
   <trkpt lat="49.8071870" lon="19.9772170">
    <ele>615.2</ele>
    <time>2025-09-07T09:47:57Z</time>
   </trkpt>
   <trkpt lat="49.8071960" lon="19.9772000">
    <ele>615.4</ele>
    <time>2025-09-07T09:47:58Z</time>
   </trkpt>
   <trkpt lat="49.8072110" lon="19.9771760">
    <ele>616.0</ele>
    <time>2025-09-07T09:47:59Z</time>
   </trkpt>
   <trkpt lat="49.8072100" lon="19.9771470">
    <ele>616.2</ele>
    <time>2025-09-07T09:48:00Z</time>
   </trkpt>
   <trkpt lat="49.8072140" lon="19.9771250">
    <ele>616.4</ele>
    <time>2025-09-07T09:48:01Z</time>
   </trkpt>
   <trkpt lat="49.8072190" lon="19.9771170">
    <ele>616.8</ele>
    <time>2025-09-07T09:48:02Z</time>
   </trkpt>
   <trkpt lat="49.8072230" lon="19.9771030">
    <ele>617.0</ele>
    <time>2025-09-07T09:48:03Z</time>
   </trkpt>
   <trkpt lat="49.8072210" lon="19.9770910">
    <ele>617.2</ele>
    <time>2025-09-07T09:48:04Z</time>
   </trkpt>
   <trkpt lat="49.8072210" lon="19.9770750">
    <ele>617.4</ele>
    <time>2025-09-07T09:48:05Z</time>
   </trkpt>
   <trkpt lat="49.8072230" lon="19.9770590">
    <ele>617.8</ele>
    <time>2025-09-07T09:48:06Z</time>
   </trkpt>
   <trkpt lat="49.8072240" lon="19.9770410">
    <ele>617.8</ele>
    <time>2025-09-07T09:48:07Z</time>
   </trkpt>
   <trkpt lat="49.8072260" lon="19.9770250">
    <ele>618.2</ele>
    <time>2025-09-07T09:48:08Z</time>
   </trkpt>
   <trkpt lat="49.8072280" lon="19.9770110">
    <ele>618.6</ele>
    <time>2025-09-07T09:48:09Z</time>
   </trkpt>
   <trkpt lat="49.8072320" lon="19.9769930">
    <ele>618.6</ele>
    <time>2025-09-07T09:48:10Z</time>
   </trkpt>
   <trkpt lat="49.8072400" lon="19.9769760">
    <ele>619.0</ele>
    <time>2025-09-07T09:48:11Z</time>
   </trkpt>
   <trkpt lat="49.8072430" lon="19.9769600">
    <ele>619.2</ele>
    <time>2025-09-07T09:48:12Z</time>
   </trkpt>
   <trkpt lat="49.8072460" lon="19.9769420">
    <ele>619.4</ele>
    <time>2025-09-07T09:48:13Z</time>
   </trkpt>
   <trkpt lat="49.8072600" lon="19.9769250">
    <ele>619.6</ele>
    <time>2025-09-07T09:48:14Z</time>
   </trkpt>
   <trkpt lat="49.8072710" lon="19.9769110">
    <ele>620.0</ele>
    <time>2025-09-07T09:48:15Z</time>
   </trkpt>
   <trkpt lat="49.8072800" lon="19.9768990">
    <ele>620.4</ele>
    <time>2025-09-07T09:48:16Z</time>
   </trkpt>
   <trkpt lat="49.8072910" lon="19.9768880">
    <ele>620.6</ele>
    <time>2025-09-07T09:48:17Z</time>
   </trkpt>
   <trkpt lat="49.8073020" lon="19.9768770">
    <ele>620.8</ele>
    <time>2025-09-07T09:48:18Z</time>
   </trkpt>
   <trkpt lat="49.8073150" lon="19.9768630">
    <ele>621.2</ele>
    <time>2025-09-07T09:48:19Z</time>
   </trkpt>
   <trkpt lat="49.8073290" lon="19.9768450">
    <ele>621.8</ele>
    <time>2025-09-07T09:48:20Z</time>
   </trkpt>
   <trkpt lat="49.8073450" lon="19.9768270">
    <ele>622.2</ele>
    <time>2025-09-07T09:48:21Z</time>
   </trkpt>
   <trkpt lat="49.8073670" lon="19.9768080">
    <ele>622.6</ele>
    <time>2025-09-07T09:48:22Z</time>
   </trkpt>
   <trkpt lat="49.8073830" lon="19.9768040">
    <ele>623.0</ele>
    <time>2025-09-07T09:48:23Z</time>
   </trkpt>
   <trkpt lat="49.8073880" lon="19.9768050">
    <ele>623.4</ele>
    <time>2025-09-07T09:48:24Z</time>
   </trkpt>
   <trkpt lat="49.8073880" lon="19.9768050">
    <ele>624.0</ele>
    <time>2025-09-07T09:48:25Z</time>
   </trkpt>
   <trkpt lat="49.8073960" lon="19.9767990">
    <ele>624.2</ele>
    <time>2025-09-07T09:48:26Z</time>
   </trkpt>
   <trkpt lat="49.8073990" lon="19.9767980">
    <ele>624.6</ele>
    <time>2025-09-07T09:48:27Z</time>
   </trkpt>
   <trkpt lat="49.8073990" lon="19.9767980">
    <ele>624.8</ele>
    <time>2025-09-07T09:48:28Z</time>
   </trkpt>
   <trkpt lat="49.8073990" lon="19.9767980">
    <ele>625.2</ele>
    <time>2025-09-07T09:48:29Z</time>
   </trkpt>
   <trkpt lat="49.8073990" lon="19.9767970">
    <ele>625.2</ele>
    <time>2025-09-07T09:48:30Z</time>
   </trkpt>
   <trkpt lat="49.8074080" lon="19.9767900">
    <ele>625.6</ele>
    <time>2025-09-07T09:48:31Z</time>
   </trkpt>
   <trkpt lat="49.8074290" lon="19.9767700">
    <ele>626.0</ele>
    <time>2025-09-07T09:48:32Z</time>
   </trkpt>
   <trkpt lat="49.8074420" lon="19.9767560">
    <ele>626.2</ele>
    <time>2025-09-07T09:48:33Z</time>
   </trkpt>
   <trkpt lat="49.8074580" lon="19.9767440">
    <ele>626.2</ele>
    <time>2025-09-07T09:48:34Z</time>
   </trkpt>
   <trkpt lat="49.8074700" lon="19.9767320">
    <ele>626.6</ele>
    <time>2025-09-07T09:48:35Z</time>
   </trkpt>
   <trkpt lat="49.8074860" lon="19.9767160">
    <ele>627.0</ele>
    <time>2025-09-07T09:48:36Z</time>
   </trkpt>
   <trkpt lat="49.8075070" lon="19.9767010">
    <ele>627.0</ele>
    <time>2025-09-07T09:48:37Z</time>
   </trkpt>
   <trkpt lat="49.8075240" lon="19.9766930">
    <ele>627.4</ele>
    <time>2025-09-07T09:48:38Z</time>
   </trkpt>
   <trkpt lat="49.8075370" lon="19.9766860">
    <ele>627.8</ele>
    <time>2025-09-07T09:48:39Z</time>
   </trkpt>
   <trkpt lat="49.8075400" lon="19.9766840">
    <ele>628.2</ele>
    <time>2025-09-07T09:48:40Z</time>
   </trkpt>
   <trkpt lat="49.8075510" lon="19.9766760">
    <ele>628.4</ele>
    <time>2025-09-07T09:48:41Z</time>
   </trkpt>
   <trkpt lat="49.8075660" lon="19.9766700">
    <ele>628.8</ele>
    <time>2025-09-07T09:48:42Z</time>
   </trkpt>
   <trkpt lat="49.8075760" lon="19.9766670">
    <ele>629.2</ele>
    <time>2025-09-07T09:48:43Z</time>
   </trkpt>
   <trkpt lat="49.8075790" lon="19.9766670">
    <ele>629.4</ele>
    <time>2025-09-07T09:48:44Z</time>
   </trkpt>
   <trkpt lat="49.8075860" lon="19.9766610">
    <ele>629.8</ele>
    <time>2025-09-07T09:48:45Z</time>
   </trkpt>
   <trkpt lat="49.8075950" lon="19.9766520">
    <ele>630.0</ele>
    <time>2025-09-07T09:48:46Z</time>
   </trkpt>
   <trkpt lat="49.8075980" lon="19.9766510">
    <ele>630.2</ele>
    <time>2025-09-07T09:48:47Z</time>
   </trkpt>
   <trkpt lat="49.8076020" lon="19.9766450">
    <ele>630.2</ele>
    <time>2025-09-07T09:48:48Z</time>
   </trkpt>
   <trkpt lat="49.8076180" lon="19.9766390">
    <ele>630.6</ele>
    <time>2025-09-07T09:48:49Z</time>
   </trkpt>
   <trkpt lat="49.8076450" lon="19.9766270">
    <ele>631.0</ele>
    <time>2025-09-07T09:48:50Z</time>
   </trkpt>
   <trkpt lat="49.8076660" lon="19.9766140">
    <ele>631.0</ele>
    <time>2025-09-07T09:48:51Z</time>
   </trkpt>
   <trkpt lat="49.8076810" lon="19.9765950">
    <ele>631.2</ele>
    <time>2025-09-07T09:48:52Z</time>
   </trkpt>
   <trkpt lat="49.8076970" lon="19.9765710">
    <ele>631.2</ele>
    <time>2025-09-07T09:48:53Z</time>
   </trkpt>
   <trkpt lat="49.8077130" lon="19.9765440">
    <ele>631.4</ele>
    <time>2025-09-07T09:48:54Z</time>
   </trkpt>
   <trkpt lat="49.8077170" lon="19.9765200">
    <ele>631.4</ele>
    <time>2025-09-07T09:48:55Z</time>
   </trkpt>
   <trkpt lat="49.8077250" lon="19.9764970">
    <ele>631.6</ele>
    <time>2025-09-07T09:48:56Z</time>
   </trkpt>
   <trkpt lat="49.8077350" lon="19.9764810">
    <ele>631.6</ele>
    <time>2025-09-07T09:48:57Z</time>
   </trkpt>
   <trkpt lat="49.8077500" lon="19.9764590">
    <ele>631.8</ele>
    <time>2025-09-07T09:48:58Z</time>
   </trkpt>
   <trkpt lat="49.8077620" lon="19.9764310">
    <ele>631.8</ele>
    <time>2025-09-07T09:48:59Z</time>
   </trkpt>
   <trkpt lat="49.8077780" lon="19.9764050">
    <ele>632.0</ele>
    <time>2025-09-07T09:49:00Z</time>
   </trkpt>
   <trkpt lat="49.8077960" lon="19.9763740">
    <ele>632.0</ele>
    <time>2025-09-07T09:49:01Z</time>
   </trkpt>
   <trkpt lat="49.8078090" lon="19.9763440">
    <ele>632.0</ele>
    <time>2025-09-07T09:49:02Z</time>
   </trkpt>
   <trkpt lat="49.8078240" lon="19.9762940">
    <ele>632.2</ele>
    <time>2025-09-07T09:49:03Z</time>
   </trkpt>
   <trkpt lat="49.8078390" lon="19.9762600">
    <ele>632.2</ele>
    <time>2025-09-07T09:49:04Z</time>
   </trkpt>
   <trkpt lat="49.8078550" lon="19.9762370">
    <ele>632.2</ele>
    <time>2025-09-07T09:49:05Z</time>
   </trkpt>
   <trkpt lat="49.8078690" lon="19.9762230">
    <ele>632.4</ele>
    <time>2025-09-07T09:49:06Z</time>
   </trkpt>
   <trkpt lat="49.8078750" lon="19.9762060">
    <ele>632.4</ele>
    <time>2025-09-07T09:49:07Z</time>
   </trkpt>
   <trkpt lat="49.8078790" lon="19.9761830">
    <ele>632.6</ele>
    <time>2025-09-07T09:49:08Z</time>
   </trkpt>
   <trkpt lat="49.8078810" lon="19.9761480">
    <ele>632.8</ele>
    <time>2025-09-07T09:49:09Z</time>
   </trkpt>
   <trkpt lat="49.8078860" lon="19.9761170">
    <ele>632.8</ele>
    <time>2025-09-07T09:49:10Z</time>
   </trkpt>
   <trkpt lat="49.8078940" lon="19.9760950">
    <ele>633.0</ele>
    <time>2025-09-07T09:49:11Z</time>
   </trkpt>
   <trkpt lat="49.8079070" lon="19.9760730">
    <ele>633.2</ele>
    <time>2025-09-07T09:49:12Z</time>
   </trkpt>
   <trkpt lat="49.8079150" lon="19.9760550">
    <ele>633.4</ele>
    <time>2025-09-07T09:49:13Z</time>
   </trkpt>
   <trkpt lat="49.8079250" lon="19.9760350">
    <ele>633.6</ele>
    <time>2025-09-07T09:49:14Z</time>
   </trkpt>
   <trkpt lat="49.8079610" lon="19.9760090">
    <ele>633.6</ele>
    <time>2025-09-07T09:49:15Z</time>
   </trkpt>
   <trkpt lat="49.8079870" lon="19.9759910">
    <ele>633.8</ele>
    <time>2025-09-07T09:49:16Z</time>
   </trkpt>
   <trkpt lat="49.8079990" lon="19.9759890">
    <ele>634.2</ele>
    <time>2025-09-07T09:49:17Z</time>
   </trkpt>
   <trkpt lat="49.8080060" lon="19.9759900">
    <ele>634.4</ele>
    <time>2025-09-07T09:49:18Z</time>
   </trkpt>
   <trkpt lat="49.8080300" lon="19.9759750">
    <ele>634.6</ele>
    <time>2025-09-07T09:49:19Z</time>
   </trkpt>
   <trkpt lat="49.8080430" lon="19.9759630">
    <ele>635.0</ele>
    <time>2025-09-07T09:49:20Z</time>
   </trkpt>
   <trkpt lat="49.8080450" lon="19.9759610">
    <ele>635.2</ele>
    <time>2025-09-07T09:49:21Z</time>
   </trkpt>
   <trkpt lat="49.8080510" lon="19.9759630">
    <ele>635.6</ele>
    <time>2025-09-07T09:49:22Z</time>
   </trkpt>
   <trkpt lat="49.8080670" lon="19.9759640">
    <ele>636.2</ele>
    <time>2025-09-07T09:49:23Z</time>
   </trkpt>
   <trkpt lat="49.8080790" lon="19.9759670">
    <ele>636.2</ele>
    <time>2025-09-07T09:49:24Z</time>
   </trkpt>
   <trkpt lat="49.8080900" lon="19.9759690">
    <ele>636.6</ele>
    <time>2025-09-07T09:49:25Z</time>
   </trkpt>
   <trkpt lat="49.8081020" lon="19.9759720">
    <ele>636.8</ele>
    <time>2025-09-07T09:49:26Z</time>
   </trkpt>
   <trkpt lat="49.8081160" lon="19.9759740">
    <ele>637.2</ele>
    <time>2025-09-07T09:49:27Z</time>
   </trkpt>
   <trkpt lat="49.8081290" lon="19.9759760">
    <ele>637.6</ele>
    <time>2025-09-07T09:49:28Z</time>
   </trkpt>
   <trkpt lat="49.8081430" lon="19.9759730">
    <ele>638.0</ele>
    <time>2025-09-07T09:49:29Z</time>
   </trkpt>
   <trkpt lat="49.8081570" lon="19.9759660">
    <ele>638.4</ele>
    <time>2025-09-07T09:49:30Z</time>
   </trkpt>
   <trkpt lat="49.8081760" lon="19.9759600">
    <ele>638.6</ele>
    <time>2025-09-07T09:49:31Z</time>
   </trkpt>
   <trkpt lat="49.8081880" lon="19.9759620">
    <ele>639.0</ele>
    <time>2025-09-07T09:49:32Z</time>
   </trkpt>
   <trkpt lat="49.8081990" lon="19.9759650">
    <ele>639.4</ele>
    <time>2025-09-07T09:49:33Z</time>
   </trkpt>
   <trkpt lat="49.8082130" lon="19.9759690">
    <ele>639.6</ele>
    <time>2025-09-07T09:49:34Z</time>
   </trkpt>
   <trkpt lat="49.8082310" lon="19.9759620">
    <ele>640.0</ele>
    <time>2025-09-07T09:49:35Z</time>
   </trkpt>
   <trkpt lat="49.8082490" lon="19.9759500">
    <ele>640.6</ele>
    <time>2025-09-07T09:49:36Z</time>
   </trkpt>
   <trkpt lat="49.8082610" lon="19.9759400">
    <ele>640.8</ele>
    <time>2025-09-07T09:49:37Z</time>
   </trkpt>
   <trkpt lat="49.8082840" lon="19.9759270">
    <ele>641.0</ele>
    <time>2025-09-07T09:49:38Z</time>
   </trkpt>
   <trkpt lat="49.8083010" lon="19.9759160">
    <ele>641.2</ele>
    <time>2025-09-07T09:49:39Z</time>
   </trkpt>
   <trkpt lat="49.8083200" lon="19.9759020">
    <ele>641.4</ele>
    <time>2025-09-07T09:49:40Z</time>
   </trkpt>
   <trkpt lat="49.8083340" lon="19.9758980">
    <ele>641.4</ele>
    <time>2025-09-07T09:49:41Z</time>
   </trkpt>
   <trkpt lat="49.8083500" lon="19.9759000">
    <ele>642.0</ele>
    <time>2025-09-07T09:49:42Z</time>
   </trkpt>
   <trkpt lat="49.8083660" lon="19.9758850">
    <ele>642.4</ele>
    <time>2025-09-07T09:49:43Z</time>
   </trkpt>
   <trkpt lat="49.8083860" lon="19.9758690">
    <ele>642.8</ele>
    <time>2025-09-07T09:49:44Z</time>
   </trkpt>
   <trkpt lat="49.8084050" lon="19.9758530">
    <ele>643.2</ele>
    <time>2025-09-07T09:49:45Z</time>
   </trkpt>
   <trkpt lat="49.8083960" lon="19.9758340">
    <ele>643.2</ele>
    <time>2025-09-07T09:49:46Z</time>
   </trkpt>
   <trkpt lat="49.8084130" lon="19.9758310">
    <ele>643.6</ele>
    <time>2025-09-07T09:49:47Z</time>
   </trkpt>
   <trkpt lat="49.8084240" lon="19.9758410">
    <ele>644.0</ele>
    <time>2025-09-07T09:49:48Z</time>
   </trkpt>
   <trkpt lat="49.8084410" lon="19.9758500">
    <ele>644.8</ele>
    <time>2025-09-07T09:49:49Z</time>
   </trkpt>
   <trkpt lat="49.8084470" lon="19.9758500">
    <ele>645.2</ele>
    <time>2025-09-07T09:49:50Z</time>
   </trkpt>
   <trkpt lat="49.8084530" lon="19.9758450">
    <ele>645.6</ele>
    <time>2025-09-07T09:49:51Z</time>
   </trkpt>
   <trkpt lat="49.8084570" lon="19.9758440">
    <ele>646.0</ele>
    <time>2025-09-07T09:49:52Z</time>
   </trkpt>
   <trkpt lat="49.8084630" lon="19.9758410">
    <ele>646.8</ele>
    <time>2025-09-07T09:49:53Z</time>
   </trkpt>
   <trkpt lat="49.8084780" lon="19.9758320">
    <ele>647.0</ele>
    <time>2025-09-07T09:49:54Z</time>
   </trkpt>
   <trkpt lat="49.8084910" lon="19.9758150">
    <ele>647.0</ele>
    <time>2025-09-07T09:49:55Z</time>
   </trkpt>
   <trkpt lat="49.8085040" lon="19.9757960">
    <ele>647.4</ele>
    <time>2025-09-07T09:49:56Z</time>
   </trkpt>
   <trkpt lat="49.8085130" lon="19.9757910">
    <ele>647.6</ele>
    <time>2025-09-07T09:49:57Z</time>
   </trkpt>
   <trkpt lat="49.8085240" lon="19.9757850">
    <ele>647.6</ele>
    <time>2025-09-07T09:49:58Z</time>
   </trkpt>
   <trkpt lat="49.8085340" lon="19.9757750">
    <ele>647.8</ele>
    <time>2025-09-07T09:49:59Z</time>
   </trkpt>
   <trkpt lat="49.8085460" lon="19.9757610">
    <ele>648.0</ele>
    <time>2025-09-07T09:50:00Z</time>
   </trkpt>
   <trkpt lat="49.8085620" lon="19.9757500">
    <ele>648.2</ele>
    <time>2025-09-07T09:50:01Z</time>
   </trkpt>
   <trkpt lat="49.8085790" lon="19.9757370">
    <ele>648.2</ele>
    <time>2025-09-07T09:50:02Z</time>
   </trkpt>
   <trkpt lat="49.8085940" lon="19.9757310">
    <ele>648.4</ele>
    <time>2025-09-07T09:50:03Z</time>
   </trkpt>
   <trkpt lat="49.8086090" lon="19.9757230">
    <ele>648.4</ele>
    <time>2025-09-07T09:50:04Z</time>
   </trkpt>
   <trkpt lat="49.8086220" lon="19.9757070">
    <ele>648.8</ele>
    <time>2025-09-07T09:50:05Z</time>
   </trkpt>
   <trkpt lat="49.8086300" lon="19.9756800">
    <ele>648.8</ele>
    <time>2025-09-07T09:50:06Z</time>
   </trkpt>
   <trkpt lat="49.8086420" lon="19.9756530">
    <ele>648.8</ele>
    <time>2025-09-07T09:50:07Z</time>
   </trkpt>
   <trkpt lat="49.8086500" lon="19.9756360">
    <ele>648.8</ele>
    <time>2025-09-07T09:50:08Z</time>
   </trkpt>
   <trkpt lat="49.8086660" lon="19.9756190">
    <ele>648.8</ele>
    <time>2025-09-07T09:50:09Z</time>
   </trkpt>
   <trkpt lat="49.8086770" lon="19.9756060">
    <ele>649.4</ele>
    <time>2025-09-07T09:50:10Z</time>
   </trkpt>
   <trkpt lat="49.8086810" lon="19.9755920">
    <ele>649.4</ele>
    <time>2025-09-07T09:50:11Z</time>
   </trkpt>
   <trkpt lat="49.8086840" lon="19.9755720">
    <ele>649.6</ele>
    <time>2025-09-07T09:50:12Z</time>
   </trkpt>
   <trkpt lat="49.8086900" lon="19.9755500">
    <ele>649.8</ele>
    <time>2025-09-07T09:50:13Z</time>
   </trkpt>
   <trkpt lat="49.8086990" lon="19.9755310">
    <ele>649.8</ele>
    <time>2025-09-07T09:50:14Z</time>
   </trkpt>
   <trkpt lat="49.8087020" lon="19.9755210">
    <ele>649.8</ele>
    <time>2025-09-07T09:50:15Z</time>
   </trkpt>
   <trkpt lat="49.8087100" lon="19.9755020">
    <ele>649.8</ele>
    <time>2025-09-07T09:50:16Z</time>
   </trkpt>
   <trkpt lat="49.8087230" lon="19.9754810">
    <ele>649.8</ele>
    <time>2025-09-07T09:50:17Z</time>
   </trkpt>
   <trkpt lat="49.8087330" lon="19.9754580">
    <ele>649.8</ele>
    <time>2025-09-07T09:50:18Z</time>
   </trkpt>
   <trkpt lat="49.8087430" lon="19.9754330">
    <ele>649.8</ele>
    <time>2025-09-07T09:50:19Z</time>
   </trkpt>
   <trkpt lat="49.8087520" lon="19.9753900">
    <ele>649.8</ele>
    <time>2025-09-07T09:50:20Z</time>
   </trkpt>
   <trkpt lat="49.8087570" lon="19.9753560">
    <ele>649.6</ele>
    <time>2025-09-07T09:50:21Z</time>
   </trkpt>
   <trkpt lat="49.8087670" lon="19.9753160">
    <ele>649.4</ele>
    <time>2025-09-07T09:50:22Z</time>
   </trkpt>
   <trkpt lat="49.8087840" lon="19.9752660">
    <ele>649.4</ele>
    <time>2025-09-07T09:50:23Z</time>
   </trkpt>
   <trkpt lat="49.8087880" lon="19.9752120">
    <ele>649.4</ele>
    <time>2025-09-07T09:50:24Z</time>
   </trkpt>
   <trkpt lat="49.8087940" lon="19.9751590">
    <ele>649.0</ele>
    <time>2025-09-07T09:50:25Z</time>
   </trkpt>
   <trkpt lat="49.8088100" lon="19.9751010">
    <ele>648.6</ele>
    <time>2025-09-07T09:50:26Z</time>
   </trkpt>
   <trkpt lat="49.8088400" lon="19.9750450">
    <ele>648.0</ele>
    <time>2025-09-07T09:50:27Z</time>
   </trkpt>
   <trkpt lat="49.8088670" lon="19.9749830">
    <ele>647.8</ele>
    <time>2025-09-07T09:50:28Z</time>
   </trkpt>
   <trkpt lat="49.8088880" lon="19.9749320">
    <ele>647.0</ele>
    <time>2025-09-07T09:50:29Z</time>
   </trkpt>
   <trkpt lat="49.8089140" lon="19.9748820">
    <ele>646.8</ele>
    <time>2025-09-07T09:50:30Z</time>
   </trkpt>
   <trkpt lat="49.8089360" lon="19.9748380">
    <ele>646.8</ele>
    <time>2025-09-07T09:50:31Z</time>
   </trkpt>
   <trkpt lat="49.8089520" lon="19.9747990">
    <ele>646.8</ele>
    <time>2025-09-07T09:50:32Z</time>
   </trkpt>
   <trkpt lat="49.8089700" lon="19.9747770">
    <ele>647.0</ele>
    <time>2025-09-07T09:50:33Z</time>
   </trkpt>
   <trkpt lat="49.8089790" lon="19.9747490">
    <ele>647.2</ele>
    <time>2025-09-07T09:50:34Z</time>
   </trkpt>
   <trkpt lat="49.8089950" lon="19.9747110">
    <ele>647.4</ele>
    <time>2025-09-07T09:50:35Z</time>
   </trkpt>
   <trkpt lat="49.8090120" lon="19.9746800">
    <ele>647.6</ele>
    <time>2025-09-07T09:50:36Z</time>
   </trkpt>
   <trkpt lat="49.8090310" lon="19.9746530">
    <ele>647.6</ele>
    <time>2025-09-07T09:50:37Z</time>
   </trkpt>
   <trkpt lat="49.8090490" lon="19.9746280">
    <ele>647.6</ele>
    <time>2025-09-07T09:50:38Z</time>
   </trkpt>
   <trkpt lat="49.8090630" lon="19.9745970">
    <ele>648.0</ele>
    <time>2025-09-07T09:50:39Z</time>
   </trkpt>
   <trkpt lat="49.8090800" lon="19.9745660">
    <ele>648.2</ele>
    <time>2025-09-07T09:50:40Z</time>
   </trkpt>
   <trkpt lat="49.8091020" lon="19.9745390">
    <ele>648.4</ele>
    <time>2025-09-07T09:50:41Z</time>
   </trkpt>
   <trkpt lat="49.8091220" lon="19.9745110">
    <ele>648.6</ele>
    <time>2025-09-07T09:50:42Z</time>
   </trkpt>
   <trkpt lat="49.8091440" lon="19.9744870">
    <ele>648.8</ele>
    <time>2025-09-07T09:50:43Z</time>
   </trkpt>
   <trkpt lat="49.8091980" lon="19.9744500">
    <ele>649.4</ele>
    <time>2025-09-07T09:50:45Z</time>
   </trkpt>
   <trkpt lat="49.8092210" lon="19.9744410">
    <ele>649.8</ele>
    <time>2025-09-07T09:50:46Z</time>
   </trkpt>
   <trkpt lat="49.8092860" lon="19.9744230">
    <ele>650.2</ele>
    <time>2025-09-07T09:50:49Z</time>
   </trkpt>
   <trkpt lat="49.8093060" lon="19.9744080">
    <ele>650.4</ele>
    <time>2025-09-07T09:50:50Z</time>
   </trkpt>
   <trkpt lat="49.8093240" lon="19.9743850">
    <ele>650.8</ele>
    <time>2025-09-07T09:50:51Z</time>
   </trkpt>
   <trkpt lat="49.8093420" lon="19.9743650">
    <ele>651.2</ele>
    <time>2025-09-07T09:50:52Z</time>
   </trkpt>
   <trkpt lat="49.8093600" lon="19.9743480">
    <ele>651.6</ele>
    <time>2025-09-07T09:50:53Z</time>
   </trkpt>
   <trkpt lat="49.8093780" lon="19.9743280">
    <ele>651.8</ele>
    <time>2025-09-07T09:50:54Z</time>
   </trkpt>
   <trkpt lat="49.8093950" lon="19.9743130">
    <ele>651.8</ele>
    <time>2025-09-07T09:50:55Z</time>
   </trkpt>
   <trkpt lat="49.8094070" lon="19.9743000">
    <ele>652.0</ele>
    <time>2025-09-07T09:50:56Z</time>
   </trkpt>
   <trkpt lat="49.8094260" lon="19.9742920">
    <ele>652.6</ele>
    <time>2025-09-07T09:50:57Z</time>
   </trkpt>
   <trkpt lat="49.8094630" lon="19.9742750">
    <ele>652.8</ele>
    <time>2025-09-07T09:50:58Z</time>
   </trkpt>
   <trkpt lat="49.8094990" lon="19.9742650">
    <ele>652.8</ele>
    <time>2025-09-07T09:50:59Z</time>
   </trkpt>
   <trkpt lat="49.8095290" lon="19.9742500">
    <ele>653.2</ele>
    <time>2025-09-07T09:51:00Z</time>
   </trkpt>
   <trkpt lat="49.8095450" lon="19.9742420">
    <ele>653.2</ele>
    <time>2025-09-07T09:51:01Z</time>
   </trkpt>
   <trkpt lat="49.8095570" lon="19.9742250">
    <ele>653.4</ele>
    <time>2025-09-07T09:51:02Z</time>
   </trkpt>
   <trkpt lat="49.8095750" lon="19.9742120">
    <ele>653.8</ele>
    <time>2025-09-07T09:51:03Z</time>
   </trkpt>
   <trkpt lat="49.8095960" lon="19.9741890">
    <ele>654.0</ele>
    <time>2025-09-07T09:51:04Z</time>
   </trkpt>
   <trkpt lat="49.8096150" lon="19.9741610">
    <ele>654.0</ele>
    <time>2025-09-07T09:51:05Z</time>
   </trkpt>
   <trkpt lat="49.8096340" lon="19.9741460">
    <ele>654.2</ele>
    <time>2025-09-07T09:51:06Z</time>
   </trkpt>
   <trkpt lat="49.8096640" lon="19.9741220">
    <ele>654.6</ele>
    <time>2025-09-07T09:51:07Z</time>
   </trkpt>
   <trkpt lat="49.8096800" lon="19.9741060">
    <ele>654.8</ele>
    <time>2025-09-07T09:51:08Z</time>
   </trkpt>
   <trkpt lat="49.8096930" lon="19.9740940">
    <ele>655.0</ele>
    <time>2025-09-07T09:51:09Z</time>
   </trkpt>
   <trkpt lat="49.8097090" lon="19.9740820">
    <ele>655.0</ele>
    <time>2025-09-07T09:51:10Z</time>
   </trkpt>
   <trkpt lat="49.8097300" lon="19.9740680">
    <ele>655.2</ele>
    <time>2025-09-07T09:51:11Z</time>
   </trkpt>
   <trkpt lat="49.8097520" lon="19.9740530">
    <ele>655.2</ele>
    <time>2025-09-07T09:51:12Z</time>
   </trkpt>
   <trkpt lat="49.8097640" lon="19.9740390">
    <ele>655.4</ele>
    <time>2025-09-07T09:51:13Z</time>
   </trkpt>
   <trkpt lat="49.8097770" lon="19.9740230">
    <ele>655.6</ele>
    <time>2025-09-07T09:51:14Z</time>
   </trkpt>
   <trkpt lat="49.8097920" lon="19.9740090">
    <ele>655.8</ele>
    <time>2025-09-07T09:51:15Z</time>
   </trkpt>
   <trkpt lat="49.8098050" lon="19.9739960">
    <ele>656.4</ele>
    <time>2025-09-07T09:51:16Z</time>
   </trkpt>
   <trkpt lat="49.8098180" lon="19.9739820">
    <ele>656.6</ele>
    <time>2025-09-07T09:51:17Z</time>
   </trkpt>
   <trkpt lat="49.8098350" lon="19.9739640">
    <ele>656.8</ele>
    <time>2025-09-07T09:51:18Z</time>
   </trkpt>
   <trkpt lat="49.8098520" lon="19.9739430">
    <ele>657.0</ele>
    <time>2025-09-07T09:51:19Z</time>
   </trkpt>
   <trkpt lat="49.8098710" lon="19.9739190">
    <ele>657.0</ele>
    <time>2025-09-07T09:51:20Z</time>
   </trkpt>
   <trkpt lat="49.8098910" lon="19.9738970">
    <ele>657.2</ele>
    <time>2025-09-07T09:51:21Z</time>
   </trkpt>
   <trkpt lat="49.8099150" lon="19.9738810">
    <ele>657.2</ele>
    <time>2025-09-07T09:51:22Z</time>
   </trkpt>
   <trkpt lat="49.8099380" lon="19.9738710">
    <ele>657.4</ele>
    <time>2025-09-07T09:51:23Z</time>
   </trkpt>
   <trkpt lat="49.8099630" lon="19.9738620">
    <ele>657.4</ele>
    <time>2025-09-07T09:51:24Z</time>
   </trkpt>
   <trkpt lat="49.8099910" lon="19.9738500">
    <ele>657.4</ele>
    <time>2025-09-07T09:51:25Z</time>
   </trkpt>
   <trkpt lat="49.8100180" lon="19.9738380">
    <ele>657.6</ele>
    <time>2025-09-07T09:51:26Z</time>
   </trkpt>
   <trkpt lat="49.8100360" lon="19.9738270">
    <ele>657.8</ele>
    <time>2025-09-07T09:51:27Z</time>
   </trkpt>
   <trkpt lat="49.8100550" lon="19.9738200">
    <ele>657.8</ele>
    <time>2025-09-07T09:51:28Z</time>
   </trkpt>
   <trkpt lat="49.8100790" lon="19.9738150">
    <ele>658.0</ele>
    <time>2025-09-07T09:51:29Z</time>
   </trkpt>
   <trkpt lat="49.8101050" lon="19.9738080">
    <ele>658.2</ele>
    <time>2025-09-07T09:51:30Z</time>
   </trkpt>
   <trkpt lat="49.8101350" lon="19.9737940">
    <ele>658.2</ele>
    <time>2025-09-07T09:51:31Z</time>
   </trkpt>
   <trkpt lat="49.8101590" lon="19.9737760">
    <ele>658.4</ele>
    <time>2025-09-07T09:51:32Z</time>
   </trkpt>
   <trkpt lat="49.8101860" lon="19.9737550">
    <ele>658.6</ele>
    <time>2025-09-07T09:51:33Z</time>
   </trkpt>
   <trkpt lat="49.8102180" lon="19.9737310">
    <ele>658.8</ele>
    <time>2025-09-07T09:51:34Z</time>
   </trkpt>
   <trkpt lat="49.8102510" lon="19.9737000">
    <ele>658.8</ele>
    <time>2025-09-07T09:51:35Z</time>
   </trkpt>
   <trkpt lat="49.8102810" lon="19.9736670">
    <ele>659.0</ele>
    <time>2025-09-07T09:51:36Z</time>
   </trkpt>
   <trkpt lat="49.8103040" lon="19.9736400">
    <ele>659.2</ele>
    <time>2025-09-07T09:51:37Z</time>
   </trkpt>
   <trkpt lat="49.8103290" lon="19.9736140">
    <ele>659.4</ele>
    <time>2025-09-07T09:51:38Z</time>
   </trkpt>
   <trkpt lat="49.8103530" lon="19.9735840">
    <ele>659.4</ele>
    <time>2025-09-07T09:51:39Z</time>
   </trkpt>
   <trkpt lat="49.8103640" lon="19.9735520">
    <ele>659.4</ele>
    <time>2025-09-07T09:51:40Z</time>
   </trkpt>
   <trkpt lat="49.8103770" lon="19.9735090">
    <ele>659.6</ele>
    <time>2025-09-07T09:51:41Z</time>
   </trkpt>
   <trkpt lat="49.8103950" lon="19.9734770">
    <ele>659.6</ele>
    <time>2025-09-07T09:51:42Z</time>
   </trkpt>
   <trkpt lat="49.8104340" lon="19.9734440">
    <ele>659.8</ele>
    <time>2025-09-07T09:51:43Z</time>
   </trkpt>
   <trkpt lat="49.8104650" lon="19.9734220">
    <ele>659.8</ele>
    <time>2025-09-07T09:51:44Z</time>
   </trkpt>
   <trkpt lat="49.8104900" lon="19.9734000">
    <ele>659.8</ele>
    <time>2025-09-07T09:51:45Z</time>
   </trkpt>
   <trkpt lat="49.8105160" lon="19.9733800">
    <ele>659.8</ele>
    <time>2025-09-07T09:51:46Z</time>
   </trkpt>
   <trkpt lat="49.8105450" lon="19.9733540">
    <ele>659.8</ele>
    <time>2025-09-07T09:51:47Z</time>
   </trkpt>
   <trkpt lat="49.8105650" lon="19.9733380">
    <ele>660.2</ele>
    <time>2025-09-07T09:51:48Z</time>
   </trkpt>
   <trkpt lat="49.8105670" lon="19.9733130">
    <ele>660.4</ele>
    <time>2025-09-07T09:51:49Z</time>
   </trkpt>
   <trkpt lat="49.8105780" lon="19.9732970">
    <ele>660.4</ele>
    <time>2025-09-07T09:51:50Z</time>
   </trkpt>
   <trkpt lat="49.8105960" lon="19.9732740">
    <ele>660.6</ele>
    <time>2025-09-07T09:51:51Z</time>
   </trkpt>
   <trkpt lat="49.8106070" lon="19.9732510">
    <ele>661.0</ele>
    <time>2025-09-07T09:51:52Z</time>
   </trkpt>
   <trkpt lat="49.8106260" lon="19.9732280">
    <ele>661.2</ele>
    <time>2025-09-07T09:51:53Z</time>
   </trkpt>
   <trkpt lat="49.8106450" lon="19.9732110">
    <ele>661.4</ele>
    <time>2025-09-07T09:51:54Z</time>
   </trkpt>
   <trkpt lat="49.8106580" lon="19.9731920">
    <ele>661.6</ele>
    <time>2025-09-07T09:51:55Z</time>
   </trkpt>
   <trkpt lat="49.8106800" lon="19.9731720">
    <ele>662.0</ele>
    <time>2025-09-07T09:51:56Z</time>
   </trkpt>
   <trkpt lat="49.8106900" lon="19.9731600">
    <ele>662.4</ele>
    <time>2025-09-07T09:51:57Z</time>
   </trkpt>
   <trkpt lat="49.8107040" lon="19.9731410">
    <ele>662.4</ele>
    <time>2025-09-07T09:51:58Z</time>
   </trkpt>
   <trkpt lat="49.8107300" lon="19.9731200">
    <ele>662.8</ele>
    <time>2025-09-07T09:51:59Z</time>
   </trkpt>
   <trkpt lat="49.8107690" lon="19.9730990">
    <ele>663.2</ele>
    <time>2025-09-07T09:52:00Z</time>
   </trkpt>
   <trkpt lat="49.8108010" lon="19.9730750">
    <ele>663.2</ele>
    <time>2025-09-07T09:52:01Z</time>
   </trkpt>
   <trkpt lat="49.8108280" lon="19.9730540">
    <ele>663.4</ele>
    <time>2025-09-07T09:52:02Z</time>
   </trkpt>
   <trkpt lat="49.8108410" lon="19.9730380">
    <ele>663.4</ele>
    <time>2025-09-07T09:52:03Z</time>
   </trkpt>
   <trkpt lat="49.8108620" lon="19.9730170">
    <ele>663.6</ele>
    <time>2025-09-07T09:52:04Z</time>
   </trkpt>
   <trkpt lat="49.8108630" lon="19.9729960">
    <ele>664.0</ele>
    <time>2025-09-07T09:52:05Z</time>
   </trkpt>
   <trkpt lat="49.8108770" lon="19.9729800">
    <ele>664.2</ele>
    <time>2025-09-07T09:52:06Z</time>
   </trkpt>
   <trkpt lat="49.8108960" lon="19.9729640">
    <ele>664.6</ele>
    <time>2025-09-07T09:52:07Z</time>
   </trkpt>
   <trkpt lat="49.8109060" lon="19.9729530">
    <ele>664.6</ele>
    <time>2025-09-07T09:52:08Z</time>
   </trkpt>
   <trkpt lat="49.8109310" lon="19.9729400">
    <ele>665.0</ele>
    <time>2025-09-07T09:52:09Z</time>
   </trkpt>
   <trkpt lat="49.8109540" lon="19.9729240">
    <ele>665.6</ele>
    <time>2025-09-07T09:52:10Z</time>
   </trkpt>
   <trkpt lat="49.8109660" lon="19.9729150">
    <ele>666.0</ele>
    <time>2025-09-07T09:52:11Z</time>
   </trkpt>
   <trkpt lat="49.8109850" lon="19.9728980">
    <ele>666.2</ele>
    <time>2025-09-07T09:52:12Z</time>
   </trkpt>
   <trkpt lat="49.8110040" lon="19.9728890">
    <ele>666.6</ele>
    <time>2025-09-07T09:52:13Z</time>
   </trkpt>
   <trkpt lat="49.8110190" lon="19.9728810">
    <ele>666.8</ele>
    <time>2025-09-07T09:52:14Z</time>
   </trkpt>
   <trkpt lat="49.8110310" lon="19.9728700">
    <ele>666.8</ele>
    <time>2025-09-07T09:52:15Z</time>
   </trkpt>
   <trkpt lat="49.8110440" lon="19.9728520">
    <ele>667.2</ele>
    <time>2025-09-07T09:52:16Z</time>
   </trkpt>
   <trkpt lat="49.8110630" lon="19.9728290">
    <ele>667.2</ele>
    <time>2025-09-07T09:52:17Z</time>
   </trkpt>
   <trkpt lat="49.8110780" lon="19.9728120">
    <ele>667.4</ele>
    <time>2025-09-07T09:52:18Z</time>
   </trkpt>
   <trkpt lat="49.8110910" lon="19.9727970">
    <ele>667.6</ele>
    <time>2025-09-07T09:52:19Z</time>
   </trkpt>
   <trkpt lat="49.8111060" lon="19.9727830">
    <ele>667.8</ele>
    <time>2025-09-07T09:52:20Z</time>
   </trkpt>
   <trkpt lat="49.8111210" lon="19.9727660">
    <ele>668.0</ele>
    <time>2025-09-07T09:52:21Z</time>
   </trkpt>
   <trkpt lat="49.8111370" lon="19.9727440">
    <ele>668.0</ele>
    <time>2025-09-07T09:52:22Z</time>
   </trkpt>
   <trkpt lat="49.8111590" lon="19.9727200">
    <ele>668.0</ele>
    <time>2025-09-07T09:52:23Z</time>
   </trkpt>
   <trkpt lat="49.8111830" lon="19.9726940">
    <ele>668.2</ele>
    <time>2025-09-07T09:52:24Z</time>
   </trkpt>
   <trkpt lat="49.8112030" lon="19.9726630">
    <ele>668.2</ele>
    <time>2025-09-07T09:52:25Z</time>
   </trkpt>
   <trkpt lat="49.8112220" lon="19.9726400">
    <ele>668.2</ele>
    <time>2025-09-07T09:52:26Z</time>
   </trkpt>
   <trkpt lat="49.8112430" lon="19.9726060">
    <ele>668.4</ele>
    <time>2025-09-07T09:52:27Z</time>
   </trkpt>
   <trkpt lat="49.8112600" lon="19.9725760">
    <ele>668.4</ele>
    <time>2025-09-07T09:52:28Z</time>
   </trkpt>
   <trkpt lat="49.8112780" lon="19.9725580">
    <ele>668.4</ele>
    <time>2025-09-07T09:52:29Z</time>
   </trkpt>
   <trkpt lat="49.8113000" lon="19.9725340">
    <ele>668.6</ele>
    <time>2025-09-07T09:52:30Z</time>
   </trkpt>
   <trkpt lat="49.8113230" lon="19.9724980">
    <ele>668.6</ele>
    <time>2025-09-07T09:52:31Z</time>
   </trkpt>
   <trkpt lat="49.8113420" lon="19.9724550">
    <ele>668.8</ele>
    <time>2025-09-07T09:52:32Z</time>
   </trkpt>
   <trkpt lat="49.8113550" lon="19.9723990">
    <ele>668.8</ele>
    <time>2025-09-07T09:52:33Z</time>
   </trkpt>
   <trkpt lat="49.8113630" lon="19.9723280">
    <ele>668.8</ele>
    <time>2025-09-07T09:52:34Z</time>
   </trkpt>
   <trkpt lat="49.8113690" lon="19.9722600">
    <ele>668.8</ele>
    <time>2025-09-07T09:52:35Z</time>
   </trkpt>
   <trkpt lat="49.8113800" lon="19.9721860">
    <ele>668.6</ele>
    <time>2025-09-07T09:52:36Z</time>
   </trkpt>
   <trkpt lat="49.8113840" lon="19.9721120">
    <ele>667.8</ele>
    <time>2025-09-07T09:52:37Z</time>
   </trkpt>
   <trkpt lat="49.8113880" lon="19.9720390">
    <ele>667.4</ele>
    <time>2025-09-07T09:52:38Z</time>
   </trkpt>
   <trkpt lat="49.8113930" lon="19.9719680">
    <ele>667.2</ele>
    <time>2025-09-07T09:52:39Z</time>
   </trkpt>
   <trkpt lat="49.8113940" lon="19.9718890">
    <ele>667.2</ele>
    <time>2025-09-07T09:52:40Z</time>
   </trkpt>
   <trkpt lat="49.8113890" lon="19.9718060">
    <ele>666.8</ele>
    <time>2025-09-07T09:52:41Z</time>
   </trkpt>
   <trkpt lat="49.8113960" lon="19.9716420">
    <ele>666.0</ele>
    <time>2025-09-07T09:52:43Z</time>
   </trkpt>
   <trkpt lat="49.8114100" lon="19.9715680">
    <ele>665.8</ele>
    <time>2025-09-07T09:52:44Z</time>
   </trkpt>
   <trkpt lat="49.8114150" lon="19.9714860">
    <ele>665.6</ele>
    <time>2025-09-07T09:52:45Z</time>
   </trkpt>
   <trkpt lat="49.8114270" lon="19.9714030">
    <ele>665.2</ele>
    <time>2025-09-07T09:52:46Z</time>
   </trkpt>
   <trkpt lat="49.8114170" lon="19.9713230">
    <ele>665.0</ele>
    <time>2025-09-07T09:52:47Z</time>
   </trkpt>
   <trkpt lat="49.8114140" lon="19.9712510">
    <ele>665.0</ele>
    <time>2025-09-07T09:52:48Z</time>
   </trkpt>
   <trkpt lat="49.8114150" lon="19.9711840">
    <ele>664.8</ele>
    <time>2025-09-07T09:52:49Z</time>
   </trkpt>
   <trkpt lat="49.8114450" lon="19.9711330">
    <ele>664.8</ele>
    <time>2025-09-07T09:52:50Z</time>
   </trkpt>
   <trkpt lat="49.8114490" lon="19.9710830">
    <ele>664.8</ele>
    <time>2025-09-07T09:52:51Z</time>
   </trkpt>
   <trkpt lat="49.8114690" lon="19.9709790">
    <ele>664.8</ele>
    <time>2025-09-07T09:52:53Z</time>
   </trkpt>
   <trkpt lat="49.8114710" lon="19.9709170">
    <ele>664.6</ele>
    <time>2025-09-07T09:52:54Z</time>
   </trkpt>
   <trkpt lat="49.8114700" lon="19.9708510">
    <ele>664.4</ele>
    <time>2025-09-07T09:52:55Z</time>
   </trkpt>
   <trkpt lat="49.8114940" lon="19.9706410">
    <ele>663.2</ele>
    <time>2025-09-07T09:52:58Z</time>
   </trkpt>
   <trkpt lat="49.8115050" lon="19.9705060">
    <ele>662.8</ele>
    <time>2025-09-07T09:53:00Z</time>
   </trkpt>
   <trkpt lat="49.8115100" lon="19.9704450">
    <ele>662.8</ele>
    <time>2025-09-07T09:53:01Z</time>
   </trkpt>
   <trkpt lat="49.8115040" lon="19.9704030">
    <ele>662.8</ele>
    <time>2025-09-07T09:53:02Z</time>
   </trkpt>
   <trkpt lat="49.8115090" lon="19.9703530">
    <ele>662.8</ele>
    <time>2025-09-07T09:53:03Z</time>
   </trkpt>
   <trkpt lat="49.8115420" lon="19.9703110">
    <ele>663.0</ele>
    <time>2025-09-07T09:53:04Z</time>
   </trkpt>
   <trkpt lat="49.8115520" lon="19.9702600">
    <ele>663.4</ele>
    <time>2025-09-07T09:53:05Z</time>
   </trkpt>
   <trkpt lat="49.8115540" lon="19.9702190">
    <ele>663.4</ele>
    <time>2025-09-07T09:53:06Z</time>
   </trkpt>
   <trkpt lat="49.8115630" lon="19.9701320">
    <ele>663.6</ele>
    <time>2025-09-07T09:53:08Z</time>
   </trkpt>
   <trkpt lat="49.8115580" lon="19.9700910">
    <ele>663.6</ele>
    <time>2025-09-07T09:53:09Z</time>
   </trkpt>
   <trkpt lat="49.8115530" lon="19.9700470">
    <ele>663.8</ele>
    <time>2025-09-07T09:53:10Z</time>
   </trkpt>
   <trkpt lat="49.8115500" lon="19.9700030">
    <ele>664.0</ele>
    <time>2025-09-07T09:53:11Z</time>
   </trkpt>
   <trkpt lat="49.8115540" lon="19.9698730">
    <ele>664.2</ele>
    <time>2025-09-07T09:53:14Z</time>
   </trkpt>
   <trkpt lat="49.8115720" lon="19.9698260">
    <ele>664.2</ele>
    <time>2025-09-07T09:53:15Z</time>
   </trkpt>
   <trkpt lat="49.8115770" lon="19.9697670">
    <ele>664.2</ele>
    <time>2025-09-07T09:53:16Z</time>
   </trkpt>
   <trkpt lat="49.8115740" lon="19.9697030">
    <ele>664.0</ele>
    <time>2025-09-07T09:53:17Z</time>
   </trkpt>
   <trkpt lat="49.8115850" lon="19.9694370">
    <ele>662.8</ele>
    <time>2025-09-07T09:53:21Z</time>
   </trkpt>
   <trkpt lat="49.8115880" lon="19.9693810">
    <ele>662.8</ele>
    <time>2025-09-07T09:53:22Z</time>
   </trkpt>
   <trkpt lat="49.8115990" lon="19.9693300">
    <ele>662.6</ele>
    <time>2025-09-07T09:53:23Z</time>
   </trkpt>
   <trkpt lat="49.8116110" lon="19.9692840">
    <ele>662.8</ele>
    <time>2025-09-07T09:53:24Z</time>
   </trkpt>
   <trkpt lat="49.8116160" lon="19.9692310">
    <ele>662.8</ele>
    <time>2025-09-07T09:53:25Z</time>
   </trkpt>
   <trkpt lat="49.8116290" lon="19.9691870">
    <ele>663.2</ele>
    <time>2025-09-07T09:53:26Z</time>
   </trkpt>
   <trkpt lat="49.8116450" lon="19.9691430">
    <ele>663.2</ele>
    <time>2025-09-07T09:53:27Z</time>
   </trkpt>
   <trkpt lat="49.8116510" lon="19.9690990">
    <ele>663.2</ele>
    <time>2025-09-07T09:53:28Z</time>
   </trkpt>
   <trkpt lat="49.8116660" lon="19.9690560">
    <ele>663.4</ele>
    <time>2025-09-07T09:53:29Z</time>
   </trkpt>
   <trkpt lat="49.8117170" lon="19.9688870">
    <ele>663.6</ele>
    <time>2025-09-07T09:53:33Z</time>
   </trkpt>
   <trkpt lat="49.8118080" lon="19.9686830">
    <ele>662.6</ele>
    <time>2025-09-07T09:53:37Z</time>
   </trkpt>
   <trkpt lat="49.8118280" lon="19.9686190">
    <ele>662.4</ele>
    <time>2025-09-07T09:53:38Z</time>
   </trkpt>
   <trkpt lat="49.8118340" lon="19.9685410">
    <ele>662.0</ele>
    <time>2025-09-07T09:53:39Z</time>
   </trkpt>
   <trkpt lat="49.8118620" lon="19.9684780">
    <ele>661.8</ele>
    <time>2025-09-07T09:53:40Z</time>
   </trkpt>
   <trkpt lat="49.8118850" lon="19.9684110">
    <ele>661.8</ele>
    <time>2025-09-07T09:53:41Z</time>
   </trkpt>
   <trkpt lat="49.8118900" lon="19.9683380">
    <ele>661.8</ele>
    <time>2025-09-07T09:53:42Z</time>
   </trkpt>
   <trkpt lat="49.8119010" lon="19.9682710">
    <ele>661.8</ele>
    <time>2025-09-07T09:53:43Z</time>
   </trkpt>
   <trkpt lat="49.8119180" lon="19.9682200">
    <ele>661.8</ele>
    <time>2025-09-07T09:53:44Z</time>
   </trkpt>
   <trkpt lat="49.8119290" lon="19.9681480">
    <ele>662.0</ele>
    <time>2025-09-07T09:53:45Z</time>
   </trkpt>
   <trkpt lat="49.8119270" lon="19.9680890">
    <ele>662.0</ele>
    <time>2025-09-07T09:53:46Z</time>
   </trkpt>
   <trkpt lat="49.8119390" lon="19.9680440">
    <ele>662.2</ele>
    <time>2025-09-07T09:53:47Z</time>
   </trkpt>
   <trkpt lat="49.8119470" lon="19.9680000">
    <ele>662.4</ele>
    <time>2025-09-07T09:53:48Z</time>
   </trkpt>
   <trkpt lat="49.8119670" lon="19.9679590">
    <ele>662.6</ele>
    <time>2025-09-07T09:53:49Z</time>
   </trkpt>
   <trkpt lat="49.8119650" lon="19.9678560">
    <ele>662.6</ele>
    <time>2025-09-07T09:53:51Z</time>
   </trkpt>
   <trkpt lat="49.8119390" lon="19.9677920">
    <ele>662.4</ele>
    <time>2025-09-07T09:53:52Z</time>
   </trkpt>
   <trkpt lat="49.8119150" lon="19.9677280">
    <ele>661.8</ele>
    <time>2025-09-07T09:53:53Z</time>
   </trkpt>
   <trkpt lat="49.8118960" lon="19.9676490">
    <ele>661.0</ele>
    <time>2025-09-07T09:53:54Z</time>
   </trkpt>
   <trkpt lat="49.8118800" lon="19.9675570">
    <ele>659.6</ele>
    <time>2025-09-07T09:53:55Z</time>
   </trkpt>
   <trkpt lat="49.8118580" lon="19.9672910">
    <ele>658.0</ele>
    <time>2025-09-07T09:53:57Z</time>
   </trkpt>
   <trkpt lat="49.8118620" lon="19.9671650">
    <ele>654.4</ele>
    <time>2025-09-07T09:53:58Z</time>
   </trkpt>
   <trkpt lat="49.8118810" lon="19.9670470">
    <ele>653.6</ele>
    <time>2025-09-07T09:53:59Z</time>
   </trkpt>
   <trkpt lat="49.8119050" lon="19.9669340">
    <ele>652.8</ele>
    <time>2025-09-07T09:54:00Z</time>
   </trkpt>
   <trkpt lat="49.8119430" lon="19.9668220">
    <ele>650.8</ele>
    <time>2025-09-07T09:54:01Z</time>
   </trkpt>
   <trkpt lat="49.8119950" lon="19.9667230">
    <ele>649.6</ele>
    <time>2025-09-07T09:54:02Z</time>
   </trkpt>
   <trkpt lat="49.8120640" lon="19.9666420">
    <ele>648.4</ele>
    <time>2025-09-07T09:54:03Z</time>
   </trkpt>
   <trkpt lat="49.8121420" lon="19.9665670">
    <ele>647.2</ele>
    <time>2025-09-07T09:54:04Z</time>
   </trkpt>
   <trkpt lat="49.8122240" lon="19.9664940">
    <ele>645.4</ele>
    <time>2025-09-07T09:54:05Z</time>
   </trkpt>
   <trkpt lat="49.8122970" lon="19.9664350">
    <ele>644.4</ele>
    <time>2025-09-07T09:54:06Z</time>
   </trkpt>
   <trkpt lat="49.8123640" lon="19.9663970">
    <ele>641.8</ele>
    <time>2025-09-07T09:54:07Z</time>
   </trkpt>
   <trkpt lat="49.8124210" lon="19.9663750">
    <ele>641.4</ele>
    <time>2025-09-07T09:54:08Z</time>
   </trkpt>
   <trkpt lat="49.8124770" lon="19.9663710">
    <ele>641.0</ele>
    <time>2025-09-07T09:54:09Z</time>
   </trkpt>
   <trkpt lat="49.8125270" lon="19.9663650">
    <ele>640.4</ele>
    <time>2025-09-07T09:54:10Z</time>
   </trkpt>
   <trkpt lat="49.8125650" lon="19.9663670">
    <ele>639.8</ele>
    <time>2025-09-07T09:54:11Z</time>
   </trkpt>
   <trkpt lat="49.8125990" lon="19.9663690">
    <ele>639.0</ele>
    <time>2025-09-07T09:54:12Z</time>
   </trkpt>
   <trkpt lat="49.8126310" lon="19.9663680">
    <ele>638.2</ele>
    <time>2025-09-07T09:54:13Z</time>
   </trkpt>
   <trkpt lat="49.8126630" lon="19.9663290">
    <ele>637.8</ele>
    <time>2025-09-07T09:54:14Z</time>
   </trkpt>
   <trkpt lat="49.8126910" lon="19.9663280">
    <ele>636.6</ele>
    <time>2025-09-07T09:54:15Z</time>
   </trkpt>
   <trkpt lat="49.8127380" lon="19.9663240">
    <ele>636.2</ele>
    <time>2025-09-07T09:54:16Z</time>
   </trkpt>
   <trkpt lat="49.8127910" lon="19.9663130">
    <ele>635.4</ele>
    <time>2025-09-07T09:54:17Z</time>
   </trkpt>
   <trkpt lat="49.8128410" lon="19.9662960">
    <ele>634.8</ele>
    <time>2025-09-07T09:54:18Z</time>
   </trkpt>
   <trkpt lat="49.8128870" lon="19.9662760">
    <ele>634.0</ele>
    <time>2025-09-07T09:54:19Z</time>
   </trkpt>
   <trkpt lat="49.8129170" lon="19.9662650">
    <ele>633.4</ele>
    <time>2025-09-07T09:54:20Z</time>
   </trkpt>
   <trkpt lat="49.8129430" lon="19.9662470">
    <ele>632.4</ele>
    <time>2025-09-07T09:54:21Z</time>
   </trkpt>
   <trkpt lat="49.8129730" lon="19.9662230">
    <ele>631.8</ele>
    <time>2025-09-07T09:54:22Z</time>
   </trkpt>
   <trkpt lat="49.8130090" lon="19.9662060">
    <ele>631.0</ele>
    <time>2025-09-07T09:54:23Z</time>
   </trkpt>
   <trkpt lat="49.8130470" lon="19.9662100">
    <ele>629.8</ele>
    <time>2025-09-07T09:54:24Z</time>
   </trkpt>
   <trkpt lat="49.8130960" lon="19.9661940">
    <ele>629.2</ele>
    <time>2025-09-07T09:54:25Z</time>
   </trkpt>
   <trkpt lat="49.8131500" lon="19.9661590">
    <ele>628.0</ele>
    <time>2025-09-07T09:54:26Z</time>
   </trkpt>
   <trkpt lat="49.8131990" lon="19.9661210">
    <ele>627.0</ele>
    <time>2025-09-07T09:54:27Z</time>
   </trkpt>
   <trkpt lat="49.8132190" lon="19.9660900">
    <ele>626.4</ele>
    <time>2025-09-07T09:54:28Z</time>
   </trkpt>
   <trkpt lat="49.8132280" lon="19.9660680">
    <ele>625.6</ele>
    <time>2025-09-07T09:54:29Z</time>
   </trkpt>
   <trkpt lat="49.8132180" lon="19.9660430">
    <ele>625.0</ele>
    <time>2025-09-07T09:54:30Z</time>
   </trkpt>
   <trkpt lat="49.8131960" lon="19.9660060">
    <ele>624.6</ele>
    <time>2025-09-07T09:54:31Z</time>
   </trkpt>
   <trkpt lat="49.8131710" lon="19.9659480">
    <ele>624.2</ele>
    <time>2025-09-07T09:54:32Z</time>
   </trkpt>
   <trkpt lat="49.8131660" lon="19.9658880">
    <ele>623.6</ele>
    <time>2025-09-07T09:54:33Z</time>
   </trkpt>
   <trkpt lat="49.8131740" lon="19.9658290">
    <ele>623.2</ele>
    <time>2025-09-07T09:54:34Z</time>
   </trkpt>
   <trkpt lat="49.8131910" lon="19.9657700">
    <ele>622.8</ele>
    <time>2025-09-07T09:54:35Z</time>
   </trkpt>
   <trkpt lat="49.8132130" lon="19.9657020">
    <ele>622.2</ele>
    <time>2025-09-07T09:54:36Z</time>
   </trkpt>
   <trkpt lat="49.8132220" lon="19.9656400">
    <ele>621.2</ele>
    <time>2025-09-07T09:54:37Z</time>
   </trkpt>
   <trkpt lat="49.8132360" lon="19.9655890">
    <ele>621.0</ele>
    <time>2025-09-07T09:54:38Z</time>
   </trkpt>
   <trkpt lat="49.8132490" lon="19.9654650">
    <ele>620.0</ele>
    <time>2025-09-07T09:54:40Z</time>
   </trkpt>
   <trkpt lat="49.8132470" lon="19.9654020">
    <ele>619.4</ele>
    <time>2025-09-07T09:54:41Z</time>
   </trkpt>
   <trkpt lat="49.8132570" lon="19.9653010">
    <ele>619.0</ele>
    <time>2025-09-07T09:54:42Z</time>
   </trkpt>
   <trkpt lat="49.8132500" lon="19.9652530">
    <ele>618.2</ele>
    <time>2025-09-07T09:54:43Z</time>
   </trkpt>
   <trkpt lat="49.8132450" lon="19.9651520">
    <ele>616.6</ele>
    <time>2025-09-07T09:54:45Z</time>
   </trkpt>
   <trkpt lat="49.8132490" lon="19.9650290">
    <ele>615.0</ele>
    <time>2025-09-07T09:54:47Z</time>
   </trkpt>
   <trkpt lat="49.8132520" lon="19.9648860">
    <ele>613.6</ele>
    <time>2025-09-07T09:54:49Z</time>
   </trkpt>
   <trkpt lat="49.8132610" lon="19.9648050">
    <ele>612.6</ele>
    <time>2025-09-07T09:54:50Z</time>
   </trkpt>
   <trkpt lat="49.8132650" lon="19.9647290">
    <ele>611.4</ele>
    <time>2025-09-07T09:54:51Z</time>
   </trkpt>
   <trkpt lat="49.8132680" lon="19.9646580">
    <ele>609.6</ele>
    <time>2025-09-07T09:54:52Z</time>
   </trkpt>
   <trkpt lat="49.8132650" lon="19.9645900">
    <ele>609.2</ele>
    <time>2025-09-07T09:54:53Z</time>
   </trkpt>
   <trkpt lat="49.8132660" lon="19.9645370">
    <ele>609.0</ele>
    <time>2025-09-07T09:54:54Z</time>
   </trkpt>
   <trkpt lat="49.8132640" lon="19.9644810">
    <ele>608.6</ele>
    <time>2025-09-07T09:54:55Z</time>
   </trkpt>
   <trkpt lat="49.8132620" lon="19.9643310">
    <ele>606.6</ele>
    <time>2025-09-07T09:54:57Z</time>
   </trkpt>
   <trkpt lat="49.8132800" lon="19.9641350">
    <ele>605.4</ele>
    <time>2025-09-07T09:54:59Z</time>
   </trkpt>
   <trkpt lat="49.8132600" lon="19.9640250">
    <ele>605.2</ele>
    <time>2025-09-07T09:55:00Z</time>
   </trkpt>
   <trkpt lat="49.8132350" lon="19.9639140">
    <ele>604.4</ele>
    <time>2025-09-07T09:55:01Z</time>
   </trkpt>
   <trkpt lat="49.8132250" lon="19.9637960">
    <ele>603.4</ele>
    <time>2025-09-07T09:55:02Z</time>
   </trkpt>
   <trkpt lat="49.8132370" lon="19.9636740">
    <ele>602.6</ele>
    <time>2025-09-07T09:55:03Z</time>
   </trkpt>
   <trkpt lat="49.8132300" lon="19.9635390">
    <ele>601.6</ele>
    <time>2025-09-07T09:55:04Z</time>
   </trkpt>
   <trkpt lat="49.8132230" lon="19.9633890">
    <ele>599.6</ele>
    <time>2025-09-07T09:55:05Z</time>
   </trkpt>
   <trkpt lat="49.8132180" lon="19.9632410">
    <ele>596.6</ele>
    <time>2025-09-07T09:55:06Z</time>
   </trkpt>
   <trkpt lat="49.8132200" lon="19.9631300">
    <ele>595.8</ele>
    <time>2025-09-07T09:55:07Z</time>
   </trkpt>
   <trkpt lat="49.8132300" lon="19.9630550">
    <ele>594.6</ele>
    <time>2025-09-07T09:55:08Z</time>
   </trkpt>
   <trkpt lat="49.8132410" lon="19.9630100">
    <ele>593.4</ele>
    <time>2025-09-07T09:55:09Z</time>
   </trkpt>
   <trkpt lat="49.8132480" lon="19.9629640">
    <ele>592.6</ele>
    <time>2025-09-07T09:55:10Z</time>
   </trkpt>
   <trkpt lat="49.8132500" lon="19.9629180">
    <ele>591.2</ele>
    <time>2025-09-07T09:55:11Z</time>
   </trkpt>
   <trkpt lat="49.8132510" lon="19.9628670">
    <ele>590.0</ele>
    <time>2025-09-07T09:55:12Z</time>
   </trkpt>
   <trkpt lat="49.8132550" lon="19.9628260">
    <ele>589.6</ele>
    <time>2025-09-07T09:55:13Z</time>
   </trkpt>
   <trkpt lat="49.8132620" lon="19.9627930">
    <ele>589.0</ele>
    <time>2025-09-07T09:55:14Z</time>
   </trkpt>
   <trkpt lat="49.8132680" lon="19.9627630">
    <ele>588.2</ele>
    <time>2025-09-07T09:55:15Z</time>
   </trkpt>
   <trkpt lat="49.8132600" lon="19.9626780">
    <ele>587.2</ele>
    <time>2025-09-07T09:55:17Z</time>
   </trkpt>
   <trkpt lat="49.8132610" lon="19.9626290">
    <ele>586.6</ele>
    <time>2025-09-07T09:55:18Z</time>
   </trkpt>
   <trkpt lat="49.8132650" lon="19.9625820">
    <ele>586.2</ele>
    <time>2025-09-07T09:55:19Z</time>
   </trkpt>
   <trkpt lat="49.8132680" lon="19.9625330">
    <ele>585.6</ele>
    <time>2025-09-07T09:55:20Z</time>
   </trkpt>
   <trkpt lat="49.8132680" lon="19.9624770">
    <ele>585.4</ele>
    <time>2025-09-07T09:55:21Z</time>
   </trkpt>
   <trkpt lat="49.8132640" lon="19.9623330">
    <ele>583.6</ele>
    <time>2025-09-07T09:55:23Z</time>
   </trkpt>
   <trkpt lat="49.8132570" lon="19.9622250">
    <ele>582.2</ele>
    <time>2025-09-07T09:55:24Z</time>
   </trkpt>
   <trkpt lat="49.8132380" lon="19.9620140">
    <ele>581.0</ele>
    <time>2025-09-07T09:55:26Z</time>
   </trkpt>
   <trkpt lat="49.8132140" lon="19.9619010">
    <ele>580.4</ele>
    <time>2025-09-07T09:55:27Z</time>
   </trkpt>
   <trkpt lat="49.8131930" lon="19.9617890">
    <ele>579.6</ele>
    <time>2025-09-07T09:55:28Z</time>
   </trkpt>
   <trkpt lat="49.8131880" lon="19.9616830">
    <ele>578.6</ele>
    <time>2025-09-07T09:55:29Z</time>
   </trkpt>
   <trkpt lat="49.8132030" lon="19.9616090">
    <ele>576.8</ele>
    <time>2025-09-07T09:55:30Z</time>
   </trkpt>
   <trkpt lat="49.8132290" lon="19.9615240">
    <ele>575.6</ele>
    <time>2025-09-07T09:55:31Z</time>
   </trkpt>
   <trkpt lat="49.8132460" lon="19.9614210">
    <ele>575.4</ele>
    <time>2025-09-07T09:55:32Z</time>
   </trkpt>
   <trkpt lat="49.8132600" lon="19.9613070">
    <ele>572.8</ele>
    <time>2025-09-07T09:55:33Z</time>
   </trkpt>
   <trkpt lat="49.8132670" lon="19.9611900">
    <ele>571.8</ele>
    <time>2025-09-07T09:55:34Z</time>
   </trkpt>
   <trkpt lat="49.8132820" lon="19.9610810">
    <ele>571.0</ele>
    <time>2025-09-07T09:55:35Z</time>
   </trkpt>
   <trkpt lat="49.8132990" lon="19.9609780">
    <ele>570.2</ele>
    <time>2025-09-07T09:55:36Z</time>
   </trkpt>
   <trkpt lat="49.8133120" lon="19.9608670">
    <ele>569.6</ele>
    <time>2025-09-07T09:55:37Z</time>
   </trkpt>
   <trkpt lat="49.8133210" lon="19.9607670">
    <ele>568.8</ele>
    <time>2025-09-07T09:55:38Z</time>
   </trkpt>
   <trkpt lat="49.8133170" lon="19.9606760">
    <ele>567.6</ele>
    <time>2025-09-07T09:55:39Z</time>
   </trkpt>
   <trkpt lat="49.8133000" lon="19.9606010">
    <ele>566.4</ele>
    <time>2025-09-07T09:55:40Z</time>
   </trkpt>
   <trkpt lat="49.8132830" lon="19.9605370">
    <ele>564.8</ele>
    <time>2025-09-07T09:55:41Z</time>
   </trkpt>
   <trkpt lat="49.8132480" lon="19.9604760">
    <ele>562.4</ele>
    <time>2025-09-07T09:55:42Z</time>
   </trkpt>
   <trkpt lat="49.8132060" lon="19.9604410">
    <ele>560.8</ele>
    <time>2025-09-07T09:55:43Z</time>
   </trkpt>
   <trkpt lat="49.8131830" lon="19.9604400">
    <ele>560.2</ele>
    <time>2025-09-07T09:55:44Z</time>
   </trkpt>
   <trkpt lat="49.8131790" lon="19.9604370">
    <ele>559.4</ele>
    <time>2025-09-07T09:55:45Z</time>
   </trkpt>
   <trkpt lat="49.8131790" lon="19.9604370">
    <ele>559.2</ele>
    <time>2025-09-07T09:55:46Z</time>
   </trkpt>
   <trkpt lat="49.8131790" lon="19.9604370">
    <ele>559.2</ele>
    <time>2025-09-07T09:55:47Z</time>
   </trkpt>
   <trkpt lat="49.8131790" lon="19.9604370">
    <ele>559.4</ele>
    <time>2025-09-07T09:55:55Z</time>
   </trkpt>
   <trkpt lat="49.8131520" lon="19.9604770">
    <ele>560.2</ele>
    <time>2025-09-07T09:59:54Z</time>
   </trkpt>
   <trkpt lat="49.8131520" lon="19.9604770">
    <ele>560.2</ele>
    <time>2025-09-07T09:59:56Z</time>
   </trkpt>
   <trkpt lat="49.8131520" lon="19.9604770">
    <ele>560.2</ele>
    <time>2025-09-07T10:00:00Z</time>
   </trkpt>
   <trkpt lat="49.8130490" lon="19.9605180">
    <ele>560.2</ele>
    <time>2025-09-07T10:00:06Z</time>
   </trkpt>
   <trkpt lat="49.8130250" lon="19.9605210">
    <ele>560.2</ele>
    <time>2025-09-07T10:00:07Z</time>
   </trkpt>
   <trkpt lat="49.8129980" lon="19.9605160">
    <ele>560.4</ele>
    <time>2025-09-07T10:00:08Z</time>
   </trkpt>
   <trkpt lat="49.8129510" lon="19.9604370">
    <ele>560.4</ele>
    <time>2025-09-07T10:00:10Z</time>
   </trkpt>
   <trkpt lat="49.8129090" lon="19.9602920">
    <ele>559.0</ele>
    <time>2025-09-07T10:00:12Z</time>
   </trkpt>
   <trkpt lat="49.8128820" lon="19.9602110">
    <ele>557.8</ele>
    <time>2025-09-07T10:00:13Z</time>
   </trkpt>
   <trkpt lat="49.8128250" lon="19.9600310">
    <ele>556.0</ele>
    <time>2025-09-07T10:00:15Z</time>
   </trkpt>
   <trkpt lat="49.8128040" lon="19.9599420">
    <ele>553.4</ele>
    <time>2025-09-07T10:00:16Z</time>
   </trkpt>
   <trkpt lat="49.8127890" lon="19.9598560">
    <ele>552.6</ele>
    <time>2025-09-07T10:00:17Z</time>
   </trkpt>
   <trkpt lat="49.8128000" lon="19.9597830">
    <ele>552.2</ele>
    <time>2025-09-07T10:00:18Z</time>
   </trkpt>
   <trkpt lat="49.8128180" lon="19.9597150">
    <ele>552.0</ele>
    <time>2025-09-07T10:00:19Z</time>
   </trkpt>
   <trkpt lat="49.8128410" lon="19.9596500">
    <ele>551.2</ele>
    <time>2025-09-07T10:00:20Z</time>
   </trkpt>
   <trkpt lat="49.8128680" lon="19.9595940">
    <ele>549.6</ele>
    <time>2025-09-07T10:00:21Z</time>
   </trkpt>
   <trkpt lat="49.8129020" lon="19.9595510">
    <ele>549.0</ele>
    <time>2025-09-07T10:00:22Z</time>
   </trkpt>
   <trkpt lat="49.8129460" lon="19.9595100">
    <ele>548.2</ele>
    <time>2025-09-07T10:00:23Z</time>
   </trkpt>
   <trkpt lat="49.8129840" lon="19.9594590">
    <ele>547.4</ele>
    <time>2025-09-07T10:00:24Z</time>
   </trkpt>
   <trkpt lat="49.8130040" lon="19.9593970">
    <ele>545.8</ele>
    <time>2025-09-07T10:00:25Z</time>
   </trkpt>
   <trkpt lat="49.8130190" lon="19.9593390">
    <ele>544.8</ele>
    <time>2025-09-07T10:00:26Z</time>
   </trkpt>
   <trkpt lat="49.8130410" lon="19.9592770">
    <ele>543.2</ele>
    <time>2025-09-07T10:00:27Z</time>
   </trkpt>
   <trkpt lat="49.8130600" lon="19.9592240">
    <ele>542.0</ele>
    <time>2025-09-07T10:00:28Z</time>
   </trkpt>
   <trkpt lat="49.8130790" lon="19.9591780">
    <ele>540.6</ele>
    <time>2025-09-07T10:00:29Z</time>
   </trkpt>
   <trkpt lat="49.8130920" lon="19.9591390">
    <ele>539.6</ele>
    <time>2025-09-07T10:00:30Z</time>
   </trkpt>
   <trkpt lat="49.8131260" lon="19.9591060">
    <ele>538.4</ele>
    <time>2025-09-07T10:00:31Z</time>
   </trkpt>
   <trkpt lat="49.8131550" lon="19.9590770">
    <ele>538.2</ele>
    <time>2025-09-07T10:00:32Z</time>
   </trkpt>
   <trkpt lat="49.8131700" lon="19.9590430">
    <ele>537.2</ele>
    <time>2025-09-07T10:00:33Z</time>
   </trkpt>
   <trkpt lat="49.8131760" lon="19.9590080">
    <ele>536.4</ele>
    <time>2025-09-07T10:00:34Z</time>
   </trkpt>
   <trkpt lat="49.8131790" lon="19.9589720">
    <ele>535.8</ele>
    <time>2025-09-07T10:00:35Z</time>
   </trkpt>
   <trkpt lat="49.8131710" lon="19.9589400">
    <ele>534.6</ele>
    <time>2025-09-07T10:00:36Z</time>
   </trkpt>
   <trkpt lat="49.8131540" lon="19.9588930">
    <ele>533.8</ele>
    <time>2025-09-07T10:00:37Z</time>
   </trkpt>
   <trkpt lat="49.8131470" lon="19.9588400">
    <ele>533.4</ele>
    <time>2025-09-07T10:00:38Z</time>
   </trkpt>
   <trkpt lat="49.8131410" lon="19.9587790">
    <ele>531.4</ele>
    <time>2025-09-07T10:00:39Z</time>
   </trkpt>
   <trkpt lat="49.8131330" lon="19.9587220">
    <ele>530.0</ele>
    <time>2025-09-07T10:00:40Z</time>
   </trkpt>
   <trkpt lat="49.8131440" lon="19.9586520">
    <ele>529.4</ele>
    <time>2025-09-07T10:00:41Z</time>
   </trkpt>
   <trkpt lat="49.8131490" lon="19.9585470">
    <ele>528.4</ele>
    <time>2025-09-07T10:00:42Z</time>
   </trkpt>
   <trkpt lat="49.8131790" lon="19.9584670">
    <ele>527.0</ele>
    <time>2025-09-07T10:00:43Z</time>
   </trkpt>
   <trkpt lat="49.8131970" lon="19.9583780">
    <ele>525.0</ele>
    <time>2025-09-07T10:00:44Z</time>
   </trkpt>
   <trkpt lat="49.8132120" lon="19.9583060">
    <ele>523.8</ele>
    <time>2025-09-07T10:00:45Z</time>
   </trkpt>
   <trkpt lat="49.8132120" lon="19.9582460">
    <ele>522.0</ele>
    <time>2025-09-07T10:00:46Z</time>
   </trkpt>
   <trkpt lat="49.8132180" lon="19.9581900">
    <ele>520.6</ele>
    <time>2025-09-07T10:00:47Z</time>
   </trkpt>
   <trkpt lat="49.8132320" lon="19.9581350">
    <ele>519.4</ele>
    <time>2025-09-07T10:00:48Z</time>
   </trkpt>
   <trkpt lat="49.8132290" lon="19.9580720">
    <ele>517.6</ele>
    <time>2025-09-07T10:00:49Z</time>
   </trkpt>
   <trkpt lat="49.8132370" lon="19.9579980">
    <ele>517.0</ele>
    <time>2025-09-07T10:00:50Z</time>
   </trkpt>
   <trkpt lat="49.8132410" lon="19.9579390">
    <ele>515.4</ele>
    <time>2025-09-07T10:00:51Z</time>
   </trkpt>
   <trkpt lat="49.8132710" lon="19.9578300">
    <ele>513.6</ele>
    <time>2025-09-07T10:00:53Z</time>
   </trkpt>
   <trkpt lat="49.8132870" lon="19.9577830">
    <ele>512.8</ele>
    <time>2025-09-07T10:00:54Z</time>
   </trkpt>
   <trkpt lat="49.8132990" lon="19.9577280">
    <ele>511.4</ele>
    <time>2025-09-07T10:00:55Z</time>
   </trkpt>
   <trkpt lat="49.8133050" lon="19.9576850">
    <ele>510.0</ele>
    <time>2025-09-07T10:00:56Z</time>
   </trkpt>
   <trkpt lat="49.8133280" lon="19.9576180">
    <ele>508.8</ele>
    <time>2025-09-07T10:00:57Z</time>
   </trkpt>
   <trkpt lat="49.8133380" lon="19.9575780">
    <ele>508.0</ele>
    <time>2025-09-07T10:00:58Z</time>
   </trkpt>
   <trkpt lat="49.8133510" lon="19.9575330">
    <ele>507.4</ele>
    <time>2025-09-07T10:00:59Z</time>
   </trkpt>
   <trkpt lat="49.8133550" lon="19.9574370">
    <ele>505.8</ele>
    <time>2025-09-07T10:01:01Z</time>
   </trkpt>
   <trkpt lat="49.8133650" lon="19.9573910">
    <ele>504.6</ele>
    <time>2025-09-07T10:01:02Z</time>
   </trkpt>
   <trkpt lat="49.8133850" lon="19.9573580">
    <ele>503.6</ele>
    <time>2025-09-07T10:01:03Z</time>
   </trkpt>
   <trkpt lat="49.8133880" lon="19.9573180">
    <ele>502.6</ele>
    <time>2025-09-07T10:01:04Z</time>
   </trkpt>
   <trkpt lat="49.8134000" lon="19.9572810">
    <ele>501.0</ele>
    <time>2025-09-07T10:01:05Z</time>
   </trkpt>
   <trkpt lat="49.8134300" lon="19.9572530">
    <ele>500.2</ele>
    <time>2025-09-07T10:01:06Z</time>
   </trkpt>
   <trkpt lat="49.8134440" lon="19.9572080">
    <ele>500.0</ele>
    <time>2025-09-07T10:01:07Z</time>
   </trkpt>
   <trkpt lat="49.8134450" lon="19.9571500">
    <ele>499.2</ele>
    <time>2025-09-07T10:01:08Z</time>
   </trkpt>
   <trkpt lat="49.8134450" lon="19.9571150">
    <ele>498.2</ele>
    <time>2025-09-07T10:01:09Z</time>
   </trkpt>
   <trkpt lat="49.8134410" lon="19.9570780">
    <ele>496.8</ele>
    <time>2025-09-07T10:01:10Z</time>
   </trkpt>
   <trkpt lat="49.8134370" lon="19.9570370">
    <ele>496.2</ele>
    <time>2025-09-07T10:01:11Z</time>
   </trkpt>
   <trkpt lat="49.8134400" lon="19.9569870">
    <ele>495.8</ele>
    <time>2025-09-07T10:01:12Z</time>
   </trkpt>
   <trkpt lat="49.8134420" lon="19.9569380">
    <ele>494.6</ele>
    <time>2025-09-07T10:01:13Z</time>
   </trkpt>
   <trkpt lat="49.8134390" lon="19.9568250">
    <ele>492.8</ele>
    <time>2025-09-07T10:01:15Z</time>
   </trkpt>
   <trkpt lat="49.8134480" lon="19.9567840">
    <ele>491.8</ele>
    <time>2025-09-07T10:01:16Z</time>
   </trkpt>
   <trkpt lat="49.8134470" lon="19.9567410">
    <ele>490.8</ele>
    <time>2025-09-07T10:01:17Z</time>
   </trkpt>
   <trkpt lat="49.8134460" lon="19.9566990">
    <ele>489.8</ele>
    <time>2025-09-07T10:01:18Z</time>
   </trkpt>
   <trkpt lat="49.8134420" lon="19.9565880">
    <ele>487.8</ele>
    <time>2025-09-07T10:01:20Z</time>
   </trkpt>
   <trkpt lat="49.8134450" lon="19.9565170">
    <ele>486.6</ele>
    <time>2025-09-07T10:01:21Z</time>
   </trkpt>
   <trkpt lat="49.8134480" lon="19.9564560">
    <ele>485.2</ele>
    <time>2025-09-07T10:01:22Z</time>
   </trkpt>
   <trkpt lat="49.8134450" lon="19.9563960">
    <ele>483.8</ele>
    <time>2025-09-07T10:01:23Z</time>
   </trkpt>
   <trkpt lat="49.8134350" lon="19.9563410">
    <ele>483.4</ele>
    <time>2025-09-07T10:01:24Z</time>
   </trkpt>
   <trkpt lat="49.8134190" lon="19.9562830">
    <ele>482.8</ele>
    <time>2025-09-07T10:01:25Z</time>
   </trkpt>
   <trkpt lat="49.8134110" lon="19.9562220">
    <ele>482.2</ele>
    <time>2025-09-07T10:01:26Z</time>
   </trkpt>
   <trkpt lat="49.8134130" lon="19.9561590">
    <ele>481.2</ele>
    <time>2025-09-07T10:01:27Z</time>
   </trkpt>
   <trkpt lat="49.8134140" lon="19.9560910">
    <ele>479.6</ele>
    <time>2025-09-07T10:01:28Z</time>
   </trkpt>
   <trkpt lat="49.8134150" lon="19.9560270">
    <ele>478.6</ele>
    <time>2025-09-07T10:01:29Z</time>
   </trkpt>
   <trkpt lat="49.8134250" lon="19.9559690">
    <ele>476.8</ele>
    <time>2025-09-07T10:01:30Z</time>
   </trkpt>
   <trkpt lat="49.8134340" lon="19.9559150">
    <ele>476.4</ele>
    <time>2025-09-07T10:01:31Z</time>
   </trkpt>
   <trkpt lat="49.8134530" lon="19.9558560">
    <ele>475.0</ele>
    <time>2025-09-07T10:01:32Z</time>
   </trkpt>
   <trkpt lat="49.8134660" lon="19.9558040">
    <ele>474.2</ele>
    <time>2025-09-07T10:01:33Z</time>
   </trkpt>
   <trkpt lat="49.8134890" lon="19.9557630">
    <ele>472.6</ele>
    <time>2025-09-07T10:01:34Z</time>
   </trkpt>
   <trkpt lat="49.8135130" lon="19.9557340">
    <ele>471.2</ele>
    <time>2025-09-07T10:01:35Z</time>
   </trkpt>
   <trkpt lat="49.8135360" lon="19.9557080">
    <ele>470.4</ele>
    <time>2025-09-07T10:01:36Z</time>
   </trkpt>
   <trkpt lat="49.8135590" lon="19.9556830">
    <ele>469.4</ele>
    <time>2025-09-07T10:01:37Z</time>
   </trkpt>
   <trkpt lat="49.8135680" lon="19.9556740">
    <ele>468.8</ele>
    <time>2025-09-07T10:01:38Z</time>
   </trkpt>
   <trkpt lat="49.8135680" lon="19.9556740">
    <ele>467.4</ele>
    <time>2025-09-07T10:01:39Z</time>
   </trkpt>
   <trkpt lat="49.8135740" lon="19.9556690">
    <ele>466.6</ele>
    <time>2025-09-07T10:01:40Z</time>
   </trkpt>
   <trkpt lat="49.8135910" lon="19.9556590">
    <ele>466.0</ele>
    <time>2025-09-07T10:01:41Z</time>
   </trkpt>
   <trkpt lat="49.8136440" lon="19.9556310">
    <ele>464.4</ele>
    <time>2025-09-07T10:01:43Z</time>
   </trkpt>
   <trkpt lat="49.8136670" lon="19.9556050">
    <ele>463.4</ele>
    <time>2025-09-07T10:01:44Z</time>
   </trkpt>
   <trkpt lat="49.8136750" lon="19.9555930">
    <ele>462.0</ele>
    <time>2025-09-07T10:01:45Z</time>
   </trkpt>
   <trkpt lat="49.8136750" lon="19.9555930">
    <ele>461.2</ele>
    <time>2025-09-07T10:01:46Z</time>
   </trkpt>
   <trkpt lat="49.8136750" lon="19.9555930">
    <ele>460.2</ele>
    <time>2025-09-07T10:01:47Z</time>
   </trkpt>
   <trkpt lat="49.8136750" lon="19.9555930">
    <ele>459.0</ele>
    <time>2025-09-07T10:01:48Z</time>
   </trkpt>
   <trkpt lat="49.8136910" lon="19.9555560">
    <ele>459.0</ele>
    <time>2025-09-07T10:01:54Z</time>
   </trkpt>
   <trkpt lat="49.8137110" lon="19.9555000">
    <ele>458.8</ele>
    <time>2025-09-07T10:01:56Z</time>
   </trkpt>
   <trkpt lat="49.8137470" lon="19.9554650">
    <ele>457.6</ele>
    <time>2025-09-07T10:01:58Z</time>
   </trkpt>
   <trkpt lat="49.8138090" lon="19.9554310">
    <ele>456.6</ele>
    <time>2025-09-07T10:02:00Z</time>
   </trkpt>
   <trkpt lat="49.8138440" lon="19.9554040">
    <ele>456.0</ele>
    <time>2025-09-07T10:02:01Z</time>
   </trkpt>
   <trkpt lat="49.8138780" lon="19.9553450">
    <ele>455.0</ele>
    <time>2025-09-07T10:02:02Z</time>
   </trkpt>
   <trkpt lat="49.8139120" lon="19.9552770">
    <ele>454.0</ele>
    <time>2025-09-07T10:02:03Z</time>
   </trkpt>
   <trkpt lat="49.8139480" lon="19.9552310">
    <ele>453.0</ele>
    <time>2025-09-07T10:02:04Z</time>
   </trkpt>
   <trkpt lat="49.8139940" lon="19.9551940">
    <ele>452.2</ele>
    <time>2025-09-07T10:02:05Z</time>
   </trkpt>
   <trkpt lat="49.8140370" lon="19.9551570">
    <ele>451.4</ele>
    <time>2025-09-07T10:02:06Z</time>
   </trkpt>
   <trkpt lat="49.8140700" lon="19.9551340">
    <ele>451.4</ele>
    <time>2025-09-07T10:02:07Z</time>
   </trkpt>
   <trkpt lat="49.8141000" lon="19.9551120">
    <ele>450.8</ele>
    <time>2025-09-07T10:02:08Z</time>
   </trkpt>
   <trkpt lat="49.8141240" lon="19.9550800">
    <ele>450.8</ele>
    <time>2025-09-07T10:02:09Z</time>
   </trkpt>
   <trkpt lat="49.8141410" lon="19.9550550">
    <ele>450.8</ele>
    <time>2025-09-07T10:02:10Z</time>
   </trkpt>
   <trkpt lat="49.8141470" lon="19.9550510">
    <ele>450.8</ele>
    <time>2025-09-07T10:02:11Z</time>
   </trkpt>
   <trkpt lat="49.8141560" lon="19.9550440">
    <ele>450.8</ele>
    <time>2025-09-07T10:02:12Z</time>
   </trkpt>
   <trkpt lat="49.8141590" lon="19.9550400">
    <ele>450.8</ele>
    <time>2025-09-07T10:02:16Z</time>
   </trkpt>
   <trkpt lat="49.8141590" lon="19.9550400">
    <ele>450.6</ele>
    <time>2025-09-07T10:02:23Z</time>
   </trkpt>
   <trkpt lat="49.8142010" lon="19.9550260">
    <ele>450.8</ele>
    <time>2025-09-07T10:02:30Z</time>
   </trkpt>
   <trkpt lat="49.8142260" lon="19.9550190">
    <ele>450.6</ele>
    <time>2025-09-07T10:02:31Z</time>
   </trkpt>
   <trkpt lat="49.8142570" lon="19.9550160">
    <ele>450.2</ele>
    <time>2025-09-07T10:02:32Z</time>
   </trkpt>
   <trkpt lat="49.8143290" lon="19.9550130">
    <ele>449.0</ele>
    <time>2025-09-07T10:02:34Z</time>
   </trkpt>
   <trkpt lat="49.8143680" lon="19.9550190">
    <ele>448.4</ele>
    <time>2025-09-07T10:02:35Z</time>
   </trkpt>
   <trkpt lat="49.8144000" lon="19.9550180">
    <ele>446.4</ele>
    <time>2025-09-07T10:02:36Z</time>
   </trkpt>
   <trkpt lat="49.8144350" lon="19.9549990">
    <ele>444.6</ele>
    <time>2025-09-07T10:02:37Z</time>
   </trkpt>
   <trkpt lat="49.8144710" lon="19.9549680">
    <ele>443.0</ele>
    <time>2025-09-07T10:02:38Z</time>
   </trkpt>
   <trkpt lat="49.8144990" lon="19.9549440">
    <ele>441.8</ele>
    <time>2025-09-07T10:02:39Z</time>
   </trkpt>
   <trkpt lat="49.8145260" lon="19.9549120">
    <ele>440.8</ele>
    <time>2025-09-07T10:02:40Z</time>
   </trkpt>
   <trkpt lat="49.8145550" lon="19.9548710">
    <ele>439.8</ele>
    <time>2025-09-07T10:02:41Z</time>
   </trkpt>
   <trkpt lat="49.8145790" lon="19.9548170">
    <ele>438.6</ele>
    <time>2025-09-07T10:02:42Z</time>
   </trkpt>
   <trkpt lat="49.8146020" lon="19.9547560">
    <ele>437.4</ele>
    <time>2025-09-07T10:02:43Z</time>
   </trkpt>
   <trkpt lat="49.8146290" lon="19.9547000">
    <ele>435.8</ele>
    <time>2025-09-07T10:02:44Z</time>
   </trkpt>
   <trkpt lat="49.8146660" lon="19.9546500">
    <ele>435.0</ele>
    <time>2025-09-07T10:02:45Z</time>
   </trkpt>
   <trkpt lat="49.8146960" lon="19.9546160">
    <ele>433.8</ele>
    <time>2025-09-07T10:02:46Z</time>
   </trkpt>
   <trkpt lat="49.8147220" lon="19.9545900">
    <ele>431.6</ele>
    <time>2025-09-07T10:02:47Z</time>
   </trkpt>
   <trkpt lat="49.8147460" lon="19.9545610">
    <ele>431.2</ele>
    <time>2025-09-07T10:02:48Z</time>
   </trkpt>
   <trkpt lat="49.8147700" lon="19.9545220">
    <ele>429.6</ele>
    <time>2025-09-07T10:02:49Z</time>
   </trkpt>
   <trkpt lat="49.8148060" lon="19.9544740">
    <ele>427.6</ele>
    <time>2025-09-07T10:02:50Z</time>
   </trkpt>
   <trkpt lat="49.8148370" lon="19.9544350">
    <ele>426.8</ele>
    <time>2025-09-07T10:02:51Z</time>
   </trkpt>
   <trkpt lat="49.8148690" lon="19.9544010">
    <ele>425.4</ele>
    <time>2025-09-07T10:02:52Z</time>
   </trkpt>
   <trkpt lat="49.8149030" lon="19.9543810">
    <ele>424.4</ele>
    <time>2025-09-07T10:02:53Z</time>
   </trkpt>
   <trkpt lat="49.8149400" lon="19.9543490">
    <ele>423.4</ele>
    <time>2025-09-07T10:02:54Z</time>
   </trkpt>
   <trkpt lat="49.8149750" lon="19.9543190">
    <ele>422.0</ele>
    <time>2025-09-07T10:02:55Z</time>
   </trkpt>
   <trkpt lat="49.8149990" lon="19.9542710">
    <ele>420.6</ele>
    <time>2025-09-07T10:02:56Z</time>
   </trkpt>
   <trkpt lat="49.8149890" lon="19.9541950">
    <ele>419.8</ele>
    <time>2025-09-07T10:02:57Z</time>
   </trkpt>
   <trkpt lat="49.8149790" lon="19.9541020">
    <ele>419.0</ele>
    <time>2025-09-07T10:02:58Z</time>
   </trkpt>
   <trkpt lat="49.8149740" lon="19.9540350">
    <ele>418.4</ele>
    <time>2025-09-07T10:02:59Z</time>
   </trkpt>
   <trkpt lat="49.8149920" lon="19.9539700">
    <ele>418.2</ele>
    <time>2025-09-07T10:03:00Z</time>
   </trkpt>
   <trkpt lat="49.8149850" lon="19.9538690">
    <ele>418.0</ele>
    <time>2025-09-07T10:03:01Z</time>
   </trkpt>
   <trkpt lat="49.8149870" lon="19.9536720">
    <ele>417.6</ele>
    <time>2025-09-07T10:03:03Z</time>
   </trkpt>
   <trkpt lat="49.8149780" lon="19.9535620">
    <ele>417.4</ele>
    <time>2025-09-07T10:03:04Z</time>
   </trkpt>
   <trkpt lat="49.8149930" lon="19.9534420">
    <ele>416.8</ele>
    <time>2025-09-07T10:03:05Z</time>
   </trkpt>
   <trkpt lat="49.8149820" lon="19.9533370">
    <ele>415.8</ele>
    <time>2025-09-07T10:03:06Z</time>
   </trkpt>
   <trkpt lat="49.8149650" lon="19.9532420">
    <ele>415.6</ele>
    <time>2025-09-07T10:03:07Z</time>
   </trkpt>
   <trkpt lat="49.8149540" lon="19.9531700">
    <ele>415.0</ele>
    <time>2025-09-07T10:03:08Z</time>
   </trkpt>
   <trkpt lat="49.8149340" lon="19.9531100">
    <ele>414.8</ele>
    <time>2025-09-07T10:03:09Z</time>
   </trkpt>
   <trkpt lat="49.8149330" lon="19.9530470">
    <ele>414.0</ele>
    <time>2025-09-07T10:03:10Z</time>
   </trkpt>
   <trkpt lat="49.8149470" lon="19.9529830">
    <ele>413.6</ele>
    <time>2025-09-07T10:03:11Z</time>
   </trkpt>
   <trkpt lat="49.8149650" lon="19.9528930">
    <ele>413.2</ele>
    <time>2025-09-07T10:03:12Z</time>
   </trkpt>
   <trkpt lat="49.8149860" lon="19.9527950">
    <ele>412.0</ele>
    <time>2025-09-07T10:03:13Z</time>
   </trkpt>
   <trkpt lat="49.8150040" lon="19.9527110">
    <ele>410.0</ele>
    <time>2025-09-07T10:03:14Z</time>
   </trkpt>
   <trkpt lat="49.8150320" lon="19.9526510">
    <ele>409.4</ele>
    <time>2025-09-07T10:03:15Z</time>
   </trkpt>
   <trkpt lat="49.8150590" lon="19.9526090">
    <ele>408.8</ele>
    <time>2025-09-07T10:03:16Z</time>
   </trkpt>
   <trkpt lat="49.8150780" lon="19.9525740">
    <ele>407.8</ele>
    <time>2025-09-07T10:03:17Z</time>
   </trkpt>
   <trkpt lat="49.8150920" lon="19.9525410">
    <ele>405.8</ele>
    <time>2025-09-07T10:03:18Z</time>
   </trkpt>
   <trkpt lat="49.8151040" lon="19.9525110">
    <ele>405.4</ele>
    <time>2025-09-07T10:03:19Z</time>
   </trkpt>
   <trkpt lat="49.8151260" lon="19.9524780">
    <ele>404.2</ele>
    <time>2025-09-07T10:03:21Z</time>
   </trkpt>
   <trkpt lat="49.8151300" lon="19.9524710">
    <ele>404.0</ele>
    <time>2025-09-07T10:03:22Z</time>
   </trkpt>
   <trkpt lat="49.8151720" lon="19.9524340">
    <ele>402.8</ele>
    <time>2025-09-07T10:03:24Z</time>
   </trkpt>
   <trkpt lat="49.8152120" lon="19.9523980">
    <ele>402.4</ele>
    <time>2025-09-07T10:03:25Z</time>
   </trkpt>
   <trkpt lat="49.8152550" lon="19.9523550">
    <ele>401.6</ele>
    <time>2025-09-07T10:03:26Z</time>
   </trkpt>
   <trkpt lat="49.8153010" lon="19.9522830">
    <ele>399.6</ele>
    <time>2025-09-07T10:03:27Z</time>
   </trkpt>
   <trkpt lat="49.8154130" lon="19.9521950">
    <ele>398.4</ele>
    <time>2025-09-07T10:03:29Z</time>
   </trkpt>
   <trkpt lat="49.8154720" lon="19.9521510">
    <ele>398.2</ele>
    <time>2025-09-07T10:03:30Z</time>
   </trkpt>
   <trkpt lat="49.8155230" lon="19.9521110">
    <ele>396.8</ele>
    <time>2025-09-07T10:03:31Z</time>
   </trkpt>
   <trkpt lat="49.8155820" lon="19.9520760">
    <ele>394.8</ele>
    <time>2025-09-07T10:03:32Z</time>
   </trkpt>
   <trkpt lat="49.8156350" lon="19.9520490">
    <ele>393.8</ele>
    <time>2025-09-07T10:03:33Z</time>
   </trkpt>
   <trkpt lat="49.8156810" lon="19.9520280">
    <ele>392.2</ele>
    <time>2025-09-07T10:03:34Z</time>
   </trkpt>
   <trkpt lat="49.8157190" lon="19.9520150">
    <ele>391.4</ele>
    <time>2025-09-07T10:03:35Z</time>
   </trkpt>
   <trkpt lat="49.8157440" lon="19.9520050">
    <ele>389.4</ele>
    <time>2025-09-07T10:03:36Z</time>
   </trkpt>
   <trkpt lat="49.8157690" lon="19.9519910">
    <ele>388.6</ele>
    <time>2025-09-07T10:03:37Z</time>
   </trkpt>
   <trkpt lat="49.8157980" lon="19.9519700">
    <ele>387.2</ele>
    <time>2025-09-07T10:03:38Z</time>
   </trkpt>
   <trkpt lat="49.8158630" lon="19.9519250">
    <ele>385.6</ele>
    <time>2025-09-07T10:03:40Z</time>
   </trkpt>
   <trkpt lat="49.8158990" lon="19.9519100">
    <ele>384.6</ele>
    <time>2025-09-07T10:03:41Z</time>
   </trkpt>
   <trkpt lat="49.8159510" lon="19.9518930">
    <ele>383.4</ele>
    <time>2025-09-07T10:03:42Z</time>
   </trkpt>
   <trkpt lat="49.8160120" lon="19.9518640">
    <ele>383.2</ele>
    <time>2025-09-07T10:03:43Z</time>
   </trkpt>
   <trkpt lat="49.8160750" lon="19.9518180">
    <ele>382.4</ele>
    <time>2025-09-07T10:03:44Z</time>
   </trkpt>
   <trkpt lat="49.8161440" lon="19.9517590">
    <ele>381.0</ele>
    <time>2025-09-07T10:03:45Z</time>
   </trkpt>
   <trkpt lat="49.8162110" lon="19.9517030">
    <ele>378.6</ele>
    <time>2025-09-07T10:03:46Z</time>
   </trkpt>
   <trkpt lat="49.8162580" lon="19.9516570">
    <ele>376.8</ele>
    <time>2025-09-07T10:03:47Z</time>
   </trkpt>
   <trkpt lat="49.8163630" lon="19.9515790">
    <ele>375.4</ele>
    <time>2025-09-07T10:03:49Z</time>
   </trkpt>
   <trkpt lat="49.8164110" lon="19.9515230">
    <ele>374.4</ele>
    <time>2025-09-07T10:03:50Z</time>
   </trkpt>
   <trkpt lat="49.8164680" lon="19.9514670">
    <ele>373.6</ele>
    <time>2025-09-07T10:03:51Z</time>
   </trkpt>
   <trkpt lat="49.8165130" lon="19.9514340">
    <ele>372.2</ele>
    <time>2025-09-07T10:03:52Z</time>
   </trkpt>
   <trkpt lat="49.8165540" lon="19.9514080">
    <ele>370.8</ele>
    <time>2025-09-07T10:03:53Z</time>
   </trkpt>
   <trkpt lat="49.8166040" lon="19.9513850">
    <ele>369.6</ele>
    <time>2025-09-07T10:03:54Z</time>
   </trkpt>
   <trkpt lat="49.8166480" lon="19.9513610">
    <ele>367.6</ele>
    <time>2025-09-07T10:03:55Z</time>
   </trkpt>
   <trkpt lat="49.8166930" lon="19.9513310">
    <ele>366.8</ele>
    <time>2025-09-07T10:03:56Z</time>
   </trkpt>
   <trkpt lat="49.8167250" lon="19.9513040">
    <ele>365.8</ele>
    <time>2025-09-07T10:03:57Z</time>
   </trkpt>
   <trkpt lat="49.8168110" lon="19.9512090">
    <ele>365.2</ele>
    <time>2025-09-07T10:04:00Z</time>
   </trkpt>
   <trkpt lat="49.8168450" lon="19.9511550">
    <ele>364.8</ele>
    <time>2025-09-07T10:04:01Z</time>
   </trkpt>
   <trkpt lat="49.8168630" lon="19.9511110">
    <ele>364.6</ele>
    <time>2025-09-07T10:04:02Z</time>
   </trkpt>
   <trkpt lat="49.8168630" lon="19.9510630">
    <ele>364.6</ele>
    <time>2025-09-07T10:04:03Z</time>
   </trkpt>
   <trkpt lat="49.8168430" lon="19.9510080">
    <ele>364.6</ele>
    <time>2025-09-07T10:04:04Z</time>
   </trkpt>
   <trkpt lat="49.8168340" lon="19.9509560">
    <ele>364.6</ele>
    <time>2025-09-07T10:04:05Z</time>
   </trkpt>
   <trkpt lat="49.8168250" lon="19.9508930">
    <ele>365.4</ele>
    <time>2025-09-07T10:04:06Z</time>
   </trkpt>
   <trkpt lat="49.8168270" lon="19.9508390">
    <ele>365.6</ele>
    <time>2025-09-07T10:04:07Z</time>
   </trkpt>
   <trkpt lat="49.8168160" lon="19.9507620">
    <ele>366.0</ele>
    <time>2025-09-07T10:04:09Z</time>
   </trkpt>
   <trkpt lat="49.8168260" lon="19.9507150">
    <ele>366.0</ele>
    <time>2025-09-07T10:04:10Z</time>
   </trkpt>
   <trkpt lat="49.8168350" lon="19.9506720">
    <ele>366.8</ele>
    <time>2025-09-07T10:04:11Z</time>
   </trkpt>
   <trkpt lat="49.8168320" lon="19.9506370">
    <ele>367.2</ele>
    <time>2025-09-07T10:04:12Z</time>
   </trkpt>
   <trkpt lat="49.8168430" lon="19.9504930">
    <ele>367.4</ele>
    <time>2025-09-07T10:04:16Z</time>
   </trkpt>
   <trkpt lat="49.8168490" lon="19.9504510">
    <ele>367.4</ele>
    <time>2025-09-07T10:04:17Z</time>
   </trkpt>
   <trkpt lat="49.8169110" lon="19.9502090">
    <ele>367.0</ele>
    <time>2025-09-07T10:04:21Z</time>
   </trkpt>
   <trkpt lat="49.8169030" lon="19.9501630">
    <ele>367.0</ele>
    <time>2025-09-07T10:04:22Z</time>
   </trkpt>
   <trkpt lat="49.8168890" lon="19.9501150">
    <ele>367.0</ele>
    <time>2025-09-07T10:04:23Z</time>
   </trkpt>
   <trkpt lat="49.8168590" lon="19.9499950">
    <ele>366.8</ele>
    <time>2025-09-07T10:04:25Z</time>
   </trkpt>
   <trkpt lat="49.8168360" lon="19.9499470">
    <ele>366.6</ele>
    <time>2025-09-07T10:04:26Z</time>
   </trkpt>
   <trkpt lat="49.8168050" lon="19.9498800">
    <ele>366.6</ele>
    <time>2025-09-07T10:04:27Z</time>
   </trkpt>
   <trkpt lat="49.8167460" lon="19.9497330">
    <ele>366.2</ele>
    <time>2025-09-07T10:04:30Z</time>
   </trkpt>
   <trkpt lat="49.8167310" lon="19.9496840">
    <ele>366.0</ele>
    <time>2025-09-07T10:04:31Z</time>
   </trkpt>
   <trkpt lat="49.8166730" lon="19.9495820">
    <ele>365.6</ele>
    <time>2025-09-07T10:04:33Z</time>
   </trkpt>
   <trkpt lat="49.8166250" lon="19.9495270">
    <ele>365.0</ele>
    <time>2025-09-07T10:04:34Z</time>
   </trkpt>
   <trkpt lat="49.8165740" lon="19.9494760">
    <ele>364.4</ele>
    <time>2025-09-07T10:04:35Z</time>
   </trkpt>
   <trkpt lat="49.8165270" lon="19.9494240">
    <ele>363.4</ele>
    <time>2025-09-07T10:04:36Z</time>
   </trkpt>
   <trkpt lat="49.8164880" lon="19.9493710">
    <ele>362.4</ele>
    <time>2025-09-07T10:04:37Z</time>
   </trkpt>
   <trkpt lat="49.8164630" lon="19.9493190">
    <ele>362.2</ele>
    <time>2025-09-07T10:04:38Z</time>
   </trkpt>
   <trkpt lat="49.8164480" lon="19.9492560">
    <ele>362.0</ele>
    <time>2025-09-07T10:04:39Z</time>
   </trkpt>
   <trkpt lat="49.8164510" lon="19.9491970">
    <ele>361.6</ele>
    <time>2025-09-07T10:04:40Z</time>
   </trkpt>
   <trkpt lat="49.8164640" lon="19.9491400">
    <ele>361.4</ele>
    <time>2025-09-07T10:04:41Z</time>
   </trkpt>
   <trkpt lat="49.8164870" lon="19.9490820">
    <ele>360.8</ele>
    <time>2025-09-07T10:04:42Z</time>
   </trkpt>
   <trkpt lat="49.8165170" lon="19.9490350">
    <ele>360.0</ele>
    <time>2025-09-07T10:04:43Z</time>
   </trkpt>
   <trkpt lat="49.8165530" lon="19.9489790">
    <ele>358.2</ele>
    <time>2025-09-07T10:04:44Z</time>
   </trkpt>
   <trkpt lat="49.8165960" lon="19.9489220">
    <ele>357.4</ele>
    <time>2025-09-07T10:04:45Z</time>
   </trkpt>
   <trkpt lat="49.8166370" lon="19.9488700">
    <ele>356.8</ele>
    <time>2025-09-07T10:04:46Z</time>
   </trkpt>
   <trkpt lat="49.8166800" lon="19.9488210">
    <ele>354.2</ele>
    <time>2025-09-07T10:04:47Z</time>
   </trkpt>
   <trkpt lat="49.8167250" lon="19.9487760">
    <ele>353.0</ele>
    <time>2025-09-07T10:04:48Z</time>
   </trkpt>
   <trkpt lat="49.8167670" lon="19.9487450">
    <ele>352.4</ele>
    <time>2025-09-07T10:04:49Z</time>
   </trkpt>
   <trkpt lat="49.8168020" lon="19.9487330">
    <ele>351.6</ele>
    <time>2025-09-07T10:04:50Z</time>
   </trkpt>
   <trkpt lat="49.8168400" lon="19.9487350">
    <ele>350.4</ele>
    <time>2025-09-07T10:04:51Z</time>
   </trkpt>
   <trkpt lat="49.8168840" lon="19.9487370">
    <ele>349.4</ele>
    <time>2025-09-07T10:04:52Z</time>
   </trkpt>
   <trkpt lat="49.8169360" lon="19.9487320">
    <ele>348.8</ele>
    <time>2025-09-07T10:04:53Z</time>
   </trkpt>
   <trkpt lat="49.8169920" lon="19.9487270">
    <ele>348.2</ele>
    <time>2025-09-07T10:04:54Z</time>
   </trkpt>
   <trkpt lat="49.8170380" lon="19.9487350">
    <ele>347.8</ele>
    <time>2025-09-07T10:04:55Z</time>
   </trkpt>
   <trkpt lat="49.8170760" lon="19.9487520">
    <ele>347.6</ele>
    <time>2025-09-07T10:04:56Z</time>
   </trkpt>
   <trkpt lat="49.8171130" lon="19.9487730">
    <ele>347.6</ele>
    <time>2025-09-07T10:04:57Z</time>
   </trkpt>
   <trkpt lat="49.8171450" lon="19.9487900">
    <ele>347.6</ele>
    <time>2025-09-07T10:04:58Z</time>
   </trkpt>
   <trkpt lat="49.8171650" lon="19.9488110">
    <ele>347.6</ele>
    <time>2025-09-07T10:04:59Z</time>
   </trkpt>
   <trkpt lat="49.8171790" lon="19.9488300">
    <ele>347.8</ele>
    <time>2025-09-07T10:05:00Z</time>
   </trkpt>
   <trkpt lat="49.8171970" lon="19.9488380">
    <ele>348.0</ele>
    <time>2025-09-07T10:05:01Z</time>
   </trkpt>
   <trkpt lat="49.8172570" lon="19.9487700">
    <ele>348.2</ele>
    <time>2025-09-07T10:05:04Z</time>
   </trkpt>
   <trkpt lat="49.8172790" lon="19.9487210">
    <ele>348.0</ele>
    <time>2025-09-07T10:05:05Z</time>
   </trkpt>
   <trkpt lat="49.8173050" lon="19.9486660">
    <ele>347.6</ele>
    <time>2025-09-07T10:05:06Z</time>
   </trkpt>
   <trkpt lat="49.8173380" lon="19.9486180">
    <ele>347.2</ele>
    <time>2025-09-07T10:05:07Z</time>
   </trkpt>
   <trkpt lat="49.8173680" lon="19.9485620">
    <ele>347.2</ele>
    <time>2025-09-07T10:05:08Z</time>
   </trkpt>
   <trkpt lat="49.8173870" lon="19.9485170">
    <ele>347.0</ele>
    <time>2025-09-07T10:05:09Z</time>
   </trkpt>
   <trkpt lat="49.8173960" lon="19.9484890">
    <ele>346.6</ele>
    <time>2025-09-07T10:05:10Z</time>
   </trkpt>
   <trkpt lat="49.8173970" lon="19.9484820">
    <ele>346.4</ele>
    <time>2025-09-07T10:05:11Z</time>
   </trkpt>
   <trkpt lat="49.8173930" lon="19.9484920">
    <ele>345.8</ele>
    <time>2025-09-07T10:05:16Z</time>
   </trkpt>
   <trkpt lat="49.8173750" lon="19.9484930">
    <ele>345.6</ele>
    <time>2025-09-07T10:05:22Z</time>
   </trkpt>
   <trkpt lat="49.8173590" lon="19.9484350">
    <ele>345.6</ele>
    <time>2025-09-07T10:05:24Z</time>
   </trkpt>
   <trkpt lat="49.8173450" lon="19.9484040">
    <ele>345.6</ele>
    <time>2025-09-07T10:05:25Z</time>
   </trkpt>
   <trkpt lat="49.8173230" lon="19.9483730">
    <ele>344.2</ele>
    <time>2025-09-07T10:05:27Z</time>
   </trkpt>
   <trkpt lat="49.8173160" lon="19.9483550">
    <ele>343.6</ele>
    <time>2025-09-07T10:05:28Z</time>
   </trkpt>
   <trkpt lat="49.8173160" lon="19.9483320">
    <ele>343.2</ele>
    <time>2025-09-07T10:05:29Z</time>
   </trkpt>
   <trkpt lat="49.8173190" lon="19.9483100">
    <ele>342.6</ele>
    <time>2025-09-07T10:05:30Z</time>
   </trkpt>
   <trkpt lat="49.8173170" lon="19.9482850">
    <ele>342.2</ele>
    <time>2025-09-07T10:05:31Z</time>
   </trkpt>
   <trkpt lat="49.8173060" lon="19.9482620">
    <ele>341.4</ele>
    <time>2025-09-07T10:05:32Z</time>
   </trkpt>
   <trkpt lat="49.8172850" lon="19.9482430">
    <ele>340.6</ele>
    <time>2025-09-07T10:05:33Z</time>
   </trkpt>
   <trkpt lat="49.8172700" lon="19.9482170">
    <ele>340.4</ele>
    <time>2025-09-07T10:05:34Z</time>
   </trkpt>
   <trkpt lat="49.8172500" lon="19.9481800">
    <ele>340.0</ele>
    <time>2025-09-07T10:05:35Z</time>
   </trkpt>
   <trkpt lat="49.8172460" lon="19.9481370">
    <ele>339.8</ele>
    <time>2025-09-07T10:05:36Z</time>
   </trkpt>
   <trkpt lat="49.8172610" lon="19.9480930">
    <ele>339.4</ele>
    <time>2025-09-07T10:05:37Z</time>
   </trkpt>
   <trkpt lat="49.8172790" lon="19.9480280">
    <ele>338.6</ele>
    <time>2025-09-07T10:05:38Z</time>
   </trkpt>
   <trkpt lat="49.8172830" lon="19.9479860">
    <ele>337.6</ele>
    <time>2025-09-07T10:05:39Z</time>
   </trkpt>
   <trkpt lat="49.8172900" lon="19.9479290">
    <ele>337.2</ele>
    <time>2025-09-07T10:05:40Z</time>
   </trkpt>
   <trkpt lat="49.8172940" lon="19.9478900">
    <ele>336.2</ele>
    <time>2025-09-07T10:05:41Z</time>
   </trkpt>
   <trkpt lat="49.8173030" lon="19.9478470">
    <ele>335.4</ele>
    <time>2025-09-07T10:05:42Z</time>
   </trkpt>
   <trkpt lat="49.8173020" lon="19.9477980">
    <ele>334.8</ele>
    <time>2025-09-07T10:05:43Z</time>
   </trkpt>
   <trkpt lat="49.8173080" lon="19.9477680">
    <ele>334.2</ele>
    <time>2025-09-07T10:05:44Z</time>
   </trkpt>
   <trkpt lat="49.8173130" lon="19.9477590">
    <ele>333.8</ele>
    <time>2025-09-07T10:05:45Z</time>
   </trkpt>
   <trkpt lat="49.8173170" lon="19.9477560">
    <ele>333.6</ele>
    <time>2025-09-07T10:05:46Z</time>
   </trkpt>
   <trkpt lat="49.8173320" lon="19.9477460">
    <ele>333.4</ele>
    <time>2025-09-07T10:05:51Z</time>
   </trkpt>
   <trkpt lat="49.8173950" lon="19.9477090">
    <ele>333.0</ele>
    <time>2025-09-07T10:05:54Z</time>
   </trkpt>
   <trkpt lat="49.8174310" lon="19.9476920">
    <ele>332.6</ele>
    <time>2025-09-07T10:05:55Z</time>
   </trkpt>
   <trkpt lat="49.8174620" lon="19.9476880">
    <ele>332.4</ele>
    <time>2025-09-07T10:05:56Z</time>
   </trkpt>
   <trkpt lat="49.8174800" lon="19.9476920">
    <ele>332.4</ele>
    <time>2025-09-07T10:05:57Z</time>
   </trkpt>
   <trkpt lat="49.8175000" lon="19.9477000">
    <ele>331.8</ele>
    <time>2025-09-07T10:05:58Z</time>
   </trkpt>
   <trkpt lat="49.8175140" lon="19.9477100">
    <ele>331.2</ele>
    <time>2025-09-07T10:05:59Z</time>
   </trkpt>
   <trkpt lat="49.8175400" lon="19.9477190">
    <ele>330.6</ele>
    <time>2025-09-07T10:06:00Z</time>
   </trkpt>
   <trkpt lat="49.8175710" lon="19.9477210">
    <ele>330.2</ele>
    <time>2025-09-07T10:06:01Z</time>
   </trkpt>
   <trkpt lat="49.8176030" lon="19.9477210">
    <ele>329.6</ele>
    <time>2025-09-07T10:06:02Z</time>
   </trkpt>
   <trkpt lat="49.8176330" lon="19.9477220">
    <ele>328.8</ele>
    <time>2025-09-07T10:06:03Z</time>
   </trkpt>
   <trkpt lat="49.8176590" lon="19.9477300">
    <ele>328.2</ele>
    <time>2025-09-07T10:06:04Z</time>
   </trkpt>
   <trkpt lat="49.8176770" lon="19.9477400">
    <ele>327.0</ele>
    <time>2025-09-07T10:06:05Z</time>
   </trkpt>
   <trkpt lat="49.8176940" lon="19.9477500">
    <ele>325.8</ele>
    <time>2025-09-07T10:06:06Z</time>
   </trkpt>
   <trkpt lat="49.8177040" lon="19.9477600">
    <ele>324.8</ele>
    <time>2025-09-07T10:06:07Z</time>
   </trkpt>
   <trkpt lat="49.8177180" lon="19.9477600">
    <ele>324.0</ele>
    <time>2025-09-07T10:06:08Z</time>
   </trkpt>
   <trkpt lat="49.8177260" lon="19.9477600">
    <ele>323.2</ele>
    <time>2025-09-07T10:06:09Z</time>
   </trkpt>
   <trkpt lat="49.8177280" lon="19.9477580">
    <ele>322.6</ele>
    <time>2025-09-07T10:06:10Z</time>
   </trkpt>
   <trkpt lat="49.8177320" lon="19.9477560">
    <ele>322.0</ele>
    <time>2025-09-07T10:06:11Z</time>
   </trkpt>
   <trkpt lat="49.8177320" lon="19.9477560">
    <ele>321.8</ele>
    <time>2025-09-07T10:06:12Z</time>
   </trkpt>
   <trkpt lat="49.8177300" lon="19.9477540">
    <ele>321.4</ele>
    <time>2025-09-07T10:06:13Z</time>
   </trkpt>
   <trkpt lat="49.8177420" lon="19.9477470">
    <ele>321.4</ele>
    <time>2025-09-07T10:06:14Z</time>
   </trkpt>
   <trkpt lat="49.8177640" lon="19.9477310">
    <ele>321.2</ele>
    <time>2025-09-07T10:06:15Z</time>
   </trkpt>
   <trkpt lat="49.8177690" lon="19.9477280">
    <ele>320.8</ele>
    <time>2025-09-07T10:06:16Z</time>
   </trkpt>
   <trkpt lat="49.8177640" lon="19.9477180">
    <ele>320.8</ele>
    <time>2025-09-07T10:06:17Z</time>
   </trkpt>
   <trkpt lat="49.8177620" lon="19.9476440">
    <ele>320.4</ele>
    <time>2025-09-07T10:06:19Z</time>
   </trkpt>
   <trkpt lat="49.8177780" lon="19.9476040">
    <ele>319.8</ele>
    <time>2025-09-07T10:06:20Z</time>
   </trkpt>
   <trkpt lat="49.8178000" lon="19.9475920">
    <ele>318.4</ele>
    <time>2025-09-07T10:06:21Z</time>
   </trkpt>
   <trkpt lat="49.8178260" lon="19.9475970">
    <ele>317.8</ele>
    <time>2025-09-07T10:06:22Z</time>
   </trkpt>
   <trkpt lat="49.8178470" lon="19.9476070">
    <ele>316.4</ele>
    <time>2025-09-07T10:06:23Z</time>
   </trkpt>
   <trkpt lat="49.8178650" lon="19.9476190">
    <ele>315.6</ele>
    <time>2025-09-07T10:06:24Z</time>
   </trkpt>
   <trkpt lat="49.8178780" lon="19.9476280">
    <ele>314.8</ele>
    <time>2025-09-07T10:06:25Z</time>
   </trkpt>
   <trkpt lat="49.8178910" lon="19.9476380">
    <ele>314.6</ele>
    <time>2025-09-07T10:06:26Z</time>
   </trkpt>
   <trkpt lat="49.8179020" lon="19.9476540">
    <ele>314.0</ele>
    <time>2025-09-07T10:06:27Z</time>
   </trkpt>
   <trkpt lat="49.8179170" lon="19.9476800">
    <ele>313.6</ele>
    <time>2025-09-07T10:06:28Z</time>
   </trkpt>
   <trkpt lat="49.8179290" lon="19.9477060">
    <ele>312.8</ele>
    <time>2025-09-07T10:06:29Z</time>
   </trkpt>
   <trkpt lat="49.8179430" lon="19.9477340">
    <ele>312.2</ele>
    <time>2025-09-07T10:06:30Z</time>
   </trkpt>
   <trkpt lat="49.8179680" lon="19.9477600">
    <ele>311.4</ele>
    <time>2025-09-07T10:06:31Z</time>
   </trkpt>
   <trkpt lat="49.8179910" lon="19.9477750">
    <ele>310.2</ele>
    <time>2025-09-07T10:06:32Z</time>
   </trkpt>
   <trkpt lat="49.8180150" lon="19.9477790">
    <ele>308.4</ele>
    <time>2025-09-07T10:06:33Z</time>
   </trkpt>
   <trkpt lat="49.8180420" lon="19.9477820">
    <ele>306.8</ele>
    <time>2025-09-07T10:06:34Z</time>
   </trkpt>
   <trkpt lat="49.8180800" lon="19.9477990">
    <ele>305.6</ele>
    <time>2025-09-07T10:06:35Z</time>
   </trkpt>
   <trkpt lat="49.8181330" lon="19.9478230">
    <ele>304.2</ele>
    <time>2025-09-07T10:06:36Z</time>
   </trkpt>
   <trkpt lat="49.8181850" lon="19.9478280">
    <ele>302.4</ele>
    <time>2025-09-07T10:06:37Z</time>
   </trkpt>
   <trkpt lat="49.8182640" lon="19.9478120">
    <ele>299.2</ele>
    <time>2025-09-07T10:06:38Z</time>
   </trkpt>
   <trkpt lat="49.8183000" lon="19.9477860">
    <ele>297.4</ele>
    <time>2025-09-07T10:06:39Z</time>
   </trkpt>
   <trkpt lat="49.8183180" lon="19.9477610">
    <ele>295.6</ele>
    <time>2025-09-07T10:06:40Z</time>
   </trkpt>
   <trkpt lat="49.8183250" lon="19.9477540">
    <ele>294.2</ele>
    <time>2025-09-07T10:06:41Z</time>
   </trkpt>
   <trkpt lat="49.8183250" lon="19.9477540">
    <ele>294.0</ele>
    <time>2025-09-07T10:06:42Z</time>
   </trkpt>
   <trkpt lat="49.8183250" lon="19.9477540">
    <ele>294.0</ele>
    <time>2025-09-07T10:06:43Z</time>
   </trkpt>
   <trkpt lat="49.8183250" lon="19.9477540">
    <ele>293.8</ele>
    <time>2025-09-07T10:06:45Z</time>
   </trkpt>
   <trkpt lat="49.8183250" lon="19.9477540">
    <ele>294.0</ele>
    <time>2025-09-07T10:06:55Z</time>
   </trkpt>
   <trkpt lat="49.8183250" lon="19.9477540">
    <ele>294.2</ele>
    <time>2025-09-07T10:07:03Z</time>
   </trkpt>
   <trkpt lat="49.8183250" lon="19.9477540">
    <ele>294.4</ele>
    <time>2025-09-07T10:07:07Z</time>
   </trkpt>
   <trkpt lat="49.8183180" lon="19.9477480">
    <ele>294.6</ele>
    <time>2025-09-07T10:07:12Z</time>
   </trkpt>
   <trkpt lat="49.8183180" lon="19.9477480">
    <ele>294.6</ele>
    <time>2025-09-07T10:07:14Z</time>
   </trkpt>
   <trkpt lat="49.8183090" lon="19.9476920">
    <ele>294.8</ele>
    <time>2025-09-07T10:07:22Z</time>
   </trkpt>
   <trkpt lat="49.8182800" lon="19.9476020">
    <ele>294.6</ele>
    <time>2025-09-07T10:07:26Z</time>
   </trkpt>
   <trkpt lat="49.8182560" lon="19.9474950">
    <ele>294.4</ele>
    <time>2025-09-07T10:07:29Z</time>
   </trkpt>
   <trkpt lat="49.8182600" lon="19.9474600">
    <ele>294.4</ele>
    <time>2025-09-07T10:07:30Z</time>
   </trkpt>
   <trkpt lat="49.8182700" lon="19.9474300">
    <ele>294.4</ele>
    <time>2025-09-07T10:07:31Z</time>
   </trkpt>
   <trkpt lat="49.8182850" lon="19.9473870">
    <ele>294.4</ele>
    <time>2025-09-07T10:07:32Z</time>
   </trkpt>
   <trkpt lat="49.8183060" lon="19.9473460">
    <ele>294.4</ele>
    <time>2025-09-07T10:07:33Z</time>
   </trkpt>
   <trkpt lat="49.8183300" lon="19.9473170">
    <ele>294.4</ele>
    <time>2025-09-07T10:07:34Z</time>
   </trkpt>
   <trkpt lat="49.8183540" lon="19.9472910">
    <ele>294.4</ele>
    <time>2025-09-07T10:07:35Z</time>
   </trkpt>
   <trkpt lat="49.8184090" lon="19.9472250">
    <ele>294.4</ele>
    <time>2025-09-07T10:07:38Z</time>
   </trkpt>
   <trkpt lat="49.8184330" lon="19.9472030">
    <ele>294.6</ele>
    <time>2025-09-07T10:07:39Z</time>
   </trkpt>
   <trkpt lat="49.8184600" lon="19.9471810">
    <ele>294.6</ele>
    <time>2025-09-07T10:07:40Z</time>
   </trkpt>
   <trkpt lat="49.8184830" lon="19.9471600">
    <ele>294.6</ele>
    <time>2025-09-07T10:07:41Z</time>
   </trkpt>
   <trkpt lat="49.8185530" lon="19.9471080">
    <ele>294.6</ele>
    <time>2025-09-07T10:07:44Z</time>
   </trkpt>
   <trkpt lat="49.8185720" lon="19.9470940">
    <ele>294.6</ele>
    <time>2025-09-07T10:07:45Z</time>
   </trkpt>
   <trkpt lat="49.8187500" lon="19.9469440">
    <ele>294.4</ele>
    <time>2025-09-07T10:07:52Z</time>
   </trkpt>
   <trkpt lat="49.8187760" lon="19.9469270">
    <ele>294.2</ele>
    <time>2025-09-07T10:07:53Z</time>
   </trkpt>
   <trkpt lat="49.8188010" lon="19.9469050">
    <ele>294.0</ele>
    <time>2025-09-07T10:07:54Z</time>
   </trkpt>
   <trkpt lat="49.8188220" lon="19.9468810">
    <ele>294.0</ele>
    <time>2025-09-07T10:07:55Z</time>
   </trkpt>
   <trkpt lat="49.8188460" lon="19.9468580">
    <ele>294.2</ele>
    <time>2025-09-07T10:07:56Z</time>
   </trkpt>
   <trkpt lat="49.8188720" lon="19.9468360">
    <ele>294.6</ele>
    <time>2025-09-07T10:07:57Z</time>
   </trkpt>
   <trkpt lat="49.8188970" lon="19.9468140">
    <ele>294.6</ele>
    <time>2025-09-07T10:07:58Z</time>
   </trkpt>
   <trkpt lat="49.8189190" lon="19.9467910">
    <ele>294.6</ele>
    <time>2025-09-07T10:07:59Z</time>
   </trkpt>
   <trkpt lat="49.8190550" lon="19.9466750">
    <ele>294.4</ele>
    <time>2025-09-07T10:08:04Z</time>
   </trkpt>
   <trkpt lat="49.8190890" lon="19.9466450">
    <ele>294.4</ele>
    <time>2025-09-07T10:08:05Z</time>
   </trkpt>
   <trkpt lat="49.8192200" lon="19.9465390">
    <ele>293.8</ele>
    <time>2025-09-07T10:08:10Z</time>
   </trkpt>
   <trkpt lat="49.8192550" lon="19.9465090">
    <ele>293.8</ele>
    <time>2025-09-07T10:08:11Z</time>
   </trkpt>
   <trkpt lat="49.8192810" lon="19.9464840">
    <ele>293.8</ele>
    <time>2025-09-07T10:08:12Z</time>
   </trkpt>
   <trkpt lat="49.8192990" lon="19.9464630">
    <ele>293.6</ele>
    <time>2025-09-07T10:08:13Z</time>
   </trkpt>
   <trkpt lat="49.8193250" lon="19.9464370">
    <ele>293.6</ele>
    <time>2025-09-07T10:08:14Z</time>
   </trkpt>
   <trkpt lat="49.8194330" lon="19.9463440">
    <ele>293.6</ele>
    <time>2025-09-07T10:08:18Z</time>
   </trkpt>
   <trkpt lat="49.8194820" lon="19.9462960">
    <ele>293.6</ele>
    <time>2025-09-07T10:08:20Z</time>
   </trkpt>
   <trkpt lat="49.8196120" lon="19.9461670">
    <ele>293.8</ele>
    <time>2025-09-07T10:08:25Z</time>
   </trkpt>
   <trkpt lat="49.8196350" lon="19.9461460">
    <ele>293.8</ele>
    <time>2025-09-07T10:08:26Z</time>
   </trkpt>
   <trkpt lat="49.8197310" lon="19.9460860">
    <ele>293.6</ele>
    <time>2025-09-07T10:08:29Z</time>
   </trkpt>
   <trkpt lat="49.8197650" lon="19.9460510">
    <ele>293.6</ele>
    <time>2025-09-07T10:08:30Z</time>
   </trkpt>
   <trkpt lat="49.8198720" lon="19.9459290">
    <ele>293.6</ele>
    <time>2025-09-07T10:08:33Z</time>
   </trkpt>
   <trkpt lat="49.8199020" lon="19.9459000">
    <ele>293.8</ele>
    <time>2025-09-07T10:08:34Z</time>
   </trkpt>
   <trkpt lat="49.8199020" lon="19.9459000">
    <ele>293.8</ele>
    <time>2025-09-07T10:08:35Z</time>
   </trkpt>
   <trkpt lat="49.8199680" lon="19.9458200">
    <ele>293.8</ele>
    <time>2025-09-07T10:08:36Z</time>
   </trkpt>
   <trkpt lat="49.8200060" lon="19.9457820">
    <ele>293.6</ele>
    <time>2025-09-07T10:08:37Z</time>
   </trkpt>
   <trkpt lat="49.8200700" lon="19.9457260">
    <ele>293.8</ele>
    <time>2025-09-07T10:08:39Z</time>
   </trkpt>
   <trkpt lat="49.8201470" lon="19.9456560">
    <ele>293.8</ele>
    <time>2025-09-07T10:08:41Z</time>
   </trkpt>
   <trkpt lat="49.8202230" lon="19.9455910">
    <ele>293.8</ele>
    <time>2025-09-07T10:08:43Z</time>
   </trkpt>
   <trkpt lat="49.8203350" lon="19.9454970">
    <ele>293.8</ele>
    <time>2025-09-07T10:08:46Z</time>
   </trkpt>
   <trkpt lat="49.8203680" lon="19.9454660">
    <ele>293.8</ele>
    <time>2025-09-07T10:08:47Z</time>
   </trkpt>
   <trkpt lat="49.8204030" lon="19.9454360">
    <ele>293.8</ele>
    <time>2025-09-07T10:08:48Z</time>
   </trkpt>
   <trkpt lat="49.8204350" lon="19.9454040">
    <ele>293.8</ele>
    <time>2025-09-07T10:08:49Z</time>
   </trkpt>
   <trkpt lat="49.8204620" lon="19.9453790">
    <ele>293.8</ele>
    <time>2025-09-07T10:08:50Z</time>
   </trkpt>
   <trkpt lat="49.8204930" lon="19.9453510">
    <ele>293.8</ele>
    <time>2025-09-07T10:08:51Z</time>
   </trkpt>
   <trkpt lat="49.8205290" lon="19.9453140">
    <ele>293.8</ele>
    <time>2025-09-07T10:08:52Z</time>
   </trkpt>
   <trkpt lat="49.8205890" lon="19.9452560">
    <ele>293.8</ele>
    <time>2025-09-07T10:08:54Z</time>
   </trkpt>
   <trkpt lat="49.8206230" lon="19.9452290">
    <ele>293.8</ele>
    <time>2025-09-07T10:08:55Z</time>
   </trkpt>
   <trkpt lat="49.8206600" lon="19.9452000">
    <ele>293.6</ele>
    <time>2025-09-07T10:08:56Z</time>
   </trkpt>
   <trkpt lat="49.8206830" lon="19.9451850">
    <ele>293.6</ele>
    <time>2025-09-07T10:08:57Z</time>
   </trkpt>
   <trkpt lat="49.8207020" lon="19.9451740">
    <ele>293.4</ele>
    <time>2025-09-07T10:08:58Z</time>
   </trkpt>
   <trkpt lat="49.8207140" lon="19.9451660">
    <ele>293.4</ele>
    <time>2025-09-07T10:08:59Z</time>
   </trkpt>
   <trkpt lat="49.8207180" lon="19.9451640">
    <ele>293.4</ele>
    <time>2025-09-07T10:09:00Z</time>
   </trkpt>
   <trkpt lat="49.8207180" lon="19.9451640">
    <ele>293.4</ele>
    <time>2025-09-07T10:09:01Z</time>
   </trkpt>
   <trkpt lat="49.8207180" lon="19.9451640">
    <ele>293.4</ele>
    <time>2025-09-07T10:09:03Z</time>
   </trkpt>
   <trkpt lat="49.8207180" lon="19.9451640">
    <ele>293.4</ele>
    <time>2025-09-07T10:09:07Z</time>
   </trkpt>
   <trkpt lat="49.8207180" lon="19.9451640">
    <ele>293.4</ele>
    <time>2025-09-07T10:09:11Z</time>
   </trkpt>
   <trkpt lat="49.8207600" lon="19.9450890">
    <ele>293.2</ele>
    <time>2025-09-07T10:09:17Z</time>
   </trkpt>
   <trkpt lat="49.8207650" lon="19.9450550">
    <ele>293.2</ele>
    <time>2025-09-07T10:09:18Z</time>
   </trkpt>
   <trkpt lat="49.8207680" lon="19.9449940">
    <ele>293.2</ele>
    <time>2025-09-07T10:09:19Z</time>
   </trkpt>
   <trkpt lat="49.8207640" lon="19.9449350">
    <ele>293.2</ele>
    <time>2025-09-07T10:09:20Z</time>
   </trkpt>
   <trkpt lat="49.8207510" lon="19.9448730">
    <ele>293.0</ele>
    <time>2025-09-07T10:09:21Z</time>
   </trkpt>
   <trkpt lat="49.8207330" lon="19.9448100">
    <ele>292.8</ele>
    <time>2025-09-07T10:09:22Z</time>
   </trkpt>
   <trkpt lat="49.8207140" lon="19.9447420">
    <ele>292.8</ele>
    <time>2025-09-07T10:09:23Z</time>
   </trkpt>
   <trkpt lat="49.8206680" lon="19.9446020">
    <ele>292.6</ele>
    <time>2025-09-07T10:09:25Z</time>
   </trkpt>
   <trkpt lat="49.8206480" lon="19.9445310">
    <ele>292.6</ele>
    <time>2025-09-07T10:09:26Z</time>
   </trkpt>
   <trkpt lat="49.8206310" lon="19.9444620">
    <ele>292.2</ele>
    <time>2025-09-07T10:09:27Z</time>
   </trkpt>
   <trkpt lat="49.8206160" lon="19.9443960">
    <ele>292.2</ele>
    <time>2025-09-07T10:09:28Z</time>
   </trkpt>
   <trkpt lat="49.8205980" lon="19.9443300">
    <ele>292.2</ele>
    <time>2025-09-07T10:09:29Z</time>
   </trkpt>
   <trkpt lat="49.8205770" lon="19.9442680">
    <ele>292.4</ele>
    <time>2025-09-07T10:09:30Z</time>
   </trkpt>
   <trkpt lat="49.8205540" lon="19.9442080">
    <ele>292.4</ele>
    <time>2025-09-07T10:09:31Z</time>
   </trkpt>
   <trkpt lat="49.8205340" lon="19.9441440">
    <ele>292.4</ele>
    <time>2025-09-07T10:09:32Z</time>
   </trkpt>
   <trkpt lat="49.8205120" lon="19.9440780">
    <ele>292.4</ele>
    <time>2025-09-07T10:09:33Z</time>
   </trkpt>
   <trkpt lat="49.8204920" lon="19.9440130">
    <ele>292.4</ele>
    <time>2025-09-07T10:09:34Z</time>
   </trkpt>
   <trkpt lat="49.8204750" lon="19.9439470">
    <ele>292.4</ele>
    <time>2025-09-07T10:09:35Z</time>
   </trkpt>
   <trkpt lat="49.8204330" lon="19.9438170">
    <ele>292.4</ele>
    <time>2025-09-07T10:09:37Z</time>
   </trkpt>
   <trkpt lat="49.8204140" lon="19.9437540">
    <ele>292.4</ele>
    <time>2025-09-07T10:09:38Z</time>
   </trkpt>
   <trkpt lat="49.8203940" lon="19.9436920">
    <ele>292.4</ele>
    <time>2025-09-07T10:09:39Z</time>
   </trkpt>
   <trkpt lat="49.8203750" lon="19.9436300">
    <ele>292.6</ele>
    <time>2025-09-07T10:09:40Z</time>
   </trkpt>
   <trkpt lat="49.8203370" lon="19.9435090">
    <ele>292.6</ele>
    <time>2025-09-07T10:09:42Z</time>
   </trkpt>
   <trkpt lat="49.8202940" lon="19.9434040">
    <ele>292.8</ele>
    <time>2025-09-07T10:09:44Z</time>
   </trkpt>
   <trkpt lat="49.8202720" lon="19.9433450">
    <ele>293.0</ele>
    <time>2025-09-07T10:09:45Z</time>
   </trkpt>
   <trkpt lat="49.8202510" lon="19.9432920">
    <ele>293.6</ele>
    <time>2025-09-07T10:09:46Z</time>
   </trkpt>
   <trkpt lat="49.8202300" lon="19.9432340">
    <ele>293.6</ele>
    <time>2025-09-07T10:09:47Z</time>
   </trkpt>
   <trkpt lat="49.8202090" lon="19.9431690">
    <ele>293.6</ele>
    <time>2025-09-07T10:09:48Z</time>
   </trkpt>
   <trkpt lat="49.8201640" lon="19.9429610">
    <ele>292.6</ele>
    <time>2025-09-07T10:09:51Z</time>
   </trkpt>
   <trkpt lat="49.8201450" lon="19.9428920">
    <ele>292.0</ele>
    <time>2025-09-07T10:09:52Z</time>
   </trkpt>
   <trkpt lat="49.8200740" lon="19.9425400">
    <ele>292.2</ele>
    <time>2025-09-07T10:09:57Z</time>
   </trkpt>
   <trkpt lat="49.8200600" lon="19.9424680">
    <ele>292.4</ele>
    <time>2025-09-07T10:09:58Z</time>
   </trkpt>
   <trkpt lat="49.8200480" lon="19.9423980">
    <ele>292.6</ele>
    <time>2025-09-07T10:09:59Z</time>
   </trkpt>
   <trkpt lat="49.8199670" lon="19.9418970">
    <ele>292.4</ele>
    <time>2025-09-07T10:10:06Z</time>
   </trkpt>
   <trkpt lat="49.8199420" lon="19.9417520">
    <ele>292.6</ele>
    <time>2025-09-07T10:10:08Z</time>
   </trkpt>
   <trkpt lat="49.8199050" lon="19.9415350">
    <ele>292.6</ele>
    <time>2025-09-07T10:10:11Z</time>
   </trkpt>
   <trkpt lat="49.8198670" lon="19.9413990">
    <ele>292.8</ele>
    <time>2025-09-07T10:10:13Z</time>
   </trkpt>
   <trkpt lat="49.8198420" lon="19.9413320">
    <ele>292.8</ele>
    <time>2025-09-07T10:10:14Z</time>
   </trkpt>
   <trkpt lat="49.8197470" lon="19.9410610">
    <ele>293.0</ele>
    <time>2025-09-07T10:10:18Z</time>
   </trkpt>
   <trkpt lat="49.8197270" lon="19.9409970">
    <ele>293.0</ele>
    <time>2025-09-07T10:10:19Z</time>
   </trkpt>
   <trkpt lat="49.8197070" lon="19.9409330">
    <ele>293.0</ele>
    <time>2025-09-07T10:10:20Z</time>
   </trkpt>
   <trkpt lat="49.8196860" lon="19.9408680">
    <ele>293.0</ele>
    <time>2025-09-07T10:10:21Z</time>
   </trkpt>
   <trkpt lat="49.8196620" lon="19.9408020">
    <ele>293.0</ele>
    <time>2025-09-07T10:10:22Z</time>
   </trkpt>
   <trkpt lat="49.8195810" lon="19.9406010">
    <ele>292.8</ele>
    <time>2025-09-07T10:10:25Z</time>
   </trkpt>
   <trkpt lat="49.8195550" lon="19.9405330">
    <ele>292.8</ele>
    <time>2025-09-07T10:10:26Z</time>
   </trkpt>
   <trkpt lat="49.8195300" lon="19.9404650">
    <ele>292.8</ele>
    <time>2025-09-07T10:10:27Z</time>
   </trkpt>
   <trkpt lat="49.8195070" lon="19.9404000">
    <ele>292.8</ele>
    <time>2025-09-07T10:10:28Z</time>
   </trkpt>
   <trkpt lat="49.8194860" lon="19.9403350">
    <ele>292.8</ele>
    <time>2025-09-07T10:10:29Z</time>
   </trkpt>
   <trkpt lat="49.8194690" lon="19.9402720">
    <ele>292.8</ele>
    <time>2025-09-07T10:10:30Z</time>
   </trkpt>
   <trkpt lat="49.8194540" lon="19.9402170">
    <ele>292.8</ele>
    <time>2025-09-07T10:10:31Z</time>
   </trkpt>
   <trkpt lat="49.8194390" lon="19.9401580">
    <ele>292.8</ele>
    <time>2025-09-07T10:10:32Z</time>
   </trkpt>
   <trkpt lat="49.8194080" lon="19.9400360">
    <ele>292.8</ele>
    <time>2025-09-07T10:10:34Z</time>
   </trkpt>
   <trkpt lat="49.8193870" lon="19.9399760">
    <ele>292.6</ele>
    <time>2025-09-07T10:10:35Z</time>
   </trkpt>
   <trkpt lat="49.8192550" lon="19.9395930">
    <ele>292.4</ele>
    <time>2025-09-07T10:10:41Z</time>
   </trkpt>
   <trkpt lat="49.8191670" lon="19.9393280">
    <ele>292.4</ele>
    <time>2025-09-07T10:10:45Z</time>
   </trkpt>
   <trkpt lat="49.8190670" lon="19.9390600">
    <ele>292.2</ele>
    <time>2025-09-07T10:10:49Z</time>
   </trkpt>
   <trkpt lat="49.8190150" lon="19.9389340">
    <ele>292.2</ele>
    <time>2025-09-07T10:10:51Z</time>
   </trkpt>
   <trkpt lat="49.8189850" lon="19.9388730">
    <ele>292.4</ele>
    <time>2025-09-07T10:10:52Z</time>
   </trkpt>
   <trkpt lat="49.8189560" lon="19.9388130">
    <ele>292.6</ele>
    <time>2025-09-07T10:10:53Z</time>
   </trkpt>
   <trkpt lat="49.8188710" lon="19.9386350">
    <ele>292.8</ele>
    <time>2025-09-07T10:10:56Z</time>
   </trkpt>
   <trkpt lat="49.8188380" lon="19.9385780">
    <ele>292.6</ele>
    <time>2025-09-07T10:10:57Z</time>
   </trkpt>
   <trkpt lat="49.8186050" lon="19.9381790">
    <ele>292.8</ele>
    <time>2025-09-07T10:11:04Z</time>
   </trkpt>
   <trkpt lat="49.8185710" lon="19.9381230">
    <ele>292.8</ele>
    <time>2025-09-07T10:11:05Z</time>
   </trkpt>
   <trkpt lat="49.8185360" lon="19.9380680">
    <ele>292.8</ele>
    <time>2025-09-07T10:11:06Z</time>
   </trkpt>
   <trkpt lat="49.8185030" lon="19.9380110">
    <ele>292.8</ele>
    <time>2025-09-07T10:11:07Z</time>
   </trkpt>
   <trkpt lat="49.8184720" lon="19.9379550">
    <ele>293.2</ele>
    <time>2025-09-07T10:11:08Z</time>
   </trkpt>
   <trkpt lat="49.8184410" lon="19.9378980">
    <ele>293.2</ele>
    <time>2025-09-07T10:11:09Z</time>
   </trkpt>
   <trkpt lat="49.8184090" lon="19.9378410">
    <ele>293.4</ele>
    <time>2025-09-07T10:11:10Z</time>
   </trkpt>
   <trkpt lat="49.8183480" lon="19.9377260">
    <ele>293.6</ele>
    <time>2025-09-07T10:11:12Z</time>
   </trkpt>
   <trkpt lat="49.8183140" lon="19.9376690">
    <ele>293.8</ele>
    <time>2025-09-07T10:11:13Z</time>
   </trkpt>
   <trkpt lat="49.8182820" lon="19.9376130">
    <ele>293.8</ele>
    <time>2025-09-07T10:11:14Z</time>
   </trkpt>
   <trkpt lat="49.8182530" lon="19.9375610">
    <ele>294.0</ele>
    <time>2025-09-07T10:11:15Z</time>
   </trkpt>
   <trkpt lat="49.8182260" lon="19.9375020">
    <ele>294.0</ele>
    <time>2025-09-07T10:11:16Z</time>
   </trkpt>
   <trkpt lat="49.8182010" lon="19.9374450">
    <ele>294.2</ele>
    <time>2025-09-07T10:11:17Z</time>
   </trkpt>
   <trkpt lat="49.8181770" lon="19.9373900">
    <ele>294.4</ele>
    <time>2025-09-07T10:11:18Z</time>
   </trkpt>
   <trkpt lat="49.8181580" lon="19.9373360">
    <ele>294.4</ele>
    <time>2025-09-07T10:11:19Z</time>
   </trkpt>
   <trkpt lat="49.8181380" lon="19.9372880">
    <ele>294.6</ele>
    <time>2025-09-07T10:11:20Z</time>
   </trkpt>
   <trkpt lat="49.8181150" lon="19.9372320">
    <ele>294.8</ele>
    <time>2025-09-07T10:11:21Z</time>
   </trkpt>
   <trkpt lat="49.8180970" lon="19.9371730">
    <ele>295.2</ele>
    <time>2025-09-07T10:11:22Z</time>
   </trkpt>
   <trkpt lat="49.8180700" lon="19.9370530">
    <ele>295.6</ele>
    <time>2025-09-07T10:11:24Z</time>
   </trkpt>
   <trkpt lat="49.8180490" lon="19.9369940">
    <ele>295.6</ele>
    <time>2025-09-07T10:11:25Z</time>
   </trkpt>
   <trkpt lat="49.8180040" lon="19.9368890">
    <ele>295.4</ele>
    <time>2025-09-07T10:11:27Z</time>
   </trkpt>
   <trkpt lat="49.8179730" lon="19.9368500">
    <ele>295.2</ele>
    <time>2025-09-07T10:11:28Z</time>
   </trkpt>
   <trkpt lat="49.8179360" lon="19.9368210">
    <ele>295.0</ele>
    <time>2025-09-07T10:11:29Z</time>
   </trkpt>
   <trkpt lat="49.8178900" lon="19.9368080">
    <ele>294.8</ele>
    <time>2025-09-07T10:11:30Z</time>
   </trkpt>
   <trkpt lat="49.8178390" lon="19.9368120">
    <ele>294.4</ele>
    <time>2025-09-07T10:11:31Z</time>
   </trkpt>
   <trkpt lat="49.8177930" lon="19.9368250">
    <ele>294.2</ele>
    <time>2025-09-07T10:11:32Z</time>
   </trkpt>
   <trkpt lat="49.8177540" lon="19.9368430">
    <ele>294.0</ele>
    <time>2025-09-07T10:11:33Z</time>
   </trkpt>
   <trkpt lat="49.8177180" lon="19.9368640">
    <ele>294.0</ele>
    <time>2025-09-07T10:11:34Z</time>
   </trkpt>
   <trkpt lat="49.8176840" lon="19.9368840">
    <ele>294.0</ele>
    <time>2025-09-07T10:11:35Z</time>
   </trkpt>
   <trkpt lat="49.8176520" lon="19.9369050">
    <ele>294.0</ele>
    <time>2025-09-07T10:11:36Z</time>
   </trkpt>
   <trkpt lat="49.8176200" lon="19.9369210">
    <ele>294.2</ele>
    <time>2025-09-07T10:11:37Z</time>
   </trkpt>
   <trkpt lat="49.8175890" lon="19.9369390">
    <ele>294.4</ele>
    <time>2025-09-07T10:11:38Z</time>
   </trkpt>
   <trkpt lat="49.8175590" lon="19.9369560">
    <ele>294.6</ele>
    <time>2025-09-07T10:11:39Z</time>
   </trkpt>
   <trkpt lat="49.8175330" lon="19.9369630">
    <ele>294.6</ele>
    <time>2025-09-07T10:11:40Z</time>
   </trkpt>
   <trkpt lat="49.8175070" lon="19.9369620">
    <ele>294.8</ele>
    <time>2025-09-07T10:11:41Z</time>
   </trkpt>
   <trkpt lat="49.8174840" lon="19.9369530">
    <ele>294.8</ele>
    <time>2025-09-07T10:11:42Z</time>
   </trkpt>
   <trkpt lat="49.8174620" lon="19.9369360">
    <ele>295.0</ele>
    <time>2025-09-07T10:11:43Z</time>
   </trkpt>
   <trkpt lat="49.8174410" lon="19.9369190">
    <ele>295.0</ele>
    <time>2025-09-07T10:11:44Z</time>
   </trkpt>
   <trkpt lat="49.8174210" lon="19.9369140">
    <ele>295.0</ele>
    <time>2025-09-07T10:11:45Z</time>
   </trkpt>
   <trkpt lat="49.8173990" lon="19.9369120">
    <ele>295.2</ele>
    <time>2025-09-07T10:11:46Z</time>
   </trkpt>
   <trkpt lat="49.8173750" lon="19.9368970">
    <ele>295.2</ele>
    <time>2025-09-07T10:11:47Z</time>
   </trkpt>
   <trkpt lat="49.8173250" lon="19.9368520">
    <ele>295.4</ele>
    <time>2025-09-07T10:11:49Z</time>
   </trkpt>
   <trkpt lat="49.8171820" lon="19.9367670">
    <ele>295.8</ele>
    <time>2025-09-07T10:11:54Z</time>
   </trkpt>
   <trkpt lat="49.8170840" lon="19.9367170">
    <ele>296.2</ele>
    <time>2025-09-07T10:11:57Z</time>
   </trkpt>
   <trkpt lat="49.8170530" lon="19.9367060">
    <ele>296.2</ele>
    <time>2025-09-07T10:11:58Z</time>
   </trkpt>
   <trkpt lat="49.8170210" lon="19.9367000">
    <ele>296.4</ele>
    <time>2025-09-07T10:11:59Z</time>
   </trkpt>
   <trkpt lat="49.8169890" lon="19.9366950">
    <ele>296.6</ele>
    <time>2025-09-07T10:12:00Z</time>
   </trkpt>
   <trkpt lat="49.8169590" lon="19.9366910">
    <ele>296.8</ele>
    <time>2025-09-07T10:12:01Z</time>
   </trkpt>
   <trkpt lat="49.8169300" lon="19.9366860">
    <ele>297.0</ele>
    <time>2025-09-07T10:12:02Z</time>
   </trkpt>
   <trkpt lat="49.8169050" lon="19.9366840">
    <ele>297.0</ele>
    <time>2025-09-07T10:12:03Z</time>
   </trkpt>
   <trkpt lat="49.8168800" lon="19.9366860">
    <ele>297.2</ele>
    <time>2025-09-07T10:12:04Z</time>
   </trkpt>
   <trkpt lat="49.8168550" lon="19.9366830">
    <ele>297.4</ele>
    <time>2025-09-07T10:12:05Z</time>
   </trkpt>
   <trkpt lat="49.8168330" lon="19.9366730">
    <ele>297.4</ele>
    <time>2025-09-07T10:12:06Z</time>
   </trkpt>
   <trkpt lat="49.8168160" lon="19.9366540">
    <ele>297.4</ele>
    <time>2025-09-07T10:12:07Z</time>
   </trkpt>
   <trkpt lat="49.8168020" lon="19.9366340">
    <ele>297.4</ele>
    <time>2025-09-07T10:12:08Z</time>
   </trkpt>
   <trkpt lat="49.8167940" lon="19.9366220">
    <ele>297.6</ele>
    <time>2025-09-07T10:12:09Z</time>
   </trkpt>
   <trkpt lat="49.8167930" lon="19.9366180">
    <ele>297.6</ele>
    <time>2025-09-07T10:12:10Z</time>
   </trkpt>
   <trkpt lat="49.8167930" lon="19.9366180">
    <ele>297.6</ele>
    <time>2025-09-07T10:12:11Z</time>
   </trkpt>
  </trkseg>
 </trk>
</gpx>
