<?xml version="1.0" encoding="UTF-8"?>
<gpx creator="StravaGPX" version="1.1" xmlns="http://www.topografix.com/GPX/1/1" xmlns:xsi="http://www.w3.org/2001/XMLSchema-instance" xsi:schemaLocation="http://www.topografix.com/GPX/1/1 http://www.topografix.com/GPX/1/1/gpx.xsd">
 <metadata>
  <time>2026-05-23T06:31:03Z</time>
 </metadata>
 <trk>
  <name>🇨🇿 Javorowy + Ostry 🇨🇿</name>
  <type>EMountainBikeRide</type>
  <trkseg>
   <trkpt lat="49.6411090" lon="18.6416300">
    <ele>443.2</ele>
    <time>2026-05-23T06:31:03Z</time>
   </trkpt>
   <trkpt lat="49.6411090" lon="18.6416300">
    <ele>443.2</ele>
    <time>2026-05-23T06:31:04Z</time>
   </trkpt>
   <trkpt lat="49.6411090" lon="18.6416300">
    <ele>443.2</ele>
    <time>2026-05-23T06:31:06Z</time>
   </trkpt>
   <trkpt lat="49.6411120" lon="18.6416290">
    <ele>443.2</ele>
    <time>2026-05-23T06:31:08Z</time>
   </trkpt>
   <trkpt lat="49.6411590" lon="18.6416630">
    <ele>443.8</ele>
    <time>2026-05-23T06:31:10Z</time>
   </trkpt>
   <trkpt lat="49.6411860" lon="18.6416810">
    <ele>443.6</ele>
    <time>2026-05-23T06:31:11Z</time>
   </trkpt>
   <trkpt lat="49.6412130" lon="18.6416970">
    <ele>443.2</ele>
    <time>2026-05-23T06:31:12Z</time>
   </trkpt>
   <trkpt lat="49.6413570" lon="18.6417040">
    <ele>442.2</ele>
    <time>2026-05-23T06:31:16Z</time>
   </trkpt>
   <trkpt lat="49.6413970" lon="18.6416910">
    <ele>441.8</ele>
    <time>2026-05-23T06:31:17Z</time>
   </trkpt>
   <trkpt lat="49.6414370" lon="18.6416880">
    <ele>441.6</ele>
    <time>2026-05-23T06:31:18Z</time>
   </trkpt>
   <trkpt lat="49.6415250" lon="18.6417370">
    <ele>441.0</ele>
    <time>2026-05-23T06:31:20Z</time>
   </trkpt>
   <trkpt lat="49.6415580" lon="18.6417870">
    <ele>439.8</ele>
    <time>2026-05-23T06:31:21Z</time>
   </trkpt>
   <trkpt lat="49.6415960" lon="18.6418410">
    <ele>439.6</ele>
    <time>2026-05-23T06:31:22Z</time>
   </trkpt>
   <trkpt lat="49.6416390" lon="18.6419030">
    <ele>439.2</ele>
    <time>2026-05-23T06:31:23Z</time>
   </trkpt>
   <trkpt lat="49.6416870" lon="18.6419660">
    <ele>439.2</ele>
    <time>2026-05-23T06:31:24Z</time>
   </trkpt>
   <trkpt lat="49.6417940" lon="18.6420830">
    <ele>439.2</ele>
    <time>2026-05-23T06:31:26Z</time>
   </trkpt>
   <trkpt lat="49.6418590" lon="18.6421340">
    <ele>438.4</ele>
    <time>2026-05-23T06:31:27Z</time>
   </trkpt>
   <trkpt lat="49.6419420" lon="18.6421860">
    <ele>438.4</ele>
    <time>2026-05-23T06:31:28Z</time>
   </trkpt>
   <trkpt lat="49.6422410" lon="18.6423580">
    <ele>430.8</ele>
    <time>2026-05-23T06:31:32Z</time>
   </trkpt>
   <trkpt lat="49.6423240" lon="18.6423860">
    <ele>429.4</ele>
    <time>2026-05-23T06:31:33Z</time>
   </trkpt>
   <trkpt lat="49.6426010" lon="18.6423680">
    <ele>428.4</ele>
    <time>2026-05-23T06:31:36Z</time>
   </trkpt>
   <trkpt lat="49.6427010" lon="18.6423450">
    <ele>428.0</ele>
    <time>2026-05-23T06:31:37Z</time>
   </trkpt>
   <trkpt lat="49.6428070" lon="18.6423280">
    <ele>427.0</ele>
    <time>2026-05-23T06:31:38Z</time>
   </trkpt>
   <trkpt lat="49.6429090" lon="18.6423320">
    <ele>425.2</ele>
    <time>2026-05-23T06:31:39Z</time>
   </trkpt>
   <trkpt lat="49.6430140" lon="18.6423390">
    <ele>423.8</ele>
    <time>2026-05-23T06:31:40Z</time>
   </trkpt>
   <trkpt lat="49.6431130" lon="18.6423300">
    <ele>422.0</ele>
    <time>2026-05-23T06:31:41Z</time>
   </trkpt>
   <trkpt lat="49.6432140" lon="18.6423170">
    <ele>421.4</ele>
    <time>2026-05-23T06:31:42Z</time>
   </trkpt>
   <trkpt lat="49.6433090" lon="18.6423150">
    <ele>420.2</ele>
    <time>2026-05-23T06:31:43Z</time>
   </trkpt>
   <trkpt lat="49.6433990" lon="18.6423280">
    <ele>419.2</ele>
    <time>2026-05-23T06:31:44Z</time>
   </trkpt>
   <trkpt lat="49.6434840" lon="18.6423380">
    <ele>418.6</ele>
    <time>2026-05-23T06:31:45Z</time>
   </trkpt>
   <trkpt lat="49.6435720" lon="18.6423380">
    <ele>417.0</ele>
    <time>2026-05-23T06:31:46Z</time>
   </trkpt>
   <trkpt lat="49.6436580" lon="18.6423390">
    <ele>416.4</ele>
    <time>2026-05-23T06:31:47Z</time>
   </trkpt>
   <trkpt lat="49.6437400" lon="18.6423400">
    <ele>415.2</ele>
    <time>2026-05-23T06:31:48Z</time>
   </trkpt>
   <trkpt lat="49.6438220" lon="18.6423370">
    <ele>414.6</ele>
    <time>2026-05-23T06:31:49Z</time>
   </trkpt>
   <trkpt lat="49.6439020" lon="18.6423270">
    <ele>414.0</ele>
    <time>2026-05-23T06:31:50Z</time>
   </trkpt>
   <trkpt lat="49.6439790" lon="18.6423050">
    <ele>413.6</ele>
    <time>2026-05-23T06:31:51Z</time>
   </trkpt>
   <trkpt lat="49.6440490" lon="18.6422730">
    <ele>412.8</ele>
    <time>2026-05-23T06:31:52Z</time>
   </trkpt>
   <trkpt lat="49.6441160" lon="18.6422400">
    <ele>412.4</ele>
    <time>2026-05-23T06:31:53Z</time>
   </trkpt>
   <trkpt lat="49.6442480" lon="18.6421590">
    <ele>411.4</ele>
    <time>2026-05-23T06:31:55Z</time>
   </trkpt>
   <trkpt lat="49.6443170" lon="18.6421280">
    <ele>411.0</ele>
    <time>2026-05-23T06:31:56Z</time>
   </trkpt>
   <trkpt lat="49.6443850" lon="18.6421080">
    <ele>410.4</ele>
    <time>2026-05-23T06:31:57Z</time>
   </trkpt>
   <trkpt lat="49.6444490" lon="18.6421040">
    <ele>409.8</ele>
    <time>2026-05-23T06:31:58Z</time>
   </trkpt>
   <trkpt lat="49.6445060" lon="18.6421070">
    <ele>409.4</ele>
    <time>2026-05-23T06:31:59Z</time>
   </trkpt>
   <trkpt lat="49.6445620" lon="18.6421130">
    <ele>408.4</ele>
    <time>2026-05-23T06:32:00Z</time>
   </trkpt>
   <trkpt lat="49.6447490" lon="18.6421250">
    <ele>406.8</ele>
    <time>2026-05-23T06:32:03Z</time>
   </trkpt>
   <trkpt lat="49.6448810" lon="18.6420730">
    <ele>406.4</ele>
    <time>2026-05-23T06:32:05Z</time>
   </trkpt>
   <trkpt lat="49.6450200" lon="18.6419910">
    <ele>405.2</ele>
    <time>2026-05-23T06:32:07Z</time>
   </trkpt>
   <trkpt lat="49.6451690" lon="18.6419260">
    <ele>403.8</ele>
    <time>2026-05-23T06:32:09Z</time>
   </trkpt>
   <trkpt lat="49.6452460" lon="18.6418940">
    <ele>403.4</ele>
    <time>2026-05-23T06:32:10Z</time>
   </trkpt>
   <trkpt lat="49.6453390" lon="18.6418460">
    <ele>402.6</ele>
    <time>2026-05-23T06:32:11Z</time>
   </trkpt>
   <trkpt lat="49.6454000" lon="18.6418140">
    <ele>401.4</ele>
    <time>2026-05-23T06:32:12Z</time>
   </trkpt>
   <trkpt lat="49.6456280" lon="18.6416840">
    <ele>399.2</ele>
    <time>2026-05-23T06:32:15Z</time>
   </trkpt>
   <trkpt lat="49.6457010" lon="18.6416210">
    <ele>398.6</ele>
    <time>2026-05-23T06:32:16Z</time>
   </trkpt>
   <trkpt lat="49.6458360" lon="18.6414690">
    <ele>397.8</ele>
    <time>2026-05-23T06:32:18Z</time>
   </trkpt>
   <trkpt lat="49.6458890" lon="18.6413710">
    <ele>396.6</ele>
    <time>2026-05-23T06:32:19Z</time>
   </trkpt>
   <trkpt lat="49.6459270" lon="18.6412570">
    <ele>396.4</ele>
    <time>2026-05-23T06:32:20Z</time>
   </trkpt>
   <trkpt lat="49.6459530" lon="18.6411370">
    <ele>396.2</ele>
    <time>2026-05-23T06:32:21Z</time>
   </trkpt>
   <trkpt lat="49.6459720" lon="18.6409920">
    <ele>395.8</ele>
    <time>2026-05-23T06:32:22Z</time>
   </trkpt>
   <trkpt lat="49.6459780" lon="18.6408940">
    <ele>395.6</ele>
    <time>2026-05-23T06:32:23Z</time>
   </trkpt>
   <trkpt lat="49.6459850" lon="18.6407730">
    <ele>395.0</ele>
    <time>2026-05-23T06:32:24Z</time>
   </trkpt>
   <trkpt lat="49.6459950" lon="18.6406560">
    <ele>394.8</ele>
    <time>2026-05-23T06:32:25Z</time>
   </trkpt>
   <trkpt lat="49.6460030" lon="18.6405410">
    <ele>394.4</ele>
    <time>2026-05-23T06:32:26Z</time>
   </trkpt>
   <trkpt lat="49.6460110" lon="18.6404230">
    <ele>394.4</ele>
    <time>2026-05-23T06:32:27Z</time>
   </trkpt>
   <trkpt lat="49.6460200" lon="18.6403070">
    <ele>393.8</ele>
    <time>2026-05-23T06:32:28Z</time>
   </trkpt>
   <trkpt lat="49.6460230" lon="18.6401860">
    <ele>394.2</ele>
    <time>2026-05-23T06:32:29Z</time>
   </trkpt>
   <trkpt lat="49.6460270" lon="18.6400640">
    <ele>394.4</ele>
    <time>2026-05-23T06:32:30Z</time>
   </trkpt>
   <trkpt lat="49.6460300" lon="18.6399490">
    <ele>395.2</ele>
    <time>2026-05-23T06:32:31Z</time>
   </trkpt>
   <trkpt lat="49.6460360" lon="18.6398380">
    <ele>394.2</ele>
    <time>2026-05-23T06:32:32Z</time>
   </trkpt>
   <trkpt lat="49.6460450" lon="18.6397250">
    <ele>394.4</ele>
    <time>2026-05-23T06:32:33Z</time>
   </trkpt>
   <trkpt lat="49.6460520" lon="18.6396120">
    <ele>394.4</ele>
    <time>2026-05-23T06:32:34Z</time>
   </trkpt>
   <trkpt lat="49.6460550" lon="18.6395020">
    <ele>394.8</ele>
    <time>2026-05-23T06:32:35Z</time>
   </trkpt>
   <trkpt lat="49.6460560" lon="18.6393980">
    <ele>394.6</ele>
    <time>2026-05-23T06:32:36Z</time>
   </trkpt>
   <trkpt lat="49.6460520" lon="18.6392960">
    <ele>394.4</ele>
    <time>2026-05-23T06:32:37Z</time>
   </trkpt>
   <trkpt lat="49.6460450" lon="18.6391990">
    <ele>393.8</ele>
    <time>2026-05-23T06:32:38Z</time>
   </trkpt>
   <trkpt lat="49.6460390" lon="18.6391080">
    <ele>393.8</ele>
    <time>2026-05-23T06:32:39Z</time>
   </trkpt>
   <trkpt lat="49.6460370" lon="18.6390240">
    <ele>393.0</ele>
    <time>2026-05-23T06:32:40Z</time>
   </trkpt>
   <trkpt lat="49.6460290" lon="18.6389430">
    <ele>392.2</ele>
    <time>2026-05-23T06:32:41Z</time>
   </trkpt>
   <trkpt lat="49.6460200" lon="18.6388650">
    <ele>392.2</ele>
    <time>2026-05-23T06:32:42Z</time>
   </trkpt>
   <trkpt lat="49.6460090" lon="18.6387910">
    <ele>392.2</ele>
    <time>2026-05-23T06:32:43Z</time>
   </trkpt>
   <trkpt lat="49.6459990" lon="18.6387230">
    <ele>392.2</ele>
    <time>2026-05-23T06:32:44Z</time>
   </trkpt>
   <trkpt lat="49.6459860" lon="18.6386550">
    <ele>392.4</ele>
    <time>2026-05-23T06:32:45Z</time>
   </trkpt>
   <trkpt lat="49.6459720" lon="18.6385920">
    <ele>392.6</ele>
    <time>2026-05-23T06:32:46Z</time>
   </trkpt>
   <trkpt lat="49.6459600" lon="18.6385350">
    <ele>392.6</ele>
    <time>2026-05-23T06:32:47Z</time>
   </trkpt>
   <trkpt lat="49.6459510" lon="18.6384820">
    <ele>392.8</ele>
    <time>2026-05-23T06:32:48Z</time>
   </trkpt>
   <trkpt lat="49.6459390" lon="18.6384350">
    <ele>393.0</ele>
    <time>2026-05-23T06:32:49Z</time>
   </trkpt>
   <trkpt lat="49.6459270" lon="18.6383890">
    <ele>393.0</ele>
    <time>2026-05-23T06:32:50Z</time>
   </trkpt>
   <trkpt lat="49.6459020" lon="18.6382960">
    <ele>393.2</ele>
    <time>2026-05-23T06:32:52Z</time>
   </trkpt>
   <trkpt lat="49.6458920" lon="18.6382490">
    <ele>393.4</ele>
    <time>2026-05-23T06:32:53Z</time>
   </trkpt>
   <trkpt lat="49.6458830" lon="18.6382010">
    <ele>393.4</ele>
    <time>2026-05-23T06:32:54Z</time>
   </trkpt>
   <trkpt lat="49.6458740" lon="18.6381560">
    <ele>393.6</ele>
    <time>2026-05-23T06:32:55Z</time>
   </trkpt>
   <trkpt lat="49.6458700" lon="18.6381200">
    <ele>393.6</ele>
    <time>2026-05-23T06:32:56Z</time>
   </trkpt>
   <trkpt lat="49.6458540" lon="18.6379860">
    <ele>394.0</ele>
    <time>2026-05-23T06:32:59Z</time>
   </trkpt>
   <trkpt lat="49.6458460" lon="18.6379380">
    <ele>394.2</ele>
    <time>2026-05-23T06:33:00Z</time>
   </trkpt>
   <trkpt lat="49.6458400" lon="18.6378980">
    <ele>394.4</ele>
    <time>2026-05-23T06:33:01Z</time>
   </trkpt>
   <trkpt lat="49.6458340" lon="18.6378570">
    <ele>394.4</ele>
    <time>2026-05-23T06:33:02Z</time>
   </trkpt>
   <trkpt lat="49.6458310" lon="18.6378160">
    <ele>394.6</ele>
    <time>2026-05-23T06:33:03Z</time>
   </trkpt>
   <trkpt lat="49.6458300" lon="18.6377760">
    <ele>394.6</ele>
    <time>2026-05-23T06:33:04Z</time>
   </trkpt>
   <trkpt lat="49.6458420" lon="18.6376490">
    <ele>394.8</ele>
    <time>2026-05-23T06:33:07Z</time>
   </trkpt>
   <trkpt lat="49.6458580" lon="18.6376050">
    <ele>394.8</ele>
    <time>2026-05-23T06:33:08Z</time>
   </trkpt>
   <trkpt lat="49.6458810" lon="18.6375610">
    <ele>394.8</ele>
    <time>2026-05-23T06:33:09Z</time>
   </trkpt>
   <trkpt lat="49.6459120" lon="18.6375230">
    <ele>394.4</ele>
    <time>2026-05-23T06:33:10Z</time>
   </trkpt>
   <trkpt lat="49.6459470" lon="18.6374880">
    <ele>393.8</ele>
    <time>2026-05-23T06:33:11Z</time>
   </trkpt>
   <trkpt lat="49.6459870" lon="18.6374580">
    <ele>393.6</ele>
    <time>2026-05-23T06:33:12Z</time>
   </trkpt>
   <trkpt lat="49.6460290" lon="18.6374350">
    <ele>393.2</ele>
    <time>2026-05-23T06:33:13Z</time>
   </trkpt>
   <trkpt lat="49.6460730" lon="18.6374100">
    <ele>392.8</ele>
    <time>2026-05-23T06:33:14Z</time>
   </trkpt>
   <trkpt lat="49.6461630" lon="18.6373620">
    <ele>392.2</ele>
    <time>2026-05-23T06:33:16Z</time>
   </trkpt>
   <trkpt lat="49.6465000" lon="18.6371670">
    <ele>390.8</ele>
    <time>2026-05-23T06:33:23Z</time>
   </trkpt>
   <trkpt lat="49.6465560" lon="18.6371400">
    <ele>389.4</ele>
    <time>2026-05-23T06:33:24Z</time>
   </trkpt>
   <trkpt lat="49.6468010" lon="18.6370130">
    <ele>387.6</ele>
    <time>2026-05-23T06:33:28Z</time>
   </trkpt>
   <trkpt lat="49.6469330" lon="18.6369400">
    <ele>386.4</ele>
    <time>2026-05-23T06:33:30Z</time>
   </trkpt>
   <trkpt lat="49.6469940" lon="18.6368860">
    <ele>386.4</ele>
    <time>2026-05-23T06:33:31Z</time>
   </trkpt>
   <trkpt lat="49.6470370" lon="18.6368160">
    <ele>386.4</ele>
    <time>2026-05-23T06:33:32Z</time>
   </trkpt>
   <trkpt lat="49.6470690" lon="18.6367400">
    <ele>386.4</ele>
    <time>2026-05-23T06:33:33Z</time>
   </trkpt>
   <trkpt lat="49.6470830" lon="18.6366900">
    <ele>386.4</ele>
    <time>2026-05-23T06:33:34Z</time>
   </trkpt>
   <trkpt lat="49.6470870" lon="18.6366400">
    <ele>386.4</ele>
    <time>2026-05-23T06:33:35Z</time>
   </trkpt>
   <trkpt lat="49.6470680" lon="18.6365810">
    <ele>386.4</ele>
    <time>2026-05-23T06:33:36Z</time>
   </trkpt>
   <trkpt lat="49.6470480" lon="18.6365140">
    <ele>386.6</ele>
    <time>2026-05-23T06:33:37Z</time>
   </trkpt>
   <trkpt lat="49.6470290" lon="18.6364470">
    <ele>386.8</ele>
    <time>2026-05-23T06:33:38Z</time>
   </trkpt>
   <trkpt lat="49.6470110" lon="18.6363900">
    <ele>387.0</ele>
    <time>2026-05-23T06:33:39Z</time>
   </trkpt>
   <trkpt lat="49.6470010" lon="18.6363470">
    <ele>387.6</ele>
    <time>2026-05-23T06:33:40Z</time>
   </trkpt>
   <trkpt lat="49.6469920" lon="18.6363120">
    <ele>388.6</ele>
    <time>2026-05-23T06:33:41Z</time>
   </trkpt>
   <trkpt lat="49.6469810" lon="18.6362760">
    <ele>389.0</ele>
    <time>2026-05-23T06:33:42Z</time>
   </trkpt>
   <trkpt lat="49.6469720" lon="18.6362430">
    <ele>389.4</ele>
    <time>2026-05-23T06:33:43Z</time>
   </trkpt>
   <trkpt lat="49.6469620" lon="18.6362100">
    <ele>389.6</ele>
    <time>2026-05-23T06:33:44Z</time>
   </trkpt>
   <trkpt lat="49.6469520" lon="18.6361750">
    <ele>389.8</ele>
    <time>2026-05-23T06:33:45Z</time>
   </trkpt>
   <trkpt lat="49.6469400" lon="18.6361400">
    <ele>389.8</ele>
    <time>2026-05-23T06:33:46Z</time>
   </trkpt>
   <trkpt lat="49.6469280" lon="18.6361120">
    <ele>390.2</ele>
    <time>2026-05-23T06:33:47Z</time>
   </trkpt>
   <trkpt lat="49.6469160" lon="18.6360850">
    <ele>390.4</ele>
    <time>2026-05-23T06:33:48Z</time>
   </trkpt>
   <trkpt lat="49.6469020" lon="18.6360510">
    <ele>390.4</ele>
    <time>2026-05-23T06:33:49Z</time>
   </trkpt>
   <trkpt lat="49.6468870" lon="18.6360200">
    <ele>390.6</ele>
    <time>2026-05-23T06:33:50Z</time>
   </trkpt>
   <trkpt lat="49.6468680" lon="18.6359510">
    <ele>390.8</ele>
    <time>2026-05-23T06:33:52Z</time>
   </trkpt>
   <trkpt lat="49.6468620" lon="18.6359170">
    <ele>390.8</ele>
    <time>2026-05-23T06:33:53Z</time>
   </trkpt>
   <trkpt lat="49.6468480" lon="18.6358480">
    <ele>391.0</ele>
    <time>2026-05-23T06:33:55Z</time>
   </trkpt>
   <trkpt lat="49.6468430" lon="18.6358170">
    <ele>391.0</ele>
    <time>2026-05-23T06:33:56Z</time>
   </trkpt>
   <trkpt lat="49.6468340" lon="18.6357820">
    <ele>391.0</ele>
    <time>2026-05-23T06:33:57Z</time>
   </trkpt>
   <trkpt lat="49.6468290" lon="18.6357540">
    <ele>391.0</ele>
    <time>2026-05-23T06:33:58Z</time>
   </trkpt>
   <trkpt lat="49.6468180" lon="18.6357240">
    <ele>391.4</ele>
    <time>2026-05-23T06:33:59Z</time>
   </trkpt>
   <trkpt lat="49.6468090" lon="18.6356990">
    <ele>391.4</ele>
    <time>2026-05-23T06:34:00Z</time>
   </trkpt>
   <trkpt lat="49.6467990" lon="18.6356680">
    <ele>391.4</ele>
    <time>2026-05-23T06:34:01Z</time>
   </trkpt>
   <trkpt lat="49.6467920" lon="18.6356330">
    <ele>391.4</ele>
    <time>2026-05-23T06:34:02Z</time>
   </trkpt>
   <trkpt lat="49.6467870" lon="18.6356030">
    <ele>391.6</ele>
    <time>2026-05-23T06:34:03Z</time>
   </trkpt>
   <trkpt lat="49.6467810" lon="18.6355760">
    <ele>391.6</ele>
    <time>2026-05-23T06:34:04Z</time>
   </trkpt>
   <trkpt lat="49.6467740" lon="18.6355460">
    <ele>391.6</ele>
    <time>2026-05-23T06:34:05Z</time>
   </trkpt>
   <trkpt lat="49.6467670" lon="18.6355160">
    <ele>391.8</ele>
    <time>2026-05-23T06:34:06Z</time>
   </trkpt>
   <trkpt lat="49.6467590" lon="18.6354880">
    <ele>391.8</ele>
    <time>2026-05-23T06:34:07Z</time>
   </trkpt>
   <trkpt lat="49.6467540" lon="18.6354550">
    <ele>391.8</ele>
    <time>2026-05-23T06:34:08Z</time>
   </trkpt>
   <trkpt lat="49.6467490" lon="18.6354240">
    <ele>392.0</ele>
    <time>2026-05-23T06:34:09Z</time>
   </trkpt>
   <trkpt lat="49.6467450" lon="18.6353940">
    <ele>392.0</ele>
    <time>2026-05-23T06:34:10Z</time>
   </trkpt>
   <trkpt lat="49.6467380" lon="18.6353650">
    <ele>392.0</ele>
    <time>2026-05-23T06:34:11Z</time>
   </trkpt>
   <trkpt lat="49.6467290" lon="18.6353070">
    <ele>392.2</ele>
    <time>2026-05-23T06:34:13Z</time>
   </trkpt>
   <trkpt lat="49.6467250" lon="18.6352770">
    <ele>392.4</ele>
    <time>2026-05-23T06:34:14Z</time>
   </trkpt>
   <trkpt lat="49.6467210" lon="18.6351590">
    <ele>393.0</ele>
    <time>2026-05-23T06:34:18Z</time>
   </trkpt>
   <trkpt lat="49.6467210" lon="18.6350780">
    <ele>393.4</ele>
    <time>2026-05-23T06:34:21Z</time>
   </trkpt>
   <trkpt lat="49.6467210" lon="18.6350510">
    <ele>393.6</ele>
    <time>2026-05-23T06:34:22Z</time>
   </trkpt>
   <trkpt lat="49.6467300" lon="18.6349920">
    <ele>394.0</ele>
    <time>2026-05-23T06:34:24Z</time>
   </trkpt>
   <trkpt lat="49.6467350" lon="18.6349660">
    <ele>394.2</ele>
    <time>2026-05-23T06:34:25Z</time>
   </trkpt>
   <trkpt lat="49.6467410" lon="18.6349410">
    <ele>394.4</ele>
    <time>2026-05-23T06:34:26Z</time>
   </trkpt>
   <trkpt lat="49.6467460" lon="18.6349160">
    <ele>394.6</ele>
    <time>2026-05-23T06:34:27Z</time>
   </trkpt>
   <trkpt lat="49.6467520" lon="18.6348880">
    <ele>395.0</ele>
    <time>2026-05-23T06:34:28Z</time>
   </trkpt>
   <trkpt lat="49.6467590" lon="18.6348610">
    <ele>395.2</ele>
    <time>2026-05-23T06:34:29Z</time>
   </trkpt>
   <trkpt lat="49.6467690" lon="18.6348360">
    <ele>395.4</ele>
    <time>2026-05-23T06:34:30Z</time>
   </trkpt>
   <trkpt lat="49.6467750" lon="18.6348150">
    <ele>395.4</ele>
    <time>2026-05-23T06:34:31Z</time>
   </trkpt>
   <trkpt lat="49.6467810" lon="18.6347910">
    <ele>395.6</ele>
    <time>2026-05-23T06:34:32Z</time>
   </trkpt>
   <trkpt lat="49.6467840" lon="18.6347610">
    <ele>395.6</ele>
    <time>2026-05-23T06:34:33Z</time>
   </trkpt>
   <trkpt lat="49.6467890" lon="18.6347310">
    <ele>395.6</ele>
    <time>2026-05-23T06:34:34Z</time>
   </trkpt>
   <trkpt lat="49.6467940" lon="18.6347040">
    <ele>395.8</ele>
    <time>2026-05-23T06:34:35Z</time>
   </trkpt>
   <trkpt lat="49.6467980" lon="18.6346770">
    <ele>396.0</ele>
    <time>2026-05-23T06:34:36Z</time>
   </trkpt>
   <trkpt lat="49.6468010" lon="18.6346490">
    <ele>396.0</ele>
    <time>2026-05-23T06:34:37Z</time>
   </trkpt>
   <trkpt lat="49.6468050" lon="18.6346230">
    <ele>396.0</ele>
    <time>2026-05-23T06:34:38Z</time>
   </trkpt>
   <trkpt lat="49.6468040" lon="18.6345960">
    <ele>396.0</ele>
    <time>2026-05-23T06:34:39Z</time>
   </trkpt>
   <trkpt lat="49.6468050" lon="18.6345660">
    <ele>396.2</ele>
    <time>2026-05-23T06:34:40Z</time>
   </trkpt>
   <trkpt lat="49.6468090" lon="18.6345350">
    <ele>396.2</ele>
    <time>2026-05-23T06:34:41Z</time>
   </trkpt>
   <trkpt lat="49.6468140" lon="18.6345050">
    <ele>396.2</ele>
    <time>2026-05-23T06:34:42Z</time>
   </trkpt>
   <trkpt lat="49.6468170" lon="18.6344700">
    <ele>396.4</ele>
    <time>2026-05-23T06:34:43Z</time>
   </trkpt>
   <trkpt lat="49.6468160" lon="18.6344450">
    <ele>396.4</ele>
    <time>2026-05-23T06:34:44Z</time>
   </trkpt>
   <trkpt lat="49.6468130" lon="18.6344130">
    <ele>396.6</ele>
    <time>2026-05-23T06:34:45Z</time>
   </trkpt>
   <trkpt lat="49.6468140" lon="18.6343810">
    <ele>396.6</ele>
    <time>2026-05-23T06:34:46Z</time>
   </trkpt>
   <trkpt lat="49.6468080" lon="18.6343520">
    <ele>396.8</ele>
    <time>2026-05-23T06:34:47Z</time>
   </trkpt>
   <trkpt lat="49.6468050" lon="18.6343180">
    <ele>397.0</ele>
    <time>2026-05-23T06:34:48Z</time>
   </trkpt>
   <trkpt lat="49.6468040" lon="18.6342870">
    <ele>397.0</ele>
    <time>2026-05-23T06:34:49Z</time>
   </trkpt>
   <trkpt lat="49.6468020" lon="18.6342540">
    <ele>397.2</ele>
    <time>2026-05-23T06:34:50Z</time>
   </trkpt>
   <trkpt lat="49.6468010" lon="18.6342240">
    <ele>397.2</ele>
    <time>2026-05-23T06:34:51Z</time>
   </trkpt>
   <trkpt lat="49.6467990" lon="18.6341950">
    <ele>397.4</ele>
    <time>2026-05-23T06:34:52Z</time>
   </trkpt>
   <trkpt lat="49.6467910" lon="18.6341650">
    <ele>397.4</ele>
    <time>2026-05-23T06:34:53Z</time>
   </trkpt>
   <trkpt lat="49.6467820" lon="18.6341340">
    <ele>397.4</ele>
    <time>2026-05-23T06:34:54Z</time>
   </trkpt>
   <trkpt lat="49.6467740" lon="18.6341020">
    <ele>397.4</ele>
    <time>2026-05-23T06:34:55Z</time>
   </trkpt>
   <trkpt lat="49.6467680" lon="18.6340740">
    <ele>397.6</ele>
    <time>2026-05-23T06:34:56Z</time>
   </trkpt>
   <trkpt lat="49.6467610" lon="18.6340480">
    <ele>397.6</ele>
    <time>2026-05-23T06:34:57Z</time>
   </trkpt>
   <trkpt lat="49.6467520" lon="18.6340230">
    <ele>397.6</ele>
    <time>2026-05-23T06:34:58Z</time>
   </trkpt>
   <trkpt lat="49.6467400" lon="18.6339970">
    <ele>397.8</ele>
    <time>2026-05-23T06:34:59Z</time>
   </trkpt>
   <trkpt lat="49.6467280" lon="18.6339690">
    <ele>397.8</ele>
    <time>2026-05-23T06:35:00Z</time>
   </trkpt>
   <trkpt lat="49.6467040" lon="18.6339160">
    <ele>397.8</ele>
    <time>2026-05-23T06:35:02Z</time>
   </trkpt>
   <trkpt lat="49.6466890" lon="18.6338840">
    <ele>397.8</ele>
    <time>2026-05-23T06:35:03Z</time>
   </trkpt>
   <trkpt lat="49.6466790" lon="18.6338580">
    <ele>397.8</ele>
    <time>2026-05-23T06:35:04Z</time>
   </trkpt>
   <trkpt lat="49.6466680" lon="18.6338320">
    <ele>398.0</ele>
    <time>2026-05-23T06:35:05Z</time>
   </trkpt>
   <trkpt lat="49.6466540" lon="18.6337810">
    <ele>398.2</ele>
    <time>2026-05-23T06:35:07Z</time>
   </trkpt>
   <trkpt lat="49.6466230" lon="18.6336960">
    <ele>398.2</ele>
    <time>2026-05-23T06:35:10Z</time>
   </trkpt>
   <trkpt lat="49.6465880" lon="18.6336000">
    <ele>398.6</ele>
    <time>2026-05-23T06:35:14Z</time>
   </trkpt>
   <trkpt lat="49.6465170" lon="18.6334250">
    <ele>399.2</ele>
    <time>2026-05-23T06:35:21Z</time>
   </trkpt>
   <trkpt lat="49.6465010" lon="18.6333970">
    <ele>399.2</ele>
    <time>2026-05-23T06:35:22Z</time>
   </trkpt>
   <trkpt lat="49.6464870" lon="18.6333670">
    <ele>399.2</ele>
    <time>2026-05-23T06:35:23Z</time>
   </trkpt>
   <trkpt lat="49.6464750" lon="18.6333410">
    <ele>399.4</ele>
    <time>2026-05-23T06:35:24Z</time>
   </trkpt>
   <trkpt lat="49.6464630" lon="18.6333170">
    <ele>399.4</ele>
    <time>2026-05-23T06:35:25Z</time>
   </trkpt>
   <trkpt lat="49.6464300" lon="18.6332270">
    <ele>399.8</ele>
    <time>2026-05-23T06:35:28Z</time>
   </trkpt>
   <trkpt lat="49.6464100" lon="18.6331720">
    <ele>400.0</ele>
    <time>2026-05-23T06:35:30Z</time>
   </trkpt>
   <trkpt lat="49.6464010" lon="18.6331440">
    <ele>400.0</ele>
    <time>2026-05-23T06:35:31Z</time>
   </trkpt>
   <trkpt lat="49.6463970" lon="18.6331160">
    <ele>400.2</ele>
    <time>2026-05-23T06:35:32Z</time>
   </trkpt>
   <trkpt lat="49.6463980" lon="18.6330870">
    <ele>400.4</ele>
    <time>2026-05-23T06:35:33Z</time>
   </trkpt>
   <trkpt lat="49.6463890" lon="18.6330560">
    <ele>400.6</ele>
    <time>2026-05-23T06:35:34Z</time>
   </trkpt>
   <trkpt lat="49.6463680" lon="18.6329600">
    <ele>400.8</ele>
    <time>2026-05-23T06:35:37Z</time>
   </trkpt>
   <trkpt lat="49.6463430" lon="18.6328730">
    <ele>401.2</ele>
    <time>2026-05-23T06:35:40Z</time>
   </trkpt>
   <trkpt lat="49.6463220" lon="18.6327890">
    <ele>401.6</ele>
    <time>2026-05-23T06:35:43Z</time>
   </trkpt>
   <trkpt lat="49.6463250" lon="18.6327610">
    <ele>401.6</ele>
    <time>2026-05-23T06:35:44Z</time>
   </trkpt>
   <trkpt lat="49.6463280" lon="18.6327330">
    <ele>401.8</ele>
    <time>2026-05-23T06:35:45Z</time>
   </trkpt>
   <trkpt lat="49.6463250" lon="18.6327110">
    <ele>402.2</ele>
    <time>2026-05-23T06:35:46Z</time>
   </trkpt>
   <trkpt lat="49.6463230" lon="18.6326870">
    <ele>402.4</ele>
    <time>2026-05-23T06:35:47Z</time>
   </trkpt>
   <trkpt lat="49.6463200" lon="18.6326610">
    <ele>402.6</ele>
    <time>2026-05-23T06:35:48Z</time>
   </trkpt>
   <trkpt lat="49.6463180" lon="18.6326340">
    <ele>402.6</ele>
    <time>2026-05-23T06:35:49Z</time>
   </trkpt>
   <trkpt lat="49.6463170" lon="18.6326110">
    <ele>403.0</ele>
    <time>2026-05-23T06:35:50Z</time>
   </trkpt>
   <trkpt lat="49.6463140" lon="18.6325870">
    <ele>403.2</ele>
    <time>2026-05-23T06:35:51Z</time>
   </trkpt>
   <trkpt lat="49.6463100" lon="18.6325560">
    <ele>403.4</ele>
    <time>2026-05-23T06:35:52Z</time>
   </trkpt>
   <trkpt lat="49.6463040" lon="18.6325220">
    <ele>403.6</ele>
    <time>2026-05-23T06:35:53Z</time>
   </trkpt>
   <trkpt lat="49.6462990" lon="18.6324860">
    <ele>403.6</ele>
    <time>2026-05-23T06:35:54Z</time>
   </trkpt>
   <trkpt lat="49.6462980" lon="18.6324510">
    <ele>403.8</ele>
    <time>2026-05-23T06:35:55Z</time>
   </trkpt>
   <trkpt lat="49.6462950" lon="18.6324220">
    <ele>404.2</ele>
    <time>2026-05-23T06:35:56Z</time>
   </trkpt>
   <trkpt lat="49.6462910" lon="18.6324000">
    <ele>404.2</ele>
    <time>2026-05-23T06:35:57Z</time>
   </trkpt>
   <trkpt lat="49.6462840" lon="18.6323740">
    <ele>404.4</ele>
    <time>2026-05-23T06:35:58Z</time>
   </trkpt>
   <trkpt lat="49.6462810" lon="18.6323480">
    <ele>404.4</ele>
    <time>2026-05-23T06:35:59Z</time>
   </trkpt>
   <trkpt lat="49.6462780" lon="18.6323210">
    <ele>404.6</ele>
    <time>2026-05-23T06:36:00Z</time>
   </trkpt>
   <trkpt lat="49.6462750" lon="18.6322970">
    <ele>404.8</ele>
    <time>2026-05-23T06:36:01Z</time>
   </trkpt>
   <trkpt lat="49.6462730" lon="18.6322700">
    <ele>405.0</ele>
    <time>2026-05-23T06:36:02Z</time>
   </trkpt>
   <trkpt lat="49.6462710" lon="18.6322420">
    <ele>405.2</ele>
    <time>2026-05-23T06:36:03Z</time>
   </trkpt>
   <trkpt lat="49.6462700" lon="18.6322180">
    <ele>405.4</ele>
    <time>2026-05-23T06:36:04Z</time>
   </trkpt>
   <trkpt lat="49.6462720" lon="18.6321970">
    <ele>405.8</ele>
    <time>2026-05-23T06:36:05Z</time>
   </trkpt>
   <trkpt lat="49.6462720" lon="18.6321750">
    <ele>405.8</ele>
    <time>2026-05-23T06:36:06Z</time>
   </trkpt>
   <trkpt lat="49.6462710" lon="18.6321520">
    <ele>406.0</ele>
    <time>2026-05-23T06:36:07Z</time>
   </trkpt>
   <trkpt lat="49.6462710" lon="18.6321280">
    <ele>406.6</ele>
    <time>2026-05-23T06:36:08Z</time>
   </trkpt>
   <trkpt lat="49.6462700" lon="18.6321010">
    <ele>406.8</ele>
    <time>2026-05-23T06:36:09Z</time>
   </trkpt>
   <trkpt lat="49.6462680" lon="18.6320760">
    <ele>407.0</ele>
    <time>2026-05-23T06:36:10Z</time>
   </trkpt>
   <trkpt lat="49.6462660" lon="18.6320490">
    <ele>407.0</ele>
    <time>2026-05-23T06:36:11Z</time>
   </trkpt>
   <trkpt lat="49.6462650" lon="18.6320230">
    <ele>407.4</ele>
    <time>2026-05-23T06:36:12Z</time>
   </trkpt>
   <trkpt lat="49.6462630" lon="18.6319970">
    <ele>407.6</ele>
    <time>2026-05-23T06:36:13Z</time>
   </trkpt>
   <trkpt lat="49.6462630" lon="18.6319750">
    <ele>407.8</ele>
    <time>2026-05-23T06:36:14Z</time>
   </trkpt>
   <trkpt lat="49.6462660" lon="18.6319530">
    <ele>408.0</ele>
    <time>2026-05-23T06:36:15Z</time>
   </trkpt>
   <trkpt lat="49.6462670" lon="18.6319320">
    <ele>408.2</ele>
    <time>2026-05-23T06:36:16Z</time>
   </trkpt>
   <trkpt lat="49.6462670" lon="18.6319090">
    <ele>408.4</ele>
    <time>2026-05-23T06:36:17Z</time>
   </trkpt>
   <trkpt lat="49.6462650" lon="18.6318870">
    <ele>408.6</ele>
    <time>2026-05-23T06:36:18Z</time>
   </trkpt>
   <trkpt lat="49.6462630" lon="18.6318670">
    <ele>408.8</ele>
    <time>2026-05-23T06:36:19Z</time>
   </trkpt>
   <trkpt lat="49.6462630" lon="18.6318480">
    <ele>408.8</ele>
    <time>2026-05-23T06:36:20Z</time>
   </trkpt>
   <trkpt lat="49.6462620" lon="18.6318280">
    <ele>409.2</ele>
    <time>2026-05-23T06:36:21Z</time>
   </trkpt>
   <trkpt lat="49.6462620" lon="18.6318080">
    <ele>409.4</ele>
    <time>2026-05-23T06:36:22Z</time>
   </trkpt>
   <trkpt lat="49.6462610" lon="18.6317860">
    <ele>409.6</ele>
    <time>2026-05-23T06:36:23Z</time>
   </trkpt>
   <trkpt lat="49.6462620" lon="18.6317650">
    <ele>409.6</ele>
    <time>2026-05-23T06:36:24Z</time>
   </trkpt>
   <trkpt lat="49.6462640" lon="18.6317450">
    <ele>409.8</ele>
    <time>2026-05-23T06:36:25Z</time>
   </trkpt>
   <trkpt lat="49.6462660" lon="18.6317240">
    <ele>410.0</ele>
    <time>2026-05-23T06:36:26Z</time>
   </trkpt>
   <trkpt lat="49.6462680" lon="18.6317050">
    <ele>410.2</ele>
    <time>2026-05-23T06:36:27Z</time>
   </trkpt>
   <trkpt lat="49.6462700" lon="18.6316880">
    <ele>410.4</ele>
    <time>2026-05-23T06:36:28Z</time>
   </trkpt>
   <trkpt lat="49.6462730" lon="18.6316720">
    <ele>410.4</ele>
    <time>2026-05-23T06:36:29Z</time>
   </trkpt>
   <trkpt lat="49.6462750" lon="18.6316520">
    <ele>410.6</ele>
    <time>2026-05-23T06:36:30Z</time>
   </trkpt>
   <trkpt lat="49.6462750" lon="18.6316340">
    <ele>410.8</ele>
    <time>2026-05-23T06:36:31Z</time>
   </trkpt>
   <trkpt lat="49.6462780" lon="18.6316170">
    <ele>411.0</ele>
    <time>2026-05-23T06:36:32Z</time>
   </trkpt>
   <trkpt lat="49.6462790" lon="18.6316000">
    <ele>411.2</ele>
    <time>2026-05-23T06:36:33Z</time>
   </trkpt>
   <trkpt lat="49.6462800" lon="18.6315820">
    <ele>411.4</ele>
    <time>2026-05-23T06:36:34Z</time>
   </trkpt>
   <trkpt lat="49.6462820" lon="18.6315620">
    <ele>411.6</ele>
    <time>2026-05-23T06:36:35Z</time>
   </trkpt>
   <trkpt lat="49.6462830" lon="18.6315430">
    <ele>411.6</ele>
    <time>2026-05-23T06:36:36Z</time>
   </trkpt>
   <trkpt lat="49.6462850" lon="18.6315240">
    <ele>411.8</ele>
    <time>2026-05-23T06:36:37Z</time>
   </trkpt>
   <trkpt lat="49.6462890" lon="18.6315050">
    <ele>412.0</ele>
    <time>2026-05-23T06:36:38Z</time>
   </trkpt>
   <trkpt lat="49.6462910" lon="18.6314840">
    <ele>412.2</ele>
    <time>2026-05-23T06:36:39Z</time>
   </trkpt>
   <trkpt lat="49.6462970" lon="18.6314680">
    <ele>412.2</ele>
    <time>2026-05-23T06:36:40Z</time>
   </trkpt>
   <trkpt lat="49.6463010" lon="18.6314500">
    <ele>412.2</ele>
    <time>2026-05-23T06:36:41Z</time>
   </trkpt>
   <trkpt lat="49.6463020" lon="18.6314320">
    <ele>412.6</ele>
    <time>2026-05-23T06:36:42Z</time>
   </trkpt>
   <trkpt lat="49.6463050" lon="18.6314150">
    <ele>412.8</ele>
    <time>2026-05-23T06:36:43Z</time>
   </trkpt>
   <trkpt lat="49.6463090" lon="18.6313950">
    <ele>412.8</ele>
    <time>2026-05-23T06:36:44Z</time>
   </trkpt>
   <trkpt lat="49.6463130" lon="18.6313820">
    <ele>412.8</ele>
    <time>2026-05-23T06:36:45Z</time>
   </trkpt>
   <trkpt lat="49.6463170" lon="18.6313630">
    <ele>413.0</ele>
    <time>2026-05-23T06:36:46Z</time>
   </trkpt>
   <trkpt lat="49.6463220" lon="18.6313460">
    <ele>413.2</ele>
    <time>2026-05-23T06:36:47Z</time>
   </trkpt>
   <trkpt lat="49.6463300" lon="18.6313330">
    <ele>413.4</ele>
    <time>2026-05-23T06:36:48Z</time>
   </trkpt>
   <trkpt lat="49.6463370" lon="18.6313190">
    <ele>413.4</ele>
    <time>2026-05-23T06:36:49Z</time>
   </trkpt>
   <trkpt lat="49.6463430" lon="18.6313030">
    <ele>413.4</ele>
    <time>2026-05-23T06:36:50Z</time>
   </trkpt>
   <trkpt lat="49.6463460" lon="18.6312830">
    <ele>413.6</ele>
    <time>2026-05-23T06:36:51Z</time>
   </trkpt>
   <trkpt lat="49.6463500" lon="18.6312650">
    <ele>413.6</ele>
    <time>2026-05-23T06:36:52Z</time>
   </trkpt>
   <trkpt lat="49.6463540" lon="18.6312500">
    <ele>413.8</ele>
    <time>2026-05-23T06:36:53Z</time>
   </trkpt>
   <trkpt lat="49.6463570" lon="18.6312320">
    <ele>414.0</ele>
    <time>2026-05-23T06:36:54Z</time>
   </trkpt>
   <trkpt lat="49.6463620" lon="18.6312130">
    <ele>414.0</ele>
    <time>2026-05-23T06:36:55Z</time>
   </trkpt>
   <trkpt lat="49.6463680" lon="18.6311950">
    <ele>414.0</ele>
    <time>2026-05-23T06:36:56Z</time>
   </trkpt>
   <trkpt lat="49.6463740" lon="18.6311800">
    <ele>414.2</ele>
    <time>2026-05-23T06:36:57Z</time>
   </trkpt>
   <trkpt lat="49.6463790" lon="18.6311630">
    <ele>414.2</ele>
    <time>2026-05-23T06:36:58Z</time>
   </trkpt>
   <trkpt lat="49.6463850" lon="18.6311430">
    <ele>414.4</ele>
    <time>2026-05-23T06:36:59Z</time>
   </trkpt>
   <trkpt lat="49.6463920" lon="18.6311240">
    <ele>414.6</ele>
    <time>2026-05-23T06:37:00Z</time>
   </trkpt>
   <trkpt lat="49.6463990" lon="18.6311090">
    <ele>414.6</ele>
    <time>2026-05-23T06:37:01Z</time>
   </trkpt>
   <trkpt lat="49.6464050" lon="18.6310960">
    <ele>414.8</ele>
    <time>2026-05-23T06:37:02Z</time>
   </trkpt>
   <trkpt lat="49.6464090" lon="18.6310790">
    <ele>415.0</ele>
    <time>2026-05-23T06:37:03Z</time>
   </trkpt>
   <trkpt lat="49.6464140" lon="18.6310620">
    <ele>415.0</ele>
    <time>2026-05-23T06:37:04Z</time>
   </trkpt>
   <trkpt lat="49.6464200" lon="18.6310460">
    <ele>415.2</ele>
    <time>2026-05-23T06:37:05Z</time>
   </trkpt>
   <trkpt lat="49.6464240" lon="18.6310280">
    <ele>415.2</ele>
    <time>2026-05-23T06:37:06Z</time>
   </trkpt>
   <trkpt lat="49.6464300" lon="18.6310100">
    <ele>415.4</ele>
    <time>2026-05-23T06:37:07Z</time>
   </trkpt>
   <trkpt lat="49.6464350" lon="18.6309950">
    <ele>415.6</ele>
    <time>2026-05-23T06:37:08Z</time>
   </trkpt>
   <trkpt lat="49.6464400" lon="18.6309790">
    <ele>415.8</ele>
    <time>2026-05-23T06:37:09Z</time>
   </trkpt>
   <trkpt lat="49.6464460" lon="18.6309620">
    <ele>416.0</ele>
    <time>2026-05-23T06:37:10Z</time>
   </trkpt>
   <trkpt lat="49.6464530" lon="18.6309450">
    <ele>416.0</ele>
    <time>2026-05-23T06:37:11Z</time>
   </trkpt>
   <trkpt lat="49.6464590" lon="18.6309290">
    <ele>416.0</ele>
    <time>2026-05-23T06:37:12Z</time>
   </trkpt>
   <trkpt lat="49.6464660" lon="18.6309150">
    <ele>416.2</ele>
    <time>2026-05-23T06:37:13Z</time>
   </trkpt>
   <trkpt lat="49.6464720" lon="18.6309000">
    <ele>416.2</ele>
    <time>2026-05-23T06:37:14Z</time>
   </trkpt>
   <trkpt lat="49.6464760" lon="18.6308830">
    <ele>416.4</ele>
    <time>2026-05-23T06:37:15Z</time>
   </trkpt>
   <trkpt lat="49.6464790" lon="18.6308670">
    <ele>416.6</ele>
    <time>2026-05-23T06:37:16Z</time>
   </trkpt>
   <trkpt lat="49.6464840" lon="18.6308540">
    <ele>416.6</ele>
    <time>2026-05-23T06:37:17Z</time>
   </trkpt>
   <trkpt lat="49.6464870" lon="18.6308390">
    <ele>416.8</ele>
    <time>2026-05-23T06:37:18Z</time>
   </trkpt>
   <trkpt lat="49.6464890" lon="18.6308230">
    <ele>417.0</ele>
    <time>2026-05-23T06:37:19Z</time>
   </trkpt>
   <trkpt lat="49.6464930" lon="18.6308070">
    <ele>417.2</ele>
    <time>2026-05-23T06:37:20Z</time>
   </trkpt>
   <trkpt lat="49.6464970" lon="18.6307880">
    <ele>417.2</ele>
    <time>2026-05-23T06:37:21Z</time>
   </trkpt>
   <trkpt lat="49.6465010" lon="18.6307710">
    <ele>417.4</ele>
    <time>2026-05-23T06:37:22Z</time>
   </trkpt>
   <trkpt lat="49.6465060" lon="18.6307530">
    <ele>417.6</ele>
    <time>2026-05-23T06:37:23Z</time>
   </trkpt>
   <trkpt lat="49.6465110" lon="18.6307370">
    <ele>417.8</ele>
    <time>2026-05-23T06:37:24Z</time>
   </trkpt>
   <trkpt lat="49.6465170" lon="18.6307220">
    <ele>417.8</ele>
    <time>2026-05-23T06:37:25Z</time>
   </trkpt>
   <trkpt lat="49.6465220" lon="18.6307070">
    <ele>418.0</ele>
    <time>2026-05-23T06:37:26Z</time>
   </trkpt>
   <trkpt lat="49.6465260" lon="18.6306890">
    <ele>418.2</ele>
    <time>2026-05-23T06:37:27Z</time>
   </trkpt>
   <trkpt lat="49.6465310" lon="18.6306720">
    <ele>418.2</ele>
    <time>2026-05-23T06:37:28Z</time>
   </trkpt>
   <trkpt lat="49.6465380" lon="18.6306550">
    <ele>418.4</ele>
    <time>2026-05-23T06:37:29Z</time>
   </trkpt>
   <trkpt lat="49.6465440" lon="18.6306390">
    <ele>418.6</ele>
    <time>2026-05-23T06:37:30Z</time>
   </trkpt>
   <trkpt lat="49.6465470" lon="18.6306210">
    <ele>418.8</ele>
    <time>2026-05-23T06:37:31Z</time>
   </trkpt>
   <trkpt lat="49.6465510" lon="18.6306050">
    <ele>419.0</ele>
    <time>2026-05-23T06:37:32Z</time>
   </trkpt>
   <trkpt lat="49.6465510" lon="18.6305880">
    <ele>419.2</ele>
    <time>2026-05-23T06:37:33Z</time>
   </trkpt>
   <trkpt lat="49.6465500" lon="18.6305700">
    <ele>419.2</ele>
    <time>2026-05-23T06:37:34Z</time>
   </trkpt>
   <trkpt lat="49.6465480" lon="18.6305540">
    <ele>419.4</ele>
    <time>2026-05-23T06:37:35Z</time>
   </trkpt>
   <trkpt lat="49.6465480" lon="18.6305350">
    <ele>419.6</ele>
    <time>2026-05-23T06:37:36Z</time>
   </trkpt>
   <trkpt lat="49.6465490" lon="18.6305160">
    <ele>419.6</ele>
    <time>2026-05-23T06:37:37Z</time>
   </trkpt>
   <trkpt lat="49.6465520" lon="18.6304970">
    <ele>419.8</ele>
    <time>2026-05-23T06:37:38Z</time>
   </trkpt>
   <trkpt lat="49.6465530" lon="18.6304770">
    <ele>420.0</ele>
    <time>2026-05-23T06:37:39Z</time>
   </trkpt>
   <trkpt lat="49.6465530" lon="18.6304600">
    <ele>420.2</ele>
    <time>2026-05-23T06:37:40Z</time>
   </trkpt>
   <trkpt lat="49.6465510" lon="18.6304420">
    <ele>420.2</ele>
    <time>2026-05-23T06:37:41Z</time>
   </trkpt>
   <trkpt lat="49.6465490" lon="18.6304240">
    <ele>420.4</ele>
    <time>2026-05-23T06:37:42Z</time>
   </trkpt>
   <trkpt lat="49.6465480" lon="18.6304100">
    <ele>420.6</ele>
    <time>2026-05-23T06:37:43Z</time>
   </trkpt>
   <trkpt lat="49.6465450" lon="18.6303910">
    <ele>420.8</ele>
    <time>2026-05-23T06:37:44Z</time>
   </trkpt>
   <trkpt lat="49.6465430" lon="18.6303730">
    <ele>420.8</ele>
    <time>2026-05-23T06:37:45Z</time>
   </trkpt>
   <trkpt lat="49.6465410" lon="18.6303570">
    <ele>420.8</ele>
    <time>2026-05-23T06:37:46Z</time>
   </trkpt>
   <trkpt lat="49.6465380" lon="18.6303340">
    <ele>421.2</ele>
    <time>2026-05-23T06:37:47Z</time>
   </trkpt>
   <trkpt lat="49.6465350" lon="18.6303170">
    <ele>421.2</ele>
    <time>2026-05-23T06:37:48Z</time>
   </trkpt>
   <trkpt lat="49.6465280" lon="18.6303010">
    <ele>421.4</ele>
    <time>2026-05-23T06:37:49Z</time>
   </trkpt>
   <trkpt lat="49.6465240" lon="18.6302850">
    <ele>421.6</ele>
    <time>2026-05-23T06:37:50Z</time>
   </trkpt>
   <trkpt lat="49.6465220" lon="18.6302700">
    <ele>421.6</ele>
    <time>2026-05-23T06:37:51Z</time>
   </trkpt>
   <trkpt lat="49.6465220" lon="18.6302530">
    <ele>421.8</ele>
    <time>2026-05-23T06:37:52Z</time>
   </trkpt>
   <trkpt lat="49.6465220" lon="18.6302330">
    <ele>422.0</ele>
    <time>2026-05-23T06:37:53Z</time>
   </trkpt>
   <trkpt lat="49.6465210" lon="18.6302130">
    <ele>422.0</ele>
    <time>2026-05-23T06:37:54Z</time>
   </trkpt>
   <trkpt lat="49.6465190" lon="18.6301970">
    <ele>422.2</ele>
    <time>2026-05-23T06:37:55Z</time>
   </trkpt>
   <trkpt lat="49.6465150" lon="18.6301780">
    <ele>422.2</ele>
    <time>2026-05-23T06:37:56Z</time>
   </trkpt>
   <trkpt lat="49.6465110" lon="18.6301580">
    <ele>422.4</ele>
    <time>2026-05-23T06:37:57Z</time>
   </trkpt>
   <trkpt lat="49.6465090" lon="18.6301390">
    <ele>422.4</ele>
    <time>2026-05-23T06:37:58Z</time>
   </trkpt>
   <trkpt lat="49.6465060" lon="18.6301230">
    <ele>422.6</ele>
    <time>2026-05-23T06:37:59Z</time>
   </trkpt>
   <trkpt lat="49.6465020" lon="18.6301060">
    <ele>422.8</ele>
    <time>2026-05-23T06:38:00Z</time>
   </trkpt>
   <trkpt lat="49.6464980" lon="18.6300900">
    <ele>423.0</ele>
    <time>2026-05-23T06:38:01Z</time>
   </trkpt>
   <trkpt lat="49.6464930" lon="18.6300740">
    <ele>423.2</ele>
    <time>2026-05-23T06:38:02Z</time>
   </trkpt>
   <trkpt lat="49.6464890" lon="18.6300570">
    <ele>423.2</ele>
    <time>2026-05-23T06:38:03Z</time>
   </trkpt>
   <trkpt lat="49.6464830" lon="18.6300390">
    <ele>423.4</ele>
    <time>2026-05-23T06:38:04Z</time>
   </trkpt>
   <trkpt lat="49.6464770" lon="18.6300210">
    <ele>423.4</ele>
    <time>2026-05-23T06:38:05Z</time>
   </trkpt>
   <trkpt lat="49.6464730" lon="18.6300030">
    <ele>423.4</ele>
    <time>2026-05-23T06:38:06Z</time>
   </trkpt>
   <trkpt lat="49.6464680" lon="18.6299920">
    <ele>423.6</ele>
    <time>2026-05-23T06:38:07Z</time>
   </trkpt>
   <trkpt lat="49.6464620" lon="18.6299790">
    <ele>423.6</ele>
    <time>2026-05-23T06:38:08Z</time>
   </trkpt>
   <trkpt lat="49.6464570" lon="18.6299640">
    <ele>423.8</ele>
    <time>2026-05-23T06:38:09Z</time>
   </trkpt>
   <trkpt lat="49.6464520" lon="18.6299480">
    <ele>424.0</ele>
    <time>2026-05-23T06:38:10Z</time>
   </trkpt>
   <trkpt lat="49.6464480" lon="18.6299300">
    <ele>424.0</ele>
    <time>2026-05-23T06:38:11Z</time>
   </trkpt>
   <trkpt lat="49.6464470" lon="18.6299130">
    <ele>424.0</ele>
    <time>2026-05-23T06:38:12Z</time>
   </trkpt>
   <trkpt lat="49.6464440" lon="18.6298940">
    <ele>424.2</ele>
    <time>2026-05-23T06:38:13Z</time>
   </trkpt>
   <trkpt lat="49.6464400" lon="18.6298780">
    <ele>424.2</ele>
    <time>2026-05-23T06:38:14Z</time>
   </trkpt>
   <trkpt lat="49.6464380" lon="18.6298620">
    <ele>424.4</ele>
    <time>2026-05-23T06:38:15Z</time>
   </trkpt>
   <trkpt lat="49.6464360" lon="18.6298440">
    <ele>424.4</ele>
    <time>2026-05-23T06:38:16Z</time>
   </trkpt>
   <trkpt lat="49.6464320" lon="18.6298270">
    <ele>424.6</ele>
    <time>2026-05-23T06:38:17Z</time>
   </trkpt>
   <trkpt lat="49.6464260" lon="18.6298100">
    <ele>424.6</ele>
    <time>2026-05-23T06:38:18Z</time>
   </trkpt>
   <trkpt lat="49.6464220" lon="18.6297960">
    <ele>424.8</ele>
    <time>2026-05-23T06:38:19Z</time>
   </trkpt>
   <trkpt lat="49.6464210" lon="18.6297800">
    <ele>424.8</ele>
    <time>2026-05-23T06:38:20Z</time>
   </trkpt>
   <trkpt lat="49.6464190" lon="18.6297600">
    <ele>425.0</ele>
    <time>2026-05-23T06:38:21Z</time>
   </trkpt>
   <trkpt lat="49.6464160" lon="18.6297410">
    <ele>425.2</ele>
    <time>2026-05-23T06:38:22Z</time>
   </trkpt>
   <trkpt lat="49.6464130" lon="18.6297230">
    <ele>425.4</ele>
    <time>2026-05-23T06:38:23Z</time>
   </trkpt>
   <trkpt lat="49.6464080" lon="18.6297100">
    <ele>425.4</ele>
    <time>2026-05-23T06:38:24Z</time>
   </trkpt>
   <trkpt lat="49.6464020" lon="18.6296890">
    <ele>425.4</ele>
    <time>2026-05-23T06:38:25Z</time>
   </trkpt>
   <trkpt lat="49.6463990" lon="18.6296750">
    <ele>425.6</ele>
    <time>2026-05-23T06:38:26Z</time>
   </trkpt>
   <trkpt lat="49.6463950" lon="18.6296560">
    <ele>425.8</ele>
    <time>2026-05-23T06:38:27Z</time>
   </trkpt>
   <trkpt lat="49.6463910" lon="18.6296380">
    <ele>425.8</ele>
    <time>2026-05-23T06:38:28Z</time>
   </trkpt>
   <trkpt lat="49.6463890" lon="18.6296220">
    <ele>425.8</ele>
    <time>2026-05-23T06:38:29Z</time>
   </trkpt>
   <trkpt lat="49.6463870" lon="18.6296030">
    <ele>426.0</ele>
    <time>2026-05-23T06:38:30Z</time>
   </trkpt>
   <trkpt lat="49.6463860" lon="18.6295840">
    <ele>426.2</ele>
    <time>2026-05-23T06:38:31Z</time>
   </trkpt>
   <trkpt lat="49.6463840" lon="18.6295720">
    <ele>426.2</ele>
    <time>2026-05-23T06:38:32Z</time>
   </trkpt>
   <trkpt lat="49.6463810" lon="18.6295560">
    <ele>426.2</ele>
    <time>2026-05-23T06:38:33Z</time>
   </trkpt>
   <trkpt lat="49.6463770" lon="18.6295390">
    <ele>426.4</ele>
    <time>2026-05-23T06:38:34Z</time>
   </trkpt>
   <trkpt lat="49.6463730" lon="18.6295220">
    <ele>426.6</ele>
    <time>2026-05-23T06:38:35Z</time>
   </trkpt>
   <trkpt lat="49.6463690" lon="18.6295040">
    <ele>426.6</ele>
    <time>2026-05-23T06:38:36Z</time>
   </trkpt>
   <trkpt lat="49.6463650" lon="18.6294890">
    <ele>426.6</ele>
    <time>2026-05-23T06:38:37Z</time>
   </trkpt>
   <trkpt lat="49.6463600" lon="18.6294720">
    <ele>426.8</ele>
    <time>2026-05-23T06:38:38Z</time>
   </trkpt>
   <trkpt lat="49.6463560" lon="18.6294540">
    <ele>426.8</ele>
    <time>2026-05-23T06:38:39Z</time>
   </trkpt>
   <trkpt lat="49.6463530" lon="18.6294370">
    <ele>427.0</ele>
    <time>2026-05-23T06:38:40Z</time>
   </trkpt>
   <trkpt lat="49.6463510" lon="18.6294190">
    <ele>427.0</ele>
    <time>2026-05-23T06:38:41Z</time>
   </trkpt>
   <trkpt lat="49.6463510" lon="18.6294020">
    <ele>427.0</ele>
    <time>2026-05-23T06:38:42Z</time>
   </trkpt>
   <trkpt lat="49.6463480" lon="18.6293870">
    <ele>427.2</ele>
    <time>2026-05-23T06:38:43Z</time>
   </trkpt>
   <trkpt lat="49.6463440" lon="18.6293700">
    <ele>427.4</ele>
    <time>2026-05-23T06:38:44Z</time>
   </trkpt>
   <trkpt lat="49.6463400" lon="18.6293510">
    <ele>427.4</ele>
    <time>2026-05-23T06:38:45Z</time>
   </trkpt>
   <trkpt lat="49.6463390" lon="18.6293310">
    <ele>427.4</ele>
    <time>2026-05-23T06:38:46Z</time>
   </trkpt>
   <trkpt lat="49.6463360" lon="18.6293140">
    <ele>427.6</ele>
    <time>2026-05-23T06:38:47Z</time>
   </trkpt>
   <trkpt lat="49.6463240" lon="18.6292640">
    <ele>427.6</ele>
    <time>2026-05-23T06:38:50Z</time>
   </trkpt>
   <trkpt lat="49.6463060" lon="18.6291790">
    <ele>428.2</ele>
    <time>2026-05-23T06:38:55Z</time>
   </trkpt>
   <trkpt lat="49.6463040" lon="18.6291620">
    <ele>428.2</ele>
    <time>2026-05-23T06:38:56Z</time>
   </trkpt>
   <trkpt lat="49.6463020" lon="18.6291450">
    <ele>428.2</ele>
    <time>2026-05-23T06:38:57Z</time>
   </trkpt>
   <trkpt lat="49.6462950" lon="18.6291070">
    <ele>428.6</ele>
    <time>2026-05-23T06:38:59Z</time>
   </trkpt>
   <trkpt lat="49.6462850" lon="18.6290360">
    <ele>428.8</ele>
    <time>2026-05-23T06:39:03Z</time>
   </trkpt>
   <trkpt lat="49.6462840" lon="18.6290190">
    <ele>428.8</ele>
    <time>2026-05-23T06:39:04Z</time>
   </trkpt>
   <trkpt lat="49.6462820" lon="18.6289690">
    <ele>429.4</ele>
    <time>2026-05-23T06:39:07Z</time>
   </trkpt>
   <trkpt lat="49.6462790" lon="18.6289560">
    <ele>429.4</ele>
    <time>2026-05-23T06:39:08Z</time>
   </trkpt>
   <trkpt lat="49.6462760" lon="18.6289370">
    <ele>429.8</ele>
    <time>2026-05-23T06:39:09Z</time>
   </trkpt>
   <trkpt lat="49.6462650" lon="18.6288840">
    <ele>430.0</ele>
    <time>2026-05-23T06:39:12Z</time>
   </trkpt>
   <trkpt lat="49.6462620" lon="18.6288700">
    <ele>430.2</ele>
    <time>2026-05-23T06:39:13Z</time>
   </trkpt>
   <trkpt lat="49.6462600" lon="18.6288550">
    <ele>430.2</ele>
    <time>2026-05-23T06:39:14Z</time>
   </trkpt>
   <trkpt lat="49.6462570" lon="18.6288400">
    <ele>430.6</ele>
    <time>2026-05-23T06:39:15Z</time>
   </trkpt>
   <trkpt lat="49.6462560" lon="18.6288220">
    <ele>430.6</ele>
    <time>2026-05-23T06:39:16Z</time>
   </trkpt>
   <trkpt lat="49.6462530" lon="18.6288070">
    <ele>430.8</ele>
    <time>2026-05-23T06:39:17Z</time>
   </trkpt>
   <trkpt lat="49.6462520" lon="18.6287910">
    <ele>430.8</ele>
    <time>2026-05-23T06:39:18Z</time>
   </trkpt>
   <trkpt lat="49.6462490" lon="18.6287770">
    <ele>431.0</ele>
    <time>2026-05-23T06:39:19Z</time>
   </trkpt>
   <trkpt lat="49.6462450" lon="18.6287630">
    <ele>431.2</ele>
    <time>2026-05-23T06:39:20Z</time>
   </trkpt>
   <trkpt lat="49.6462420" lon="18.6287440">
    <ele>431.2</ele>
    <time>2026-05-23T06:39:21Z</time>
   </trkpt>
   <trkpt lat="49.6462370" lon="18.6287260">
    <ele>431.4</ele>
    <time>2026-05-23T06:39:22Z</time>
   </trkpt>
   <trkpt lat="49.6462340" lon="18.6287120">
    <ele>431.4</ele>
    <time>2026-05-23T06:39:23Z</time>
   </trkpt>
   <trkpt lat="49.6462300" lon="18.6286970">
    <ele>431.8</ele>
    <time>2026-05-23T06:39:24Z</time>
   </trkpt>
   <trkpt lat="49.6462260" lon="18.6286790">
    <ele>431.8</ele>
    <time>2026-05-23T06:39:25Z</time>
   </trkpt>
   <trkpt lat="49.6462250" lon="18.6286650">
    <ele>431.8</ele>
    <time>2026-05-23T06:39:26Z</time>
   </trkpt>
   <trkpt lat="49.6462220" lon="18.6286520">
    <ele>432.0</ele>
    <time>2026-05-23T06:39:27Z</time>
   </trkpt>
   <trkpt lat="49.6462200" lon="18.6286390">
    <ele>432.2</ele>
    <time>2026-05-23T06:39:28Z</time>
   </trkpt>
   <trkpt lat="49.6462190" lon="18.6286230">
    <ele>432.4</ele>
    <time>2026-05-23T06:39:29Z</time>
   </trkpt>
   <trkpt lat="49.6462150" lon="18.6286060">
    <ele>432.4</ele>
    <time>2026-05-23T06:39:30Z</time>
   </trkpt>
   <trkpt lat="49.6462120" lon="18.6285870">
    <ele>432.4</ele>
    <time>2026-05-23T06:39:31Z</time>
   </trkpt>
   <trkpt lat="49.6462080" lon="18.6285710">
    <ele>432.4</ele>
    <time>2026-05-23T06:39:32Z</time>
   </trkpt>
   <trkpt lat="49.6462040" lon="18.6285550">
    <ele>432.6</ele>
    <time>2026-05-23T06:39:33Z</time>
   </trkpt>
   <trkpt lat="49.6461990" lon="18.6285380">
    <ele>432.6</ele>
    <time>2026-05-23T06:39:34Z</time>
   </trkpt>
   <trkpt lat="49.6461980" lon="18.6285200">
    <ele>432.8</ele>
    <time>2026-05-23T06:39:35Z</time>
   </trkpt>
   <trkpt lat="49.6461960" lon="18.6285030">
    <ele>433.0</ele>
    <time>2026-05-23T06:39:36Z</time>
   </trkpt>
   <trkpt lat="49.6461940" lon="18.6284880">
    <ele>433.2</ele>
    <time>2026-05-23T06:39:37Z</time>
   </trkpt>
   <trkpt lat="49.6461910" lon="18.6284740">
    <ele>433.2</ele>
    <time>2026-05-23T06:39:38Z</time>
   </trkpt>
   <trkpt lat="49.6461850" lon="18.6284560">
    <ele>433.2</ele>
    <time>2026-05-23T06:39:39Z</time>
   </trkpt>
   <trkpt lat="49.6461800" lon="18.6284360">
    <ele>433.6</ele>
    <time>2026-05-23T06:39:40Z</time>
   </trkpt>
   <trkpt lat="49.6461780" lon="18.6284180">
    <ele>433.6</ele>
    <time>2026-05-23T06:39:41Z</time>
   </trkpt>
   <trkpt lat="49.6461740" lon="18.6284030">
    <ele>433.6</ele>
    <time>2026-05-23T06:39:42Z</time>
   </trkpt>
   <trkpt lat="49.6461700" lon="18.6283880">
    <ele>433.6</ele>
    <time>2026-05-23T06:39:43Z</time>
   </trkpt>
   <trkpt lat="49.6461650" lon="18.6283750">
    <ele>433.8</ele>
    <time>2026-05-23T06:39:44Z</time>
   </trkpt>
   <trkpt lat="49.6461600" lon="18.6283610">
    <ele>434.0</ele>
    <time>2026-05-23T06:39:45Z</time>
   </trkpt>
   <trkpt lat="49.6461550" lon="18.6283460">
    <ele>434.2</ele>
    <time>2026-05-23T06:39:46Z</time>
   </trkpt>
   <trkpt lat="49.6461500" lon="18.6283280">
    <ele>434.2</ele>
    <time>2026-05-23T06:39:47Z</time>
   </trkpt>
   <trkpt lat="49.6461450" lon="18.6283100">
    <ele>434.2</ele>
    <time>2026-05-23T06:39:48Z</time>
   </trkpt>
   <trkpt lat="49.6461410" lon="18.6282930">
    <ele>434.2</ele>
    <time>2026-05-23T06:39:49Z</time>
   </trkpt>
   <trkpt lat="49.6461370" lon="18.6282750">
    <ele>434.4</ele>
    <time>2026-05-23T06:39:50Z</time>
   </trkpt>
   <trkpt lat="49.6461330" lon="18.6282580">
    <ele>434.4</ele>
    <time>2026-05-23T06:39:51Z</time>
   </trkpt>
   <trkpt lat="49.6461280" lon="18.6282410">
    <ele>434.6</ele>
    <time>2026-05-23T06:39:52Z</time>
   </trkpt>
   <trkpt lat="49.6461220" lon="18.6282270">
    <ele>434.6</ele>
    <time>2026-05-23T06:39:53Z</time>
   </trkpt>
   <trkpt lat="49.6461150" lon="18.6282140">
    <ele>434.6</ele>
    <time>2026-05-23T06:39:54Z</time>
   </trkpt>
   <trkpt lat="49.6461100" lon="18.6281960">
    <ele>434.6</ele>
    <time>2026-05-23T06:39:55Z</time>
   </trkpt>
   <trkpt lat="49.6461060" lon="18.6281790">
    <ele>434.8</ele>
    <time>2026-05-23T06:39:56Z</time>
   </trkpt>
   <trkpt lat="49.6461010" lon="18.6281660">
    <ele>434.8</ele>
    <time>2026-05-23T06:39:57Z</time>
   </trkpt>
   <trkpt lat="49.6460960" lon="18.6281510">
    <ele>435.2</ele>
    <time>2026-05-23T06:39:58Z</time>
   </trkpt>
   <trkpt lat="49.6460940" lon="18.6281350">
    <ele>435.2</ele>
    <time>2026-05-23T06:39:59Z</time>
   </trkpt>
   <trkpt lat="49.6460880" lon="18.6281080">
    <ele>435.2</ele>
    <time>2026-05-23T06:40:01Z</time>
   </trkpt>
   <trkpt lat="49.6460780" lon="18.6280750">
    <ele>435.4</ele>
    <time>2026-05-23T06:40:03Z</time>
   </trkpt>
   <trkpt lat="49.6460720" lon="18.6280610">
    <ele>435.8</ele>
    <time>2026-05-23T06:40:04Z</time>
   </trkpt>
   <trkpt lat="49.6460440" lon="18.6279850">
    <ele>436.2</ele>
    <time>2026-05-23T06:40:09Z</time>
   </trkpt>
   <trkpt lat="49.6460330" lon="18.6279540">
    <ele>436.4</ele>
    <time>2026-05-23T06:40:11Z</time>
   </trkpt>
   <trkpt lat="49.6460220" lon="18.6279250">
    <ele>436.6</ele>
    <time>2026-05-23T06:40:13Z</time>
   </trkpt>
   <trkpt lat="49.6459990" lon="18.6278700">
    <ele>437.2</ele>
    <time>2026-05-23T06:40:17Z</time>
   </trkpt>
   <trkpt lat="49.6459950" lon="18.6278570">
    <ele>437.2</ele>
    <time>2026-05-23T06:40:18Z</time>
   </trkpt>
   <trkpt lat="49.6459920" lon="18.6278430">
    <ele>437.4</ele>
    <time>2026-05-23T06:40:19Z</time>
   </trkpt>
   <trkpt lat="49.6459870" lon="18.6278300">
    <ele>437.6</ele>
    <time>2026-05-23T06:40:20Z</time>
   </trkpt>
   <trkpt lat="49.6459800" lon="18.6278160">
    <ele>437.6</ele>
    <time>2026-05-23T06:40:21Z</time>
   </trkpt>
   <trkpt lat="49.6459720" lon="18.6278060">
    <ele>437.6</ele>
    <time>2026-05-23T06:40:22Z</time>
   </trkpt>
   <trkpt lat="49.6459640" lon="18.6277940">
    <ele>437.6</ele>
    <time>2026-05-23T06:40:23Z</time>
   </trkpt>
   <trkpt lat="49.6459570" lon="18.6277810">
    <ele>437.8</ele>
    <time>2026-05-23T06:40:24Z</time>
   </trkpt>
   <trkpt lat="49.6459480" lon="18.6277690">
    <ele>437.8</ele>
    <time>2026-05-23T06:40:25Z</time>
   </trkpt>
   <trkpt lat="49.6459410" lon="18.6277570">
    <ele>438.0</ele>
    <time>2026-05-23T06:40:26Z</time>
   </trkpt>
   <trkpt lat="49.6459340" lon="18.6277420">
    <ele>438.0</ele>
    <time>2026-05-23T06:40:27Z</time>
   </trkpt>
   <trkpt lat="49.6459290" lon="18.6277350">
    <ele>438.2</ele>
    <time>2026-05-23T06:40:28Z</time>
   </trkpt>
   <trkpt lat="49.6459280" lon="18.6277300">
    <ele>438.4</ele>
    <time>2026-05-23T06:40:29Z</time>
   </trkpt>
   <trkpt lat="49.6459200" lon="18.6277170">
    <ele>438.4</ele>
    <time>2026-05-23T06:40:30Z</time>
   </trkpt>
   <trkpt lat="49.6459090" lon="18.6277030">
    <ele>438.4</ele>
    <time>2026-05-23T06:40:31Z</time>
   </trkpt>
   <trkpt lat="49.6458980" lon="18.6276900">
    <ele>438.4</ele>
    <time>2026-05-23T06:40:32Z</time>
   </trkpt>
   <trkpt lat="49.6458880" lon="18.6276760">
    <ele>438.4</ele>
    <time>2026-05-23T06:40:33Z</time>
   </trkpt>
   <trkpt lat="49.6458790" lon="18.6276650">
    <ele>438.6</ele>
    <time>2026-05-23T06:40:34Z</time>
   </trkpt>
   <trkpt lat="49.6458690" lon="18.6276560">
    <ele>438.6</ele>
    <time>2026-05-23T06:40:35Z</time>
   </trkpt>
   <trkpt lat="49.6458600" lon="18.6276410">
    <ele>438.6</ele>
    <time>2026-05-23T06:40:36Z</time>
   </trkpt>
   <trkpt lat="49.6458510" lon="18.6276250">
    <ele>438.6</ele>
    <time>2026-05-23T06:40:37Z</time>
   </trkpt>
   <trkpt lat="49.6457810" lon="18.6275190">
    <ele>439.2</ele>
    <time>2026-05-23T06:40:42Z</time>
   </trkpt>
   <trkpt lat="49.6457660" lon="18.6274920">
    <ele>439.2</ele>
    <time>2026-05-23T06:40:43Z</time>
   </trkpt>
   <trkpt lat="49.6456800" lon="18.6273510">
    <ele>440.2</ele>
    <time>2026-05-23T06:40:48Z</time>
   </trkpt>
   <trkpt lat="49.6456650" lon="18.6273220">
    <ele>440.4</ele>
    <time>2026-05-23T06:40:49Z</time>
   </trkpt>
   <trkpt lat="49.6456500" lon="18.6272920">
    <ele>440.4</ele>
    <time>2026-05-23T06:40:50Z</time>
   </trkpt>
   <trkpt lat="49.6456350" lon="18.6272620">
    <ele>440.4</ele>
    <time>2026-05-23T06:40:51Z</time>
   </trkpt>
   <trkpt lat="49.6456220" lon="18.6272290">
    <ele>440.6</ele>
    <time>2026-05-23T06:40:52Z</time>
   </trkpt>
   <trkpt lat="49.6456090" lon="18.6271980">
    <ele>441.0</ele>
    <time>2026-05-23T06:40:53Z</time>
   </trkpt>
   <trkpt lat="49.6455960" lon="18.6271630">
    <ele>441.0</ele>
    <time>2026-05-23T06:40:54Z</time>
   </trkpt>
   <trkpt lat="49.6455830" lon="18.6271300">
    <ele>441.0</ele>
    <time>2026-05-23T06:40:55Z</time>
   </trkpt>
   <trkpt lat="49.6455680" lon="18.6270990">
    <ele>441.0</ele>
    <time>2026-05-23T06:40:56Z</time>
   </trkpt>
   <trkpt lat="49.6455530" lon="18.6270680">
    <ele>441.2</ele>
    <time>2026-05-23T06:40:57Z</time>
   </trkpt>
   <trkpt lat="49.6455390" lon="18.6270400">
    <ele>441.6</ele>
    <time>2026-05-23T06:40:58Z</time>
   </trkpt>
   <trkpt lat="49.6455270" lon="18.6270080">
    <ele>441.8</ele>
    <time>2026-05-23T06:40:59Z</time>
   </trkpt>
   <trkpt lat="49.6455160" lon="18.6269710">
    <ele>441.8</ele>
    <time>2026-05-23T06:41:00Z</time>
   </trkpt>
   <trkpt lat="49.6455050" lon="18.6269360">
    <ele>441.8</ele>
    <time>2026-05-23T06:41:01Z</time>
   </trkpt>
   <trkpt lat="49.6454930" lon="18.6269030">
    <ele>442.2</ele>
    <time>2026-05-23T06:41:02Z</time>
   </trkpt>
   <trkpt lat="49.6454820" lon="18.6268720">
    <ele>442.4</ele>
    <time>2026-05-23T06:41:03Z</time>
   </trkpt>
   <trkpt lat="49.6454700" lon="18.6268400">
    <ele>442.4</ele>
    <time>2026-05-23T06:41:04Z</time>
   </trkpt>
   <trkpt lat="49.6454580" lon="18.6268090">
    <ele>442.6</ele>
    <time>2026-05-23T06:41:05Z</time>
   </trkpt>
   <trkpt lat="49.6454450" lon="18.6267780">
    <ele>443.0</ele>
    <time>2026-05-23T06:41:06Z</time>
   </trkpt>
   <trkpt lat="49.6454300" lon="18.6267430">
    <ele>443.0</ele>
    <time>2026-05-23T06:41:07Z</time>
   </trkpt>
   <trkpt lat="49.6454190" lon="18.6267090">
    <ele>443.2</ele>
    <time>2026-05-23T06:41:08Z</time>
   </trkpt>
   <trkpt lat="49.6454070" lon="18.6266760">
    <ele>443.8</ele>
    <time>2026-05-23T06:41:09Z</time>
   </trkpt>
   <trkpt lat="49.6453950" lon="18.6266430">
    <ele>443.8</ele>
    <time>2026-05-23T06:41:10Z</time>
   </trkpt>
   <trkpt lat="49.6453830" lon="18.6266150">
    <ele>443.8</ele>
    <time>2026-05-23T06:41:11Z</time>
   </trkpt>
   <trkpt lat="49.6453680" lon="18.6265850">
    <ele>444.2</ele>
    <time>2026-05-23T06:41:12Z</time>
   </trkpt>
   <trkpt lat="49.6453520" lon="18.6265480">
    <ele>444.4</ele>
    <time>2026-05-23T06:41:13Z</time>
   </trkpt>
   <trkpt lat="49.6453420" lon="18.6265150">
    <ele>445.0</ele>
    <time>2026-05-23T06:41:14Z</time>
   </trkpt>
   <trkpt lat="49.6453310" lon="18.6264830">
    <ele>445.4</ele>
    <time>2026-05-23T06:41:15Z</time>
   </trkpt>
   <trkpt lat="49.6453180" lon="18.6264520">
    <ele>445.4</ele>
    <time>2026-05-23T06:41:16Z</time>
   </trkpt>
   <trkpt lat="49.6453060" lon="18.6264190">
    <ele>445.4</ele>
    <time>2026-05-23T06:41:17Z</time>
   </trkpt>
   <trkpt lat="49.6452930" lon="18.6263860">
    <ele>445.6</ele>
    <time>2026-05-23T06:41:18Z</time>
   </trkpt>
   <trkpt lat="49.6452800" lon="18.6263530">
    <ele>445.6</ele>
    <time>2026-05-23T06:41:19Z</time>
   </trkpt>
   <trkpt lat="49.6452690" lon="18.6263190">
    <ele>446.2</ele>
    <time>2026-05-23T06:41:20Z</time>
   </trkpt>
   <trkpt lat="49.6452590" lon="18.6262860">
    <ele>446.2</ele>
    <time>2026-05-23T06:41:21Z</time>
   </trkpt>
   <trkpt lat="49.6452500" lon="18.6262490">
    <ele>446.6</ele>
    <time>2026-05-23T06:41:22Z</time>
   </trkpt>
   <trkpt lat="49.6452360" lon="18.6262170">
    <ele>446.6</ele>
    <time>2026-05-23T06:41:23Z</time>
   </trkpt>
   <trkpt lat="49.6452210" lon="18.6261860">
    <ele>446.8</ele>
    <time>2026-05-23T06:41:24Z</time>
   </trkpt>
   <trkpt lat="49.6452090" lon="18.6261540">
    <ele>446.8</ele>
    <time>2026-05-23T06:41:25Z</time>
   </trkpt>
   <trkpt lat="49.6451950" lon="18.6261210">
    <ele>447.0</ele>
    <time>2026-05-23T06:41:26Z</time>
   </trkpt>
   <trkpt lat="49.6451800" lon="18.6260870">
    <ele>447.4</ele>
    <time>2026-05-23T06:41:27Z</time>
   </trkpt>
   <trkpt lat="49.6451670" lon="18.6260510">
    <ele>447.6</ele>
    <time>2026-05-23T06:41:28Z</time>
   </trkpt>
   <trkpt lat="49.6451530" lon="18.6260090">
    <ele>448.0</ele>
    <time>2026-05-23T06:41:29Z</time>
   </trkpt>
   <trkpt lat="49.6451420" lon="18.6259760">
    <ele>448.2</ele>
    <time>2026-05-23T06:41:30Z</time>
   </trkpt>
   <trkpt lat="49.6451340" lon="18.6259480">
    <ele>448.2</ele>
    <time>2026-05-23T06:41:31Z</time>
   </trkpt>
   <trkpt lat="49.6451230" lon="18.6259130">
    <ele>448.8</ele>
    <time>2026-05-23T06:41:32Z</time>
   </trkpt>
   <trkpt lat="49.6451120" lon="18.6258800">
    <ele>448.8</ele>
    <time>2026-05-23T06:41:33Z</time>
   </trkpt>
   <trkpt lat="49.6451000" lon="18.6258470">
    <ele>449.0</ele>
    <time>2026-05-23T06:41:34Z</time>
   </trkpt>
   <trkpt lat="49.6450890" lon="18.6258150">
    <ele>449.4</ele>
    <time>2026-05-23T06:41:35Z</time>
   </trkpt>
   <trkpt lat="49.6450790" lon="18.6257790">
    <ele>450.0</ele>
    <time>2026-05-23T06:41:36Z</time>
   </trkpt>
   <trkpt lat="49.6450680" lon="18.6257410">
    <ele>450.2</ele>
    <time>2026-05-23T06:41:37Z</time>
   </trkpt>
   <trkpt lat="49.6450570" lon="18.6257050">
    <ele>450.2</ele>
    <time>2026-05-23T06:41:38Z</time>
   </trkpt>
   <trkpt lat="49.6450460" lon="18.6256740">
    <ele>450.2</ele>
    <time>2026-05-23T06:41:39Z</time>
   </trkpt>
   <trkpt lat="49.6450350" lon="18.6256420">
    <ele>450.6</ele>
    <time>2026-05-23T06:41:40Z</time>
   </trkpt>
   <trkpt lat="49.6450230" lon="18.6256080">
    <ele>450.8</ele>
    <time>2026-05-23T06:41:41Z</time>
   </trkpt>
   <trkpt lat="49.6450120" lon="18.6255760">
    <ele>450.8</ele>
    <time>2026-05-23T06:41:42Z</time>
   </trkpt>
   <trkpt lat="49.6450010" lon="18.6255450">
    <ele>451.4</ele>
    <time>2026-05-23T06:41:43Z</time>
   </trkpt>
   <trkpt lat="49.6449920" lon="18.6255150">
    <ele>451.6</ele>
    <time>2026-05-23T06:41:44Z</time>
   </trkpt>
   <trkpt lat="49.6449830" lon="18.6254840">
    <ele>452.0</ele>
    <time>2026-05-23T06:41:45Z</time>
   </trkpt>
   <trkpt lat="49.6449700" lon="18.6254570">
    <ele>452.2</ele>
    <time>2026-05-23T06:41:46Z</time>
   </trkpt>
   <trkpt lat="49.6449550" lon="18.6254280">
    <ele>452.8</ele>
    <time>2026-05-23T06:41:47Z</time>
   </trkpt>
   <trkpt lat="49.6449400" lon="18.6253950">
    <ele>453.2</ele>
    <time>2026-05-23T06:41:48Z</time>
   </trkpt>
   <trkpt lat="49.6449290" lon="18.6253670">
    <ele>453.4</ele>
    <time>2026-05-23T06:41:49Z</time>
   </trkpt>
   <trkpt lat="49.6449190" lon="18.6253400">
    <ele>453.4</ele>
    <time>2026-05-23T06:41:50Z</time>
   </trkpt>
   <trkpt lat="49.6449090" lon="18.6253110">
    <ele>453.4</ele>
    <time>2026-05-23T06:41:51Z</time>
   </trkpt>
   <trkpt lat="49.6448970" lon="18.6252830">
    <ele>453.4</ele>
    <time>2026-05-23T06:41:52Z</time>
   </trkpt>
   <trkpt lat="49.6448830" lon="18.6252560">
    <ele>454.0</ele>
    <time>2026-05-23T06:41:53Z</time>
   </trkpt>
   <trkpt lat="49.6448670" lon="18.6252310">
    <ele>454.2</ele>
    <time>2026-05-23T06:41:54Z</time>
   </trkpt>
   <trkpt lat="49.6448530" lon="18.6252070">
    <ele>454.8</ele>
    <time>2026-05-23T06:41:55Z</time>
   </trkpt>
   <trkpt lat="49.6448410" lon="18.6251790">
    <ele>455.2</ele>
    <time>2026-05-23T06:41:56Z</time>
   </trkpt>
   <trkpt lat="49.6448290" lon="18.6251510">
    <ele>455.2</ele>
    <time>2026-05-23T06:41:57Z</time>
   </trkpt>
   <trkpt lat="49.6448170" lon="18.6251240">
    <ele>455.4</ele>
    <time>2026-05-23T06:41:58Z</time>
   </trkpt>
   <trkpt lat="49.6448050" lon="18.6250960">
    <ele>455.4</ele>
    <time>2026-05-23T06:41:59Z</time>
   </trkpt>
   <trkpt lat="49.6447920" lon="18.6250680">
    <ele>455.4</ele>
    <time>2026-05-23T06:42:00Z</time>
   </trkpt>
   <trkpt lat="49.6447810" lon="18.6250420">
    <ele>456.0</ele>
    <time>2026-05-23T06:42:01Z</time>
   </trkpt>
   <trkpt lat="49.6447690" lon="18.6250160">
    <ele>456.0</ele>
    <time>2026-05-23T06:42:02Z</time>
   </trkpt>
   <trkpt lat="49.6447550" lon="18.6249870">
    <ele>456.4</ele>
    <time>2026-05-23T06:42:03Z</time>
   </trkpt>
   <trkpt lat="49.6447410" lon="18.6249620">
    <ele>456.4</ele>
    <time>2026-05-23T06:42:04Z</time>
   </trkpt>
   <trkpt lat="49.6447300" lon="18.6249360">
    <ele>456.6</ele>
    <time>2026-05-23T06:42:05Z</time>
   </trkpt>
   <trkpt lat="49.6447200" lon="18.6249060">
    <ele>456.6</ele>
    <time>2026-05-23T06:42:06Z</time>
   </trkpt>
   <trkpt lat="49.6447110" lon="18.6248770">
    <ele>457.4</ele>
    <time>2026-05-23T06:42:07Z</time>
   </trkpt>
   <trkpt lat="49.6447020" lon="18.6248470">
    <ele>457.4</ele>
    <time>2026-05-23T06:42:08Z</time>
   </trkpt>
   <trkpt lat="49.6446930" lon="18.6248160">
    <ele>457.8</ele>
    <time>2026-05-23T06:42:09Z</time>
   </trkpt>
   <trkpt lat="49.6446850" lon="18.6247840">
    <ele>457.8</ele>
    <time>2026-05-23T06:42:10Z</time>
   </trkpt>
   <trkpt lat="49.6446780" lon="18.6247510">
    <ele>458.0</ele>
    <time>2026-05-23T06:42:11Z</time>
   </trkpt>
   <trkpt lat="49.6446700" lon="18.6247230">
    <ele>458.0</ele>
    <time>2026-05-23T06:42:12Z</time>
   </trkpt>
   <trkpt lat="49.6446630" lon="18.6246910">
    <ele>458.4</ele>
    <time>2026-05-23T06:42:13Z</time>
   </trkpt>
   <trkpt lat="49.6446550" lon="18.6246620">
    <ele>458.6</ele>
    <time>2026-05-23T06:42:14Z</time>
   </trkpt>
   <trkpt lat="49.6446460" lon="18.6246330">
    <ele>458.6</ele>
    <time>2026-05-23T06:42:15Z</time>
   </trkpt>
   <trkpt lat="49.6446370" lon="18.6246050">
    <ele>459.0</ele>
    <time>2026-05-23T06:42:16Z</time>
   </trkpt>
   <trkpt lat="49.6446300" lon="18.6245740">
    <ele>459.2</ele>
    <time>2026-05-23T06:42:17Z</time>
   </trkpt>
   <trkpt lat="49.6446210" lon="18.6245420">
    <ele>459.2</ele>
    <time>2026-05-23T06:42:18Z</time>
   </trkpt>
   <trkpt lat="49.6446160" lon="18.6245100">
    <ele>459.2</ele>
    <time>2026-05-23T06:42:19Z</time>
   </trkpt>
   <trkpt lat="49.6446110" lon="18.6244760">
    <ele>459.4</ele>
    <time>2026-05-23T06:42:20Z</time>
   </trkpt>
   <trkpt lat="49.6446040" lon="18.6244440">
    <ele>459.4</ele>
    <time>2026-05-23T06:42:21Z</time>
   </trkpt>
   <trkpt lat="49.6445960" lon="18.6244110">
    <ele>459.8</ele>
    <time>2026-05-23T06:42:22Z</time>
   </trkpt>
   <trkpt lat="49.6445900" lon="18.6243760">
    <ele>460.0</ele>
    <time>2026-05-23T06:42:23Z</time>
   </trkpt>
   <trkpt lat="49.6445830" lon="18.6243420">
    <ele>460.0</ele>
    <time>2026-05-23T06:42:24Z</time>
   </trkpt>
   <trkpt lat="49.6445740" lon="18.6243100">
    <ele>460.4</ele>
    <time>2026-05-23T06:42:25Z</time>
   </trkpt>
   <trkpt lat="49.6445650" lon="18.6242780">
    <ele>460.4</ele>
    <time>2026-05-23T06:42:26Z</time>
   </trkpt>
   <trkpt lat="49.6445550" lon="18.6242450">
    <ele>460.6</ele>
    <time>2026-05-23T06:42:27Z</time>
   </trkpt>
   <trkpt lat="49.6445510" lon="18.6242120">
    <ele>461.2</ele>
    <time>2026-05-23T06:42:28Z</time>
   </trkpt>
   <trkpt lat="49.6445470" lon="18.6241750">
    <ele>461.2</ele>
    <time>2026-05-23T06:42:29Z</time>
   </trkpt>
   <trkpt lat="49.6445420" lon="18.6241380">
    <ele>461.2</ele>
    <time>2026-05-23T06:42:30Z</time>
   </trkpt>
   <trkpt lat="49.6445350" lon="18.6241020">
    <ele>461.2</ele>
    <time>2026-05-23T06:42:31Z</time>
   </trkpt>
   <trkpt lat="49.6445270" lon="18.6240680">
    <ele>461.6</ele>
    <time>2026-05-23T06:42:32Z</time>
   </trkpt>
   <trkpt lat="49.6445190" lon="18.6240310">
    <ele>461.6</ele>
    <time>2026-05-23T06:42:33Z</time>
   </trkpt>
   <trkpt lat="49.6445110" lon="18.6239910">
    <ele>461.6</ele>
    <time>2026-05-23T06:42:34Z</time>
   </trkpt>
   <trkpt lat="49.6445030" lon="18.6239530">
    <ele>461.8</ele>
    <time>2026-05-23T06:42:35Z</time>
   </trkpt>
   <trkpt lat="49.6444960" lon="18.6239130">
    <ele>461.8</ele>
    <time>2026-05-23T06:42:36Z</time>
   </trkpt>
   <trkpt lat="49.6444890" lon="18.6238730">
    <ele>461.8</ele>
    <time>2026-05-23T06:42:37Z</time>
   </trkpt>
   <trkpt lat="49.6444820" lon="18.6238330">
    <ele>461.8</ele>
    <time>2026-05-23T06:42:38Z</time>
   </trkpt>
   <trkpt lat="49.6444760" lon="18.6237930">
    <ele>461.8</ele>
    <time>2026-05-23T06:42:39Z</time>
   </trkpt>
   <trkpt lat="49.6444690" lon="18.6237540">
    <ele>461.8</ele>
    <time>2026-05-23T06:42:40Z</time>
   </trkpt>
   <trkpt lat="49.6444610" lon="18.6237130">
    <ele>462.0</ele>
    <time>2026-05-23T06:42:41Z</time>
   </trkpt>
   <trkpt lat="49.6444520" lon="18.6236740">
    <ele>462.6</ele>
    <time>2026-05-23T06:42:42Z</time>
   </trkpt>
   <trkpt lat="49.6444400" lon="18.6236380">
    <ele>463.0</ele>
    <time>2026-05-23T06:42:43Z</time>
   </trkpt>
   <trkpt lat="49.6444300" lon="18.6236010">
    <ele>463.0</ele>
    <time>2026-05-23T06:42:44Z</time>
   </trkpt>
   <trkpt lat="49.6444220" lon="18.6235620">
    <ele>463.2</ele>
    <time>2026-05-23T06:42:45Z</time>
   </trkpt>
   <trkpt lat="49.6444150" lon="18.6235210">
    <ele>463.2</ele>
    <time>2026-05-23T06:42:46Z</time>
   </trkpt>
   <trkpt lat="49.6444060" lon="18.6234820">
    <ele>463.8</ele>
    <time>2026-05-23T06:42:47Z</time>
   </trkpt>
   <trkpt lat="49.6443970" lon="18.6234410">
    <ele>463.8</ele>
    <time>2026-05-23T06:42:48Z</time>
   </trkpt>
   <trkpt lat="49.6443900" lon="18.6234020">
    <ele>463.8</ele>
    <time>2026-05-23T06:42:49Z</time>
   </trkpt>
   <trkpt lat="49.6443810" lon="18.6233620">
    <ele>464.2</ele>
    <time>2026-05-23T06:42:50Z</time>
   </trkpt>
   <trkpt lat="49.6443700" lon="18.6233240">
    <ele>464.2</ele>
    <time>2026-05-23T06:42:51Z</time>
   </trkpt>
   <trkpt lat="49.6443600" lon="18.6232860">
    <ele>464.2</ele>
    <time>2026-05-23T06:42:52Z</time>
   </trkpt>
   <trkpt lat="49.6443490" lon="18.6232450">
    <ele>464.4</ele>
    <time>2026-05-23T06:42:53Z</time>
   </trkpt>
   <trkpt lat="49.6443370" lon="18.6232070">
    <ele>464.4</ele>
    <time>2026-05-23T06:42:54Z</time>
   </trkpt>
   <trkpt lat="49.6443230" lon="18.6231690">
    <ele>464.4</ele>
    <time>2026-05-23T06:42:55Z</time>
   </trkpt>
   <trkpt lat="49.6443100" lon="18.6231290">
    <ele>464.4</ele>
    <time>2026-05-23T06:42:56Z</time>
   </trkpt>
   <trkpt lat="49.6442990" lon="18.6230870">
    <ele>464.4</ele>
    <time>2026-05-23T06:42:57Z</time>
   </trkpt>
   <trkpt lat="49.6442860" lon="18.6230480">
    <ele>464.6</ele>
    <time>2026-05-23T06:42:58Z</time>
   </trkpt>
   <trkpt lat="49.6442690" lon="18.6230070">
    <ele>465.0</ele>
    <time>2026-05-23T06:42:59Z</time>
   </trkpt>
   <trkpt lat="49.6442520" lon="18.6229690">
    <ele>465.0</ele>
    <time>2026-05-23T06:43:00Z</time>
   </trkpt>
   <trkpt lat="49.6442350" lon="18.6229280">
    <ele>465.0</ele>
    <time>2026-05-23T06:43:01Z</time>
   </trkpt>
   <trkpt lat="49.6442200" lon="18.6228840">
    <ele>465.0</ele>
    <time>2026-05-23T06:43:02Z</time>
   </trkpt>
   <trkpt lat="49.6442060" lon="18.6228400">
    <ele>465.0</ele>
    <time>2026-05-23T06:43:03Z</time>
   </trkpt>
   <trkpt lat="49.6441900" lon="18.6227970">
    <ele>465.2</ele>
    <time>2026-05-23T06:43:04Z</time>
   </trkpt>
   <trkpt lat="49.6441720" lon="18.6227610">
    <ele>465.6</ele>
    <time>2026-05-23T06:43:05Z</time>
   </trkpt>
   <trkpt lat="49.6441560" lon="18.6227250">
    <ele>465.6</ele>
    <time>2026-05-23T06:43:06Z</time>
   </trkpt>
   <trkpt lat="49.6441440" lon="18.6226870">
    <ele>465.8</ele>
    <time>2026-05-23T06:43:07Z</time>
   </trkpt>
   <trkpt lat="49.6441340" lon="18.6226430">
    <ele>466.2</ele>
    <time>2026-05-23T06:43:08Z</time>
   </trkpt>
   <trkpt lat="49.6441210" lon="18.6225970">
    <ele>466.2</ele>
    <time>2026-05-23T06:43:09Z</time>
   </trkpt>
   <trkpt lat="49.6441090" lon="18.6225500">
    <ele>466.2</ele>
    <time>2026-05-23T06:43:10Z</time>
   </trkpt>
   <trkpt lat="49.6440960" lon="18.6224980">
    <ele>466.2</ele>
    <time>2026-05-23T06:43:11Z</time>
   </trkpt>
   <trkpt lat="49.6440850" lon="18.6224420">
    <ele>466.2</ele>
    <time>2026-05-23T06:43:12Z</time>
   </trkpt>
   <trkpt lat="49.6440740" lon="18.6223790">
    <ele>466.2</ele>
    <time>2026-05-23T06:43:13Z</time>
   </trkpt>
   <trkpt lat="49.6440620" lon="18.6223140">
    <ele>465.8</ele>
    <time>2026-05-23T06:43:14Z</time>
   </trkpt>
   <trkpt lat="49.6440440" lon="18.6222500">
    <ele>465.6</ele>
    <time>2026-05-23T06:43:15Z</time>
   </trkpt>
   <trkpt lat="49.6440260" lon="18.6221830">
    <ele>465.2</ele>
    <time>2026-05-23T06:43:16Z</time>
   </trkpt>
   <trkpt lat="49.6439850" lon="18.6220410">
    <ele>464.4</ele>
    <time>2026-05-23T06:43:18Z</time>
   </trkpt>
   <trkpt lat="49.6438890" lon="18.6218370">
    <ele>463.8</ele>
    <time>2026-05-23T06:43:21Z</time>
   </trkpt>
   <trkpt lat="49.6438530" lon="18.6217630">
    <ele>463.2</ele>
    <time>2026-05-23T06:43:22Z</time>
   </trkpt>
   <trkpt lat="49.6437360" lon="18.6215260">
    <ele>462.6</ele>
    <time>2026-05-23T06:43:25Z</time>
   </trkpt>
   <trkpt lat="49.6436560" lon="18.6213540">
    <ele>461.2</ele>
    <time>2026-05-23T06:43:27Z</time>
   </trkpt>
   <trkpt lat="49.6436090" lon="18.6211480">
    <ele>460.0</ele>
    <time>2026-05-23T06:43:29Z</time>
   </trkpt>
   <trkpt lat="49.6435890" lon="18.6210450">
    <ele>459.8</ele>
    <time>2026-05-23T06:43:30Z</time>
   </trkpt>
   <trkpt lat="49.6435660" lon="18.6209510">
    <ele>459.8</ele>
    <time>2026-05-23T06:43:31Z</time>
   </trkpt>
   <trkpt lat="49.6435440" lon="18.6208630">
    <ele>459.8</ele>
    <time>2026-05-23T06:43:32Z</time>
   </trkpt>
   <trkpt lat="49.6435230" lon="18.6207860">
    <ele>459.8</ele>
    <time>2026-05-23T06:43:33Z</time>
   </trkpt>
   <trkpt lat="49.6435040" lon="18.6207230">
    <ele>460.4</ele>
    <time>2026-05-23T06:43:34Z</time>
   </trkpt>
   <trkpt lat="49.6434870" lon="18.6206690">
    <ele>460.6</ele>
    <time>2026-05-23T06:43:35Z</time>
   </trkpt>
   <trkpt lat="49.6434750" lon="18.6206210">
    <ele>461.0</ele>
    <time>2026-05-23T06:43:36Z</time>
   </trkpt>
   <trkpt lat="49.6434640" lon="18.6205780">
    <ele>461.2</ele>
    <time>2026-05-23T06:43:37Z</time>
   </trkpt>
   <trkpt lat="49.6434510" lon="18.6205350">
    <ele>461.2</ele>
    <time>2026-05-23T06:43:38Z</time>
   </trkpt>
   <trkpt lat="49.6434400" lon="18.6204980">
    <ele>461.6</ele>
    <time>2026-05-23T06:43:39Z</time>
   </trkpt>
   <trkpt lat="49.6434300" lon="18.6204570">
    <ele>461.6</ele>
    <time>2026-05-23T06:43:40Z</time>
   </trkpt>
   <trkpt lat="49.6434220" lon="18.6204160">
    <ele>461.8</ele>
    <time>2026-05-23T06:43:41Z</time>
   </trkpt>
   <trkpt lat="49.6434140" lon="18.6203740">
    <ele>461.8</ele>
    <time>2026-05-23T06:43:42Z</time>
   </trkpt>
   <trkpt lat="49.6433990" lon="18.6202950">
    <ele>462.0</ele>
    <time>2026-05-23T06:43:44Z</time>
   </trkpt>
   <trkpt lat="49.6433840" lon="18.6202630">
    <ele>462.4</ele>
    <time>2026-05-23T06:43:45Z</time>
   </trkpt>
   <trkpt lat="49.6433640" lon="18.6201740">
    <ele>463.8</ele>
    <time>2026-05-23T06:43:47Z</time>
   </trkpt>
   <trkpt lat="49.6433070" lon="18.6199710">
    <ele>464.4</ele>
    <time>2026-05-23T06:43:51Z</time>
   </trkpt>
   <trkpt lat="49.6432750" lon="18.6199420">
    <ele>464.4</ele>
    <time>2026-05-23T06:43:52Z</time>
   </trkpt>
   <trkpt lat="49.6432440" lon="18.6199210">
    <ele>464.4</ele>
    <time>2026-05-23T06:43:53Z</time>
   </trkpt>
   <trkpt lat="49.6432160" lon="18.6199030">
    <ele>464.4</ele>
    <time>2026-05-23T06:43:54Z</time>
   </trkpt>
   <trkpt lat="49.6431910" lon="18.6198870">
    <ele>464.4</ele>
    <time>2026-05-23T06:43:55Z</time>
   </trkpt>
   <trkpt lat="49.6431640" lon="18.6198710">
    <ele>464.6</ele>
    <time>2026-05-23T06:43:56Z</time>
   </trkpt>
   <trkpt lat="49.6431370" lon="18.6198570">
    <ele>465.0</ele>
    <time>2026-05-23T06:43:57Z</time>
   </trkpt>
   <trkpt lat="49.6431070" lon="18.6198400">
    <ele>465.6</ele>
    <time>2026-05-23T06:43:58Z</time>
   </trkpt>
   <trkpt lat="49.6430810" lon="18.6198170">
    <ele>465.6</ele>
    <time>2026-05-23T06:43:59Z</time>
   </trkpt>
   <trkpt lat="49.6430510" lon="18.6197950">
    <ele>466.2</ele>
    <time>2026-05-23T06:44:00Z</time>
   </trkpt>
   <trkpt lat="49.6430200" lon="18.6197750">
    <ele>466.4</ele>
    <time>2026-05-23T06:44:01Z</time>
   </trkpt>
   <trkpt lat="49.6429910" lon="18.6197490">
    <ele>467.0</ele>
    <time>2026-05-23T06:44:02Z</time>
   </trkpt>
   <trkpt lat="49.6429650" lon="18.6197200">
    <ele>467.0</ele>
    <time>2026-05-23T06:44:03Z</time>
   </trkpt>
   <trkpt lat="49.6429390" lon="18.6196900">
    <ele>467.0</ele>
    <time>2026-05-23T06:44:04Z</time>
   </trkpt>
   <trkpt lat="49.6429120" lon="18.6196580">
    <ele>467.4</ele>
    <time>2026-05-23T06:44:05Z</time>
   </trkpt>
   <trkpt lat="49.6428820" lon="18.6196320">
    <ele>467.6</ele>
    <time>2026-05-23T06:44:06Z</time>
   </trkpt>
   <trkpt lat="49.6428530" lon="18.6196090">
    <ele>467.8</ele>
    <time>2026-05-23T06:44:07Z</time>
   </trkpt>
   <trkpt lat="49.6428230" lon="18.6195890">
    <ele>467.8</ele>
    <time>2026-05-23T06:44:08Z</time>
   </trkpt>
   <trkpt lat="49.6427920" lon="18.6195670">
    <ele>468.2</ele>
    <time>2026-05-23T06:44:09Z</time>
   </trkpt>
   <trkpt lat="49.6427630" lon="18.6195480">
    <ele>468.2</ele>
    <time>2026-05-23T06:44:10Z</time>
   </trkpt>
   <trkpt lat="49.6427320" lon="18.6195370">
    <ele>468.4</ele>
    <time>2026-05-23T06:44:11Z</time>
   </trkpt>
   <trkpt lat="49.6427010" lon="18.6195320">
    <ele>468.4</ele>
    <time>2026-05-23T06:44:12Z</time>
   </trkpt>
   <trkpt lat="49.6426700" lon="18.6195270">
    <ele>468.4</ele>
    <time>2026-05-23T06:44:13Z</time>
   </trkpt>
   <trkpt lat="49.6426390" lon="18.6195250">
    <ele>468.8</ele>
    <time>2026-05-23T06:44:14Z</time>
   </trkpt>
   <trkpt lat="49.6426060" lon="18.6195230">
    <ele>468.8</ele>
    <time>2026-05-23T06:44:15Z</time>
   </trkpt>
   <trkpt lat="49.6425740" lon="18.6195220">
    <ele>469.4</ele>
    <time>2026-05-23T06:44:16Z</time>
   </trkpt>
   <trkpt lat="49.6425420" lon="18.6195190">
    <ele>469.6</ele>
    <time>2026-05-23T06:44:17Z</time>
   </trkpt>
   <trkpt lat="49.6425090" lon="18.6195140">
    <ele>469.8</ele>
    <time>2026-05-23T06:44:18Z</time>
   </trkpt>
   <trkpt lat="49.6424790" lon="18.6195080">
    <ele>470.2</ele>
    <time>2026-05-23T06:44:19Z</time>
   </trkpt>
   <trkpt lat="49.6424480" lon="18.6195050">
    <ele>470.2</ele>
    <time>2026-05-23T06:44:20Z</time>
   </trkpt>
   <trkpt lat="49.6424160" lon="18.6195020">
    <ele>470.8</ele>
    <time>2026-05-23T06:44:21Z</time>
   </trkpt>
   <trkpt lat="49.6423870" lon="18.6195000">
    <ele>470.8</ele>
    <time>2026-05-23T06:44:22Z</time>
   </trkpt>
   <trkpt lat="49.6423600" lon="18.6194960">
    <ele>471.0</ele>
    <time>2026-05-23T06:44:23Z</time>
   </trkpt>
   <trkpt lat="49.6423340" lon="18.6194870">
    <ele>471.4</ele>
    <time>2026-05-23T06:44:24Z</time>
   </trkpt>
   <trkpt lat="49.6423040" lon="18.6194810">
    <ele>471.4</ele>
    <time>2026-05-23T06:44:25Z</time>
   </trkpt>
   <trkpt lat="49.6422710" lon="18.6194700">
    <ele>472.2</ele>
    <time>2026-05-23T06:44:26Z</time>
   </trkpt>
   <trkpt lat="49.6422410" lon="18.6194590">
    <ele>472.2</ele>
    <time>2026-05-23T06:44:27Z</time>
   </trkpt>
   <trkpt lat="49.6422090" lon="18.6194480">
    <ele>472.6</ele>
    <time>2026-05-23T06:44:28Z</time>
   </trkpt>
   <trkpt lat="49.6421790" lon="18.6194330">
    <ele>472.6</ele>
    <time>2026-05-23T06:44:29Z</time>
   </trkpt>
   <trkpt lat="49.6421480" lon="18.6194210">
    <ele>472.6</ele>
    <time>2026-05-23T06:44:30Z</time>
   </trkpt>
   <trkpt lat="49.6421170" lon="18.6194090">
    <ele>472.8</ele>
    <time>2026-05-23T06:44:31Z</time>
   </trkpt>
   <trkpt lat="49.6420890" lon="18.6193950">
    <ele>473.0</ele>
    <time>2026-05-23T06:44:32Z</time>
   </trkpt>
   <trkpt lat="49.6420610" lon="18.6193770">
    <ele>473.4</ele>
    <time>2026-05-23T06:44:33Z</time>
   </trkpt>
   <trkpt lat="49.6420330" lon="18.6193590">
    <ele>473.6</ele>
    <time>2026-05-23T06:44:34Z</time>
   </trkpt>
   <trkpt lat="49.6420060" lon="18.6193410">
    <ele>473.6</ele>
    <time>2026-05-23T06:44:35Z</time>
   </trkpt>
   <trkpt lat="49.6419790" lon="18.6193210">
    <ele>474.2</ele>
    <time>2026-05-23T06:44:36Z</time>
   </trkpt>
   <trkpt lat="49.6419530" lon="18.6193000">
    <ele>474.6</ele>
    <time>2026-05-23T06:44:37Z</time>
   </trkpt>
   <trkpt lat="49.6419270" lon="18.6192800">
    <ele>474.8</ele>
    <time>2026-05-23T06:44:38Z</time>
   </trkpt>
   <trkpt lat="49.6419000" lon="18.6192600">
    <ele>474.8</ele>
    <time>2026-05-23T06:44:39Z</time>
   </trkpt>
   <trkpt lat="49.6418700" lon="18.6192420">
    <ele>474.8</ele>
    <time>2026-05-23T06:44:40Z</time>
   </trkpt>
   <trkpt lat="49.6418420" lon="18.6192260">
    <ele>475.4</ele>
    <time>2026-05-23T06:44:41Z</time>
   </trkpt>
   <trkpt lat="49.6418180" lon="18.6192060">
    <ele>475.4</ele>
    <time>2026-05-23T06:44:42Z</time>
   </trkpt>
   <trkpt lat="49.6417910" lon="18.6191880">
    <ele>476.0</ele>
    <time>2026-05-23T06:44:43Z</time>
   </trkpt>
   <trkpt lat="49.6417620" lon="18.6191690">
    <ele>476.0</ele>
    <time>2026-05-23T06:44:44Z</time>
   </trkpt>
   <trkpt lat="49.6417350" lon="18.6191490">
    <ele>476.0</ele>
    <time>2026-05-23T06:44:45Z</time>
   </trkpt>
   <trkpt lat="49.6417060" lon="18.6191300">
    <ele>476.2</ele>
    <time>2026-05-23T06:44:46Z</time>
   </trkpt>
   <trkpt lat="49.6416790" lon="18.6191150">
    <ele>476.8</ele>
    <time>2026-05-23T06:44:47Z</time>
   </trkpt>
   <trkpt lat="49.6416500" lon="18.6191010">
    <ele>477.2</ele>
    <time>2026-05-23T06:44:48Z</time>
   </trkpt>
   <trkpt lat="49.6416210" lon="18.6190850">
    <ele>477.2</ele>
    <time>2026-05-23T06:44:49Z</time>
   </trkpt>
   <trkpt lat="49.6415920" lon="18.6190680">
    <ele>477.4</ele>
    <time>2026-05-23T06:44:50Z</time>
   </trkpt>
   <trkpt lat="49.6415640" lon="18.6190480">
    <ele>477.8</ele>
    <time>2026-05-23T06:44:51Z</time>
   </trkpt>
   <trkpt lat="49.6415380" lon="18.6190280">
    <ele>477.8</ele>
    <time>2026-05-23T06:44:52Z</time>
   </trkpt>
   <trkpt lat="49.6415130" lon="18.6190060">
    <ele>478.2</ele>
    <time>2026-05-23T06:44:53Z</time>
   </trkpt>
   <trkpt lat="49.6414910" lon="18.6189900">
    <ele>478.6</ele>
    <time>2026-05-23T06:44:54Z</time>
   </trkpt>
   <trkpt lat="49.6414690" lon="18.6189760">
    <ele>478.6</ele>
    <time>2026-05-23T06:44:55Z</time>
   </trkpt>
   <trkpt lat="49.6414470" lon="18.6189600">
    <ele>478.8</ele>
    <time>2026-05-23T06:44:56Z</time>
   </trkpt>
   <trkpt lat="49.6414200" lon="18.6189410">
    <ele>478.8</ele>
    <time>2026-05-23T06:44:57Z</time>
   </trkpt>
   <trkpt lat="49.6413930" lon="18.6189190">
    <ele>479.2</ele>
    <time>2026-05-23T06:44:58Z</time>
   </trkpt>
   <trkpt lat="49.6413670" lon="18.6188960">
    <ele>479.2</ele>
    <time>2026-05-23T06:44:59Z</time>
   </trkpt>
   <trkpt lat="49.6413390" lon="18.6188760">
    <ele>479.8</ele>
    <time>2026-05-23T06:45:00Z</time>
   </trkpt>
   <trkpt lat="49.6413110" lon="18.6188550">
    <ele>480.0</ele>
    <time>2026-05-23T06:45:01Z</time>
   </trkpt>
   <trkpt lat="49.6412820" lon="18.6188380">
    <ele>480.0</ele>
    <time>2026-05-23T06:45:02Z</time>
   </trkpt>
   <trkpt lat="49.6412530" lon="18.6188210">
    <ele>480.0</ele>
    <time>2026-05-23T06:45:03Z</time>
   </trkpt>
   <trkpt lat="49.6412280" lon="18.6188020">
    <ele>480.6</ele>
    <time>2026-05-23T06:45:04Z</time>
   </trkpt>
   <trkpt lat="49.6412020" lon="18.6187870">
    <ele>480.8</ele>
    <time>2026-05-23T06:45:05Z</time>
   </trkpt>
   <trkpt lat="49.6411720" lon="18.6187720">
    <ele>481.2</ele>
    <time>2026-05-23T06:45:06Z</time>
   </trkpt>
   <trkpt lat="49.6411430" lon="18.6187570">
    <ele>481.2</ele>
    <time>2026-05-23T06:45:07Z</time>
   </trkpt>
   <trkpt lat="49.6411150" lon="18.6187390">
    <ele>481.4</ele>
    <time>2026-05-23T06:45:08Z</time>
   </trkpt>
   <trkpt lat="49.6410870" lon="18.6187200">
    <ele>481.8</ele>
    <time>2026-05-23T06:45:09Z</time>
   </trkpt>
   <trkpt lat="49.6410580" lon="18.6187010">
    <ele>481.8</ele>
    <time>2026-05-23T06:45:10Z</time>
   </trkpt>
   <trkpt lat="49.6410310" lon="18.6186790">
    <ele>481.8</ele>
    <time>2026-05-23T06:45:11Z</time>
   </trkpt>
   <trkpt lat="49.6410030" lon="18.6186610">
    <ele>482.0</ele>
    <time>2026-05-23T06:45:12Z</time>
   </trkpt>
   <trkpt lat="49.6409760" lon="18.6186420">
    <ele>482.6</ele>
    <time>2026-05-23T06:45:13Z</time>
   </trkpt>
   <trkpt lat="49.6409480" lon="18.6186260">
    <ele>483.0</ele>
    <time>2026-05-23T06:45:14Z</time>
   </trkpt>
   <trkpt lat="49.6409210" lon="18.6186080">
    <ele>483.2</ele>
    <time>2026-05-23T06:45:15Z</time>
   </trkpt>
   <trkpt lat="49.6408960" lon="18.6185850">
    <ele>483.6</ele>
    <time>2026-05-23T06:45:16Z</time>
   </trkpt>
   <trkpt lat="49.6408700" lon="18.6185590">
    <ele>483.6</ele>
    <time>2026-05-23T06:45:17Z</time>
   </trkpt>
   <trkpt lat="49.6408440" lon="18.6185330">
    <ele>483.8</ele>
    <time>2026-05-23T06:45:18Z</time>
   </trkpt>
   <trkpt lat="49.6408170" lon="18.6185080">
    <ele>484.2</ele>
    <time>2026-05-23T06:45:19Z</time>
   </trkpt>
   <trkpt lat="49.6407900" lon="18.6184830">
    <ele>484.6</ele>
    <time>2026-05-23T06:45:20Z</time>
   </trkpt>
   <trkpt lat="49.6407620" lon="18.6184580">
    <ele>485.0</ele>
    <time>2026-05-23T06:45:21Z</time>
   </trkpt>
   <trkpt lat="49.6407370" lon="18.6184330">
    <ele>485.0</ele>
    <time>2026-05-23T06:45:22Z</time>
   </trkpt>
   <trkpt lat="49.6407120" lon="18.6184060">
    <ele>485.0</ele>
    <time>2026-05-23T06:45:23Z</time>
   </trkpt>
   <trkpt lat="49.6406860" lon="18.6183830">
    <ele>485.2</ele>
    <time>2026-05-23T06:45:24Z</time>
   </trkpt>
   <trkpt lat="49.6406580" lon="18.6183580">
    <ele>485.6</ele>
    <time>2026-05-23T06:45:25Z</time>
   </trkpt>
   <trkpt lat="49.6406310" lon="18.6183350">
    <ele>485.8</ele>
    <time>2026-05-23T06:45:26Z</time>
   </trkpt>
   <trkpt lat="49.6406060" lon="18.6183100">
    <ele>486.2</ele>
    <time>2026-05-23T06:45:27Z</time>
   </trkpt>
   <trkpt lat="49.6405790" lon="18.6182840">
    <ele>486.4</ele>
    <time>2026-05-23T06:45:28Z</time>
   </trkpt>
   <trkpt lat="49.6405540" lon="18.6182550">
    <ele>486.4</ele>
    <time>2026-05-23T06:45:29Z</time>
   </trkpt>
   <trkpt lat="49.6405270" lon="18.6182260">
    <ele>486.6</ele>
    <time>2026-05-23T06:45:30Z</time>
   </trkpt>
   <trkpt lat="49.6405010" lon="18.6181970">
    <ele>487.0</ele>
    <time>2026-05-23T06:45:31Z</time>
   </trkpt>
   <trkpt lat="49.6404740" lon="18.6181680">
    <ele>487.0</ele>
    <time>2026-05-23T06:45:32Z</time>
   </trkpt>
   <trkpt lat="49.6404480" lon="18.6181400">
    <ele>487.0</ele>
    <time>2026-05-23T06:45:33Z</time>
   </trkpt>
   <trkpt lat="49.6404210" lon="18.6181130">
    <ele>487.2</ele>
    <time>2026-05-23T06:45:34Z</time>
   </trkpt>
   <trkpt lat="49.6403950" lon="18.6180870">
    <ele>487.2</ele>
    <time>2026-05-23T06:45:35Z</time>
   </trkpt>
   <trkpt lat="49.6403690" lon="18.6180640">
    <ele>487.6</ele>
    <time>2026-05-23T06:45:36Z</time>
   </trkpt>
   <trkpt lat="49.6403440" lon="18.6180390">
    <ele>487.8</ele>
    <time>2026-05-23T06:45:37Z</time>
   </trkpt>
   <trkpt lat="49.6403180" lon="18.6180130">
    <ele>488.2</ele>
    <time>2026-05-23T06:45:38Z</time>
   </trkpt>
   <trkpt lat="49.6402940" lon="18.6179860">
    <ele>488.4</ele>
    <time>2026-05-23T06:45:39Z</time>
   </trkpt>
   <trkpt lat="49.6402670" lon="18.6179580">
    <ele>488.4</ele>
    <time>2026-05-23T06:45:40Z</time>
   </trkpt>
   <trkpt lat="49.6402410" lon="18.6179350">
    <ele>488.4</ele>
    <time>2026-05-23T06:45:41Z</time>
   </trkpt>
   <trkpt lat="49.6402160" lon="18.6179100">
    <ele>488.4</ele>
    <time>2026-05-23T06:45:42Z</time>
   </trkpt>
   <trkpt lat="49.6401900" lon="18.6178830">
    <ele>489.0</ele>
    <time>2026-05-23T06:45:43Z</time>
   </trkpt>
   <trkpt lat="49.6401640" lon="18.6178600">
    <ele>489.0</ele>
    <time>2026-05-23T06:45:44Z</time>
   </trkpt>
   <trkpt lat="49.6401390" lon="18.6178350">
    <ele>489.2</ele>
    <time>2026-05-23T06:45:45Z</time>
   </trkpt>
   <trkpt lat="49.6401110" lon="18.6178140">
    <ele>489.6</ele>
    <time>2026-05-23T06:45:46Z</time>
   </trkpt>
   <trkpt lat="49.6400840" lon="18.6177900">
    <ele>489.8</ele>
    <time>2026-05-23T06:45:47Z</time>
   </trkpt>
   <trkpt lat="49.6400570" lon="18.6177650">
    <ele>490.2</ele>
    <time>2026-05-23T06:45:48Z</time>
   </trkpt>
   <trkpt lat="49.6400290" lon="18.6177390">
    <ele>490.2</ele>
    <time>2026-05-23T06:45:49Z</time>
   </trkpt>
   <trkpt lat="49.6400020" lon="18.6177150">
    <ele>490.8</ele>
    <time>2026-05-23T06:45:50Z</time>
   </trkpt>
   <trkpt lat="49.6399750" lon="18.6176910">
    <ele>491.0</ele>
    <time>2026-05-23T06:45:51Z</time>
   </trkpt>
   <trkpt lat="49.6399480" lon="18.6176680">
    <ele>491.0</ele>
    <time>2026-05-23T06:45:52Z</time>
   </trkpt>
   <trkpt lat="49.6399210" lon="18.6176490">
    <ele>491.6</ele>
    <time>2026-05-23T06:45:53Z</time>
   </trkpt>
   <trkpt lat="49.6398900" lon="18.6176290">
    <ele>492.0</ele>
    <time>2026-05-23T06:45:54Z</time>
   </trkpt>
   <trkpt lat="49.6398620" lon="18.6176070">
    <ele>492.2</ele>
    <time>2026-05-23T06:45:55Z</time>
   </trkpt>
   <trkpt lat="49.6398340" lon="18.6175870">
    <ele>492.4</ele>
    <time>2026-05-23T06:45:56Z</time>
   </trkpt>
   <trkpt lat="49.6398090" lon="18.6175520">
    <ele>492.8</ele>
    <time>2026-05-23T06:45:57Z</time>
   </trkpt>
   <trkpt lat="49.6397900" lon="18.6175320">
    <ele>492.8</ele>
    <time>2026-05-23T06:45:58Z</time>
   </trkpt>
   <trkpt lat="49.6397630" lon="18.6175070">
    <ele>493.0</ele>
    <time>2026-05-23T06:45:59Z</time>
   </trkpt>
   <trkpt lat="49.6397270" lon="18.6174740">
    <ele>493.4</ele>
    <time>2026-05-23T06:46:00Z</time>
   </trkpt>
   <trkpt lat="49.6397070" lon="18.6174520">
    <ele>493.4</ele>
    <time>2026-05-23T06:46:01Z</time>
   </trkpt>
   <trkpt lat="49.6396820" lon="18.6174290">
    <ele>493.4</ele>
    <time>2026-05-23T06:46:02Z</time>
   </trkpt>
   <trkpt lat="49.6396510" lon="18.6173980">
    <ele>493.6</ele>
    <time>2026-05-23T06:46:03Z</time>
   </trkpt>
   <trkpt lat="49.6396240" lon="18.6173730">
    <ele>494.0</ele>
    <time>2026-05-23T06:46:04Z</time>
   </trkpt>
   <trkpt lat="49.6396030" lon="18.6173560">
    <ele>494.0</ele>
    <time>2026-05-23T06:46:05Z</time>
   </trkpt>
   <trkpt lat="49.6395770" lon="18.6173320">
    <ele>494.2</ele>
    <time>2026-05-23T06:46:06Z</time>
   </trkpt>
   <trkpt lat="49.6395510" lon="18.6173080">
    <ele>494.4</ele>
    <time>2026-05-23T06:46:07Z</time>
   </trkpt>
   <trkpt lat="49.6395240" lon="18.6172810">
    <ele>494.8</ele>
    <time>2026-05-23T06:46:08Z</time>
   </trkpt>
   <trkpt lat="49.6394990" lon="18.6172550">
    <ele>494.8</ele>
    <time>2026-05-23T06:46:09Z</time>
   </trkpt>
   <trkpt lat="49.6394720" lon="18.6172310">
    <ele>495.0</ele>
    <time>2026-05-23T06:46:10Z</time>
   </trkpt>
   <trkpt lat="49.6394440" lon="18.6172110">
    <ele>495.4</ele>
    <time>2026-05-23T06:46:11Z</time>
   </trkpt>
   <trkpt lat="49.6394100" lon="18.6171910">
    <ele>495.8</ele>
    <time>2026-05-23T06:46:12Z</time>
   </trkpt>
   <trkpt lat="49.6393800" lon="18.6171840">
    <ele>495.8</ele>
    <time>2026-05-23T06:46:13Z</time>
   </trkpt>
   <trkpt lat="49.6393570" lon="18.6171800">
    <ele>496.0</ele>
    <time>2026-05-23T06:46:14Z</time>
   </trkpt>
   <trkpt lat="49.6393270" lon="18.6171790">
    <ele>496.2</ele>
    <time>2026-05-23T06:46:15Z</time>
   </trkpt>
   <trkpt lat="49.6392980" lon="18.6171810">
    <ele>496.8</ele>
    <time>2026-05-23T06:46:16Z</time>
   </trkpt>
   <trkpt lat="49.6392670" lon="18.6171890">
    <ele>496.8</ele>
    <time>2026-05-23T06:46:17Z</time>
   </trkpt>
   <trkpt lat="49.6392320" lon="18.6172050">
    <ele>496.8</ele>
    <time>2026-05-23T06:46:18Z</time>
   </trkpt>
   <trkpt lat="49.6392030" lon="18.6172210">
    <ele>497.0</ele>
    <time>2026-05-23T06:46:19Z</time>
   </trkpt>
   <trkpt lat="49.6391780" lon="18.6172360">
    <ele>497.0</ele>
    <time>2026-05-23T06:46:20Z</time>
   </trkpt>
   <trkpt lat="49.6391410" lon="18.6172520">
    <ele>497.4</ele>
    <time>2026-05-23T06:46:21Z</time>
   </trkpt>
   <trkpt lat="49.6391110" lon="18.6172630">
    <ele>497.4</ele>
    <time>2026-05-23T06:46:22Z</time>
   </trkpt>
   <trkpt lat="49.6390890" lon="18.6172710">
    <ele>497.4</ele>
    <time>2026-05-23T06:46:23Z</time>
   </trkpt>
   <trkpt lat="49.6390530" lon="18.6172850">
    <ele>498.0</ele>
    <time>2026-05-23T06:46:24Z</time>
   </trkpt>
   <trkpt lat="49.6390290" lon="18.6172920">
    <ele>498.0</ele>
    <time>2026-05-23T06:46:25Z</time>
   </trkpt>
   <trkpt lat="49.6390000" lon="18.6172990">
    <ele>498.2</ele>
    <time>2026-05-23T06:46:26Z</time>
   </trkpt>
   <trkpt lat="49.6389670" lon="18.6173000">
    <ele>498.6</ele>
    <time>2026-05-23T06:46:27Z</time>
   </trkpt>
   <trkpt lat="49.6389390" lon="18.6172940">
    <ele>498.8</ele>
    <time>2026-05-23T06:46:28Z</time>
   </trkpt>
   <trkpt lat="49.6389160" lon="18.6172880">
    <ele>499.0</ele>
    <time>2026-05-23T06:46:29Z</time>
   </trkpt>
   <trkpt lat="49.6388890" lon="18.6172760">
    <ele>499.4</ele>
    <time>2026-05-23T06:46:30Z</time>
   </trkpt>
   <trkpt lat="49.6388530" lon="18.6172640">
    <ele>499.6</ele>
    <time>2026-05-23T06:46:31Z</time>
   </trkpt>
   <trkpt lat="49.6388290" lon="18.6172580">
    <ele>499.6</ele>
    <time>2026-05-23T06:46:32Z</time>
   </trkpt>
   <trkpt lat="49.6388010" lon="18.6172490">
    <ele>499.8</ele>
    <time>2026-05-23T06:46:33Z</time>
   </trkpt>
   <trkpt lat="49.6387650" lon="18.6172370">
    <ele>500.2</ele>
    <time>2026-05-23T06:46:34Z</time>
   </trkpt>
   <trkpt lat="49.6387350" lon="18.6172260">
    <ele>500.6</ele>
    <time>2026-05-23T06:46:35Z</time>
   </trkpt>
   <trkpt lat="49.6387040" lon="18.6172170">
    <ele>500.6</ele>
    <time>2026-05-23T06:46:36Z</time>
   </trkpt>
   <trkpt lat="49.6386750" lon="18.6172070">
    <ele>501.2</ele>
    <time>2026-05-23T06:46:37Z</time>
   </trkpt>
   <trkpt lat="49.6386460" lon="18.6171970">
    <ele>501.2</ele>
    <time>2026-05-23T06:46:38Z</time>
   </trkpt>
   <trkpt lat="49.6386180" lon="18.6171890">
    <ele>501.6</ele>
    <time>2026-05-23T06:46:39Z</time>
   </trkpt>
   <trkpt lat="49.6385910" lon="18.6171840">
    <ele>501.8</ele>
    <time>2026-05-23T06:46:40Z</time>
   </trkpt>
   <trkpt lat="49.6385630" lon="18.6171790">
    <ele>502.6</ele>
    <time>2026-05-23T06:46:41Z</time>
   </trkpt>
   <trkpt lat="49.6385340" lon="18.6171750">
    <ele>502.6</ele>
    <time>2026-05-23T06:46:42Z</time>
   </trkpt>
   <trkpt lat="49.6385040" lon="18.6171730">
    <ele>502.6</ele>
    <time>2026-05-23T06:46:43Z</time>
   </trkpt>
   <trkpt lat="49.6384750" lon="18.6171740">
    <ele>502.8</ele>
    <time>2026-05-23T06:46:44Z</time>
   </trkpt>
   <trkpt lat="49.6384470" lon="18.6171770">
    <ele>503.2</ele>
    <time>2026-05-23T06:46:45Z</time>
   </trkpt>
   <trkpt lat="49.6384180" lon="18.6171790">
    <ele>503.4</ele>
    <time>2026-05-23T06:46:46Z</time>
   </trkpt>
   <trkpt lat="49.6383920" lon="18.6171780">
    <ele>503.4</ele>
    <time>2026-05-23T06:46:47Z</time>
   </trkpt>
   <trkpt lat="49.6383640" lon="18.6171820">
    <ele>504.0</ele>
    <time>2026-05-23T06:46:48Z</time>
   </trkpt>
   <trkpt lat="49.6383380" lon="18.6171820">
    <ele>504.2</ele>
    <time>2026-05-23T06:46:49Z</time>
   </trkpt>
   <trkpt lat="49.6383090" lon="18.6171840">
    <ele>504.6</ele>
    <time>2026-05-23T06:46:50Z</time>
   </trkpt>
   <trkpt lat="49.6382800" lon="18.6171860">
    <ele>504.6</ele>
    <time>2026-05-23T06:46:51Z</time>
   </trkpt>
   <trkpt lat="49.6382510" lon="18.6171860">
    <ele>504.6</ele>
    <time>2026-05-23T06:46:52Z</time>
   </trkpt>
   <trkpt lat="49.6382240" lon="18.6171810">
    <ele>504.8</ele>
    <time>2026-05-23T06:46:53Z</time>
   </trkpt>
   <trkpt lat="49.6381950" lon="18.6171780">
    <ele>505.0</ele>
    <time>2026-05-23T06:46:54Z</time>
   </trkpt>
   <trkpt lat="49.6381690" lon="18.6171750">
    <ele>505.2</ele>
    <time>2026-05-23T06:46:55Z</time>
   </trkpt>
   <trkpt lat="49.6381430" lon="18.6171700">
    <ele>505.6</ele>
    <time>2026-05-23T06:46:56Z</time>
   </trkpt>
   <trkpt lat="49.6381160" lon="18.6171650">
    <ele>506.0</ele>
    <time>2026-05-23T06:46:57Z</time>
   </trkpt>
   <trkpt lat="49.6380880" lon="18.6171640">
    <ele>506.0</ele>
    <time>2026-05-23T06:46:58Z</time>
   </trkpt>
   <trkpt lat="49.6380600" lon="18.6171630">
    <ele>506.0</ele>
    <time>2026-05-23T06:46:59Z</time>
   </trkpt>
   <trkpt lat="49.6380300" lon="18.6171650">
    <ele>506.4</ele>
    <time>2026-05-23T06:47:00Z</time>
   </trkpt>
   <trkpt lat="49.6380000" lon="18.6171680">
    <ele>506.4</ele>
    <time>2026-05-23T06:47:01Z</time>
   </trkpt>
   <trkpt lat="49.6379720" lon="18.6171700">
    <ele>506.4</ele>
    <time>2026-05-23T06:47:02Z</time>
   </trkpt>
   <trkpt lat="49.6379440" lon="18.6171690">
    <ele>506.6</ele>
    <time>2026-05-23T06:47:03Z</time>
   </trkpt>
   <trkpt lat="49.6379190" lon="18.6171650">
    <ele>506.8</ele>
    <time>2026-05-23T06:47:04Z</time>
   </trkpt>
   <trkpt lat="49.6378890" lon="18.6171640">
    <ele>507.0</ele>
    <time>2026-05-23T06:47:05Z</time>
   </trkpt>
   <trkpt lat="49.6378610" lon="18.6171620">
    <ele>507.2</ele>
    <time>2026-05-23T06:47:06Z</time>
   </trkpt>
   <trkpt lat="49.6378360" lon="18.6171560">
    <ele>507.2</ele>
    <time>2026-05-23T06:47:07Z</time>
   </trkpt>
   <trkpt lat="49.6378110" lon="18.6171520">
    <ele>507.6</ele>
    <time>2026-05-23T06:47:08Z</time>
   </trkpt>
   <trkpt lat="49.6377860" lon="18.6171450">
    <ele>507.8</ele>
    <time>2026-05-23T06:47:09Z</time>
   </trkpt>
   <trkpt lat="49.6377580" lon="18.6171360">
    <ele>508.0</ele>
    <time>2026-05-23T06:47:10Z</time>
   </trkpt>
   <trkpt lat="49.6377330" lon="18.6171260">
    <ele>508.2</ele>
    <time>2026-05-23T06:47:11Z</time>
   </trkpt>
   <trkpt lat="49.6377100" lon="18.6171110">
    <ele>508.4</ele>
    <time>2026-05-23T06:47:12Z</time>
   </trkpt>
   <trkpt lat="49.6376870" lon="18.6170990">
    <ele>508.8</ele>
    <time>2026-05-23T06:47:13Z</time>
   </trkpt>
   <trkpt lat="49.6376620" lon="18.6170860">
    <ele>508.8</ele>
    <time>2026-05-23T06:47:14Z</time>
   </trkpt>
   <trkpt lat="49.6376380" lon="18.6170710">
    <ele>509.2</ele>
    <time>2026-05-23T06:47:15Z</time>
   </trkpt>
   <trkpt lat="49.6376180" lon="18.6170540">
    <ele>509.6</ele>
    <time>2026-05-23T06:47:16Z</time>
   </trkpt>
   <trkpt lat="49.6375960" lon="18.6170350">
    <ele>510.0</ele>
    <time>2026-05-23T06:47:17Z</time>
   </trkpt>
   <trkpt lat="49.6375750" lon="18.6170180">
    <ele>510.4</ele>
    <time>2026-05-23T06:47:18Z</time>
   </trkpt>
   <trkpt lat="49.6375520" lon="18.6170020">
    <ele>510.4</ele>
    <time>2026-05-23T06:47:19Z</time>
   </trkpt>
   <trkpt lat="49.6375280" lon="18.6169890">
    <ele>510.8</ele>
    <time>2026-05-23T06:47:20Z</time>
   </trkpt>
   <trkpt lat="49.6375040" lon="18.6169750">
    <ele>511.0</ele>
    <time>2026-05-23T06:47:21Z</time>
   </trkpt>
   <trkpt lat="49.6374810" lon="18.6169610">
    <ele>511.4</ele>
    <time>2026-05-23T06:47:22Z</time>
   </trkpt>
   <trkpt lat="49.6374580" lon="18.6169480">
    <ele>511.6</ele>
    <time>2026-05-23T06:47:23Z</time>
   </trkpt>
   <trkpt lat="49.6374350" lon="18.6169320">
    <ele>511.8</ele>
    <time>2026-05-23T06:47:24Z</time>
   </trkpt>
   <trkpt lat="49.6374100" lon="18.6169180">
    <ele>512.2</ele>
    <time>2026-05-23T06:47:25Z</time>
   </trkpt>
   <trkpt lat="49.6373870" lon="18.6169070">
    <ele>512.2</ele>
    <time>2026-05-23T06:47:26Z</time>
   </trkpt>
   <trkpt lat="49.6373610" lon="18.6168970">
    <ele>512.6</ele>
    <time>2026-05-23T06:47:27Z</time>
   </trkpt>
   <trkpt lat="49.6373380" lon="18.6168870">
    <ele>512.8</ele>
    <time>2026-05-23T06:47:28Z</time>
   </trkpt>
   <trkpt lat="49.6373170" lon="18.6168770">
    <ele>513.0</ele>
    <time>2026-05-23T06:47:29Z</time>
   </trkpt>
   <trkpt lat="49.6372930" lon="18.6168670">
    <ele>513.4</ele>
    <time>2026-05-23T06:47:30Z</time>
   </trkpt>
   <trkpt lat="49.6372690" lon="18.6168570">
    <ele>513.4</ele>
    <time>2026-05-23T06:47:31Z</time>
   </trkpt>
   <trkpt lat="49.6372430" lon="18.6168510">
    <ele>513.4</ele>
    <time>2026-05-23T06:47:32Z</time>
   </trkpt>
   <trkpt lat="49.6372170" lon="18.6168490">
    <ele>513.6</ele>
    <time>2026-05-23T06:47:33Z</time>
   </trkpt>
   <trkpt lat="49.6371910" lon="18.6168480">
    <ele>513.6</ele>
    <time>2026-05-23T06:47:34Z</time>
   </trkpt>
   <trkpt lat="49.6371630" lon="18.6168470">
    <ele>513.8</ele>
    <time>2026-05-23T06:47:35Z</time>
   </trkpt>
   <trkpt lat="49.6371370" lon="18.6168470">
    <ele>514.0</ele>
    <time>2026-05-23T06:47:36Z</time>
   </trkpt>
   <trkpt lat="49.6371130" lon="18.6168480">
    <ele>514.0</ele>
    <time>2026-05-23T06:47:37Z</time>
   </trkpt>
   <trkpt lat="49.6370920" lon="18.6168480">
    <ele>514.2</ele>
    <time>2026-05-23T06:47:38Z</time>
   </trkpt>
   <trkpt lat="49.6370690" lon="18.6168480">
    <ele>514.2</ele>
    <time>2026-05-23T06:47:39Z</time>
   </trkpt>
   <trkpt lat="49.6370460" lon="18.6168480">
    <ele>514.4</ele>
    <time>2026-05-23T06:47:40Z</time>
   </trkpt>
   <trkpt lat="49.6370240" lon="18.6168470">
    <ele>514.6</ele>
    <time>2026-05-23T06:47:41Z</time>
   </trkpt>
   <trkpt lat="49.6370020" lon="18.6168450">
    <ele>514.8</ele>
    <time>2026-05-23T06:47:42Z</time>
   </trkpt>
   <trkpt lat="49.6369800" lon="18.6168400">
    <ele>515.0</ele>
    <time>2026-05-23T06:47:43Z</time>
   </trkpt>
   <trkpt lat="49.6369610" lon="18.6168370">
    <ele>515.2</ele>
    <time>2026-05-23T06:47:44Z</time>
   </trkpt>
   <trkpt lat="49.6369410" lon="18.6168370">
    <ele>515.6</ele>
    <time>2026-05-23T06:47:45Z</time>
   </trkpt>
   <trkpt lat="49.6369190" lon="18.6168380">
    <ele>515.6</ele>
    <time>2026-05-23T06:47:46Z</time>
   </trkpt>
   <trkpt lat="49.6368970" lon="18.6168360">
    <ele>516.0</ele>
    <time>2026-05-23T06:47:47Z</time>
   </trkpt>
   <trkpt lat="49.6368750" lon="18.6168300">
    <ele>516.4</ele>
    <time>2026-05-23T06:47:48Z</time>
   </trkpt>
   <trkpt lat="49.6368540" lon="18.6168280">
    <ele>516.6</ele>
    <time>2026-05-23T06:47:49Z</time>
   </trkpt>
   <trkpt lat="49.6368340" lon="18.6168230">
    <ele>516.8</ele>
    <time>2026-05-23T06:47:50Z</time>
   </trkpt>
   <trkpt lat="49.6368140" lon="18.6168170">
    <ele>517.0</ele>
    <time>2026-05-23T06:47:51Z</time>
   </trkpt>
   <trkpt lat="49.6367930" lon="18.6168130">
    <ele>517.4</ele>
    <time>2026-05-23T06:47:52Z</time>
   </trkpt>
   <trkpt lat="49.6367720" lon="18.6168080">
    <ele>517.6</ele>
    <time>2026-05-23T06:47:53Z</time>
   </trkpt>
   <trkpt lat="49.6367530" lon="18.6168010">
    <ele>517.8</ele>
    <time>2026-05-23T06:47:54Z</time>
   </trkpt>
   <trkpt lat="49.6367310" lon="18.6167930">
    <ele>518.2</ele>
    <time>2026-05-23T06:47:55Z</time>
   </trkpt>
   <trkpt lat="49.6367130" lon="18.6167810">
    <ele>518.4</ele>
    <time>2026-05-23T06:47:56Z</time>
   </trkpt>
   <trkpt lat="49.6366950" lon="18.6167710">
    <ele>518.6</ele>
    <time>2026-05-23T06:47:57Z</time>
   </trkpt>
   <trkpt lat="49.6366750" lon="18.6167610">
    <ele>518.8</ele>
    <time>2026-05-23T06:47:58Z</time>
   </trkpt>
   <trkpt lat="49.6366530" lon="18.6167520">
    <ele>519.0</ele>
    <time>2026-05-23T06:47:59Z</time>
   </trkpt>
   <trkpt lat="49.6366330" lon="18.6167450">
    <ele>519.4</ele>
    <time>2026-05-23T06:48:00Z</time>
   </trkpt>
   <trkpt lat="49.6366120" lon="18.6167410">
    <ele>519.8</ele>
    <time>2026-05-23T06:48:01Z</time>
   </trkpt>
   <trkpt lat="49.6365910" lon="18.6167360">
    <ele>520.0</ele>
    <time>2026-05-23T06:48:02Z</time>
   </trkpt>
   <trkpt lat="49.6365690" lon="18.6167290">
    <ele>520.2</ele>
    <time>2026-05-23T06:48:03Z</time>
   </trkpt>
   <trkpt lat="49.6365490" lon="18.6167200">
    <ele>520.4</ele>
    <time>2026-05-23T06:48:04Z</time>
   </trkpt>
   <trkpt lat="49.6365270" lon="18.6167130">
    <ele>520.6</ele>
    <time>2026-05-23T06:48:05Z</time>
   </trkpt>
   <trkpt lat="49.6365040" lon="18.6167010">
    <ele>520.8</ele>
    <time>2026-05-23T06:48:06Z</time>
   </trkpt>
   <trkpt lat="49.6364810" lon="18.6166850">
    <ele>521.0</ele>
    <time>2026-05-23T06:48:07Z</time>
   </trkpt>
   <trkpt lat="49.6364590" lon="18.6166690">
    <ele>521.0</ele>
    <time>2026-05-23T06:48:08Z</time>
   </trkpt>
   <trkpt lat="49.6364370" lon="18.6166510">
    <ele>521.0</ele>
    <time>2026-05-23T06:48:09Z</time>
   </trkpt>
   <trkpt lat="49.6364120" lon="18.6166340">
    <ele>521.0</ele>
    <time>2026-05-23T06:48:10Z</time>
   </trkpt>
   <trkpt lat="49.6363830" lon="18.6166120">
    <ele>521.0</ele>
    <time>2026-05-23T06:48:11Z</time>
   </trkpt>
   <trkpt lat="49.6363510" lon="18.6165870">
    <ele>520.8</ele>
    <time>2026-05-23T06:48:12Z</time>
   </trkpt>
   <trkpt lat="49.6363220" lon="18.6165640">
    <ele>520.6</ele>
    <time>2026-05-23T06:48:13Z</time>
   </trkpt>
   <trkpt lat="49.6362940" lon="18.6165450">
    <ele>520.4</ele>
    <time>2026-05-23T06:48:14Z</time>
   </trkpt>
   <trkpt lat="49.6362620" lon="18.6165280">
    <ele>520.0</ele>
    <time>2026-05-23T06:48:15Z</time>
   </trkpt>
   <trkpt lat="49.6362290" lon="18.6165140">
    <ele>520.0</ele>
    <time>2026-05-23T06:48:16Z</time>
   </trkpt>
   <trkpt lat="49.6361990" lon="18.6165010">
    <ele>520.0</ele>
    <time>2026-05-23T06:48:17Z</time>
   </trkpt>
   <trkpt lat="49.6361660" lon="18.6164920">
    <ele>520.0</ele>
    <time>2026-05-23T06:48:18Z</time>
   </trkpt>
   <trkpt lat="49.6361310" lon="18.6164870">
    <ele>520.0</ele>
    <time>2026-05-23T06:48:19Z</time>
   </trkpt>
   <trkpt lat="49.6360970" lon="18.6164860">
    <ele>520.2</ele>
    <time>2026-05-23T06:48:20Z</time>
   </trkpt>
   <trkpt lat="49.6360610" lon="18.6164860">
    <ele>520.2</ele>
    <time>2026-05-23T06:48:21Z</time>
   </trkpt>
   <trkpt lat="49.6360320" lon="18.6164870">
    <ele>520.4</ele>
    <time>2026-05-23T06:48:22Z</time>
   </trkpt>
   <trkpt lat="49.6360030" lon="18.6164990">
    <ele>520.8</ele>
    <time>2026-05-23T06:48:23Z</time>
   </trkpt>
   <trkpt lat="49.6359040" lon="18.6165450">
    <ele>521.0</ele>
    <time>2026-05-23T06:48:26Z</time>
   </trkpt>
   <trkpt lat="49.6358680" lon="18.6165590">
    <ele>521.4</ele>
    <time>2026-05-23T06:48:27Z</time>
   </trkpt>
   <trkpt lat="49.6358310" lon="18.6165640">
    <ele>521.6</ele>
    <time>2026-05-23T06:48:28Z</time>
   </trkpt>
   <trkpt lat="49.6357960" lon="18.6165620">
    <ele>522.0</ele>
    <time>2026-05-23T06:48:29Z</time>
   </trkpt>
   <trkpt lat="49.6357680" lon="18.6165620">
    <ele>522.2</ele>
    <time>2026-05-23T06:48:30Z</time>
   </trkpt>
   <trkpt lat="49.6357420" lon="18.6165590">
    <ele>522.8</ele>
    <time>2026-05-23T06:48:31Z</time>
   </trkpt>
   <trkpt lat="49.6357200" lon="18.6165550">
    <ele>523.4</ele>
    <time>2026-05-23T06:48:32Z</time>
   </trkpt>
   <trkpt lat="49.6357040" lon="18.6165540">
    <ele>524.0</ele>
    <time>2026-05-23T06:48:33Z</time>
   </trkpt>
   <trkpt lat="49.6356870" lon="18.6165490">
    <ele>524.4</ele>
    <time>2026-05-23T06:48:34Z</time>
   </trkpt>
   <trkpt lat="49.6356660" lon="18.6165510">
    <ele>524.6</ele>
    <time>2026-05-23T06:48:35Z</time>
   </trkpt>
   <trkpt lat="49.6356410" lon="18.6165580">
    <ele>525.0</ele>
    <time>2026-05-23T06:48:36Z</time>
   </trkpt>
   <trkpt lat="49.6356170" lon="18.6165620">
    <ele>525.2</ele>
    <time>2026-05-23T06:48:37Z</time>
   </trkpt>
   <trkpt lat="49.6355980" lon="18.6165540">
    <ele>525.6</ele>
    <time>2026-05-23T06:48:38Z</time>
   </trkpt>
   <trkpt lat="49.6355810" lon="18.6165550">
    <ele>525.8</ele>
    <time>2026-05-23T06:48:39Z</time>
   </trkpt>
   <trkpt lat="49.6355640" lon="18.6165550">
    <ele>526.4</ele>
    <time>2026-05-23T06:48:40Z</time>
   </trkpt>
   <trkpt lat="49.6355470" lon="18.6165590">
    <ele>526.6</ele>
    <time>2026-05-23T06:48:41Z</time>
   </trkpt>
   <trkpt lat="49.6355220" lon="18.6165670">
    <ele>526.8</ele>
    <time>2026-05-23T06:48:42Z</time>
   </trkpt>
   <trkpt lat="49.6354990" lon="18.6165710">
    <ele>527.2</ele>
    <time>2026-05-23T06:48:43Z</time>
   </trkpt>
   <trkpt lat="49.6354820" lon="18.6165740">
    <ele>527.4</ele>
    <time>2026-05-23T06:48:44Z</time>
   </trkpt>
   <trkpt lat="49.6354660" lon="18.6165660">
    <ele>527.8</ele>
    <time>2026-05-23T06:48:45Z</time>
   </trkpt>
   <trkpt lat="49.6354610" lon="18.6165460">
    <ele>528.0</ele>
    <time>2026-05-23T06:48:46Z</time>
   </trkpt>
   <trkpt lat="49.6354580" lon="18.6165330">
    <ele>528.2</ele>
    <time>2026-05-23T06:48:47Z</time>
   </trkpt>
   <trkpt lat="49.6354540" lon="18.6165100">
    <ele>528.6</ele>
    <time>2026-05-23T06:48:48Z</time>
   </trkpt>
   <trkpt lat="49.6354370" lon="18.6165120">
    <ele>528.8</ele>
    <time>2026-05-23T06:48:49Z</time>
   </trkpt>
   <trkpt lat="49.6354230" lon="18.6165140">
    <ele>529.2</ele>
    <time>2026-05-23T06:48:50Z</time>
   </trkpt>
   <trkpt lat="49.6354080" lon="18.6165150">
    <ele>529.4</ele>
    <time>2026-05-23T06:48:51Z</time>
   </trkpt>
   <trkpt lat="49.6353950" lon="18.6165160">
    <ele>529.6</ele>
    <time>2026-05-23T06:48:52Z</time>
   </trkpt>
   <trkpt lat="49.6353840" lon="18.6165140">
    <ele>529.8</ele>
    <time>2026-05-23T06:48:53Z</time>
   </trkpt>
   <trkpt lat="49.6353720" lon="18.6165140">
    <ele>530.0</ele>
    <time>2026-05-23T06:48:54Z</time>
   </trkpt>
   <trkpt lat="49.6353590" lon="18.6165100">
    <ele>530.4</ele>
    <time>2026-05-23T06:48:55Z</time>
   </trkpt>
   <trkpt lat="49.6353440" lon="18.6165070">
    <ele>530.6</ele>
    <time>2026-05-23T06:48:56Z</time>
   </trkpt>
   <trkpt lat="49.6353280" lon="18.6165050">
    <ele>530.8</ele>
    <time>2026-05-23T06:48:57Z</time>
   </trkpt>
   <trkpt lat="49.6353170" lon="18.6165000">
    <ele>531.2</ele>
    <time>2026-05-23T06:48:58Z</time>
   </trkpt>
   <trkpt lat="49.6353040" lon="18.6164930">
    <ele>531.4</ele>
    <time>2026-05-23T06:48:59Z</time>
   </trkpt>
   <trkpt lat="49.6352880" lon="18.6164880">
    <ele>531.6</ele>
    <time>2026-05-23T06:49:00Z</time>
   </trkpt>
   <trkpt lat="49.6352740" lon="18.6164800">
    <ele>531.8</ele>
    <time>2026-05-23T06:49:01Z</time>
   </trkpt>
   <trkpt lat="49.6352630" lon="18.6164740">
    <ele>532.0</ele>
    <time>2026-05-23T06:49:02Z</time>
   </trkpt>
   <trkpt lat="49.6352510" lon="18.6164630">
    <ele>532.4</ele>
    <time>2026-05-23T06:49:03Z</time>
   </trkpt>
   <trkpt lat="49.6352340" lon="18.6164510">
    <ele>532.6</ele>
    <time>2026-05-23T06:49:04Z</time>
   </trkpt>
   <trkpt lat="49.6352220" lon="18.6164370">
    <ele>532.8</ele>
    <time>2026-05-23T06:49:05Z</time>
   </trkpt>
   <trkpt lat="49.6352020" lon="18.6164230">
    <ele>533.0</ele>
    <time>2026-05-23T06:49:06Z</time>
   </trkpt>
   <trkpt lat="49.6351820" lon="18.6164130">
    <ele>533.2</ele>
    <time>2026-05-23T06:49:07Z</time>
   </trkpt>
   <trkpt lat="49.6351670" lon="18.6164020">
    <ele>533.4</ele>
    <time>2026-05-23T06:49:08Z</time>
   </trkpt>
   <trkpt lat="49.6351550" lon="18.6163910">
    <ele>533.6</ele>
    <time>2026-05-23T06:49:09Z</time>
   </trkpt>
   <trkpt lat="49.6351430" lon="18.6163810">
    <ele>534.0</ele>
    <time>2026-05-23T06:49:10Z</time>
   </trkpt>
   <trkpt lat="49.6351370" lon="18.6163660">
    <ele>534.2</ele>
    <time>2026-05-23T06:49:11Z</time>
   </trkpt>
   <trkpt lat="49.6351310" lon="18.6163610">
    <ele>534.4</ele>
    <time>2026-05-23T06:49:12Z</time>
   </trkpt>
   <trkpt lat="49.6351170" lon="18.6163540">
    <ele>534.8</ele>
    <time>2026-05-23T06:49:13Z</time>
   </trkpt>
   <trkpt lat="49.6351060" lon="18.6163470">
    <ele>534.8</ele>
    <time>2026-05-23T06:49:14Z</time>
   </trkpt>
   <trkpt lat="49.6350900" lon="18.6163400">
    <ele>535.0</ele>
    <time>2026-05-23T06:49:15Z</time>
   </trkpt>
   <trkpt lat="49.6350760" lon="18.6163340">
    <ele>535.4</ele>
    <time>2026-05-23T06:49:16Z</time>
   </trkpt>
   <trkpt lat="49.6350650" lon="18.6163260">
    <ele>535.6</ele>
    <time>2026-05-23T06:49:17Z</time>
   </trkpt>
   <trkpt lat="49.6350540" lon="18.6163140">
    <ele>535.8</ele>
    <time>2026-05-23T06:49:18Z</time>
   </trkpt>
   <trkpt lat="49.6350420" lon="18.6163060">
    <ele>536.2</ele>
    <time>2026-05-23T06:49:19Z</time>
   </trkpt>
   <trkpt lat="49.6350320" lon="18.6162960">
    <ele>536.4</ele>
    <time>2026-05-23T06:49:20Z</time>
   </trkpt>
   <trkpt lat="49.6350200" lon="18.6162850">
    <ele>536.6</ele>
    <time>2026-05-23T06:49:21Z</time>
   </trkpt>
   <trkpt lat="49.6350080" lon="18.6162750">
    <ele>536.8</ele>
    <time>2026-05-23T06:49:22Z</time>
   </trkpt>
   <trkpt lat="49.6349970" lon="18.6162680">
    <ele>537.0</ele>
    <time>2026-05-23T06:49:23Z</time>
   </trkpt>
   <trkpt lat="49.6349840" lon="18.6162630">
    <ele>537.4</ele>
    <time>2026-05-23T06:49:24Z</time>
   </trkpt>
   <trkpt lat="49.6349680" lon="18.6162540">
    <ele>537.4</ele>
    <time>2026-05-23T06:49:25Z</time>
   </trkpt>
   <trkpt lat="49.6349550" lon="18.6162440">
    <ele>537.6</ele>
    <time>2026-05-23T06:49:26Z</time>
   </trkpt>
   <trkpt lat="49.6349420" lon="18.6162370">
    <ele>537.8</ele>
    <time>2026-05-23T06:49:27Z</time>
   </trkpt>
   <trkpt lat="49.6349270" lon="18.6162330">
    <ele>538.2</ele>
    <time>2026-05-23T06:49:28Z</time>
   </trkpt>
   <trkpt lat="49.6349130" lon="18.6162230">
    <ele>538.4</ele>
    <time>2026-05-23T06:49:29Z</time>
   </trkpt>
   <trkpt lat="49.6349010" lon="18.6162150">
    <ele>538.6</ele>
    <time>2026-05-23T06:49:30Z</time>
   </trkpt>
   <trkpt lat="49.6348870" lon="18.6162100">
    <ele>538.8</ele>
    <time>2026-05-23T06:49:31Z</time>
   </trkpt>
   <trkpt lat="49.6348720" lon="18.6162060">
    <ele>539.0</ele>
    <time>2026-05-23T06:49:32Z</time>
   </trkpt>
   <trkpt lat="49.6348590" lon="18.6162000">
    <ele>539.2</ele>
    <time>2026-05-23T06:49:33Z</time>
   </trkpt>
   <trkpt lat="49.6348450" lon="18.6161930">
    <ele>539.4</ele>
    <time>2026-05-23T06:49:34Z</time>
   </trkpt>
   <trkpt lat="49.6348290" lon="18.6161880">
    <ele>539.6</ele>
    <time>2026-05-23T06:49:35Z</time>
   </trkpt>
   <trkpt lat="49.6348140" lon="18.6161830">
    <ele>539.6</ele>
    <time>2026-05-23T06:49:36Z</time>
   </trkpt>
   <trkpt lat="49.6348010" lon="18.6161750">
    <ele>539.8</ele>
    <time>2026-05-23T06:49:37Z</time>
   </trkpt>
   <trkpt lat="49.6347860" lon="18.6161710">
    <ele>540.0</ele>
    <time>2026-05-23T06:49:38Z</time>
   </trkpt>
   <trkpt lat="49.6347670" lon="18.6161660">
    <ele>540.0</ele>
    <time>2026-05-23T06:49:39Z</time>
   </trkpt>
   <trkpt lat="49.6347480" lon="18.6161590">
    <ele>540.2</ele>
    <time>2026-05-23T06:49:40Z</time>
   </trkpt>
   <trkpt lat="49.6347280" lon="18.6161460">
    <ele>540.2</ele>
    <time>2026-05-23T06:49:41Z</time>
   </trkpt>
   <trkpt lat="49.6347060" lon="18.6161320">
    <ele>540.4</ele>
    <time>2026-05-23T06:49:42Z</time>
   </trkpt>
   <trkpt lat="49.6346780" lon="18.6161120">
    <ele>540.4</ele>
    <time>2026-05-23T06:49:43Z</time>
   </trkpt>
   <trkpt lat="49.6346560" lon="18.6160890">
    <ele>540.4</ele>
    <time>2026-05-23T06:49:44Z</time>
   </trkpt>
   <trkpt lat="49.6346390" lon="18.6160740">
    <ele>540.6</ele>
    <time>2026-05-23T06:49:45Z</time>
   </trkpt>
   <trkpt lat="49.6346200" lon="18.6160500">
    <ele>540.6</ele>
    <time>2026-05-23T06:49:46Z</time>
   </trkpt>
   <trkpt lat="49.6346000" lon="18.6160170">
    <ele>540.6</ele>
    <time>2026-05-23T06:49:47Z</time>
   </trkpt>
   <trkpt lat="49.6345790" lon="18.6159870">
    <ele>540.8</ele>
    <time>2026-05-23T06:49:48Z</time>
   </trkpt>
   <trkpt lat="49.6345630" lon="18.6159600">
    <ele>540.8</ele>
    <time>2026-05-23T06:49:49Z</time>
   </trkpt>
   <trkpt lat="49.6345350" lon="18.6159230">
    <ele>541.0</ele>
    <time>2026-05-23T06:49:50Z</time>
   </trkpt>
   <trkpt lat="49.6345210" lon="18.6158960">
    <ele>541.0</ele>
    <time>2026-05-23T06:49:51Z</time>
   </trkpt>
   <trkpt lat="49.6345050" lon="18.6158690">
    <ele>541.2</ele>
    <time>2026-05-23T06:49:52Z</time>
   </trkpt>
   <trkpt lat="49.6344770" lon="18.6158530">
    <ele>541.6</ele>
    <time>2026-05-23T06:49:53Z</time>
   </trkpt>
   <trkpt lat="49.6344570" lon="18.6158400">
    <ele>541.8</ele>
    <time>2026-05-23T06:49:54Z</time>
   </trkpt>
   <trkpt lat="49.6344450" lon="18.6158180">
    <ele>542.0</ele>
    <time>2026-05-23T06:49:55Z</time>
   </trkpt>
   <trkpt lat="49.6344270" lon="18.6157990">
    <ele>542.2</ele>
    <time>2026-05-23T06:49:56Z</time>
   </trkpt>
   <trkpt lat="49.6344080" lon="18.6157710">
    <ele>542.6</ele>
    <time>2026-05-23T06:49:57Z</time>
   </trkpt>
   <trkpt lat="49.6344000" lon="18.6157400">
    <ele>542.6</ele>
    <time>2026-05-23T06:49:58Z</time>
   </trkpt>
   <trkpt lat="49.6343860" lon="18.6157190">
    <ele>542.8</ele>
    <time>2026-05-23T06:49:59Z</time>
   </trkpt>
   <trkpt lat="49.6343750" lon="18.6156910">
    <ele>543.4</ele>
    <time>2026-05-23T06:50:00Z</time>
   </trkpt>
   <trkpt lat="49.6343600" lon="18.6156800">
    <ele>543.6</ele>
    <time>2026-05-23T06:50:01Z</time>
   </trkpt>
   <trkpt lat="49.6343370" lon="18.6156820">
    <ele>544.0</ele>
    <time>2026-05-23T06:50:02Z</time>
   </trkpt>
   <trkpt lat="49.6343180" lon="18.6156710">
    <ele>544.2</ele>
    <time>2026-05-23T06:50:03Z</time>
   </trkpt>
   <trkpt lat="49.6343060" lon="18.6156460">
    <ele>544.2</ele>
    <time>2026-05-23T06:50:04Z</time>
   </trkpt>
   <trkpt lat="49.6342920" lon="18.6156340">
    <ele>544.6</ele>
    <time>2026-05-23T06:50:05Z</time>
   </trkpt>
   <trkpt lat="49.6342780" lon="18.6156190">
    <ele>544.8</ele>
    <time>2026-05-23T06:50:06Z</time>
   </trkpt>
   <trkpt lat="49.6342630" lon="18.6156080">
    <ele>544.8</ele>
    <time>2026-05-23T06:50:07Z</time>
   </trkpt>
   <trkpt lat="49.6342450" lon="18.6155950">
    <ele>545.4</ele>
    <time>2026-05-23T06:50:08Z</time>
   </trkpt>
   <trkpt lat="49.6342260" lon="18.6155850">
    <ele>545.6</ele>
    <time>2026-05-23T06:50:09Z</time>
   </trkpt>
   <trkpt lat="49.6342110" lon="18.6155680">
    <ele>545.8</ele>
    <time>2026-05-23T06:50:10Z</time>
   </trkpt>
   <trkpt lat="49.6341970" lon="18.6155510">
    <ele>546.0</ele>
    <time>2026-05-23T06:50:11Z</time>
   </trkpt>
   <trkpt lat="49.6341830" lon="18.6155370">
    <ele>546.4</ele>
    <time>2026-05-23T06:50:12Z</time>
   </trkpt>
   <trkpt lat="49.6341670" lon="18.6155290">
    <ele>546.6</ele>
    <time>2026-05-23T06:50:13Z</time>
   </trkpt>
   <trkpt lat="49.6341540" lon="18.6155180">
    <ele>547.0</ele>
    <time>2026-05-23T06:50:14Z</time>
   </trkpt>
   <trkpt lat="49.6341390" lon="18.6155080">
    <ele>547.0</ele>
    <time>2026-05-23T06:50:15Z</time>
   </trkpt>
   <trkpt lat="49.6341250" lon="18.6154950">
    <ele>547.2</ele>
    <time>2026-05-23T06:50:16Z</time>
   </trkpt>
   <trkpt lat="49.6341070" lon="18.6154800">
    <ele>547.6</ele>
    <time>2026-05-23T06:50:17Z</time>
   </trkpt>
   <trkpt lat="49.6340910" lon="18.6154670">
    <ele>547.8</ele>
    <time>2026-05-23T06:50:18Z</time>
   </trkpt>
   <trkpt lat="49.6340750" lon="18.6154560">
    <ele>548.2</ele>
    <time>2026-05-23T06:50:19Z</time>
   </trkpt>
   <trkpt lat="49.6340550" lon="18.6154460">
    <ele>548.2</ele>
    <time>2026-05-23T06:50:20Z</time>
   </trkpt>
   <trkpt lat="49.6340360" lon="18.6154360">
    <ele>548.4</ele>
    <time>2026-05-23T06:50:21Z</time>
   </trkpt>
   <trkpt lat="49.6340190" lon="18.6154280">
    <ele>548.8</ele>
    <time>2026-05-23T06:50:22Z</time>
   </trkpt>
   <trkpt lat="49.6340020" lon="18.6154250">
    <ele>549.0</ele>
    <time>2026-05-23T06:50:23Z</time>
   </trkpt>
   <trkpt lat="49.6339840" lon="18.6154200">
    <ele>549.2</ele>
    <time>2026-05-23T06:50:24Z</time>
   </trkpt>
   <trkpt lat="49.6339650" lon="18.6154140">
    <ele>549.6</ele>
    <time>2026-05-23T06:50:25Z</time>
   </trkpt>
   <trkpt lat="49.6339420" lon="18.6154100">
    <ele>549.8</ele>
    <time>2026-05-23T06:50:26Z</time>
   </trkpt>
   <trkpt lat="49.6339210" lon="18.6154120">
    <ele>550.2</ele>
    <time>2026-05-23T06:50:27Z</time>
   </trkpt>
   <trkpt lat="49.6339040" lon="18.6154140">
    <ele>550.6</ele>
    <time>2026-05-23T06:50:28Z</time>
   </trkpt>
   <trkpt lat="49.6338860" lon="18.6154190">
    <ele>550.6</ele>
    <time>2026-05-23T06:50:29Z</time>
   </trkpt>
   <trkpt lat="49.6338720" lon="18.6154170">
    <ele>551.2</ele>
    <time>2026-05-23T06:50:30Z</time>
   </trkpt>
   <trkpt lat="49.6338550" lon="18.6154100">
    <ele>551.4</ele>
    <time>2026-05-23T06:50:31Z</time>
   </trkpt>
   <trkpt lat="49.6338280" lon="18.6154080">
    <ele>551.4</ele>
    <time>2026-05-23T06:50:32Z</time>
   </trkpt>
   <trkpt lat="49.6338080" lon="18.6153960">
    <ele>551.8</ele>
    <time>2026-05-23T06:50:33Z</time>
   </trkpt>
   <trkpt lat="49.6337880" lon="18.6153960">
    <ele>552.6</ele>
    <time>2026-05-23T06:50:34Z</time>
   </trkpt>
   <trkpt lat="49.6337680" lon="18.6154000">
    <ele>552.6</ele>
    <time>2026-05-23T06:50:35Z</time>
   </trkpt>
   <trkpt lat="49.6337490" lon="18.6153990">
    <ele>552.8</ele>
    <time>2026-05-23T06:50:36Z</time>
   </trkpt>
   <trkpt lat="49.6337340" lon="18.6153940">
    <ele>553.0</ele>
    <time>2026-05-23T06:50:37Z</time>
   </trkpt>
   <trkpt lat="49.6337160" lon="18.6153980">
    <ele>553.2</ele>
    <time>2026-05-23T06:50:38Z</time>
   </trkpt>
   <trkpt lat="49.6336970" lon="18.6153980">
    <ele>553.6</ele>
    <time>2026-05-23T06:50:39Z</time>
   </trkpt>
   <trkpt lat="49.6336780" lon="18.6154000">
    <ele>553.8</ele>
    <time>2026-05-23T06:50:40Z</time>
   </trkpt>
   <trkpt lat="49.6336590" lon="18.6154040">
    <ele>554.0</ele>
    <time>2026-05-23T06:50:41Z</time>
   </trkpt>
   <trkpt lat="49.6336400" lon="18.6154020">
    <ele>554.2</ele>
    <time>2026-05-23T06:50:42Z</time>
   </trkpt>
   <trkpt lat="49.6336230" lon="18.6154030">
    <ele>554.4</ele>
    <time>2026-05-23T06:50:43Z</time>
   </trkpt>
   <trkpt lat="49.6336060" lon="18.6154060">
    <ele>554.8</ele>
    <time>2026-05-23T06:50:44Z</time>
   </trkpt>
   <trkpt lat="49.6335850" lon="18.6154110">
    <ele>555.0</ele>
    <time>2026-05-23T06:50:45Z</time>
   </trkpt>
   <trkpt lat="49.6335660" lon="18.6154140">
    <ele>555.4</ele>
    <time>2026-05-23T06:50:46Z</time>
   </trkpt>
   <trkpt lat="49.6335390" lon="18.6154220">
    <ele>555.6</ele>
    <time>2026-05-23T06:50:47Z</time>
   </trkpt>
   <trkpt lat="49.6335240" lon="18.6154200">
    <ele>556.0</ele>
    <time>2026-05-23T06:50:48Z</time>
   </trkpt>
   <trkpt lat="49.6335070" lon="18.6154210">
    <ele>556.2</ele>
    <time>2026-05-23T06:50:49Z</time>
   </trkpt>
   <trkpt lat="49.6334910" lon="18.6154230">
    <ele>556.4</ele>
    <time>2026-05-23T06:50:50Z</time>
   </trkpt>
   <trkpt lat="49.6334750" lon="18.6154270">
    <ele>556.6</ele>
    <time>2026-05-23T06:50:51Z</time>
   </trkpt>
   <trkpt lat="49.6334600" lon="18.6154320">
    <ele>557.0</ele>
    <time>2026-05-23T06:50:52Z</time>
   </trkpt>
   <trkpt lat="49.6334370" lon="18.6154370">
    <ele>557.2</ele>
    <time>2026-05-23T06:50:53Z</time>
   </trkpt>
   <trkpt lat="49.6334200" lon="18.6154370">
    <ele>557.4</ele>
    <time>2026-05-23T06:50:54Z</time>
   </trkpt>
   <trkpt lat="49.6334030" lon="18.6154390">
    <ele>557.6</ele>
    <time>2026-05-23T06:50:55Z</time>
   </trkpt>
   <trkpt lat="49.6333850" lon="18.6154410">
    <ele>558.0</ele>
    <time>2026-05-23T06:50:56Z</time>
   </trkpt>
   <trkpt lat="49.6333680" lon="18.6154420">
    <ele>558.2</ele>
    <time>2026-05-23T06:50:57Z</time>
   </trkpt>
   <trkpt lat="49.6333530" lon="18.6154410">
    <ele>558.4</ele>
    <time>2026-05-23T06:50:58Z</time>
   </trkpt>
   <trkpt lat="49.6333390" lon="18.6154360">
    <ele>558.6</ele>
    <time>2026-05-23T06:50:59Z</time>
   </trkpt>
   <trkpt lat="49.6333140" lon="18.6154360">
    <ele>558.8</ele>
    <time>2026-05-23T06:51:00Z</time>
   </trkpt>
   <trkpt lat="49.6332920" lon="18.6154410">
    <ele>559.0</ele>
    <time>2026-05-23T06:51:01Z</time>
   </trkpt>
   <trkpt lat="49.6332770" lon="18.6154410">
    <ele>559.4</ele>
    <time>2026-05-23T06:51:02Z</time>
   </trkpt>
   <trkpt lat="49.6332600" lon="18.6154440">
    <ele>559.6</ele>
    <time>2026-05-23T06:51:03Z</time>
   </trkpt>
   <trkpt lat="49.6332430" lon="18.6154500">
    <ele>560.0</ele>
    <time>2026-05-23T06:51:04Z</time>
   </trkpt>
   <trkpt lat="49.6332270" lon="18.6154560">
    <ele>560.4</ele>
    <time>2026-05-23T06:51:05Z</time>
   </trkpt>
   <trkpt lat="49.6332210" lon="18.6154610">
    <ele>560.4</ele>
    <time>2026-05-23T06:51:06Z</time>
   </trkpt>
   <trkpt lat="49.6332110" lon="18.6154680">
    <ele>560.6</ele>
    <time>2026-05-23T06:51:07Z</time>
   </trkpt>
   <trkpt lat="49.6331960" lon="18.6154780">
    <ele>561.0</ele>
    <time>2026-05-23T06:51:08Z</time>
   </trkpt>
   <trkpt lat="49.6331710" lon="18.6154880">
    <ele>561.2</ele>
    <time>2026-05-23T06:51:09Z</time>
   </trkpt>
   <trkpt lat="49.6331450" lon="18.6154970">
    <ele>561.4</ele>
    <time>2026-05-23T06:51:10Z</time>
   </trkpt>
   <trkpt lat="49.6331330" lon="18.6154920">
    <ele>561.6</ele>
    <time>2026-05-23T06:51:11Z</time>
   </trkpt>
   <trkpt lat="49.6331140" lon="18.6154960">
    <ele>561.8</ele>
    <time>2026-05-23T06:51:12Z</time>
   </trkpt>
   <trkpt lat="49.6330990" lon="18.6155030">
    <ele>562.0</ele>
    <time>2026-05-23T06:51:13Z</time>
   </trkpt>
   <trkpt lat="49.6330810" lon="18.6155080">
    <ele>562.2</ele>
    <time>2026-05-23T06:51:14Z</time>
   </trkpt>
   <trkpt lat="49.6330640" lon="18.6155100">
    <ele>562.6</ele>
    <time>2026-05-23T06:51:15Z</time>
   </trkpt>
   <trkpt lat="49.6330470" lon="18.6155090">
    <ele>562.8</ele>
    <time>2026-05-23T06:51:16Z</time>
   </trkpt>
   <trkpt lat="49.6330310" lon="18.6155090">
    <ele>563.2</ele>
    <time>2026-05-23T06:51:17Z</time>
   </trkpt>
   <trkpt lat="49.6330150" lon="18.6155090">
    <ele>563.4</ele>
    <time>2026-05-23T06:51:18Z</time>
   </trkpt>
   <trkpt lat="49.6330020" lon="18.6155100">
    <ele>563.8</ele>
    <time>2026-05-23T06:51:19Z</time>
   </trkpt>
   <trkpt lat="49.6329860" lon="18.6155100">
    <ele>564.0</ele>
    <time>2026-05-23T06:51:20Z</time>
   </trkpt>
   <trkpt lat="49.6329730" lon="18.6155050">
    <ele>564.2</ele>
    <time>2026-05-23T06:51:21Z</time>
   </trkpt>
   <trkpt lat="49.6329590" lon="18.6155050">
    <ele>564.4</ele>
    <time>2026-05-23T06:51:22Z</time>
   </trkpt>
   <trkpt lat="49.6329460" lon="18.6155060">
    <ele>564.6</ele>
    <time>2026-05-23T06:51:23Z</time>
   </trkpt>
   <trkpt lat="49.6329340" lon="18.6155030">
    <ele>564.8</ele>
    <time>2026-05-23T06:51:24Z</time>
   </trkpt>
   <trkpt lat="49.6329210" lon="18.6154960">
    <ele>565.2</ele>
    <time>2026-05-23T06:51:25Z</time>
   </trkpt>
   <trkpt lat="49.6329080" lon="18.6154930">
    <ele>565.2</ele>
    <time>2026-05-23T06:51:26Z</time>
   </trkpt>
   <trkpt lat="49.6328900" lon="18.6154930">
    <ele>565.4</ele>
    <time>2026-05-23T06:51:27Z</time>
   </trkpt>
   <trkpt lat="49.6328680" lon="18.6154900">
    <ele>565.4</ele>
    <time>2026-05-23T06:51:28Z</time>
   </trkpt>
   <trkpt lat="49.6328460" lon="18.6154860">
    <ele>565.6</ele>
    <time>2026-05-23T06:51:29Z</time>
   </trkpt>
   <trkpt lat="49.6328290" lon="18.6154830">
    <ele>566.0</ele>
    <time>2026-05-23T06:51:30Z</time>
   </trkpt>
   <trkpt lat="49.6328110" lon="18.6154810">
    <ele>566.2</ele>
    <time>2026-05-23T06:51:31Z</time>
   </trkpt>
   <trkpt lat="49.6327910" lon="18.6154820">
    <ele>566.4</ele>
    <time>2026-05-23T06:51:32Z</time>
   </trkpt>
   <trkpt lat="49.6327730" lon="18.6154790">
    <ele>566.6</ele>
    <time>2026-05-23T06:51:33Z</time>
   </trkpt>
   <trkpt lat="49.6327530" lon="18.6154740">
    <ele>566.8</ele>
    <time>2026-05-23T06:51:34Z</time>
   </trkpt>
   <trkpt lat="49.6327340" lon="18.6154710">
    <ele>567.2</ele>
    <time>2026-05-23T06:51:35Z</time>
   </trkpt>
   <trkpt lat="49.6327190" lon="18.6154720">
    <ele>567.2</ele>
    <time>2026-05-23T06:51:36Z</time>
   </trkpt>
   <trkpt lat="49.6327050" lon="18.6154730">
    <ele>567.2</ele>
    <time>2026-05-23T06:51:37Z</time>
   </trkpt>
   <trkpt lat="49.6326900" lon="18.6154750">
    <ele>567.4</ele>
    <time>2026-05-23T06:51:38Z</time>
   </trkpt>
   <trkpt lat="49.6326730" lon="18.6154760">
    <ele>567.6</ele>
    <time>2026-05-23T06:51:39Z</time>
   </trkpt>
   <trkpt lat="49.6326520" lon="18.6154680">
    <ele>567.8</ele>
    <time>2026-05-23T06:51:40Z</time>
   </trkpt>
   <trkpt lat="49.6326310" lon="18.6154640">
    <ele>568.0</ele>
    <time>2026-05-23T06:51:41Z</time>
   </trkpt>
   <trkpt lat="49.6326040" lon="18.6154610">
    <ele>568.0</ele>
    <time>2026-05-23T06:51:42Z</time>
   </trkpt>
   <trkpt lat="49.6325790" lon="18.6154590">
    <ele>568.0</ele>
    <time>2026-05-23T06:51:43Z</time>
   </trkpt>
   <trkpt lat="49.6325520" lon="18.6154460">
    <ele>568.2</ele>
    <time>2026-05-23T06:51:44Z</time>
   </trkpt>
   <trkpt lat="49.6325310" lon="18.6154350">
    <ele>568.4</ele>
    <time>2026-05-23T06:51:45Z</time>
   </trkpt>
   <trkpt lat="49.6325140" lon="18.6154330">
    <ele>568.6</ele>
    <time>2026-05-23T06:51:46Z</time>
   </trkpt>
   <trkpt lat="49.6324860" lon="18.6154340">
    <ele>568.8</ele>
    <time>2026-05-23T06:51:47Z</time>
   </trkpt>
   <trkpt lat="49.6324640" lon="18.6154290">
    <ele>569.2</ele>
    <time>2026-05-23T06:51:48Z</time>
   </trkpt>
   <trkpt lat="49.6324420" lon="18.6154160">
    <ele>569.4</ele>
    <time>2026-05-23T06:51:49Z</time>
   </trkpt>
   <trkpt lat="49.6324260" lon="18.6154050">
    <ele>569.4</ele>
    <time>2026-05-23T06:51:50Z</time>
   </trkpt>
   <trkpt lat="49.6324080" lon="18.6153950">
    <ele>569.4</ele>
    <time>2026-05-23T06:51:51Z</time>
   </trkpt>
   <trkpt lat="49.6323830" lon="18.6153920">
    <ele>569.6</ele>
    <time>2026-05-23T06:51:52Z</time>
   </trkpt>
   <trkpt lat="49.6323590" lon="18.6153860">
    <ele>569.6</ele>
    <time>2026-05-23T06:51:53Z</time>
   </trkpt>
   <trkpt lat="49.6323370" lon="18.6153800">
    <ele>570.0</ele>
    <time>2026-05-23T06:51:54Z</time>
   </trkpt>
   <trkpt lat="49.6323180" lon="18.6153720">
    <ele>570.0</ele>
    <time>2026-05-23T06:51:55Z</time>
   </trkpt>
   <trkpt lat="49.6323020" lon="18.6153590">
    <ele>570.2</ele>
    <time>2026-05-23T06:51:56Z</time>
   </trkpt>
   <trkpt lat="49.6322790" lon="18.6153500">
    <ele>570.4</ele>
    <time>2026-05-23T06:51:57Z</time>
   </trkpt>
   <trkpt lat="49.6322610" lon="18.6153400">
    <ele>570.6</ele>
    <time>2026-05-23T06:51:58Z</time>
   </trkpt>
   <trkpt lat="49.6322480" lon="18.6153310">
    <ele>571.0</ele>
    <time>2026-05-23T06:51:59Z</time>
   </trkpt>
   <trkpt lat="49.6322340" lon="18.6153210">
    <ele>571.2</ele>
    <time>2026-05-23T06:52:00Z</time>
   </trkpt>
   <trkpt lat="49.6322160" lon="18.6153080">
    <ele>571.6</ele>
    <time>2026-05-23T06:52:01Z</time>
   </trkpt>
   <trkpt lat="49.6322010" lon="18.6152870">
    <ele>571.8</ele>
    <time>2026-05-23T06:52:02Z</time>
   </trkpt>
   <trkpt lat="49.6321890" lon="18.6152600">
    <ele>572.0</ele>
    <time>2026-05-23T06:52:03Z</time>
   </trkpt>
   <trkpt lat="49.6321760" lon="18.6152340">
    <ele>572.2</ele>
    <time>2026-05-23T06:52:04Z</time>
   </trkpt>
   <trkpt lat="49.6321620" lon="18.6152090">
    <ele>572.4</ele>
    <time>2026-05-23T06:52:05Z</time>
   </trkpt>
   <trkpt lat="49.6321470" lon="18.6151850">
    <ele>572.4</ele>
    <time>2026-05-23T06:52:06Z</time>
   </trkpt>
   <trkpt lat="49.6321350" lon="18.6151560">
    <ele>572.4</ele>
    <time>2026-05-23T06:52:07Z</time>
   </trkpt>
   <trkpt lat="49.6321250" lon="18.6151320">
    <ele>572.6</ele>
    <time>2026-05-23T06:52:08Z</time>
   </trkpt>
   <trkpt lat="49.6321130" lon="18.6151050">
    <ele>573.0</ele>
    <time>2026-05-23T06:52:09Z</time>
   </trkpt>
   <trkpt lat="49.6321040" lon="18.6150780">
    <ele>573.2</ele>
    <time>2026-05-23T06:52:10Z</time>
   </trkpt>
   <trkpt lat="49.6320960" lon="18.6150520">
    <ele>573.4</ele>
    <time>2026-05-23T06:52:11Z</time>
   </trkpt>
   <trkpt lat="49.6320880" lon="18.6150250">
    <ele>573.6</ele>
    <time>2026-05-23T06:52:12Z</time>
   </trkpt>
   <trkpt lat="49.6320790" lon="18.6150000">
    <ele>573.8</ele>
    <time>2026-05-23T06:52:13Z</time>
   </trkpt>
   <trkpt lat="49.6320700" lon="18.6149730">
    <ele>574.0</ele>
    <time>2026-05-23T06:52:14Z</time>
   </trkpt>
   <trkpt lat="49.6320590" lon="18.6149440">
    <ele>574.4</ele>
    <time>2026-05-23T06:52:15Z</time>
   </trkpt>
   <trkpt lat="49.6320490" lon="18.6149190">
    <ele>574.4</ele>
    <time>2026-05-23T06:52:16Z</time>
   </trkpt>
   <trkpt lat="49.6320380" lon="18.6148930">
    <ele>574.8</ele>
    <time>2026-05-23T06:52:17Z</time>
   </trkpt>
   <trkpt lat="49.6320270" lon="18.6148670">
    <ele>574.8</ele>
    <time>2026-05-23T06:52:18Z</time>
   </trkpt>
   <trkpt lat="49.6320180" lon="18.6148390">
    <ele>575.2</ele>
    <time>2026-05-23T06:52:19Z</time>
   </trkpt>
   <trkpt lat="49.6320070" lon="18.6148080">
    <ele>575.4</ele>
    <time>2026-05-23T06:52:20Z</time>
   </trkpt>
   <trkpt lat="49.6319960" lon="18.6147830">
    <ele>575.6</ele>
    <time>2026-05-23T06:52:21Z</time>
   </trkpt>
   <trkpt lat="49.6319860" lon="18.6147640">
    <ele>575.8</ele>
    <time>2026-05-23T06:52:22Z</time>
   </trkpt>
   <trkpt lat="49.6319730" lon="18.6147450">
    <ele>576.2</ele>
    <time>2026-05-23T06:52:23Z</time>
   </trkpt>
   <trkpt lat="49.6319610" lon="18.6147240">
    <ele>576.4</ele>
    <time>2026-05-23T06:52:24Z</time>
   </trkpt>
   <trkpt lat="49.6319490" lon="18.6147050">
    <ele>576.6</ele>
    <time>2026-05-23T06:52:25Z</time>
   </trkpt>
   <trkpt lat="49.6319380" lon="18.6146860">
    <ele>576.8</ele>
    <time>2026-05-23T06:52:26Z</time>
   </trkpt>
   <trkpt lat="49.6319270" lon="18.6146640">
    <ele>577.2</ele>
    <time>2026-05-23T06:52:27Z</time>
   </trkpt>
   <trkpt lat="49.6319170" lon="18.6146450">
    <ele>577.6</ele>
    <time>2026-05-23T06:52:28Z</time>
   </trkpt>
   <trkpt lat="49.6319100" lon="18.6146260">
    <ele>577.8</ele>
    <time>2026-05-23T06:52:29Z</time>
   </trkpt>
   <trkpt lat="49.6319020" lon="18.6146080">
    <ele>578.0</ele>
    <time>2026-05-23T06:52:30Z</time>
   </trkpt>
   <trkpt lat="49.6318950" lon="18.6145880">
    <ele>578.2</ele>
    <time>2026-05-23T06:52:31Z</time>
   </trkpt>
   <trkpt lat="49.6318870" lon="18.6145700">
    <ele>578.4</ele>
    <time>2026-05-23T06:52:32Z</time>
   </trkpt>
   <trkpt lat="49.6318780" lon="18.6145520">
    <ele>578.8</ele>
    <time>2026-05-23T06:52:33Z</time>
   </trkpt>
   <trkpt lat="49.6318650" lon="18.6145320">
    <ele>579.0</ele>
    <time>2026-05-23T06:52:34Z</time>
   </trkpt>
   <trkpt lat="49.6318470" lon="18.6145110">
    <ele>579.4</ele>
    <time>2026-05-23T06:52:35Z</time>
   </trkpt>
   <trkpt lat="49.6318310" lon="18.6144910">
    <ele>579.6</ele>
    <time>2026-05-23T06:52:36Z</time>
   </trkpt>
   <trkpt lat="49.6318200" lon="18.6144710">
    <ele>579.8</ele>
    <time>2026-05-23T06:52:37Z</time>
   </trkpt>
   <trkpt lat="49.6318100" lon="18.6144530">
    <ele>580.0</ele>
    <time>2026-05-23T06:52:38Z</time>
   </trkpt>
   <trkpt lat="49.6318070" lon="18.6144450">
    <ele>580.2</ele>
    <time>2026-05-23T06:52:39Z</time>
   </trkpt>
   <trkpt lat="49.6317990" lon="18.6144430">
    <ele>580.6</ele>
    <time>2026-05-23T06:52:40Z</time>
   </trkpt>
   <trkpt lat="49.6317870" lon="18.6144370">
    <ele>581.0</ele>
    <time>2026-05-23T06:52:41Z</time>
   </trkpt>
   <trkpt lat="49.6317750" lon="18.6144290">
    <ele>581.4</ele>
    <time>2026-05-23T06:52:42Z</time>
   </trkpt>
   <trkpt lat="49.6317640" lon="18.6144180">
    <ele>581.4</ele>
    <time>2026-05-23T06:52:43Z</time>
   </trkpt>
   <trkpt lat="49.6317510" lon="18.6144060">
    <ele>581.8</ele>
    <time>2026-05-23T06:52:44Z</time>
   </trkpt>
   <trkpt lat="49.6317380" lon="18.6143880">
    <ele>582.0</ele>
    <time>2026-05-23T06:52:45Z</time>
   </trkpt>
   <trkpt lat="49.6317240" lon="18.6143680">
    <ele>582.2</ele>
    <time>2026-05-23T06:52:46Z</time>
   </trkpt>
   <trkpt lat="49.6317110" lon="18.6143480">
    <ele>582.4</ele>
    <time>2026-05-23T06:52:47Z</time>
   </trkpt>
   <trkpt lat="49.6316980" lon="18.6143320">
    <ele>582.6</ele>
    <time>2026-05-23T06:52:48Z</time>
   </trkpt>
   <trkpt lat="49.6316830" lon="18.6143070">
    <ele>582.8</ele>
    <time>2026-05-23T06:52:49Z</time>
   </trkpt>
   <trkpt lat="49.6316670" lon="18.6142880">
    <ele>583.0</ele>
    <time>2026-05-23T06:52:50Z</time>
   </trkpt>
   <trkpt lat="49.6316520" lon="18.6142700">
    <ele>583.2</ele>
    <time>2026-05-23T06:52:51Z</time>
   </trkpt>
   <trkpt lat="49.6316400" lon="18.6142560">
    <ele>583.2</ele>
    <time>2026-05-23T06:52:52Z</time>
   </trkpt>
   <trkpt lat="49.6316260" lon="18.6142400">
    <ele>583.4</ele>
    <time>2026-05-23T06:52:53Z</time>
   </trkpt>
   <trkpt lat="49.6316120" lon="18.6142210">
    <ele>583.6</ele>
    <time>2026-05-23T06:52:54Z</time>
   </trkpt>
   <trkpt lat="49.6315990" lon="18.6142060">
    <ele>583.8</ele>
    <time>2026-05-23T06:52:55Z</time>
   </trkpt>
   <trkpt lat="49.6315850" lon="18.6141930">
    <ele>584.0</ele>
    <time>2026-05-23T06:52:56Z</time>
   </trkpt>
   <trkpt lat="49.6315690" lon="18.6141840">
    <ele>584.2</ele>
    <time>2026-05-23T06:52:57Z</time>
   </trkpt>
   <trkpt lat="49.6315460" lon="18.6141770">
    <ele>584.4</ele>
    <time>2026-05-23T06:52:58Z</time>
   </trkpt>
   <trkpt lat="49.6315220" lon="18.6141630">
    <ele>584.6</ele>
    <time>2026-05-23T06:52:59Z</time>
   </trkpt>
   <trkpt lat="49.6314960" lon="18.6141540">
    <ele>584.8</ele>
    <time>2026-05-23T06:53:00Z</time>
   </trkpt>
   <trkpt lat="49.6314700" lon="18.6141440">
    <ele>585.0</ele>
    <time>2026-05-23T06:53:01Z</time>
   </trkpt>
   <trkpt lat="49.6314490" lon="18.6141290">
    <ele>585.2</ele>
    <time>2026-05-23T06:53:02Z</time>
   </trkpt>
   <trkpt lat="49.6314260" lon="18.6141140">
    <ele>585.4</ele>
    <time>2026-05-23T06:53:03Z</time>
   </trkpt>
   <trkpt lat="49.6314060" lon="18.6141040">
    <ele>585.4</ele>
    <time>2026-05-23T06:53:04Z</time>
   </trkpt>
   <trkpt lat="49.6313960" lon="18.6140930">
    <ele>585.6</ele>
    <time>2026-05-23T06:53:05Z</time>
   </trkpt>
   <trkpt lat="49.6313850" lon="18.6141010">
    <ele>586.0</ele>
    <time>2026-05-23T06:53:06Z</time>
   </trkpt>
   <trkpt lat="49.6313660" lon="18.6141030">
    <ele>586.6</ele>
    <time>2026-05-23T06:53:07Z</time>
   </trkpt>
   <trkpt lat="49.6313510" lon="18.6141080">
    <ele>586.8</ele>
    <time>2026-05-23T06:53:08Z</time>
   </trkpt>
   <trkpt lat="49.6313290" lon="18.6141040">
    <ele>586.8</ele>
    <time>2026-05-23T06:53:09Z</time>
   </trkpt>
   <trkpt lat="49.6313080" lon="18.6140950">
    <ele>587.0</ele>
    <time>2026-05-23T06:53:10Z</time>
   </trkpt>
   <trkpt lat="49.6312810" lon="18.6140960">
    <ele>587.2</ele>
    <time>2026-05-23T06:53:11Z</time>
   </trkpt>
   <trkpt lat="49.6312620" lon="18.6140930">
    <ele>587.8</ele>
    <time>2026-05-23T06:53:12Z</time>
   </trkpt>
   <trkpt lat="49.6312340" lon="18.6140910">
    <ele>587.8</ele>
    <time>2026-05-23T06:53:13Z</time>
   </trkpt>
   <trkpt lat="49.6312030" lon="18.6140850">
    <ele>588.2</ele>
    <time>2026-05-23T06:53:14Z</time>
   </trkpt>
   <trkpt lat="49.6311880" lon="18.6140900">
    <ele>588.4</ele>
    <time>2026-05-23T06:53:15Z</time>
   </trkpt>
   <trkpt lat="49.6311730" lon="18.6141020">
    <ele>588.4</ele>
    <time>2026-05-23T06:53:16Z</time>
   </trkpt>
   <trkpt lat="49.6311550" lon="18.6141140">
    <ele>588.6</ele>
    <time>2026-05-23T06:53:17Z</time>
   </trkpt>
   <trkpt lat="49.6311280" lon="18.6140830">
    <ele>589.0</ele>
    <time>2026-05-23T06:53:18Z</time>
   </trkpt>
   <trkpt lat="49.6311090" lon="18.6140700">
    <ele>589.2</ele>
    <time>2026-05-23T06:53:19Z</time>
   </trkpt>
   <trkpt lat="49.6310980" lon="18.6140870">
    <ele>589.4</ele>
    <time>2026-05-23T06:53:20Z</time>
   </trkpt>
   <trkpt lat="49.6310880" lon="18.6140810">
    <ele>589.6</ele>
    <time>2026-05-23T06:53:21Z</time>
   </trkpt>
   <trkpt lat="49.6310750" lon="18.6140790">
    <ele>589.8</ele>
    <time>2026-05-23T06:53:22Z</time>
   </trkpt>
   <trkpt lat="49.6310630" lon="18.6140750">
    <ele>590.0</ele>
    <time>2026-05-23T06:53:23Z</time>
   </trkpt>
   <trkpt lat="49.6310450" lon="18.6140740">
    <ele>590.2</ele>
    <time>2026-05-23T06:53:24Z</time>
   </trkpt>
   <trkpt lat="49.6310290" lon="18.6140780">
    <ele>590.6</ele>
    <time>2026-05-23T06:53:25Z</time>
   </trkpt>
   <trkpt lat="49.6310140" lon="18.6140780">
    <ele>591.0</ele>
    <time>2026-05-23T06:53:26Z</time>
   </trkpt>
   <trkpt lat="49.6310010" lon="18.6140840">
    <ele>591.2</ele>
    <time>2026-05-23T06:53:27Z</time>
   </trkpt>
   <trkpt lat="49.6309910" lon="18.6140850">
    <ele>591.6</ele>
    <time>2026-05-23T06:53:28Z</time>
   </trkpt>
   <trkpt lat="49.6309780" lon="18.6140840">
    <ele>591.6</ele>
    <time>2026-05-23T06:53:29Z</time>
   </trkpt>
   <trkpt lat="49.6309690" lon="18.6140800">
    <ele>591.8</ele>
    <time>2026-05-23T06:53:30Z</time>
   </trkpt>
   <trkpt lat="49.6309560" lon="18.6140830">
    <ele>592.2</ele>
    <time>2026-05-23T06:53:31Z</time>
   </trkpt>
   <trkpt lat="49.6309440" lon="18.6140860">
    <ele>592.4</ele>
    <time>2026-05-23T06:53:32Z</time>
   </trkpt>
   <trkpt lat="49.6309330" lon="18.6140910">
    <ele>592.6</ele>
    <time>2026-05-23T06:53:33Z</time>
   </trkpt>
   <trkpt lat="49.6309200" lon="18.6140980">
    <ele>592.8</ele>
    <time>2026-05-23T06:53:34Z</time>
   </trkpt>
   <trkpt lat="49.6309090" lon="18.6141020">
    <ele>593.2</ele>
    <time>2026-05-23T06:53:35Z</time>
   </trkpt>
   <trkpt lat="49.6308960" lon="18.6141100">
    <ele>593.4</ele>
    <time>2026-05-23T06:53:36Z</time>
   </trkpt>
   <trkpt lat="49.6308830" lon="18.6141210">
    <ele>593.6</ele>
    <time>2026-05-23T06:53:37Z</time>
   </trkpt>
   <trkpt lat="49.6308730" lon="18.6141300">
    <ele>594.0</ele>
    <time>2026-05-23T06:53:38Z</time>
   </trkpt>
   <trkpt lat="49.6308630" lon="18.6141370">
    <ele>594.2</ele>
    <time>2026-05-23T06:53:39Z</time>
   </trkpt>
   <trkpt lat="49.6308520" lon="18.6141440">
    <ele>594.4</ele>
    <time>2026-05-23T06:53:40Z</time>
   </trkpt>
   <trkpt lat="49.6308420" lon="18.6141520">
    <ele>594.8</ele>
    <time>2026-05-23T06:53:41Z</time>
   </trkpt>
   <trkpt lat="49.6308320" lon="18.6141630">
    <ele>595.0</ele>
    <time>2026-05-23T06:53:42Z</time>
   </trkpt>
   <trkpt lat="49.6308270" lon="18.6141790">
    <ele>595.0</ele>
    <time>2026-05-23T06:53:43Z</time>
   </trkpt>
   <trkpt lat="49.6308220" lon="18.6141950">
    <ele>595.2</ele>
    <time>2026-05-23T06:53:44Z</time>
   </trkpt>
   <trkpt lat="49.6308180" lon="18.6142090">
    <ele>595.6</ele>
    <time>2026-05-23T06:53:45Z</time>
   </trkpt>
   <trkpt lat="49.6308130" lon="18.6142240">
    <ele>595.6</ele>
    <time>2026-05-23T06:53:46Z</time>
   </trkpt>
   <trkpt lat="49.6308080" lon="18.6142400">
    <ele>595.8</ele>
    <time>2026-05-23T06:53:47Z</time>
   </trkpt>
   <trkpt lat="49.6308080" lon="18.6142590">
    <ele>596.0</ele>
    <time>2026-05-23T06:53:48Z</time>
   </trkpt>
   <trkpt lat="49.6308110" lon="18.6142780">
    <ele>596.2</ele>
    <time>2026-05-23T06:53:49Z</time>
   </trkpt>
   <trkpt lat="49.6308110" lon="18.6142960">
    <ele>596.4</ele>
    <time>2026-05-23T06:53:50Z</time>
   </trkpt>
   <trkpt lat="49.6308110" lon="18.6143140">
    <ele>596.6</ele>
    <time>2026-05-23T06:53:51Z</time>
   </trkpt>
   <trkpt lat="49.6308100" lon="18.6143330">
    <ele>596.8</ele>
    <time>2026-05-23T06:53:52Z</time>
   </trkpt>
   <trkpt lat="49.6308090" lon="18.6143520">
    <ele>597.0</ele>
    <time>2026-05-23T06:53:53Z</time>
   </trkpt>
   <trkpt lat="49.6308070" lon="18.6143720">
    <ele>597.0</ele>
    <time>2026-05-23T06:53:54Z</time>
   </trkpt>
   <trkpt lat="49.6308060" lon="18.6143940">
    <ele>597.2</ele>
    <time>2026-05-23T06:53:55Z</time>
   </trkpt>
   <trkpt lat="49.6308050" lon="18.6144110">
    <ele>597.6</ele>
    <time>2026-05-23T06:53:56Z</time>
   </trkpt>
   <trkpt lat="49.6308080" lon="18.6144300">
    <ele>597.6</ele>
    <time>2026-05-23T06:53:57Z</time>
   </trkpt>
   <trkpt lat="49.6308080" lon="18.6144480">
    <ele>597.8</ele>
    <time>2026-05-23T06:53:58Z</time>
   </trkpt>
   <trkpt lat="49.6308040" lon="18.6144660">
    <ele>598.0</ele>
    <time>2026-05-23T06:53:59Z</time>
   </trkpt>
   <trkpt lat="49.6307970" lon="18.6144860">
    <ele>598.2</ele>
    <time>2026-05-23T06:54:00Z</time>
   </trkpt>
   <trkpt lat="49.6307920" lon="18.6145030">
    <ele>598.2</ele>
    <time>2026-05-23T06:54:01Z</time>
   </trkpt>
   <trkpt lat="49.6307860" lon="18.6145200">
    <ele>598.6</ele>
    <time>2026-05-23T06:54:02Z</time>
   </trkpt>
   <trkpt lat="49.6307840" lon="18.6145400">
    <ele>598.6</ele>
    <time>2026-05-23T06:54:03Z</time>
   </trkpt>
   <trkpt lat="49.6307910" lon="18.6145610">
    <ele>598.8</ele>
    <time>2026-05-23T06:54:04Z</time>
   </trkpt>
   <trkpt lat="49.6307890" lon="18.6145780">
    <ele>599.0</ele>
    <time>2026-05-23T06:54:05Z</time>
   </trkpt>
   <trkpt lat="49.6307840" lon="18.6145980">
    <ele>599.0</ele>
    <time>2026-05-23T06:54:06Z</time>
   </trkpt>
   <trkpt lat="49.6307800" lon="18.6146160">
    <ele>599.2</ele>
    <time>2026-05-23T06:54:07Z</time>
   </trkpt>
   <trkpt lat="49.6307760" lon="18.6146350">
    <ele>599.4</ele>
    <time>2026-05-23T06:54:08Z</time>
   </trkpt>
   <trkpt lat="49.6307720" lon="18.6146580">
    <ele>599.6</ele>
    <time>2026-05-23T06:54:09Z</time>
   </trkpt>
   <trkpt lat="49.6307660" lon="18.6146780">
    <ele>599.6</ele>
    <time>2026-05-23T06:54:10Z</time>
   </trkpt>
   <trkpt lat="49.6307640" lon="18.6146950">
    <ele>599.8</ele>
    <time>2026-05-23T06:54:11Z</time>
   </trkpt>
   <trkpt lat="49.6307640" lon="18.6147160">
    <ele>600.0</ele>
    <time>2026-05-23T06:54:12Z</time>
   </trkpt>
   <trkpt lat="49.6307630" lon="18.6147370">
    <ele>600.0</ele>
    <time>2026-05-23T06:54:13Z</time>
   </trkpt>
   <trkpt lat="49.6307620" lon="18.6147570">
    <ele>600.0</ele>
    <time>2026-05-23T06:54:14Z</time>
   </trkpt>
   <trkpt lat="49.6307640" lon="18.6147770">
    <ele>600.2</ele>
    <time>2026-05-23T06:54:15Z</time>
   </trkpt>
   <trkpt lat="49.6307660" lon="18.6148040">
    <ele>600.4</ele>
    <time>2026-05-23T06:54:16Z</time>
   </trkpt>
   <trkpt lat="49.6307680" lon="18.6148240">
    <ele>600.4</ele>
    <time>2026-05-23T06:54:17Z</time>
   </trkpt>
   <trkpt lat="49.6307710" lon="18.6148430">
    <ele>600.6</ele>
    <time>2026-05-23T06:54:18Z</time>
   </trkpt>
   <trkpt lat="49.6307760" lon="18.6148600">
    <ele>600.8</ele>
    <time>2026-05-23T06:54:19Z</time>
   </trkpt>
   <trkpt lat="49.6307780" lon="18.6148800">
    <ele>601.0</ele>
    <time>2026-05-23T06:54:20Z</time>
   </trkpt>
   <trkpt lat="49.6307790" lon="18.6148960">
    <ele>601.0</ele>
    <time>2026-05-23T06:54:21Z</time>
   </trkpt>
   <trkpt lat="49.6307870" lon="18.6149100">
    <ele>601.2</ele>
    <time>2026-05-23T06:54:22Z</time>
   </trkpt>
   <trkpt lat="49.6307960" lon="18.6149250">
    <ele>601.4</ele>
    <time>2026-05-23T06:54:23Z</time>
   </trkpt>
   <trkpt lat="49.6308000" lon="18.6149410">
    <ele>601.6</ele>
    <time>2026-05-23T06:54:24Z</time>
   </trkpt>
   <trkpt lat="49.6308040" lon="18.6149560">
    <ele>601.8</ele>
    <time>2026-05-23T06:54:25Z</time>
   </trkpt>
   <trkpt lat="49.6308180" lon="18.6149750">
    <ele>602.0</ele>
    <time>2026-05-23T06:54:26Z</time>
   </trkpt>
   <trkpt lat="49.6308320" lon="18.6149920">
    <ele>602.0</ele>
    <time>2026-05-23T06:54:27Z</time>
   </trkpt>
   <trkpt lat="49.6308470" lon="18.6150090">
    <ele>602.0</ele>
    <time>2026-05-23T06:54:28Z</time>
   </trkpt>
   <trkpt lat="49.6308530" lon="18.6150250">
    <ele>602.2</ele>
    <time>2026-05-23T06:54:29Z</time>
   </trkpt>
   <trkpt lat="49.6308600" lon="18.6150390">
    <ele>602.2</ele>
    <time>2026-05-23T06:54:30Z</time>
   </trkpt>
   <trkpt lat="49.6308710" lon="18.6150530">
    <ele>602.4</ele>
    <time>2026-05-23T06:54:31Z</time>
   </trkpt>
   <trkpt lat="49.6308870" lon="18.6150620">
    <ele>602.4</ele>
    <time>2026-05-23T06:54:32Z</time>
   </trkpt>
   <trkpt lat="49.6309020" lon="18.6150760">
    <ele>602.4</ele>
    <time>2026-05-23T06:54:33Z</time>
   </trkpt>
   <trkpt lat="49.6309120" lon="18.6150920">
    <ele>602.6</ele>
    <time>2026-05-23T06:54:34Z</time>
   </trkpt>
   <trkpt lat="49.6309230" lon="18.6151100">
    <ele>603.0</ele>
    <time>2026-05-23T06:54:35Z</time>
   </trkpt>
   <trkpt lat="49.6309300" lon="18.6151340">
    <ele>603.0</ele>
    <time>2026-05-23T06:54:36Z</time>
   </trkpt>
   <trkpt lat="49.6309340" lon="18.6151530">
    <ele>603.2</ele>
    <time>2026-05-23T06:54:37Z</time>
   </trkpt>
   <trkpt lat="49.6309410" lon="18.6151630">
    <ele>603.4</ele>
    <time>2026-05-23T06:54:38Z</time>
   </trkpt>
   <trkpt lat="49.6309520" lon="18.6151760">
    <ele>603.4</ele>
    <time>2026-05-23T06:54:39Z</time>
   </trkpt>
   <trkpt lat="49.6309600" lon="18.6151890">
    <ele>603.4</ele>
    <time>2026-05-23T06:54:40Z</time>
   </trkpt>
   <trkpt lat="49.6309680" lon="18.6152040">
    <ele>603.8</ele>
    <time>2026-05-23T06:54:41Z</time>
   </trkpt>
   <trkpt lat="49.6309790" lon="18.6152180">
    <ele>603.8</ele>
    <time>2026-05-23T06:54:42Z</time>
   </trkpt>
   <trkpt lat="49.6309860" lon="18.6152330">
    <ele>603.8</ele>
    <time>2026-05-23T06:54:43Z</time>
   </trkpt>
   <trkpt lat="49.6309920" lon="18.6152480">
    <ele>604.0</ele>
    <time>2026-05-23T06:54:44Z</time>
   </trkpt>
   <trkpt lat="49.6309990" lon="18.6152690">
    <ele>604.2</ele>
    <time>2026-05-23T06:54:45Z</time>
   </trkpt>
   <trkpt lat="49.6310130" lon="18.6152900">
    <ele>604.2</ele>
    <time>2026-05-23T06:54:46Z</time>
   </trkpt>
   <trkpt lat="49.6310250" lon="18.6153090">
    <ele>604.2</ele>
    <time>2026-05-23T06:54:47Z</time>
   </trkpt>
   <trkpt lat="49.6310310" lon="18.6153200">
    <ele>604.4</ele>
    <time>2026-05-23T06:54:48Z</time>
   </trkpt>
   <trkpt lat="49.6310330" lon="18.6153290">
    <ele>604.6</ele>
    <time>2026-05-23T06:54:49Z</time>
   </trkpt>
   <trkpt lat="49.6310400" lon="18.6153560">
    <ele>604.6</ele>
    <time>2026-05-23T06:54:50Z</time>
   </trkpt>
   <trkpt lat="49.6310500" lon="18.6153820">
    <ele>605.0</ele>
    <time>2026-05-23T06:54:51Z</time>
   </trkpt>
   <trkpt lat="49.6310620" lon="18.6154090">
    <ele>605.2</ele>
    <time>2026-05-23T06:54:52Z</time>
   </trkpt>
   <trkpt lat="49.6310750" lon="18.6154290">
    <ele>605.4</ele>
    <time>2026-05-23T06:54:53Z</time>
   </trkpt>
   <trkpt lat="49.6310890" lon="18.6154560">
    <ele>605.6</ele>
    <time>2026-05-23T06:54:54Z</time>
   </trkpt>
   <trkpt lat="49.6311020" lon="18.6154840">
    <ele>605.8</ele>
    <time>2026-05-23T06:54:55Z</time>
   </trkpt>
   <trkpt lat="49.6311170" lon="18.6155120">
    <ele>606.0</ele>
    <time>2026-05-23T06:54:56Z</time>
   </trkpt>
   <trkpt lat="49.6311250" lon="18.6155410">
    <ele>606.2</ele>
    <time>2026-05-23T06:54:57Z</time>
   </trkpt>
   <trkpt lat="49.6311340" lon="18.6155690">
    <ele>606.2</ele>
    <time>2026-05-23T06:54:58Z</time>
   </trkpt>
   <trkpt lat="49.6311430" lon="18.6155970">
    <ele>606.4</ele>
    <time>2026-05-23T06:54:59Z</time>
   </trkpt>
   <trkpt lat="49.6311510" lon="18.6156240">
    <ele>606.6</ele>
    <time>2026-05-23T06:55:00Z</time>
   </trkpt>
   <trkpt lat="49.6311600" lon="18.6156520">
    <ele>606.8</ele>
    <time>2026-05-23T06:55:01Z</time>
   </trkpt>
   <trkpt lat="49.6311690" lon="18.6156810">
    <ele>607.2</ele>
    <time>2026-05-23T06:55:02Z</time>
   </trkpt>
   <trkpt lat="49.6311790" lon="18.6157100">
    <ele>607.2</ele>
    <time>2026-05-23T06:55:03Z</time>
   </trkpt>
   <trkpt lat="49.6311880" lon="18.6157380">
    <ele>607.4</ele>
    <time>2026-05-23T06:55:04Z</time>
   </trkpt>
   <trkpt lat="49.6311920" lon="18.6157690">
    <ele>607.6</ele>
    <time>2026-05-23T06:55:05Z</time>
   </trkpt>
   <trkpt lat="49.6311990" lon="18.6157970">
    <ele>607.8</ele>
    <time>2026-05-23T06:55:06Z</time>
   </trkpt>
   <trkpt lat="49.6312070" lon="18.6158240">
    <ele>608.2</ele>
    <time>2026-05-23T06:55:07Z</time>
   </trkpt>
   <trkpt lat="49.6312160" lon="18.6158520">
    <ele>608.2</ele>
    <time>2026-05-23T06:55:08Z</time>
   </trkpt>
   <trkpt lat="49.6312270" lon="18.6158780">
    <ele>608.6</ele>
    <time>2026-05-23T06:55:09Z</time>
   </trkpt>
   <trkpt lat="49.6312360" lon="18.6159060">
    <ele>608.6</ele>
    <time>2026-05-23T06:55:10Z</time>
   </trkpt>
   <trkpt lat="49.6312460" lon="18.6159330">
    <ele>609.0</ele>
    <time>2026-05-23T06:55:11Z</time>
   </trkpt>
   <trkpt lat="49.6312530" lon="18.6159600">
    <ele>609.0</ele>
    <time>2026-05-23T06:55:12Z</time>
   </trkpt>
   <trkpt lat="49.6312580" lon="18.6159910">
    <ele>609.4</ele>
    <time>2026-05-23T06:55:13Z</time>
   </trkpt>
   <trkpt lat="49.6312650" lon="18.6160220">
    <ele>609.6</ele>
    <time>2026-05-23T06:55:14Z</time>
   </trkpt>
   <trkpt lat="49.6312720" lon="18.6160520">
    <ele>609.6</ele>
    <time>2026-05-23T06:55:15Z</time>
   </trkpt>
   <trkpt lat="49.6312790" lon="18.6160780">
    <ele>609.8</ele>
    <time>2026-05-23T06:55:16Z</time>
   </trkpt>
   <trkpt lat="49.6312860" lon="18.6161060">
    <ele>610.2</ele>
    <time>2026-05-23T06:55:17Z</time>
   </trkpt>
   <trkpt lat="49.6312920" lon="18.6161350">
    <ele>610.4</ele>
    <time>2026-05-23T06:55:18Z</time>
   </trkpt>
   <trkpt lat="49.6312980" lon="18.6161630">
    <ele>610.6</ele>
    <time>2026-05-23T06:55:19Z</time>
   </trkpt>
   <trkpt lat="49.6313030" lon="18.6161940">
    <ele>610.8</ele>
    <time>2026-05-23T06:55:20Z</time>
   </trkpt>
   <trkpt lat="49.6313080" lon="18.6162240">
    <ele>611.0</ele>
    <time>2026-05-23T06:55:21Z</time>
   </trkpt>
   <trkpt lat="49.6313110" lon="18.6162540">
    <ele>611.0</ele>
    <time>2026-05-23T06:55:22Z</time>
   </trkpt>
   <trkpt lat="49.6313140" lon="18.6162830">
    <ele>611.2</ele>
    <time>2026-05-23T06:55:23Z</time>
   </trkpt>
   <trkpt lat="49.6313180" lon="18.6163120">
    <ele>611.4</ele>
    <time>2026-05-23T06:55:24Z</time>
   </trkpt>
   <trkpt lat="49.6313210" lon="18.6163410">
    <ele>611.6</ele>
    <time>2026-05-23T06:55:25Z</time>
   </trkpt>
   <trkpt lat="49.6313240" lon="18.6163730">
    <ele>611.8</ele>
    <time>2026-05-23T06:55:26Z</time>
   </trkpt>
   <trkpt lat="49.6313240" lon="18.6164040">
    <ele>611.8</ele>
    <time>2026-05-23T06:55:27Z</time>
   </trkpt>
   <trkpt lat="49.6313270" lon="18.6164370">
    <ele>612.0</ele>
    <time>2026-05-23T06:55:28Z</time>
   </trkpt>
   <trkpt lat="49.6313270" lon="18.6164680">
    <ele>612.2</ele>
    <time>2026-05-23T06:55:29Z</time>
   </trkpt>
   <trkpt lat="49.6313270" lon="18.6164970">
    <ele>612.4</ele>
    <time>2026-05-23T06:55:30Z</time>
   </trkpt>
   <trkpt lat="49.6313250" lon="18.6165190">
    <ele>612.6</ele>
    <time>2026-05-23T06:55:31Z</time>
   </trkpt>
   <trkpt lat="49.6313180" lon="18.6165540">
    <ele>612.6</ele>
    <time>2026-05-23T06:55:32Z</time>
   </trkpt>
   <trkpt lat="49.6313130" lon="18.6165820">
    <ele>612.8</ele>
    <time>2026-05-23T06:55:33Z</time>
   </trkpt>
   <trkpt lat="49.6313060" lon="18.6166090">
    <ele>613.0</ele>
    <time>2026-05-23T06:55:34Z</time>
   </trkpt>
   <trkpt lat="49.6313000" lon="18.6166340">
    <ele>613.2</ele>
    <time>2026-05-23T06:55:35Z</time>
   </trkpt>
   <trkpt lat="49.6312950" lon="18.6166600">
    <ele>613.4</ele>
    <time>2026-05-23T06:55:36Z</time>
   </trkpt>
   <trkpt lat="49.6312870" lon="18.6166860">
    <ele>613.6</ele>
    <time>2026-05-23T06:55:37Z</time>
   </trkpt>
   <trkpt lat="49.6312760" lon="18.6167070">
    <ele>613.8</ele>
    <time>2026-05-23T06:55:38Z</time>
   </trkpt>
   <trkpt lat="49.6312680" lon="18.6167260">
    <ele>614.0</ele>
    <time>2026-05-23T06:55:39Z</time>
   </trkpt>
   <trkpt lat="49.6312590" lon="18.6167460">
    <ele>614.2</ele>
    <time>2026-05-23T06:55:40Z</time>
   </trkpt>
   <trkpt lat="49.6312470" lon="18.6167650">
    <ele>614.4</ele>
    <time>2026-05-23T06:55:41Z</time>
   </trkpt>
   <trkpt lat="49.6312350" lon="18.6167820">
    <ele>614.4</ele>
    <time>2026-05-23T06:55:42Z</time>
   </trkpt>
   <trkpt lat="49.6312280" lon="18.6168020">
    <ele>614.6</ele>
    <time>2026-05-23T06:55:43Z</time>
   </trkpt>
   <trkpt lat="49.6312170" lon="18.6168190">
    <ele>614.8</ele>
    <time>2026-05-23T06:55:44Z</time>
   </trkpt>
   <trkpt lat="49.6312070" lon="18.6168370">
    <ele>615.0</ele>
    <time>2026-05-23T06:55:45Z</time>
   </trkpt>
   <trkpt lat="49.6312000" lon="18.6168540">
    <ele>615.2</ele>
    <time>2026-05-23T06:55:46Z</time>
   </trkpt>
   <trkpt lat="49.6311940" lon="18.6168700">
    <ele>615.6</ele>
    <time>2026-05-23T06:55:47Z</time>
   </trkpt>
   <trkpt lat="49.6311830" lon="18.6168810">
    <ele>616.0</ele>
    <time>2026-05-23T06:55:48Z</time>
   </trkpt>
   <trkpt lat="49.6311730" lon="18.6168910">
    <ele>616.0</ele>
    <time>2026-05-23T06:55:49Z</time>
   </trkpt>
   <trkpt lat="49.6311620" lon="18.6169020">
    <ele>616.2</ele>
    <time>2026-05-23T06:55:50Z</time>
   </trkpt>
   <trkpt lat="49.6311530" lon="18.6169130">
    <ele>616.2</ele>
    <time>2026-05-23T06:55:51Z</time>
   </trkpt>
   <trkpt lat="49.6311480" lon="18.6169210">
    <ele>616.2</ele>
    <time>2026-05-23T06:55:52Z</time>
   </trkpt>
   <trkpt lat="49.6311410" lon="18.6169300">
    <ele>616.4</ele>
    <time>2026-05-23T06:55:53Z</time>
   </trkpt>
   <trkpt lat="49.6311280" lon="18.6169470">
    <ele>616.8</ele>
    <time>2026-05-23T06:55:54Z</time>
   </trkpt>
   <trkpt lat="49.6311160" lon="18.6169670">
    <ele>617.0</ele>
    <time>2026-05-23T06:55:55Z</time>
   </trkpt>
   <trkpt lat="49.6311060" lon="18.6169830">
    <ele>617.2</ele>
    <time>2026-05-23T06:55:56Z</time>
   </trkpt>
   <trkpt lat="49.6310950" lon="18.6169950">
    <ele>617.2</ele>
    <time>2026-05-23T06:55:57Z</time>
   </trkpt>
   <trkpt lat="49.6310840" lon="18.6170090">
    <ele>617.4</ele>
    <time>2026-05-23T06:55:58Z</time>
   </trkpt>
   <trkpt lat="49.6310740" lon="18.6170240">
    <ele>617.4</ele>
    <time>2026-05-23T06:55:59Z</time>
   </trkpt>
   <trkpt lat="49.6310650" lon="18.6170390">
    <ele>617.6</ele>
    <time>2026-05-23T06:56:00Z</time>
   </trkpt>
   <trkpt lat="49.6310550" lon="18.6170570">
    <ele>617.8</ele>
    <time>2026-05-23T06:56:01Z</time>
   </trkpt>
   <trkpt lat="49.6310450" lon="18.6170730">
    <ele>618.0</ele>
    <time>2026-05-23T06:56:02Z</time>
   </trkpt>
   <trkpt lat="49.6310350" lon="18.6170850">
    <ele>618.0</ele>
    <time>2026-05-23T06:56:03Z</time>
   </trkpt>
   <trkpt lat="49.6310260" lon="18.6170970">
    <ele>618.2</ele>
    <time>2026-05-23T06:56:04Z</time>
   </trkpt>
   <trkpt lat="49.6310170" lon="18.6171100">
    <ele>618.4</ele>
    <time>2026-05-23T06:56:05Z</time>
   </trkpt>
   <trkpt lat="49.6310080" lon="18.6171230">
    <ele>618.6</ele>
    <time>2026-05-23T06:56:06Z</time>
   </trkpt>
   <trkpt lat="49.6309990" lon="18.6171400">
    <ele>618.6</ele>
    <time>2026-05-23T06:56:07Z</time>
   </trkpt>
   <trkpt lat="49.6309910" lon="18.6171590">
    <ele>618.8</ele>
    <time>2026-05-23T06:56:08Z</time>
   </trkpt>
   <trkpt lat="49.6309800" lon="18.6171760">
    <ele>619.0</ele>
    <time>2026-05-23T06:56:09Z</time>
   </trkpt>
   <trkpt lat="49.6309710" lon="18.6171880">
    <ele>619.0</ele>
    <time>2026-05-23T06:56:10Z</time>
   </trkpt>
   <trkpt lat="49.6309670" lon="18.6171990">
    <ele>619.2</ele>
    <time>2026-05-23T06:56:11Z</time>
   </trkpt>
   <trkpt lat="49.6309610" lon="18.6172110">
    <ele>619.2</ele>
    <time>2026-05-23T06:56:12Z</time>
   </trkpt>
   <trkpt lat="49.6309530" lon="18.6172270">
    <ele>619.4</ele>
    <time>2026-05-23T06:56:13Z</time>
   </trkpt>
   <trkpt lat="49.6309450" lon="18.6172430">
    <ele>619.4</ele>
    <time>2026-05-23T06:56:14Z</time>
   </trkpt>
   <trkpt lat="49.6309360" lon="18.6172590">
    <ele>619.6</ele>
    <time>2026-05-23T06:56:15Z</time>
   </trkpt>
   <trkpt lat="49.6309280" lon="18.6172760">
    <ele>619.8</ele>
    <time>2026-05-23T06:56:16Z</time>
   </trkpt>
   <trkpt lat="49.6309220" lon="18.6172920">
    <ele>620.0</ele>
    <time>2026-05-23T06:56:17Z</time>
   </trkpt>
   <trkpt lat="49.6309160" lon="18.6173070">
    <ele>620.0</ele>
    <time>2026-05-23T06:56:18Z</time>
   </trkpt>
   <trkpt lat="49.6309080" lon="18.6173250">
    <ele>620.2</ele>
    <time>2026-05-23T06:56:19Z</time>
   </trkpt>
   <trkpt lat="49.6308970" lon="18.6173450">
    <ele>620.2</ele>
    <time>2026-05-23T06:56:20Z</time>
   </trkpt>
   <trkpt lat="49.6308870" lon="18.6173620">
    <ele>620.4</ele>
    <time>2026-05-23T06:56:21Z</time>
   </trkpt>
   <trkpt lat="49.6308800" lon="18.6173800">
    <ele>620.6</ele>
    <time>2026-05-23T06:56:22Z</time>
   </trkpt>
   <trkpt lat="49.6308710" lon="18.6173960">
    <ele>620.6</ele>
    <time>2026-05-23T06:56:23Z</time>
   </trkpt>
   <trkpt lat="49.6308660" lon="18.6174120">
    <ele>620.6</ele>
    <time>2026-05-23T06:56:24Z</time>
   </trkpt>
   <trkpt lat="49.6308610" lon="18.6174280">
    <ele>620.8</ele>
    <time>2026-05-23T06:56:25Z</time>
   </trkpt>
   <trkpt lat="49.6308530" lon="18.6174480">
    <ele>621.0</ele>
    <time>2026-05-23T06:56:26Z</time>
   </trkpt>
   <trkpt lat="49.6308450" lon="18.6174620">
    <ele>621.2</ele>
    <time>2026-05-23T06:56:27Z</time>
   </trkpt>
   <trkpt lat="49.6308370" lon="18.6174770">
    <ele>621.4</ele>
    <time>2026-05-23T06:56:28Z</time>
   </trkpt>
   <trkpt lat="49.6308280" lon="18.6174910">
    <ele>621.4</ele>
    <time>2026-05-23T06:56:29Z</time>
   </trkpt>
   <trkpt lat="49.6308220" lon="18.6175060">
    <ele>621.6</ele>
    <time>2026-05-23T06:56:30Z</time>
   </trkpt>
   <trkpt lat="49.6308150" lon="18.6175210">
    <ele>621.6</ele>
    <time>2026-05-23T06:56:31Z</time>
   </trkpt>
   <trkpt lat="49.6308040" lon="18.6175380">
    <ele>621.8</ele>
    <time>2026-05-23T06:56:32Z</time>
   </trkpt>
   <trkpt lat="49.6307960" lon="18.6175550">
    <ele>621.8</ele>
    <time>2026-05-23T06:56:33Z</time>
   </trkpt>
   <trkpt lat="49.6307930" lon="18.6175720">
    <ele>622.0</ele>
    <time>2026-05-23T06:56:34Z</time>
   </trkpt>
   <trkpt lat="49.6307860" lon="18.6175890">
    <ele>622.2</ele>
    <time>2026-05-23T06:56:35Z</time>
   </trkpt>
   <trkpt lat="49.6307780" lon="18.6176060">
    <ele>622.4</ele>
    <time>2026-05-23T06:56:36Z</time>
   </trkpt>
   <trkpt lat="49.6307730" lon="18.6176280">
    <ele>622.4</ele>
    <time>2026-05-23T06:56:37Z</time>
   </trkpt>
   <trkpt lat="49.6307690" lon="18.6176490">
    <ele>622.6</ele>
    <time>2026-05-23T06:56:38Z</time>
   </trkpt>
   <trkpt lat="49.6307620" lon="18.6176730">
    <ele>622.6</ele>
    <time>2026-05-23T06:56:39Z</time>
   </trkpt>
   <trkpt lat="49.6307590" lon="18.6176900">
    <ele>622.8</ele>
    <time>2026-05-23T06:56:40Z</time>
   </trkpt>
   <trkpt lat="49.6307600" lon="18.6177170">
    <ele>623.0</ele>
    <time>2026-05-23T06:56:41Z</time>
   </trkpt>
   <trkpt lat="49.6307510" lon="18.6177410">
    <ele>623.0</ele>
    <time>2026-05-23T06:56:42Z</time>
   </trkpt>
   <trkpt lat="49.6307390" lon="18.6177600">
    <ele>623.2</ele>
    <time>2026-05-23T06:56:43Z</time>
   </trkpt>
   <trkpt lat="49.6307260" lon="18.6177740">
    <ele>623.4</ele>
    <time>2026-05-23T06:56:44Z</time>
   </trkpt>
   <trkpt lat="49.6307170" lon="18.6177910">
    <ele>623.6</ele>
    <time>2026-05-23T06:56:45Z</time>
   </trkpt>
   <trkpt lat="49.6307080" lon="18.6178020">
    <ele>623.6</ele>
    <time>2026-05-23T06:56:46Z</time>
   </trkpt>
   <trkpt lat="49.6307000" lon="18.6178200">
    <ele>623.8</ele>
    <time>2026-05-23T06:56:47Z</time>
   </trkpt>
   <trkpt lat="49.6306940" lon="18.6178380">
    <ele>623.8</ele>
    <time>2026-05-23T06:56:48Z</time>
   </trkpt>
   <trkpt lat="49.6306890" lon="18.6178590">
    <ele>624.0</ele>
    <time>2026-05-23T06:56:49Z</time>
   </trkpt>
   <trkpt lat="49.6306840" lon="18.6178770">
    <ele>624.2</ele>
    <time>2026-05-23T06:56:50Z</time>
   </trkpt>
   <trkpt lat="49.6306780" lon="18.6178930">
    <ele>624.2</ele>
    <time>2026-05-23T06:56:51Z</time>
   </trkpt>
   <trkpt lat="49.6306720" lon="18.6179100">
    <ele>624.6</ele>
    <time>2026-05-23T06:56:52Z</time>
   </trkpt>
   <trkpt lat="49.6306640" lon="18.6179290">
    <ele>624.6</ele>
    <time>2026-05-23T06:56:53Z</time>
   </trkpt>
   <trkpt lat="49.6306550" lon="18.6179450">
    <ele>624.8</ele>
    <time>2026-05-23T06:56:54Z</time>
   </trkpt>
   <trkpt lat="49.6306490" lon="18.6179620">
    <ele>624.8</ele>
    <time>2026-05-23T06:56:55Z</time>
   </trkpt>
   <trkpt lat="49.6306410" lon="18.6179790">
    <ele>625.0</ele>
    <time>2026-05-23T06:56:56Z</time>
   </trkpt>
   <trkpt lat="49.6306310" lon="18.6179970">
    <ele>625.2</ele>
    <time>2026-05-23T06:56:57Z</time>
   </trkpt>
   <trkpt lat="49.6306240" lon="18.6180140">
    <ele>625.2</ele>
    <time>2026-05-23T06:56:58Z</time>
   </trkpt>
   <trkpt lat="49.6306200" lon="18.6180320">
    <ele>625.4</ele>
    <time>2026-05-23T06:56:59Z</time>
   </trkpt>
   <trkpt lat="49.6306160" lon="18.6180500">
    <ele>625.4</ele>
    <time>2026-05-23T06:57:00Z</time>
   </trkpt>
   <trkpt lat="49.6306100" lon="18.6180690">
    <ele>625.6</ele>
    <time>2026-05-23T06:57:01Z</time>
   </trkpt>
   <trkpt lat="49.6306030" lon="18.6180870">
    <ele>625.8</ele>
    <time>2026-05-23T06:57:02Z</time>
   </trkpt>
   <trkpt lat="49.6305980" lon="18.6181010">
    <ele>625.8</ele>
    <time>2026-05-23T06:57:03Z</time>
   </trkpt>
   <trkpt lat="49.6305920" lon="18.6181190">
    <ele>626.0</ele>
    <time>2026-05-23T06:57:04Z</time>
   </trkpt>
   <trkpt lat="49.6305890" lon="18.6181380">
    <ele>626.2</ele>
    <time>2026-05-23T06:57:05Z</time>
   </trkpt>
   <trkpt lat="49.6305850" lon="18.6181580">
    <ele>626.4</ele>
    <time>2026-05-23T06:57:06Z</time>
   </trkpt>
   <trkpt lat="49.6305800" lon="18.6181790">
    <ele>626.4</ele>
    <time>2026-05-23T06:57:07Z</time>
   </trkpt>
   <trkpt lat="49.6305730" lon="18.6181980">
    <ele>626.8</ele>
    <time>2026-05-23T06:57:08Z</time>
   </trkpt>
   <trkpt lat="49.6305630" lon="18.6182130">
    <ele>626.8</ele>
    <time>2026-05-23T06:57:09Z</time>
   </trkpt>
   <trkpt lat="49.6305590" lon="18.6182310">
    <ele>627.0</ele>
    <time>2026-05-23T06:57:10Z</time>
   </trkpt>
   <trkpt lat="49.6305550" lon="18.6182510">
    <ele>627.2</ele>
    <time>2026-05-23T06:57:11Z</time>
   </trkpt>
   <trkpt lat="49.6305500" lon="18.6182690">
    <ele>627.4</ele>
    <time>2026-05-23T06:57:12Z</time>
   </trkpt>
   <trkpt lat="49.6305460" lon="18.6182880">
    <ele>627.6</ele>
    <time>2026-05-23T06:57:13Z</time>
   </trkpt>
   <trkpt lat="49.6305450" lon="18.6183090">
    <ele>627.6</ele>
    <time>2026-05-23T06:57:14Z</time>
   </trkpt>
   <trkpt lat="49.6305430" lon="18.6183310">
    <ele>627.8</ele>
    <time>2026-05-23T06:57:15Z</time>
   </trkpt>
   <trkpt lat="49.6305350" lon="18.6183530">
    <ele>628.0</ele>
    <time>2026-05-23T06:57:16Z</time>
   </trkpt>
   <trkpt lat="49.6305240" lon="18.6183730">
    <ele>628.2</ele>
    <time>2026-05-23T06:57:17Z</time>
   </trkpt>
   <trkpt lat="49.6305160" lon="18.6183930">
    <ele>628.4</ele>
    <time>2026-05-23T06:57:18Z</time>
   </trkpt>
   <trkpt lat="49.6305160" lon="18.6184130">
    <ele>628.8</ele>
    <time>2026-05-23T06:57:19Z</time>
   </trkpt>
   <trkpt lat="49.6305160" lon="18.6184340">
    <ele>629.0</ele>
    <time>2026-05-23T06:57:20Z</time>
   </trkpt>
   <trkpt lat="49.6305170" lon="18.6184540">
    <ele>629.2</ele>
    <time>2026-05-23T06:57:21Z</time>
   </trkpt>
   <trkpt lat="49.6305200" lon="18.6184770">
    <ele>629.4</ele>
    <time>2026-05-23T06:57:22Z</time>
   </trkpt>
   <trkpt lat="49.6305210" lon="18.6184980">
    <ele>629.6</ele>
    <time>2026-05-23T06:57:23Z</time>
   </trkpt>
   <trkpt lat="49.6305250" lon="18.6185180">
    <ele>629.8</ele>
    <time>2026-05-23T06:57:24Z</time>
   </trkpt>
   <trkpt lat="49.6305250" lon="18.6185380">
    <ele>630.0</ele>
    <time>2026-05-23T06:57:25Z</time>
   </trkpt>
   <trkpt lat="49.6305200" lon="18.6185600">
    <ele>630.0</ele>
    <time>2026-05-23T06:57:26Z</time>
   </trkpt>
   <trkpt lat="49.6305140" lon="18.6185820">
    <ele>630.2</ele>
    <time>2026-05-23T06:57:27Z</time>
   </trkpt>
   <trkpt lat="49.6305130" lon="18.6185890">
    <ele>630.4</ele>
    <time>2026-05-23T06:57:28Z</time>
   </trkpt>
   <trkpt lat="49.6305130" lon="18.6185890">
    <ele>630.6</ele>
    <time>2026-05-23T06:57:29Z</time>
   </trkpt>
   <trkpt lat="49.6305130" lon="18.6185890">
    <ele>630.6</ele>
    <time>2026-05-23T06:57:30Z</time>
   </trkpt>
   <trkpt lat="49.6305130" lon="18.6185890">
    <ele>630.6</ele>
    <time>2026-05-23T06:57:32Z</time>
   </trkpt>
   <trkpt lat="49.6304960" lon="18.6186460">
    <ele>631.2</ele>
    <time>2026-05-23T07:00:01Z</time>
   </trkpt>
   <trkpt lat="49.6304960" lon="18.6186460">
    <ele>631.2</ele>
    <time>2026-05-23T07:00:02Z</time>
   </trkpt>
   <trkpt lat="49.6305250" lon="18.6186590">
    <ele>631.2</ele>
    <time>2026-05-23T07:00:10Z</time>
   </trkpt>
   <trkpt lat="49.6305420" lon="18.6186710">
    <ele>631.2</ele>
    <time>2026-05-23T07:00:11Z</time>
   </trkpt>
   <trkpt lat="49.6305520" lon="18.6186780">
    <ele>631.2</ele>
    <time>2026-05-23T07:00:12Z</time>
   </trkpt>
   <trkpt lat="49.6305640" lon="18.6186850">
    <ele>631.0</ele>
    <time>2026-05-23T07:00:13Z</time>
   </trkpt>
   <trkpt lat="49.6305730" lon="18.6186970">
    <ele>631.2</ele>
    <time>2026-05-23T07:00:14Z</time>
   </trkpt>
   <trkpt lat="49.6305850" lon="18.6187130">
    <ele>631.2</ele>
    <time>2026-05-23T07:00:15Z</time>
   </trkpt>
   <trkpt lat="49.6305990" lon="18.6187300">
    <ele>631.2</ele>
    <time>2026-05-23T07:00:16Z</time>
   </trkpt>
   <trkpt lat="49.6306150" lon="18.6187470">
    <ele>631.4</ele>
    <time>2026-05-23T07:00:17Z</time>
   </trkpt>
   <trkpt lat="49.6307250" lon="18.6188210">
    <ele>632.0</ele>
    <time>2026-05-23T07:00:23Z</time>
   </trkpt>
   <trkpt lat="49.6307390" lon="18.6188190">
    <ele>632.2</ele>
    <time>2026-05-23T07:00:24Z</time>
   </trkpt>
   <trkpt lat="49.6308140" lon="18.6187970">
    <ele>632.2</ele>
    <time>2026-05-23T07:00:27Z</time>
   </trkpt>
   <trkpt lat="49.6308310" lon="18.6188040">
    <ele>632.4</ele>
    <time>2026-05-23T07:00:28Z</time>
   </trkpt>
   <trkpt lat="49.6308430" lon="18.6188070">
    <ele>632.4</ele>
    <time>2026-05-23T07:00:29Z</time>
   </trkpt>
   <trkpt lat="49.6308510" lon="18.6188210">
    <ele>632.6</ele>
    <time>2026-05-23T07:00:30Z</time>
   </trkpt>
   <trkpt lat="49.6308830" lon="18.6188470">
    <ele>632.8</ele>
    <time>2026-05-23T07:00:31Z</time>
   </trkpt>
   <trkpt lat="49.6308980" lon="18.6188580">
    <ele>632.8</ele>
    <time>2026-05-23T07:00:32Z</time>
   </trkpt>
   <trkpt lat="49.6309150" lon="18.6188610">
    <ele>633.2</ele>
    <time>2026-05-23T07:00:33Z</time>
   </trkpt>
   <trkpt lat="49.6309290" lon="18.6188600">
    <ele>633.4</ele>
    <time>2026-05-23T07:00:34Z</time>
   </trkpt>
   <trkpt lat="49.6309460" lon="18.6188560">
    <ele>633.4</ele>
    <time>2026-05-23T07:00:35Z</time>
   </trkpt>
   <trkpt lat="49.6309590" lon="18.6188560">
    <ele>634.0</ele>
    <time>2026-05-23T07:00:36Z</time>
   </trkpt>
   <trkpt lat="49.6309840" lon="18.6188480">
    <ele>634.0</ele>
    <time>2026-05-23T07:00:38Z</time>
   </trkpt>
   <trkpt lat="49.6310000" lon="18.6188470">
    <ele>634.2</ele>
    <time>2026-05-23T07:00:39Z</time>
   </trkpt>
   <trkpt lat="49.6310170" lon="18.6188480">
    <ele>634.4</ele>
    <time>2026-05-23T07:00:40Z</time>
   </trkpt>
   <trkpt lat="49.6310360" lon="18.6188470">
    <ele>634.6</ele>
    <time>2026-05-23T07:00:41Z</time>
   </trkpt>
   <trkpt lat="49.6310520" lon="18.6188540">
    <ele>634.8</ele>
    <time>2026-05-23T07:00:42Z</time>
   </trkpt>
   <trkpt lat="49.6310630" lon="18.6188620">
    <ele>634.8</ele>
    <time>2026-05-23T07:00:43Z</time>
   </trkpt>
   <trkpt lat="49.6310730" lon="18.6188700">
    <ele>635.0</ele>
    <time>2026-05-23T07:00:44Z</time>
   </trkpt>
   <trkpt lat="49.6310860" lon="18.6188760">
    <ele>635.6</ele>
    <time>2026-05-23T07:00:45Z</time>
   </trkpt>
   <trkpt lat="49.6311060" lon="18.6188660">
    <ele>635.6</ele>
    <time>2026-05-23T07:00:46Z</time>
   </trkpt>
   <trkpt lat="49.6311200" lon="18.6188670">
    <ele>635.6</ele>
    <time>2026-05-23T07:00:47Z</time>
   </trkpt>
   <trkpt lat="49.6311390" lon="18.6188700">
    <ele>635.8</ele>
    <time>2026-05-23T07:00:48Z</time>
   </trkpt>
   <trkpt lat="49.6311560" lon="18.6188710">
    <ele>636.0</ele>
    <time>2026-05-23T07:00:49Z</time>
   </trkpt>
   <trkpt lat="49.6311710" lon="18.6188740">
    <ele>636.4</ele>
    <time>2026-05-23T07:00:50Z</time>
   </trkpt>
   <trkpt lat="49.6311790" lon="18.6188750">
    <ele>636.6</ele>
    <time>2026-05-23T07:00:51Z</time>
   </trkpt>
   <trkpt lat="49.6311930" lon="18.6188760">
    <ele>636.6</ele>
    <time>2026-05-23T07:00:52Z</time>
   </trkpt>
   <trkpt lat="49.6312060" lon="18.6188800">
    <ele>637.0</ele>
    <time>2026-05-23T07:00:53Z</time>
   </trkpt>
   <trkpt lat="49.6312210" lon="18.6188830">
    <ele>637.2</ele>
    <time>2026-05-23T07:00:54Z</time>
   </trkpt>
   <trkpt lat="49.6312410" lon="18.6188830">
    <ele>637.4</ele>
    <time>2026-05-23T07:00:55Z</time>
   </trkpt>
   <trkpt lat="49.6312560" lon="18.6188890">
    <ele>637.6</ele>
    <time>2026-05-23T07:00:56Z</time>
   </trkpt>
   <trkpt lat="49.6312700" lon="18.6188900">
    <ele>638.0</ele>
    <time>2026-05-23T07:00:57Z</time>
   </trkpt>
   <trkpt lat="49.6312820" lon="18.6188920">
    <ele>638.2</ele>
    <time>2026-05-23T07:00:58Z</time>
   </trkpt>
   <trkpt lat="49.6312920" lon="18.6188980">
    <ele>638.2</ele>
    <time>2026-05-23T07:00:59Z</time>
   </trkpt>
   <trkpt lat="49.6313060" lon="18.6189060">
    <ele>638.4</ele>
    <time>2026-05-23T07:01:00Z</time>
   </trkpt>
   <trkpt lat="49.6313220" lon="18.6189130">
    <ele>638.6</ele>
    <time>2026-05-23T07:01:01Z</time>
   </trkpt>
   <trkpt lat="49.6313380" lon="18.6189240">
    <ele>638.6</ele>
    <time>2026-05-23T07:01:02Z</time>
   </trkpt>
   <trkpt lat="49.6313490" lon="18.6189300">
    <ele>639.0</ele>
    <time>2026-05-23T07:01:03Z</time>
   </trkpt>
   <trkpt lat="49.6313620" lon="18.6189430">
    <ele>639.0</ele>
    <time>2026-05-23T07:01:04Z</time>
   </trkpt>
   <trkpt lat="49.6313740" lon="18.6189550">
    <ele>639.2</ele>
    <time>2026-05-23T07:01:05Z</time>
   </trkpt>
   <trkpt lat="49.6313850" lon="18.6189610">
    <ele>639.4</ele>
    <time>2026-05-23T07:01:06Z</time>
   </trkpt>
   <trkpt lat="49.6313960" lon="18.6189670">
    <ele>639.8</ele>
    <time>2026-05-23T07:01:07Z</time>
   </trkpt>
   <trkpt lat="49.6314100" lon="18.6189690">
    <ele>640.0</ele>
    <time>2026-05-23T07:01:08Z</time>
   </trkpt>
   <trkpt lat="49.6314260" lon="18.6189700">
    <ele>640.2</ele>
    <time>2026-05-23T07:01:09Z</time>
   </trkpt>
   <trkpt lat="49.6314400" lon="18.6189720">
    <ele>640.2</ele>
    <time>2026-05-23T07:01:10Z</time>
   </trkpt>
   <trkpt lat="49.6314520" lon="18.6189740">
    <ele>640.2</ele>
    <time>2026-05-23T07:01:11Z</time>
   </trkpt>
   <trkpt lat="49.6314640" lon="18.6189790">
    <ele>640.4</ele>
    <time>2026-05-23T07:01:12Z</time>
   </trkpt>
   <trkpt lat="49.6314760" lon="18.6189800">
    <ele>640.4</ele>
    <time>2026-05-23T07:01:13Z</time>
   </trkpt>
   <trkpt lat="49.6314920" lon="18.6189790">
    <ele>640.8</ele>
    <time>2026-05-23T07:01:14Z</time>
   </trkpt>
   <trkpt lat="49.6315110" lon="18.6189800">
    <ele>641.0</ele>
    <time>2026-05-23T07:01:15Z</time>
   </trkpt>
   <trkpt lat="49.6315300" lon="18.6189850">
    <ele>641.0</ele>
    <time>2026-05-23T07:01:16Z</time>
   </trkpt>
   <trkpt lat="49.6315500" lon="18.6189880">
    <ele>641.2</ele>
    <time>2026-05-23T07:01:17Z</time>
   </trkpt>
   <trkpt lat="49.6315630" lon="18.6189920">
    <ele>641.2</ele>
    <time>2026-05-23T07:01:18Z</time>
   </trkpt>
   <trkpt lat="49.6315810" lon="18.6189940">
    <ele>641.6</ele>
    <time>2026-05-23T07:01:19Z</time>
   </trkpt>
   <trkpt lat="49.6316020" lon="18.6189910">
    <ele>641.6</ele>
    <time>2026-05-23T07:01:20Z</time>
   </trkpt>
   <trkpt lat="49.6316170" lon="18.6189980">
    <ele>641.8</ele>
    <time>2026-05-23T07:01:21Z</time>
   </trkpt>
   <trkpt lat="49.6316240" lon="18.6190040">
    <ele>642.0</ele>
    <time>2026-05-23T07:01:22Z</time>
   </trkpt>
   <trkpt lat="49.6316330" lon="18.6190130">
    <ele>642.2</ele>
    <time>2026-05-23T07:01:23Z</time>
   </trkpt>
   <trkpt lat="49.6316440" lon="18.6190170">
    <ele>642.6</ele>
    <time>2026-05-23T07:01:24Z</time>
   </trkpt>
   <trkpt lat="49.6316560" lon="18.6190150">
    <ele>642.8</ele>
    <time>2026-05-23T07:01:25Z</time>
   </trkpt>
   <trkpt lat="49.6316740" lon="18.6190150">
    <ele>643.0</ele>
    <time>2026-05-23T07:01:26Z</time>
   </trkpt>
   <trkpt lat="49.6317000" lon="18.6190280">
    <ele>643.2</ele>
    <time>2026-05-23T07:01:27Z</time>
   </trkpt>
   <trkpt lat="49.6317290" lon="18.6190490">
    <ele>643.2</ele>
    <time>2026-05-23T07:01:28Z</time>
   </trkpt>
   <trkpt lat="49.6317470" lon="18.6190530">
    <ele>643.4</ele>
    <time>2026-05-23T07:01:29Z</time>
   </trkpt>
   <trkpt lat="49.6317660" lon="18.6190530">
    <ele>643.8</ele>
    <time>2026-05-23T07:01:30Z</time>
   </trkpt>
   <trkpt lat="49.6317780" lon="18.6190560">
    <ele>644.0</ele>
    <time>2026-05-23T07:01:31Z</time>
   </trkpt>
   <trkpt lat="49.6317870" lon="18.6190540">
    <ele>644.0</ele>
    <time>2026-05-23T07:01:32Z</time>
   </trkpt>
   <trkpt lat="49.6317990" lon="18.6190490">
    <ele>644.2</ele>
    <time>2026-05-23T07:01:33Z</time>
   </trkpt>
   <trkpt lat="49.6318110" lon="18.6190480">
    <ele>644.2</ele>
    <time>2026-05-23T07:01:34Z</time>
   </trkpt>
   <trkpt lat="49.6318240" lon="18.6190510">
    <ele>644.6</ele>
    <time>2026-05-23T07:01:35Z</time>
   </trkpt>
   <trkpt lat="49.6318350" lon="18.6190560">
    <ele>644.8</ele>
    <time>2026-05-23T07:01:36Z</time>
   </trkpt>
   <trkpt lat="49.6318530" lon="18.6190650">
    <ele>644.8</ele>
    <time>2026-05-23T07:01:37Z</time>
   </trkpt>
   <trkpt lat="49.6318680" lon="18.6190790">
    <ele>645.0</ele>
    <time>2026-05-23T07:01:38Z</time>
   </trkpt>
   <trkpt lat="49.6318880" lon="18.6190900">
    <ele>645.4</ele>
    <time>2026-05-23T07:01:39Z</time>
   </trkpt>
   <trkpt lat="49.6319060" lon="18.6190990">
    <ele>645.4</ele>
    <time>2026-05-23T07:01:40Z</time>
   </trkpt>
   <trkpt lat="49.6319180" lon="18.6191070">
    <ele>645.6</ele>
    <time>2026-05-23T07:01:41Z</time>
   </trkpt>
   <trkpt lat="49.6319280" lon="18.6191150">
    <ele>645.6</ele>
    <time>2026-05-23T07:01:42Z</time>
   </trkpt>
   <trkpt lat="49.6319380" lon="18.6191240">
    <ele>645.8</ele>
    <time>2026-05-23T07:01:43Z</time>
   </trkpt>
   <trkpt lat="49.6319500" lon="18.6191250">
    <ele>646.0</ele>
    <time>2026-05-23T07:01:44Z</time>
   </trkpt>
   <trkpt lat="49.6319620" lon="18.6191300">
    <ele>646.4</ele>
    <time>2026-05-23T07:01:45Z</time>
   </trkpt>
   <trkpt lat="49.6319760" lon="18.6191420">
    <ele>646.4</ele>
    <time>2026-05-23T07:01:46Z</time>
   </trkpt>
   <trkpt lat="49.6319910" lon="18.6191490">
    <ele>646.6</ele>
    <time>2026-05-23T07:01:47Z</time>
   </trkpt>
   <trkpt lat="49.6320050" lon="18.6191500">
    <ele>646.6</ele>
    <time>2026-05-23T07:01:48Z</time>
   </trkpt>
   <trkpt lat="49.6320160" lon="18.6191510">
    <ele>646.8</ele>
    <time>2026-05-23T07:01:49Z</time>
   </trkpt>
   <trkpt lat="49.6320300" lon="18.6191540">
    <ele>647.0</ele>
    <time>2026-05-23T07:01:50Z</time>
   </trkpt>
   <trkpt lat="49.6320450" lon="18.6191610">
    <ele>647.2</ele>
    <time>2026-05-23T07:01:51Z</time>
   </trkpt>
   <trkpt lat="49.6320600" lon="18.6191720">
    <ele>647.4</ele>
    <time>2026-05-23T07:01:52Z</time>
   </trkpt>
   <trkpt lat="49.6320760" lon="18.6191880">
    <ele>647.6</ele>
    <time>2026-05-23T07:01:53Z</time>
   </trkpt>
   <trkpt lat="49.6320930" lon="18.6191990">
    <ele>647.6</ele>
    <time>2026-05-23T07:01:54Z</time>
   </trkpt>
   <trkpt lat="49.6321040" lon="18.6192090">
    <ele>648.0</ele>
    <time>2026-05-23T07:01:55Z</time>
   </trkpt>
   <trkpt lat="49.6321180" lon="18.6192210">
    <ele>648.0</ele>
    <time>2026-05-23T07:01:56Z</time>
   </trkpt>
   <trkpt lat="49.6321310" lon="18.6192370">
    <ele>648.0</ele>
    <time>2026-05-23T07:01:57Z</time>
   </trkpt>
   <trkpt lat="49.6321470" lon="18.6192430">
    <ele>648.2</ele>
    <time>2026-05-23T07:01:58Z</time>
   </trkpt>
   <trkpt lat="49.6321640" lon="18.6192510">
    <ele>648.6</ele>
    <time>2026-05-23T07:01:59Z</time>
   </trkpt>
   <trkpt lat="49.6321780" lon="18.6192590">
    <ele>648.8</ele>
    <time>2026-05-23T07:02:00Z</time>
   </trkpt>
   <trkpt lat="49.6321900" lon="18.6192660">
    <ele>649.0</ele>
    <time>2026-05-23T07:02:01Z</time>
   </trkpt>
   <trkpt lat="49.6322000" lon="18.6192740">
    <ele>649.0</ele>
    <time>2026-05-23T07:02:02Z</time>
   </trkpt>
   <trkpt lat="49.6322110" lon="18.6192880">
    <ele>649.2</ele>
    <time>2026-05-23T07:02:03Z</time>
   </trkpt>
   <trkpt lat="49.6322210" lon="18.6192990">
    <ele>649.4</ele>
    <time>2026-05-23T07:02:04Z</time>
   </trkpt>
   <trkpt lat="49.6322260" lon="18.6193020">
    <ele>649.6</ele>
    <time>2026-05-23T07:02:05Z</time>
   </trkpt>
   <trkpt lat="49.6322270" lon="18.6193010">
    <ele>649.8</ele>
    <time>2026-05-23T07:02:06Z</time>
   </trkpt>
   <trkpt lat="49.6322350" lon="18.6193050">
    <ele>650.0</ele>
    <time>2026-05-23T07:02:07Z</time>
   </trkpt>
   <trkpt lat="49.6322470" lon="18.6193100">
    <ele>650.0</ele>
    <time>2026-05-23T07:02:08Z</time>
   </trkpt>
   <trkpt lat="49.6322570" lon="18.6193140">
    <ele>650.4</ele>
    <time>2026-05-23T07:02:09Z</time>
   </trkpt>
   <trkpt lat="49.6322680" lon="18.6193220">
    <ele>650.6</ele>
    <time>2026-05-23T07:02:10Z</time>
   </trkpt>
   <trkpt lat="49.6322810" lon="18.6193380">
    <ele>650.6</ele>
    <time>2026-05-23T07:02:11Z</time>
   </trkpt>
   <trkpt lat="49.6322890" lon="18.6193540">
    <ele>650.8</ele>
    <time>2026-05-23T07:02:12Z</time>
   </trkpt>
   <trkpt lat="49.6322990" lon="18.6193630">
    <ele>651.2</ele>
    <time>2026-05-23T07:02:13Z</time>
   </trkpt>
   <trkpt lat="49.6323120" lon="18.6193650">
    <ele>651.4</ele>
    <time>2026-05-23T07:02:14Z</time>
   </trkpt>
   <trkpt lat="49.6323270" lon="18.6193620">
    <ele>651.6</ele>
    <time>2026-05-23T07:02:15Z</time>
   </trkpt>
   <trkpt lat="49.6323430" lon="18.6193680">
    <ele>651.8</ele>
    <time>2026-05-23T07:02:16Z</time>
   </trkpt>
   <trkpt lat="49.6323620" lon="18.6193700">
    <ele>652.0</ele>
    <time>2026-05-23T07:02:17Z</time>
   </trkpt>
   <trkpt lat="49.6323820" lon="18.6193810">
    <ele>652.2</ele>
    <time>2026-05-23T07:02:18Z</time>
   </trkpt>
   <trkpt lat="49.6324010" lon="18.6193930">
    <ele>652.6</ele>
    <time>2026-05-23T07:02:19Z</time>
   </trkpt>
   <trkpt lat="49.6324170" lon="18.6193970">
    <ele>652.8</ele>
    <time>2026-05-23T07:02:20Z</time>
   </trkpt>
   <trkpt lat="49.6324280" lon="18.6194000">
    <ele>653.0</ele>
    <time>2026-05-23T07:02:21Z</time>
   </trkpt>
   <trkpt lat="49.6324410" lon="18.6194060">
    <ele>653.0</ele>
    <time>2026-05-23T07:02:22Z</time>
   </trkpt>
   <trkpt lat="49.6324540" lon="18.6194200">
    <ele>653.2</ele>
    <time>2026-05-23T07:02:23Z</time>
   </trkpt>
   <trkpt lat="49.6324760" lon="18.6194330">
    <ele>653.6</ele>
    <time>2026-05-23T07:02:24Z</time>
   </trkpt>
   <trkpt lat="49.6324900" lon="18.6194360">
    <ele>653.6</ele>
    <time>2026-05-23T07:02:25Z</time>
   </trkpt>
   <trkpt lat="49.6325080" lon="18.6194460">
    <ele>654.0</ele>
    <time>2026-05-23T07:02:26Z</time>
   </trkpt>
   <trkpt lat="49.6325230" lon="18.6194520">
    <ele>654.2</ele>
    <time>2026-05-23T07:02:27Z</time>
   </trkpt>
   <trkpt lat="49.6325450" lon="18.6194500">
    <ele>654.2</ele>
    <time>2026-05-23T07:02:28Z</time>
   </trkpt>
   <trkpt lat="49.6325660" lon="18.6194500">
    <ele>654.4</ele>
    <time>2026-05-23T07:02:29Z</time>
   </trkpt>
   <trkpt lat="49.6325790" lon="18.6194450">
    <ele>654.6</ele>
    <time>2026-05-23T07:02:30Z</time>
   </trkpt>
   <trkpt lat="49.6325900" lon="18.6194470">
    <ele>654.6</ele>
    <time>2026-05-23T07:02:31Z</time>
   </trkpt>
   <trkpt lat="49.6326010" lon="18.6194690">
    <ele>654.8</ele>
    <time>2026-05-23T07:02:32Z</time>
   </trkpt>
   <trkpt lat="49.6326280" lon="18.6194630">
    <ele>655.0</ele>
    <time>2026-05-23T07:02:33Z</time>
   </trkpt>
   <trkpt lat="49.6326420" lon="18.6194600">
    <ele>655.2</ele>
    <time>2026-05-23T07:02:34Z</time>
   </trkpt>
   <trkpt lat="49.6326760" lon="18.6194620">
    <ele>655.4</ele>
    <time>2026-05-23T07:02:35Z</time>
   </trkpt>
   <trkpt lat="49.6326890" lon="18.6194670">
    <ele>655.6</ele>
    <time>2026-05-23T07:02:36Z</time>
   </trkpt>
   <trkpt lat="49.6327000" lon="18.6194680">
    <ele>655.8</ele>
    <time>2026-05-23T07:02:37Z</time>
   </trkpt>
   <trkpt lat="49.6327140" lon="18.6194780">
    <ele>656.0</ele>
    <time>2026-05-23T07:02:38Z</time>
   </trkpt>
   <trkpt lat="49.6327350" lon="18.6194900">
    <ele>656.2</ele>
    <time>2026-05-23T07:02:39Z</time>
   </trkpt>
   <trkpt lat="49.6327410" lon="18.6195010">
    <ele>656.4</ele>
    <time>2026-05-23T07:02:40Z</time>
   </trkpt>
   <trkpt lat="49.6327560" lon="18.6195050">
    <ele>656.6</ele>
    <time>2026-05-23T07:02:41Z</time>
   </trkpt>
   <trkpt lat="49.6327700" lon="18.6195080">
    <ele>656.8</ele>
    <time>2026-05-23T07:02:42Z</time>
   </trkpt>
   <trkpt lat="49.6327790" lon="18.6195130">
    <ele>657.0</ele>
    <time>2026-05-23T07:02:43Z</time>
   </trkpt>
   <trkpt lat="49.6327880" lon="18.6195180">
    <ele>657.2</ele>
    <time>2026-05-23T07:02:44Z</time>
   </trkpt>
   <trkpt lat="49.6327970" lon="18.6195200">
    <ele>657.4</ele>
    <time>2026-05-23T07:02:45Z</time>
   </trkpt>
   <trkpt lat="49.6328100" lon="18.6195240">
    <ele>657.6</ele>
    <time>2026-05-23T07:02:46Z</time>
   </trkpt>
   <trkpt lat="49.6328230" lon="18.6195260">
    <ele>658.0</ele>
    <time>2026-05-23T07:02:47Z</time>
   </trkpt>
   <trkpt lat="49.6328380" lon="18.6195280">
    <ele>658.2</ele>
    <time>2026-05-23T07:02:48Z</time>
   </trkpt>
   <trkpt lat="49.6328510" lon="18.6195320">
    <ele>658.4</ele>
    <time>2026-05-23T07:02:49Z</time>
   </trkpt>
   <trkpt lat="49.6328620" lon="18.6195400">
    <ele>658.6</ele>
    <time>2026-05-23T07:02:50Z</time>
   </trkpt>
   <trkpt lat="49.6328720" lon="18.6195450">
    <ele>658.8</ele>
    <time>2026-05-23T07:02:51Z</time>
   </trkpt>
   <trkpt lat="49.6328860" lon="18.6195490">
    <ele>659.0</ele>
    <time>2026-05-23T07:02:52Z</time>
   </trkpt>
   <trkpt lat="49.6329000" lon="18.6195510">
    <ele>659.2</ele>
    <time>2026-05-23T07:02:53Z</time>
   </trkpt>
   <trkpt lat="49.6329120" lon="18.6195570">
    <ele>659.4</ele>
    <time>2026-05-23T07:02:54Z</time>
   </trkpt>
   <trkpt lat="49.6329300" lon="18.6195640">
    <ele>659.6</ele>
    <time>2026-05-23T07:02:55Z</time>
   </trkpt>
   <trkpt lat="49.6329450" lon="18.6195660">
    <ele>659.8</ele>
    <time>2026-05-23T07:02:56Z</time>
   </trkpt>
   <trkpt lat="49.6329600" lon="18.6195710">
    <ele>660.0</ele>
    <time>2026-05-23T07:02:57Z</time>
   </trkpt>
   <trkpt lat="49.6329700" lon="18.6195790">
    <ele>660.2</ele>
    <time>2026-05-23T07:02:58Z</time>
   </trkpt>
   <trkpt lat="49.6329820" lon="18.6195870">
    <ele>660.4</ele>
    <time>2026-05-23T07:02:59Z</time>
   </trkpt>
   <trkpt lat="49.6329930" lon="18.6195910">
    <ele>660.6</ele>
    <time>2026-05-23T07:03:00Z</time>
   </trkpt>
   <trkpt lat="49.6330110" lon="18.6195930">
    <ele>661.0</ele>
    <time>2026-05-23T07:03:01Z</time>
   </trkpt>
   <trkpt lat="49.6330220" lon="18.6195970">
    <ele>661.2</ele>
    <time>2026-05-23T07:03:02Z</time>
   </trkpt>
   <trkpt lat="49.6330350" lon="18.6196040">
    <ele>661.2</ele>
    <time>2026-05-23T07:03:03Z</time>
   </trkpt>
   <trkpt lat="49.6330510" lon="18.6196130">
    <ele>661.2</ele>
    <time>2026-05-23T07:03:04Z</time>
   </trkpt>
   <trkpt lat="49.6330660" lon="18.6196180">
    <ele>661.6</ele>
    <time>2026-05-23T07:03:05Z</time>
   </trkpt>
   <trkpt lat="49.6330840" lon="18.6196200">
    <ele>661.8</ele>
    <time>2026-05-23T07:03:06Z</time>
   </trkpt>
   <trkpt lat="49.6330960" lon="18.6196240">
    <ele>661.8</ele>
    <time>2026-05-23T07:03:07Z</time>
   </trkpt>
   <trkpt lat="49.6331140" lon="18.6196280">
    <ele>662.0</ele>
    <time>2026-05-23T07:03:08Z</time>
   </trkpt>
   <trkpt lat="49.6331320" lon="18.6196350">
    <ele>662.0</ele>
    <time>2026-05-23T07:03:09Z</time>
   </trkpt>
   <trkpt lat="49.6331430" lon="18.6196400">
    <ele>662.4</ele>
    <time>2026-05-23T07:03:10Z</time>
   </trkpt>
   <trkpt lat="49.6331560" lon="18.6196420">
    <ele>662.4</ele>
    <time>2026-05-23T07:03:11Z</time>
   </trkpt>
   <trkpt lat="49.6331690" lon="18.6196480">
    <ele>662.6</ele>
    <time>2026-05-23T07:03:12Z</time>
   </trkpt>
   <trkpt lat="49.6331840" lon="18.6196550">
    <ele>662.6</ele>
    <time>2026-05-23T07:03:13Z</time>
   </trkpt>
   <trkpt lat="49.6331980" lon="18.6196710">
    <ele>662.8</ele>
    <time>2026-05-23T07:03:14Z</time>
   </trkpt>
   <trkpt lat="49.6332120" lon="18.6196800">
    <ele>663.0</ele>
    <time>2026-05-23T07:03:15Z</time>
   </trkpt>
   <trkpt lat="49.6332260" lon="18.6196840">
    <ele>663.2</ele>
    <time>2026-05-23T07:03:16Z</time>
   </trkpt>
   <trkpt lat="49.6332460" lon="18.6196930">
    <ele>663.4</ele>
    <time>2026-05-23T07:03:17Z</time>
   </trkpt>
   <trkpt lat="49.6332630" lon="18.6196980">
    <ele>663.4</ele>
    <time>2026-05-23T07:03:18Z</time>
   </trkpt>
   <trkpt lat="49.6332760" lon="18.6197040">
    <ele>663.6</ele>
    <time>2026-05-23T07:03:19Z</time>
   </trkpt>
   <trkpt lat="49.6332870" lon="18.6197040">
    <ele>663.8</ele>
    <time>2026-05-23T07:03:20Z</time>
   </trkpt>
   <trkpt lat="49.6333020" lon="18.6197020">
    <ele>664.0</ele>
    <time>2026-05-23T07:03:21Z</time>
   </trkpt>
   <trkpt lat="49.6333160" lon="18.6197070">
    <ele>664.0</ele>
    <time>2026-05-23T07:03:22Z</time>
   </trkpt>
   <trkpt lat="49.6333320" lon="18.6197140">
    <ele>664.2</ele>
    <time>2026-05-23T07:03:23Z</time>
   </trkpt>
   <trkpt lat="49.6333440" lon="18.6197250">
    <ele>664.4</ele>
    <time>2026-05-23T07:03:24Z</time>
   </trkpt>
   <trkpt lat="49.6333610" lon="18.6197440">
    <ele>664.6</ele>
    <time>2026-05-23T07:03:25Z</time>
   </trkpt>
   <trkpt lat="49.6333770" lon="18.6197520">
    <ele>664.6</ele>
    <time>2026-05-23T07:03:26Z</time>
   </trkpt>
   <trkpt lat="49.6333960" lon="18.6197590">
    <ele>664.8</ele>
    <time>2026-05-23T07:03:27Z</time>
   </trkpt>
   <trkpt lat="49.6334190" lon="18.6197710">
    <ele>664.8</ele>
    <time>2026-05-23T07:03:28Z</time>
   </trkpt>
   <trkpt lat="49.6334400" lon="18.6197860">
    <ele>665.0</ele>
    <time>2026-05-23T07:03:29Z</time>
   </trkpt>
   <trkpt lat="49.6334570" lon="18.6197970">
    <ele>665.2</ele>
    <time>2026-05-23T07:03:30Z</time>
   </trkpt>
   <trkpt lat="49.6334700" lon="18.6198020">
    <ele>665.2</ele>
    <time>2026-05-23T07:03:31Z</time>
   </trkpt>
   <trkpt lat="49.6334980" lon="18.6198030">
    <ele>665.6</ele>
    <time>2026-05-23T07:03:32Z</time>
   </trkpt>
   <trkpt lat="49.6335170" lon="18.6198060">
    <ele>665.8</ele>
    <time>2026-05-23T07:03:33Z</time>
   </trkpt>
   <trkpt lat="49.6335360" lon="18.6197990">
    <ele>665.8</ele>
    <time>2026-05-23T07:03:34Z</time>
   </trkpt>
   <trkpt lat="49.6335600" lon="18.6198020">
    <ele>665.8</ele>
    <time>2026-05-23T07:03:35Z</time>
   </trkpt>
   <trkpt lat="49.6335770" lon="18.6198090">
    <ele>666.0</ele>
    <time>2026-05-23T07:03:36Z</time>
   </trkpt>
   <trkpt lat="49.6336020" lon="18.6198220">
    <ele>666.2</ele>
    <time>2026-05-23T07:03:37Z</time>
   </trkpt>
   <trkpt lat="49.6336160" lon="18.6198380">
    <ele>666.4</ele>
    <time>2026-05-23T07:03:38Z</time>
   </trkpt>
   <trkpt lat="49.6336300" lon="18.6198680">
    <ele>666.4</ele>
    <time>2026-05-23T07:03:39Z</time>
   </trkpt>
   <trkpt lat="49.6336430" lon="18.6198920">
    <ele>666.6</ele>
    <time>2026-05-23T07:03:40Z</time>
   </trkpt>
   <trkpt lat="49.6336580" lon="18.6199040">
    <ele>666.8</ele>
    <time>2026-05-23T07:03:41Z</time>
   </trkpt>
   <trkpt lat="49.6336750" lon="18.6199030">
    <ele>667.0</ele>
    <time>2026-05-23T07:03:42Z</time>
   </trkpt>
   <trkpt lat="49.6336930" lon="18.6198920">
    <ele>667.2</ele>
    <time>2026-05-23T07:03:43Z</time>
   </trkpt>
   <trkpt lat="49.6337110" lon="18.6198950">
    <ele>667.4</ele>
    <time>2026-05-23T07:03:44Z</time>
   </trkpt>
   <trkpt lat="49.6337190" lon="18.6199150">
    <ele>667.4</ele>
    <time>2026-05-23T07:03:45Z</time>
   </trkpt>
   <trkpt lat="49.6337290" lon="18.6199260">
    <ele>667.6</ele>
    <time>2026-05-23T07:03:46Z</time>
   </trkpt>
   <trkpt lat="49.6337400" lon="18.6199320">
    <ele>667.8</ele>
    <time>2026-05-23T07:03:47Z</time>
   </trkpt>
   <trkpt lat="49.6337530" lon="18.6199380">
    <ele>668.0</ele>
    <time>2026-05-23T07:03:48Z</time>
   </trkpt>
   <trkpt lat="49.6337630" lon="18.6199510">
    <ele>668.2</ele>
    <time>2026-05-23T07:03:49Z</time>
   </trkpt>
   <trkpt lat="49.6337740" lon="18.6199630">
    <ele>668.2</ele>
    <time>2026-05-23T07:03:50Z</time>
   </trkpt>
   <trkpt lat="49.6337850" lon="18.6199750">
    <ele>668.4</ele>
    <time>2026-05-23T07:03:51Z</time>
   </trkpt>
   <trkpt lat="49.6337890" lon="18.6199860">
    <ele>668.6</ele>
    <time>2026-05-23T07:03:52Z</time>
   </trkpt>
   <trkpt lat="49.6337970" lon="18.6199950">
    <ele>669.0</ele>
    <time>2026-05-23T07:03:53Z</time>
   </trkpt>
   <trkpt lat="49.6338120" lon="18.6200040">
    <ele>669.2</ele>
    <time>2026-05-23T07:03:54Z</time>
   </trkpt>
   <trkpt lat="49.6338230" lon="18.6200140">
    <ele>669.2</ele>
    <time>2026-05-23T07:03:55Z</time>
   </trkpt>
   <trkpt lat="49.6338370" lon="18.6200220">
    <ele>669.4</ele>
    <time>2026-05-23T07:03:56Z</time>
   </trkpt>
   <trkpt lat="49.6338530" lon="18.6200300">
    <ele>669.4</ele>
    <time>2026-05-23T07:03:57Z</time>
   </trkpt>
   <trkpt lat="49.6338650" lon="18.6200400">
    <ele>669.8</ele>
    <time>2026-05-23T07:03:58Z</time>
   </trkpt>
   <trkpt lat="49.6338760" lon="18.6200500">
    <ele>670.0</ele>
    <time>2026-05-23T07:03:59Z</time>
   </trkpt>
   <trkpt lat="49.6338890" lon="18.6200630">
    <ele>670.2</ele>
    <time>2026-05-23T07:04:00Z</time>
   </trkpt>
   <trkpt lat="49.6339040" lon="18.6200730">
    <ele>670.4</ele>
    <time>2026-05-23T07:04:01Z</time>
   </trkpt>
   <trkpt lat="49.6339190" lon="18.6200820">
    <ele>670.6</ele>
    <time>2026-05-23T07:04:02Z</time>
   </trkpt>
   <trkpt lat="49.6339340" lon="18.6200890">
    <ele>670.8</ele>
    <time>2026-05-23T07:04:03Z</time>
   </trkpt>
   <trkpt lat="49.6339450" lon="18.6200990">
    <ele>670.8</ele>
    <time>2026-05-23T07:04:04Z</time>
   </trkpt>
   <trkpt lat="49.6339590" lon="18.6201050">
    <ele>671.0</ele>
    <time>2026-05-23T07:04:05Z</time>
   </trkpt>
   <trkpt lat="49.6339720" lon="18.6201130">
    <ele>671.2</ele>
    <time>2026-05-23T07:04:06Z</time>
   </trkpt>
   <trkpt lat="49.6339860" lon="18.6201210">
    <ele>671.4</ele>
    <time>2026-05-23T07:04:07Z</time>
   </trkpt>
   <trkpt lat="49.6339970" lon="18.6201290">
    <ele>671.6</ele>
    <time>2026-05-23T07:04:08Z</time>
   </trkpt>
   <trkpt lat="49.6340100" lon="18.6201390">
    <ele>671.6</ele>
    <time>2026-05-23T07:04:09Z</time>
   </trkpt>
   <trkpt lat="49.6340250" lon="18.6201490">
    <ele>671.8</ele>
    <time>2026-05-23T07:04:10Z</time>
   </trkpt>
   <trkpt lat="49.6340370" lon="18.6201600">
    <ele>672.0</ele>
    <time>2026-05-23T07:04:11Z</time>
   </trkpt>
   <trkpt lat="49.6340480" lon="18.6201700">
    <ele>672.2</ele>
    <time>2026-05-23T07:04:12Z</time>
   </trkpt>
   <trkpt lat="49.6340590" lon="18.6201780">
    <ele>672.4</ele>
    <time>2026-05-23T07:04:13Z</time>
   </trkpt>
   <trkpt lat="49.6340700" lon="18.6201850">
    <ele>672.4</ele>
    <time>2026-05-23T07:04:14Z</time>
   </trkpt>
   <trkpt lat="49.6340820" lon="18.6201950">
    <ele>672.6</ele>
    <time>2026-05-23T07:04:15Z</time>
   </trkpt>
   <trkpt lat="49.6340920" lon="18.6202030">
    <ele>672.8</ele>
    <time>2026-05-23T07:04:16Z</time>
   </trkpt>
   <trkpt lat="49.6341030" lon="18.6202130">
    <ele>673.0</ele>
    <time>2026-05-23T07:04:17Z</time>
   </trkpt>
   <trkpt lat="49.6341140" lon="18.6202240">
    <ele>673.2</ele>
    <time>2026-05-23T07:04:18Z</time>
   </trkpt>
   <trkpt lat="49.6341260" lon="18.6202320">
    <ele>673.4</ele>
    <time>2026-05-23T07:04:19Z</time>
   </trkpt>
   <trkpt lat="49.6341380" lon="18.6202430">
    <ele>673.6</ele>
    <time>2026-05-23T07:04:20Z</time>
   </trkpt>
   <trkpt lat="49.6341510" lon="18.6202550">
    <ele>673.8</ele>
    <time>2026-05-23T07:04:21Z</time>
   </trkpt>
   <trkpt lat="49.6341640" lon="18.6202640">
    <ele>673.8</ele>
    <time>2026-05-23T07:04:22Z</time>
   </trkpt>
   <trkpt lat="49.6341760" lon="18.6202760">
    <ele>674.0</ele>
    <time>2026-05-23T07:04:23Z</time>
   </trkpt>
   <trkpt lat="49.6341880" lon="18.6202880">
    <ele>674.4</ele>
    <time>2026-05-23T07:04:24Z</time>
   </trkpt>
   <trkpt lat="49.6342000" lon="18.6202980">
    <ele>674.4</ele>
    <time>2026-05-23T07:04:25Z</time>
   </trkpt>
   <trkpt lat="49.6342100" lon="18.6203100">
    <ele>674.6</ele>
    <time>2026-05-23T07:04:26Z</time>
   </trkpt>
   <trkpt lat="49.6342200" lon="18.6203230">
    <ele>674.8</ele>
    <time>2026-05-23T07:04:27Z</time>
   </trkpt>
   <trkpt lat="49.6342290" lon="18.6203340">
    <ele>675.0</ele>
    <time>2026-05-23T07:04:28Z</time>
   </trkpt>
   <trkpt lat="49.6342380" lon="18.6203420">
    <ele>675.2</ele>
    <time>2026-05-23T07:04:29Z</time>
   </trkpt>
   <trkpt lat="49.6342510" lon="18.6203520">
    <ele>675.4</ele>
    <time>2026-05-23T07:04:30Z</time>
   </trkpt>
   <trkpt lat="49.6342660" lon="18.6203610">
    <ele>675.6</ele>
    <time>2026-05-23T07:04:31Z</time>
   </trkpt>
   <trkpt lat="49.6342810" lon="18.6203710">
    <ele>675.6</ele>
    <time>2026-05-23T07:04:32Z</time>
   </trkpt>
   <trkpt lat="49.6342930" lon="18.6203790">
    <ele>675.8</ele>
    <time>2026-05-23T07:04:33Z</time>
   </trkpt>
   <trkpt lat="49.6343060" lon="18.6203880">
    <ele>675.8</ele>
    <time>2026-05-23T07:04:34Z</time>
   </trkpt>
   <trkpt lat="49.6343180" lon="18.6203960">
    <ele>676.0</ele>
    <time>2026-05-23T07:04:35Z</time>
   </trkpt>
   <trkpt lat="49.6343290" lon="18.6204080">
    <ele>676.2</ele>
    <time>2026-05-23T07:04:36Z</time>
   </trkpt>
   <trkpt lat="49.6343390" lon="18.6204240">
    <ele>676.4</ele>
    <time>2026-05-23T07:04:37Z</time>
   </trkpt>
   <trkpt lat="49.6343520" lon="18.6204370">
    <ele>676.6</ele>
    <time>2026-05-23T07:04:38Z</time>
   </trkpt>
   <trkpt lat="49.6343640" lon="18.6204440">
    <ele>676.8</ele>
    <time>2026-05-23T07:04:39Z</time>
   </trkpt>
   <trkpt lat="49.6343780" lon="18.6204490">
    <ele>676.8</ele>
    <time>2026-05-23T07:04:40Z</time>
   </trkpt>
   <trkpt lat="49.6343910" lon="18.6204570">
    <ele>677.0</ele>
    <time>2026-05-23T07:04:41Z</time>
   </trkpt>
   <trkpt lat="49.6344010" lon="18.6204690">
    <ele>677.2</ele>
    <time>2026-05-23T07:04:42Z</time>
   </trkpt>
   <trkpt lat="49.6344120" lon="18.6204810">
    <ele>677.4</ele>
    <time>2026-05-23T07:04:43Z</time>
   </trkpt>
   <trkpt lat="49.6344230" lon="18.6204910">
    <ele>677.6</ele>
    <time>2026-05-23T07:04:44Z</time>
   </trkpt>
   <trkpt lat="49.6344370" lon="18.6205030">
    <ele>677.6</ele>
    <time>2026-05-23T07:04:45Z</time>
   </trkpt>
   <trkpt lat="49.6344510" lon="18.6205130">
    <ele>677.8</ele>
    <time>2026-05-23T07:04:46Z</time>
   </trkpt>
   <trkpt lat="49.6344650" lon="18.6205180">
    <ele>678.0</ele>
    <time>2026-05-23T07:04:47Z</time>
   </trkpt>
   <trkpt lat="49.6344790" lon="18.6205240">
    <ele>678.2</ele>
    <time>2026-05-23T07:04:48Z</time>
   </trkpt>
   <trkpt lat="49.6344930" lon="18.6205340">
    <ele>678.4</ele>
    <time>2026-05-23T07:04:49Z</time>
   </trkpt>
   <trkpt lat="49.6345060" lon="18.6205480">
    <ele>678.6</ele>
    <time>2026-05-23T07:04:50Z</time>
   </trkpt>
   <trkpt lat="49.6345160" lon="18.6205650">
    <ele>678.6</ele>
    <time>2026-05-23T07:04:51Z</time>
   </trkpt>
   <trkpt lat="49.6345220" lon="18.6205820">
    <ele>679.0</ele>
    <time>2026-05-23T07:04:52Z</time>
   </trkpt>
   <trkpt lat="49.6345310" lon="18.6205960">
    <ele>679.2</ele>
    <time>2026-05-23T07:04:53Z</time>
   </trkpt>
   <trkpt lat="49.6345390" lon="18.6206090">
    <ele>679.4</ele>
    <time>2026-05-23T07:04:54Z</time>
   </trkpt>
   <trkpt lat="49.6345500" lon="18.6206220">
    <ele>679.4</ele>
    <time>2026-05-23T07:04:55Z</time>
   </trkpt>
   <trkpt lat="49.6345620" lon="18.6206360">
    <ele>679.6</ele>
    <time>2026-05-23T07:04:56Z</time>
   </trkpt>
   <trkpt lat="49.6345740" lon="18.6206460">
    <ele>679.6</ele>
    <time>2026-05-23T07:04:57Z</time>
   </trkpt>
   <trkpt lat="49.6345780" lon="18.6206580">
    <ele>680.0</ele>
    <time>2026-05-23T07:04:58Z</time>
   </trkpt>
   <trkpt lat="49.6345890" lon="18.6206710">
    <ele>680.0</ele>
    <time>2026-05-23T07:04:59Z</time>
   </trkpt>
   <trkpt lat="49.6346000" lon="18.6206870">
    <ele>680.4</ele>
    <time>2026-05-23T07:05:00Z</time>
   </trkpt>
   <trkpt lat="49.6346120" lon="18.6207000">
    <ele>680.6</ele>
    <time>2026-05-23T07:05:01Z</time>
   </trkpt>
   <trkpt lat="49.6346210" lon="18.6207150">
    <ele>680.6</ele>
    <time>2026-05-23T07:05:02Z</time>
   </trkpt>
   <trkpt lat="49.6346300" lon="18.6207290">
    <ele>680.8</ele>
    <time>2026-05-23T07:05:03Z</time>
   </trkpt>
   <trkpt lat="49.6346420" lon="18.6207410">
    <ele>681.0</ele>
    <time>2026-05-23T07:05:04Z</time>
   </trkpt>
   <trkpt lat="49.6346520" lon="18.6207560">
    <ele>681.2</ele>
    <time>2026-05-23T07:05:05Z</time>
   </trkpt>
   <trkpt lat="49.6346630" lon="18.6207680">
    <ele>681.2</ele>
    <time>2026-05-23T07:05:06Z</time>
   </trkpt>
   <trkpt lat="49.6346750" lon="18.6207800">
    <ele>681.4</ele>
    <time>2026-05-23T07:05:07Z</time>
   </trkpt>
   <trkpt lat="49.6346860" lon="18.6207940">
    <ele>681.6</ele>
    <time>2026-05-23T07:05:08Z</time>
   </trkpt>
   <trkpt lat="49.6346970" lon="18.6208120">
    <ele>681.8</ele>
    <time>2026-05-23T07:05:09Z</time>
   </trkpt>
   <trkpt lat="49.6347080" lon="18.6208260">
    <ele>682.0</ele>
    <time>2026-05-23T07:05:10Z</time>
   </trkpt>
   <trkpt lat="49.6347200" lon="18.6208350">
    <ele>682.2</ele>
    <time>2026-05-23T07:05:11Z</time>
   </trkpt>
   <trkpt lat="49.6347320" lon="18.6208460">
    <ele>682.2</ele>
    <time>2026-05-23T07:05:12Z</time>
   </trkpt>
   <trkpt lat="49.6347430" lon="18.6208590">
    <ele>682.4</ele>
    <time>2026-05-23T07:05:13Z</time>
   </trkpt>
   <trkpt lat="49.6347530" lon="18.6208700">
    <ele>682.4</ele>
    <time>2026-05-23T07:05:14Z</time>
   </trkpt>
   <trkpt lat="49.6347630" lon="18.6208830">
    <ele>682.6</ele>
    <time>2026-05-23T07:05:15Z</time>
   </trkpt>
   <trkpt lat="49.6347730" lon="18.6208950">
    <ele>682.8</ele>
    <time>2026-05-23T07:05:16Z</time>
   </trkpt>
   <trkpt lat="49.6347790" lon="18.6209060">
    <ele>682.8</ele>
    <time>2026-05-23T07:05:17Z</time>
   </trkpt>
   <trkpt lat="49.6347870" lon="18.6209150">
    <ele>683.0</ele>
    <time>2026-05-23T07:05:18Z</time>
   </trkpt>
   <trkpt lat="49.6347970" lon="18.6209270">
    <ele>683.2</ele>
    <time>2026-05-23T07:05:19Z</time>
   </trkpt>
   <trkpt lat="49.6348060" lon="18.6209410">
    <ele>683.2</ele>
    <time>2026-05-23T07:05:20Z</time>
   </trkpt>
   <trkpt lat="49.6348150" lon="18.6209570">
    <ele>683.6</ele>
    <time>2026-05-23T07:05:21Z</time>
   </trkpt>
   <trkpt lat="49.6348260" lon="18.6209680">
    <ele>683.8</ele>
    <time>2026-05-23T07:05:22Z</time>
   </trkpt>
   <trkpt lat="49.6348380" lon="18.6209780">
    <ele>683.8</ele>
    <time>2026-05-23T07:05:23Z</time>
   </trkpt>
   <trkpt lat="49.6348500" lon="18.6209910">
    <ele>684.0</ele>
    <time>2026-05-23T07:05:24Z</time>
   </trkpt>
   <trkpt lat="49.6348580" lon="18.6210020">
    <ele>684.0</ele>
    <time>2026-05-23T07:05:25Z</time>
   </trkpt>
   <trkpt lat="49.6348690" lon="18.6210120">
    <ele>684.2</ele>
    <time>2026-05-23T07:05:26Z</time>
   </trkpt>
   <trkpt lat="49.6348830" lon="18.6210250">
    <ele>684.4</ele>
    <time>2026-05-23T07:05:27Z</time>
   </trkpt>
   <trkpt lat="49.6348950" lon="18.6210400">
    <ele>684.6</ele>
    <time>2026-05-23T07:05:28Z</time>
   </trkpt>
   <trkpt lat="49.6349060" lon="18.6210550">
    <ele>684.6</ele>
    <time>2026-05-23T07:05:29Z</time>
   </trkpt>
   <trkpt lat="49.6349190" lon="18.6210700">
    <ele>684.8</ele>
    <time>2026-05-23T07:05:30Z</time>
   </trkpt>
   <trkpt lat="49.6349300" lon="18.6210850">
    <ele>685.0</ele>
    <time>2026-05-23T07:05:31Z</time>
   </trkpt>
   <trkpt lat="49.6349390" lon="18.6210970">
    <ele>685.0</ele>
    <time>2026-05-23T07:05:32Z</time>
   </trkpt>
   <trkpt lat="49.6349460" lon="18.6211140">
    <ele>685.4</ele>
    <time>2026-05-23T07:05:33Z</time>
   </trkpt>
   <trkpt lat="49.6349570" lon="18.6211260">
    <ele>685.4</ele>
    <time>2026-05-23T07:05:34Z</time>
   </trkpt>
   <trkpt lat="49.6349680" lon="18.6211360">
    <ele>685.4</ele>
    <time>2026-05-23T07:05:35Z</time>
   </trkpt>
   <trkpt lat="49.6349790" lon="18.6211460">
    <ele>685.6</ele>
    <time>2026-05-23T07:05:36Z</time>
   </trkpt>
   <trkpt lat="49.6349900" lon="18.6211570">
    <ele>685.8</ele>
    <time>2026-05-23T07:05:37Z</time>
   </trkpt>
   <trkpt lat="49.6350000" lon="18.6211700">
    <ele>685.8</ele>
    <time>2026-05-23T07:05:38Z</time>
   </trkpt>
   <trkpt lat="49.6350120" lon="18.6211850">
    <ele>686.0</ele>
    <time>2026-05-23T07:05:39Z</time>
   </trkpt>
   <trkpt lat="49.6350220" lon="18.6211940">
    <ele>686.2</ele>
    <time>2026-05-23T07:05:40Z</time>
   </trkpt>
   <trkpt lat="49.6350330" lon="18.6212050">
    <ele>686.2</ele>
    <time>2026-05-23T07:05:41Z</time>
   </trkpt>
   <trkpt lat="49.6350400" lon="18.6212150">
    <ele>686.4</ele>
    <time>2026-05-23T07:05:42Z</time>
   </trkpt>
   <trkpt lat="49.6350520" lon="18.6212230">
    <ele>686.4</ele>
    <time>2026-05-23T07:05:43Z</time>
   </trkpt>
   <trkpt lat="49.6350620" lon="18.6212340">
    <ele>686.6</ele>
    <time>2026-05-23T07:05:44Z</time>
   </trkpt>
   <trkpt lat="49.6350720" lon="18.6212480">
    <ele>686.8</ele>
    <time>2026-05-23T07:05:45Z</time>
   </trkpt>
   <trkpt lat="49.6350830" lon="18.6212580">
    <ele>687.0</ele>
    <time>2026-05-23T07:05:46Z</time>
   </trkpt>
   <trkpt lat="49.6350950" lon="18.6212690">
    <ele>687.2</ele>
    <time>2026-05-23T07:05:47Z</time>
   </trkpt>
   <trkpt lat="49.6351080" lon="18.6212800">
    <ele>687.2</ele>
    <time>2026-05-23T07:05:48Z</time>
   </trkpt>
   <trkpt lat="49.6351170" lon="18.6212940">
    <ele>687.4</ele>
    <time>2026-05-23T07:05:49Z</time>
   </trkpt>
   <trkpt lat="49.6351260" lon="18.6213060">
    <ele>687.4</ele>
    <time>2026-05-23T07:05:50Z</time>
   </trkpt>
   <trkpt lat="49.6351370" lon="18.6213180">
    <ele>687.6</ele>
    <time>2026-05-23T07:05:51Z</time>
   </trkpt>
   <trkpt lat="49.6351500" lon="18.6213300">
    <ele>687.6</ele>
    <time>2026-05-23T07:05:52Z</time>
   </trkpt>
   <trkpt lat="49.6351610" lon="18.6213430">
    <ele>688.0</ele>
    <time>2026-05-23T07:05:53Z</time>
   </trkpt>
   <trkpt lat="49.6351700" lon="18.6213550">
    <ele>688.0</ele>
    <time>2026-05-23T07:05:54Z</time>
   </trkpt>
   <trkpt lat="49.6351790" lon="18.6213660">
    <ele>688.2</ele>
    <time>2026-05-23T07:05:55Z</time>
   </trkpt>
   <trkpt lat="49.6351890" lon="18.6213800">
    <ele>688.2</ele>
    <time>2026-05-23T07:05:56Z</time>
   </trkpt>
   <trkpt lat="49.6351990" lon="18.6213950">
    <ele>688.2</ele>
    <time>2026-05-23T07:05:57Z</time>
   </trkpt>
   <trkpt lat="49.6352110" lon="18.6214130">
    <ele>688.4</ele>
    <time>2026-05-23T07:05:58Z</time>
   </trkpt>
   <trkpt lat="49.6352230" lon="18.6214290">
    <ele>688.4</ele>
    <time>2026-05-23T07:05:59Z</time>
   </trkpt>
   <trkpt lat="49.6352350" lon="18.6214420">
    <ele>688.6</ele>
    <time>2026-05-23T07:06:00Z</time>
   </trkpt>
   <trkpt lat="49.6352470" lon="18.6214540">
    <ele>688.8</ele>
    <time>2026-05-23T07:06:01Z</time>
   </trkpt>
   <trkpt lat="49.6352600" lon="18.6214680">
    <ele>688.8</ele>
    <time>2026-05-23T07:06:02Z</time>
   </trkpt>
   <trkpt lat="49.6352720" lon="18.6214820">
    <ele>689.0</ele>
    <time>2026-05-23T07:06:03Z</time>
   </trkpt>
   <trkpt lat="49.6352830" lon="18.6214970">
    <ele>689.2</ele>
    <time>2026-05-23T07:06:04Z</time>
   </trkpt>
   <trkpt lat="49.6352930" lon="18.6215110">
    <ele>689.4</ele>
    <time>2026-05-23T07:06:05Z</time>
   </trkpt>
   <trkpt lat="49.6353020" lon="18.6215270">
    <ele>689.6</ele>
    <time>2026-05-23T07:06:06Z</time>
   </trkpt>
   <trkpt lat="49.6353110" lon="18.6215440">
    <ele>689.6</ele>
    <time>2026-05-23T07:06:07Z</time>
   </trkpt>
   <trkpt lat="49.6353220" lon="18.6215620">
    <ele>690.0</ele>
    <time>2026-05-23T07:06:08Z</time>
   </trkpt>
   <trkpt lat="49.6353300" lon="18.6215790">
    <ele>690.0</ele>
    <time>2026-05-23T07:06:09Z</time>
   </trkpt>
   <trkpt lat="49.6353390" lon="18.6215940">
    <ele>690.4</ele>
    <time>2026-05-23T07:06:10Z</time>
   </trkpt>
   <trkpt lat="49.6353480" lon="18.6216110">
    <ele>690.4</ele>
    <time>2026-05-23T07:06:11Z</time>
   </trkpt>
   <trkpt lat="49.6353550" lon="18.6216260">
    <ele>690.4</ele>
    <time>2026-05-23T07:06:12Z</time>
   </trkpt>
   <trkpt lat="49.6353620" lon="18.6216430">
    <ele>690.6</ele>
    <time>2026-05-23T07:06:13Z</time>
   </trkpt>
   <trkpt lat="49.6353680" lon="18.6216570">
    <ele>690.8</ele>
    <time>2026-05-23T07:06:14Z</time>
   </trkpt>
   <trkpt lat="49.6353740" lon="18.6216700">
    <ele>691.0</ele>
    <time>2026-05-23T07:06:15Z</time>
   </trkpt>
   <trkpt lat="49.6353830" lon="18.6216840">
    <ele>691.2</ele>
    <time>2026-05-23T07:06:16Z</time>
   </trkpt>
   <trkpt lat="49.6353920" lon="18.6216960">
    <ele>691.2</ele>
    <time>2026-05-23T07:06:17Z</time>
   </trkpt>
   <trkpt lat="49.6354010" lon="18.6217110">
    <ele>691.4</ele>
    <time>2026-05-23T07:06:18Z</time>
   </trkpt>
   <trkpt lat="49.6354100" lon="18.6217310">
    <ele>691.6</ele>
    <time>2026-05-23T07:06:19Z</time>
   </trkpt>
   <trkpt lat="49.6354160" lon="18.6217500">
    <ele>691.8</ele>
    <time>2026-05-23T07:06:20Z</time>
   </trkpt>
   <trkpt lat="49.6354220" lon="18.6217690">
    <ele>692.0</ele>
    <time>2026-05-23T07:06:21Z</time>
   </trkpt>
   <trkpt lat="49.6354260" lon="18.6217780">
    <ele>692.0</ele>
    <time>2026-05-23T07:06:22Z</time>
   </trkpt>
   <trkpt lat="49.6354320" lon="18.6217900">
    <ele>692.4</ele>
    <time>2026-05-23T07:06:23Z</time>
   </trkpt>
   <trkpt lat="49.6354390" lon="18.6218070">
    <ele>692.4</ele>
    <time>2026-05-23T07:06:24Z</time>
   </trkpt>
   <trkpt lat="49.6354470" lon="18.6218230">
    <ele>692.8</ele>
    <time>2026-05-23T07:06:25Z</time>
   </trkpt>
   <trkpt lat="49.6354550" lon="18.6218390">
    <ele>693.0</ele>
    <time>2026-05-23T07:06:26Z</time>
   </trkpt>
   <trkpt lat="49.6354610" lon="18.6218580">
    <ele>693.2</ele>
    <time>2026-05-23T07:06:27Z</time>
   </trkpt>
   <trkpt lat="49.6354650" lon="18.6218760">
    <ele>693.4</ele>
    <time>2026-05-23T07:06:28Z</time>
   </trkpt>
   <trkpt lat="49.6354700" lon="18.6218930">
    <ele>693.6</ele>
    <time>2026-05-23T07:06:29Z</time>
   </trkpt>
   <trkpt lat="49.6354770" lon="18.6219090">
    <ele>693.6</ele>
    <time>2026-05-23T07:06:30Z</time>
   </trkpt>
   <trkpt lat="49.6354850" lon="18.6219280">
    <ele>694.0</ele>
    <time>2026-05-23T07:06:31Z</time>
   </trkpt>
   <trkpt lat="49.6354940" lon="18.6219470">
    <ele>694.2</ele>
    <time>2026-05-23T07:06:32Z</time>
   </trkpt>
   <trkpt lat="49.6355000" lon="18.6219680">
    <ele>694.2</ele>
    <time>2026-05-23T07:06:33Z</time>
   </trkpt>
   <trkpt lat="49.6355080" lon="18.6219870">
    <ele>694.6</ele>
    <time>2026-05-23T07:06:34Z</time>
   </trkpt>
   <trkpt lat="49.6355170" lon="18.6220050">
    <ele>694.8</ele>
    <time>2026-05-23T07:06:35Z</time>
   </trkpt>
   <trkpt lat="49.6355240" lon="18.6220250">
    <ele>695.0</ele>
    <time>2026-05-23T07:06:36Z</time>
   </trkpt>
   <trkpt lat="49.6355300" lon="18.6220430">
    <ele>695.2</ele>
    <time>2026-05-23T07:06:37Z</time>
   </trkpt>
   <trkpt lat="49.6355340" lon="18.6220620">
    <ele>695.4</ele>
    <time>2026-05-23T07:06:38Z</time>
   </trkpt>
   <trkpt lat="49.6355360" lon="18.6220770">
    <ele>695.8</ele>
    <time>2026-05-23T07:06:39Z</time>
   </trkpt>
   <trkpt lat="49.6355400" lon="18.6220930">
    <ele>696.0</ele>
    <time>2026-05-23T07:06:40Z</time>
   </trkpt>
   <trkpt lat="49.6355460" lon="18.6221090">
    <ele>696.0</ele>
    <time>2026-05-23T07:06:41Z</time>
   </trkpt>
   <trkpt lat="49.6355530" lon="18.6221240">
    <ele>696.2</ele>
    <time>2026-05-23T07:06:42Z</time>
   </trkpt>
   <trkpt lat="49.6355580" lon="18.6221420">
    <ele>696.4</ele>
    <time>2026-05-23T07:06:43Z</time>
   </trkpt>
   <trkpt lat="49.6355600" lon="18.6221610">
    <ele>696.8</ele>
    <time>2026-05-23T07:06:44Z</time>
   </trkpt>
   <trkpt lat="49.6355590" lon="18.6221790">
    <ele>697.0</ele>
    <time>2026-05-23T07:06:45Z</time>
   </trkpt>
   <trkpt lat="49.6355610" lon="18.6221980">
    <ele>697.2</ele>
    <time>2026-05-23T07:06:46Z</time>
   </trkpt>
   <trkpt lat="49.6355610" lon="18.6222170">
    <ele>697.4</ele>
    <time>2026-05-23T07:06:47Z</time>
   </trkpt>
   <trkpt lat="49.6355620" lon="18.6222360">
    <ele>697.6</ele>
    <time>2026-05-23T07:06:48Z</time>
   </trkpt>
   <trkpt lat="49.6355630" lon="18.6222570">
    <ele>697.8</ele>
    <time>2026-05-23T07:06:49Z</time>
   </trkpt>
   <trkpt lat="49.6355620" lon="18.6222790">
    <ele>698.0</ele>
    <time>2026-05-23T07:06:50Z</time>
   </trkpt>
   <trkpt lat="49.6355600" lon="18.6223000">
    <ele>698.2</ele>
    <time>2026-05-23T07:06:51Z</time>
   </trkpt>
   <trkpt lat="49.6355570" lon="18.6223230">
    <ele>698.4</ele>
    <time>2026-05-23T07:06:52Z</time>
   </trkpt>
   <trkpt lat="49.6355530" lon="18.6223460">
    <ele>698.4</ele>
    <time>2026-05-23T07:06:53Z</time>
   </trkpt>
   <trkpt lat="49.6355500" lon="18.6223680">
    <ele>698.6</ele>
    <time>2026-05-23T07:06:54Z</time>
   </trkpt>
   <trkpt lat="49.6355470" lon="18.6223880">
    <ele>698.8</ele>
    <time>2026-05-23T07:06:55Z</time>
   </trkpt>
   <trkpt lat="49.6355420" lon="18.6224070">
    <ele>699.0</ele>
    <time>2026-05-23T07:06:56Z</time>
   </trkpt>
   <trkpt lat="49.6355390" lon="18.6224280">
    <ele>699.2</ele>
    <time>2026-05-23T07:06:57Z</time>
   </trkpt>
   <trkpt lat="49.6355350" lon="18.6224530">
    <ele>699.4</ele>
    <time>2026-05-23T07:06:58Z</time>
   </trkpt>
   <trkpt lat="49.6355300" lon="18.6224750">
    <ele>699.6</ele>
    <time>2026-05-23T07:06:59Z</time>
   </trkpt>
   <trkpt lat="49.6355250" lon="18.6224940">
    <ele>699.8</ele>
    <time>2026-05-23T07:07:00Z</time>
   </trkpt>
   <trkpt lat="49.6355200" lon="18.6225110">
    <ele>700.0</ele>
    <time>2026-05-23T07:07:01Z</time>
   </trkpt>
   <trkpt lat="49.6355160" lon="18.6225260">
    <ele>700.2</ele>
    <time>2026-05-23T07:07:02Z</time>
   </trkpt>
   <trkpt lat="49.6355100" lon="18.6225470">
    <ele>700.2</ele>
    <time>2026-05-23T07:07:03Z</time>
   </trkpt>
   <trkpt lat="49.6355050" lon="18.6225690">
    <ele>700.2</ele>
    <time>2026-05-23T07:07:04Z</time>
   </trkpt>
   <trkpt lat="49.6354970" lon="18.6225880">
    <ele>700.6</ele>
    <time>2026-05-23T07:07:05Z</time>
   </trkpt>
   <trkpt lat="49.6354880" lon="18.6226010">
    <ele>700.6</ele>
    <time>2026-05-23T07:07:06Z</time>
   </trkpt>
   <trkpt lat="49.6354770" lon="18.6226180">
    <ele>700.8</ele>
    <time>2026-05-23T07:07:07Z</time>
   </trkpt>
   <trkpt lat="49.6354690" lon="18.6226310">
    <ele>701.0</ele>
    <time>2026-05-23T07:07:08Z</time>
   </trkpt>
   <trkpt lat="49.6354620" lon="18.6226440">
    <ele>701.0</ele>
    <time>2026-05-23T07:07:09Z</time>
   </trkpt>
   <trkpt lat="49.6354520" lon="18.6226620">
    <ele>701.0</ele>
    <time>2026-05-23T07:07:10Z</time>
   </trkpt>
   <trkpt lat="49.6354420" lon="18.6226820">
    <ele>701.2</ele>
    <time>2026-05-23T07:07:11Z</time>
   </trkpt>
   <trkpt lat="49.6354360" lon="18.6226970">
    <ele>701.2</ele>
    <time>2026-05-23T07:07:12Z</time>
   </trkpt>
   <trkpt lat="49.6354260" lon="18.6227190">
    <ele>701.4</ele>
    <time>2026-05-23T07:07:13Z</time>
   </trkpt>
   <trkpt lat="49.6354170" lon="18.6227380">
    <ele>701.4</ele>
    <time>2026-05-23T07:07:14Z</time>
   </trkpt>
   <trkpt lat="49.6354100" lon="18.6227520">
    <ele>701.4</ele>
    <time>2026-05-23T07:07:15Z</time>
   </trkpt>
   <trkpt lat="49.6353990" lon="18.6227740">
    <ele>701.6</ele>
    <time>2026-05-23T07:07:16Z</time>
   </trkpt>
   <trkpt lat="49.6353900" lon="18.6227920">
    <ele>701.6</ele>
    <time>2026-05-23T07:07:17Z</time>
   </trkpt>
   <trkpt lat="49.6353810" lon="18.6228050">
    <ele>701.8</ele>
    <time>2026-05-23T07:07:18Z</time>
   </trkpt>
   <trkpt lat="49.6353690" lon="18.6228260">
    <ele>702.0</ele>
    <time>2026-05-23T07:07:19Z</time>
   </trkpt>
   <trkpt lat="49.6353650" lon="18.6228380">
    <ele>702.2</ele>
    <time>2026-05-23T07:07:20Z</time>
   </trkpt>
   <trkpt lat="49.6353560" lon="18.6228550">
    <ele>702.2</ele>
    <time>2026-05-23T07:07:21Z</time>
   </trkpt>
   <trkpt lat="49.6353410" lon="18.6228740">
    <ele>702.4</ele>
    <time>2026-05-23T07:07:22Z</time>
   </trkpt>
   <trkpt lat="49.6353300" lon="18.6228880">
    <ele>702.4</ele>
    <time>2026-05-23T07:07:23Z</time>
   </trkpt>
   <trkpt lat="49.6353210" lon="18.6229000">
    <ele>702.4</ele>
    <time>2026-05-23T07:07:24Z</time>
   </trkpt>
   <trkpt lat="49.6353100" lon="18.6229210">
    <ele>702.8</ele>
    <time>2026-05-23T07:07:25Z</time>
   </trkpt>
   <trkpt lat="49.6353010" lon="18.6229440">
    <ele>702.8</ele>
    <time>2026-05-23T07:07:26Z</time>
   </trkpt>
   <trkpt lat="49.6352930" lon="18.6229600">
    <ele>702.8</ele>
    <time>2026-05-23T07:07:27Z</time>
   </trkpt>
   <trkpt lat="49.6352780" lon="18.6229830">
    <ele>703.0</ele>
    <time>2026-05-23T07:07:28Z</time>
   </trkpt>
   <trkpt lat="49.6352660" lon="18.6230010">
    <ele>703.2</ele>
    <time>2026-05-23T07:07:29Z</time>
   </trkpt>
   <trkpt lat="49.6352580" lon="18.6230130">
    <ele>703.4</ele>
    <time>2026-05-23T07:07:30Z</time>
   </trkpt>
   <trkpt lat="49.6352460" lon="18.6230330">
    <ele>703.6</ele>
    <time>2026-05-23T07:07:31Z</time>
   </trkpt>
   <trkpt lat="49.6352350" lon="18.6230520">
    <ele>703.6</ele>
    <time>2026-05-23T07:07:32Z</time>
   </trkpt>
   <trkpt lat="49.6352210" lon="18.6230730">
    <ele>703.8</ele>
    <time>2026-05-23T07:07:33Z</time>
   </trkpt>
   <trkpt lat="49.6352100" lon="18.6230920">
    <ele>704.2</ele>
    <time>2026-05-23T07:07:34Z</time>
   </trkpt>
   <trkpt lat="49.6351980" lon="18.6231100">
    <ele>704.4</ele>
    <time>2026-05-23T07:07:35Z</time>
   </trkpt>
   <trkpt lat="49.6351920" lon="18.6231270">
    <ele>704.8</ele>
    <time>2026-05-23T07:07:36Z</time>
   </trkpt>
   <trkpt lat="49.6351810" lon="18.6231460">
    <ele>705.0</ele>
    <time>2026-05-23T07:07:37Z</time>
   </trkpt>
   <trkpt lat="49.6351670" lon="18.6231650">
    <ele>705.0</ele>
    <time>2026-05-23T07:07:38Z</time>
   </trkpt>
   <trkpt lat="49.6351570" lon="18.6231780">
    <ele>705.0</ele>
    <time>2026-05-23T07:07:39Z</time>
   </trkpt>
   <trkpt lat="49.6351430" lon="18.6231960">
    <ele>705.2</ele>
    <time>2026-05-23T07:07:40Z</time>
   </trkpt>
   <trkpt lat="49.6351300" lon="18.6232150">
    <ele>705.2</ele>
    <time>2026-05-23T07:07:41Z</time>
   </trkpt>
   <trkpt lat="49.6351180" lon="18.6232290">
    <ele>705.4</ele>
    <time>2026-05-23T07:07:42Z</time>
   </trkpt>
   <trkpt lat="49.6351060" lon="18.6232420">
    <ele>705.4</ele>
    <time>2026-05-23T07:07:43Z</time>
   </trkpt>
   <trkpt lat="49.6350960" lon="18.6232550">
    <ele>705.6</ele>
    <time>2026-05-23T07:07:44Z</time>
   </trkpt>
   <trkpt lat="49.6350880" lon="18.6232730">
    <ele>705.8</ele>
    <time>2026-05-23T07:07:45Z</time>
   </trkpt>
   <trkpt lat="49.6350740" lon="18.6233010">
    <ele>706.0</ele>
    <time>2026-05-23T07:07:46Z</time>
   </trkpt>
   <trkpt lat="49.6350620" lon="18.6233170">
    <ele>706.2</ele>
    <time>2026-05-23T07:07:47Z</time>
   </trkpt>
   <trkpt lat="49.6350480" lon="18.6233390">
    <ele>706.2</ele>
    <time>2026-05-23T07:07:48Z</time>
   </trkpt>
   <trkpt lat="49.6350360" lon="18.6233640">
    <ele>706.4</ele>
    <time>2026-05-23T07:07:49Z</time>
   </trkpt>
   <trkpt lat="49.6350270" lon="18.6233820">
    <ele>706.6</ele>
    <time>2026-05-23T07:07:50Z</time>
   </trkpt>
   <trkpt lat="49.6350200" lon="18.6233950">
    <ele>706.6</ele>
    <time>2026-05-23T07:07:51Z</time>
   </trkpt>
   <trkpt lat="49.6350110" lon="18.6234150">
    <ele>706.8</ele>
    <time>2026-05-23T07:07:52Z</time>
   </trkpt>
   <trkpt lat="49.6350030" lon="18.6234400">
    <ele>707.0</ele>
    <time>2026-05-23T07:07:53Z</time>
   </trkpt>
   <trkpt lat="49.6349960" lon="18.6234570">
    <ele>707.0</ele>
    <time>2026-05-23T07:07:54Z</time>
   </trkpt>
   <trkpt lat="49.6349860" lon="18.6234700">
    <ele>707.0</ele>
    <time>2026-05-23T07:07:55Z</time>
   </trkpt>
   <trkpt lat="49.6349760" lon="18.6234900">
    <ele>707.2</ele>
    <time>2026-05-23T07:07:56Z</time>
   </trkpt>
   <trkpt lat="49.6349660" lon="18.6235080">
    <ele>707.4</ele>
    <time>2026-05-23T07:07:57Z</time>
   </trkpt>
   <trkpt lat="49.6349560" lon="18.6235320">
    <ele>707.6</ele>
    <time>2026-05-23T07:07:58Z</time>
   </trkpt>
   <trkpt lat="49.6349490" lon="18.6235520">
    <ele>707.8</ele>
    <time>2026-05-23T07:07:59Z</time>
   </trkpt>
   <trkpt lat="49.6349430" lon="18.6235660">
    <ele>707.8</ele>
    <time>2026-05-23T07:08:00Z</time>
   </trkpt>
   <trkpt lat="49.6349320" lon="18.6235850">
    <ele>708.0</ele>
    <time>2026-05-23T07:08:01Z</time>
   </trkpt>
   <trkpt lat="49.6349210" lon="18.6235970">
    <ele>708.0</ele>
    <time>2026-05-23T07:08:02Z</time>
   </trkpt>
   <trkpt lat="49.6349120" lon="18.6236090">
    <ele>708.0</ele>
    <time>2026-05-23T07:08:03Z</time>
   </trkpt>
   <trkpt lat="49.6349010" lon="18.6236250">
    <ele>708.2</ele>
    <time>2026-05-23T07:08:04Z</time>
   </trkpt>
   <trkpt lat="49.6348900" lon="18.6236420">
    <ele>708.4</ele>
    <time>2026-05-23T07:08:05Z</time>
   </trkpt>
   <trkpt lat="49.6348810" lon="18.6236560">
    <ele>708.4</ele>
    <time>2026-05-23T07:08:06Z</time>
   </trkpt>
   <trkpt lat="49.6348710" lon="18.6236720">
    <ele>708.6</ele>
    <time>2026-05-23T07:08:07Z</time>
   </trkpt>
   <trkpt lat="49.6348620" lon="18.6236900">
    <ele>708.6</ele>
    <time>2026-05-23T07:08:08Z</time>
   </trkpt>
   <trkpt lat="49.6348560" lon="18.6237070">
    <ele>708.6</ele>
    <time>2026-05-23T07:08:09Z</time>
   </trkpt>
   <trkpt lat="49.6348450" lon="18.6237290">
    <ele>708.8</ele>
    <time>2026-05-23T07:08:10Z</time>
   </trkpt>
   <trkpt lat="49.6348360" lon="18.6237470">
    <ele>709.0</ele>
    <time>2026-05-23T07:08:11Z</time>
   </trkpt>
   <trkpt lat="49.6348280" lon="18.6237600">
    <ele>709.0</ele>
    <time>2026-05-23T07:08:12Z</time>
   </trkpt>
   <trkpt lat="49.6348170" lon="18.6237810">
    <ele>709.2</ele>
    <time>2026-05-23T07:08:13Z</time>
   </trkpt>
   <trkpt lat="49.6348030" lon="18.6238050">
    <ele>709.2</ele>
    <time>2026-05-23T07:08:14Z</time>
   </trkpt>
   <trkpt lat="49.6347890" lon="18.6238330">
    <ele>709.4</ele>
    <time>2026-05-23T07:08:15Z</time>
   </trkpt>
   <trkpt lat="49.6347760" lon="18.6238550">
    <ele>709.4</ele>
    <time>2026-05-23T07:08:16Z</time>
   </trkpt>
   <trkpt lat="49.6347620" lon="18.6238830">
    <ele>709.4</ele>
    <time>2026-05-23T07:08:17Z</time>
   </trkpt>
   <trkpt lat="49.6347510" lon="18.6239080">
    <ele>709.6</ele>
    <time>2026-05-23T07:08:18Z</time>
   </trkpt>
   <trkpt lat="49.6347360" lon="18.6239470">
    <ele>709.8</ele>
    <time>2026-05-23T07:08:19Z</time>
   </trkpt>
   <trkpt lat="49.6347210" lon="18.6239790">
    <ele>710.0</ele>
    <time>2026-05-23T07:08:20Z</time>
   </trkpt>
   <trkpt lat="49.6347030" lon="18.6240040">
    <ele>710.2</ele>
    <time>2026-05-23T07:08:21Z</time>
   </trkpt>
   <trkpt lat="49.6346940" lon="18.6240200">
    <ele>710.2</ele>
    <time>2026-05-23T07:08:22Z</time>
   </trkpt>
   <trkpt lat="49.6346810" lon="18.6240500">
    <ele>710.4</ele>
    <time>2026-05-23T07:08:23Z</time>
   </trkpt>
   <trkpt lat="49.6346760" lon="18.6240750">
    <ele>710.8</ele>
    <time>2026-05-23T07:08:24Z</time>
   </trkpt>
   <trkpt lat="49.6346710" lon="18.6241150">
    <ele>711.0</ele>
    <time>2026-05-23T07:08:25Z</time>
   </trkpt>
   <trkpt lat="49.6346640" lon="18.6241490">
    <ele>711.2</ele>
    <time>2026-05-23T07:08:26Z</time>
   </trkpt>
   <trkpt lat="49.6346520" lon="18.6241840">
    <ele>711.4</ele>
    <time>2026-05-23T07:08:27Z</time>
   </trkpt>
   <trkpt lat="49.6346360" lon="18.6242170">
    <ele>711.6</ele>
    <time>2026-05-23T07:08:28Z</time>
   </trkpt>
   <trkpt lat="49.6346190" lon="18.6242380">
    <ele>711.8</ele>
    <time>2026-05-23T07:08:29Z</time>
   </trkpt>
   <trkpt lat="49.6346050" lon="18.6242640">
    <ele>711.8</ele>
    <time>2026-05-23T07:08:30Z</time>
   </trkpt>
   <trkpt lat="49.6345930" lon="18.6242920">
    <ele>712.0</ele>
    <time>2026-05-23T07:08:31Z</time>
   </trkpt>
   <trkpt lat="49.6345790" lon="18.6243220">
    <ele>712.0</ele>
    <time>2026-05-23T07:08:32Z</time>
   </trkpt>
   <trkpt lat="49.6345650" lon="18.6243520">
    <ele>712.2</ele>
    <time>2026-05-23T07:08:33Z</time>
   </trkpt>
   <trkpt lat="49.6345500" lon="18.6243820">
    <ele>712.2</ele>
    <time>2026-05-23T07:08:34Z</time>
   </trkpt>
   <trkpt lat="49.6345370" lon="18.6244120">
    <ele>712.4</ele>
    <time>2026-05-23T07:08:35Z</time>
   </trkpt>
   <trkpt lat="49.6345260" lon="18.6244360">
    <ele>712.6</ele>
    <time>2026-05-23T07:08:36Z</time>
   </trkpt>
   <trkpt lat="49.6345110" lon="18.6244760">
    <ele>712.8</ele>
    <time>2026-05-23T07:08:37Z</time>
   </trkpt>
   <trkpt lat="49.6344980" lon="18.6245110">
    <ele>712.8</ele>
    <time>2026-05-23T07:08:38Z</time>
   </trkpt>
   <trkpt lat="49.6344860" lon="18.6245390">
    <ele>713.0</ele>
    <time>2026-05-23T07:08:39Z</time>
   </trkpt>
   <trkpt lat="49.6344730" lon="18.6245760">
    <ele>713.2</ele>
    <time>2026-05-23T07:08:40Z</time>
   </trkpt>
   <trkpt lat="49.6344550" lon="18.6246180">
    <ele>713.2</ele>
    <time>2026-05-23T07:08:41Z</time>
   </trkpt>
   <trkpt lat="49.6344440" lon="18.6246420">
    <ele>713.4</ele>
    <time>2026-05-23T07:08:42Z</time>
   </trkpt>
   <trkpt lat="49.6344260" lon="18.6246800">
    <ele>713.6</ele>
    <time>2026-05-23T07:08:43Z</time>
   </trkpt>
   <trkpt lat="49.6344080" lon="18.6247140">
    <ele>713.8</ele>
    <time>2026-05-23T07:08:44Z</time>
   </trkpt>
   <trkpt lat="49.6343940" lon="18.6247560">
    <ele>713.8</ele>
    <time>2026-05-23T07:08:45Z</time>
   </trkpt>
   <trkpt lat="49.6343750" lon="18.6247940">
    <ele>713.8</ele>
    <time>2026-05-23T07:08:46Z</time>
   </trkpt>
   <trkpt lat="49.6343550" lon="18.6248290">
    <ele>713.8</ele>
    <time>2026-05-23T07:08:47Z</time>
   </trkpt>
   <trkpt lat="49.6343340" lon="18.6248630">
    <ele>714.0</ele>
    <time>2026-05-23T07:08:48Z</time>
   </trkpt>
   <trkpt lat="49.6343150" lon="18.6249000">
    <ele>714.2</ele>
    <time>2026-05-23T07:08:49Z</time>
   </trkpt>
   <trkpt lat="49.6343020" lon="18.6249370">
    <ele>714.2</ele>
    <time>2026-05-23T07:08:50Z</time>
   </trkpt>
   <trkpt lat="49.6342900" lon="18.6249730">
    <ele>714.4</ele>
    <time>2026-05-23T07:08:51Z</time>
   </trkpt>
   <trkpt lat="49.6342800" lon="18.6250150">
    <ele>714.6</ele>
    <time>2026-05-23T07:08:52Z</time>
   </trkpt>
   <trkpt lat="49.6342710" lon="18.6250520">
    <ele>714.8</ele>
    <time>2026-05-23T07:08:53Z</time>
   </trkpt>
   <trkpt lat="49.6342620" lon="18.6250870">
    <ele>714.8</ele>
    <time>2026-05-23T07:08:54Z</time>
   </trkpt>
   <trkpt lat="49.6342470" lon="18.6251210">
    <ele>715.0</ele>
    <time>2026-05-23T07:08:55Z</time>
   </trkpt>
   <trkpt lat="49.6342300" lon="18.6251570">
    <ele>715.4</ele>
    <time>2026-05-23T07:08:56Z</time>
   </trkpt>
   <trkpt lat="49.6342160" lon="18.6251860">
    <ele>715.4</ele>
    <time>2026-05-23T07:08:57Z</time>
   </trkpt>
   <trkpt lat="49.6342010" lon="18.6252170">
    <ele>715.6</ele>
    <time>2026-05-23T07:08:58Z</time>
   </trkpt>
   <trkpt lat="49.6341870" lon="18.6252470">
    <ele>715.8</ele>
    <time>2026-05-23T07:08:59Z</time>
   </trkpt>
   <trkpt lat="49.6341730" lon="18.6252760">
    <ele>716.2</ele>
    <time>2026-05-23T07:09:00Z</time>
   </trkpt>
   <trkpt lat="49.6341550" lon="18.6253180">
    <ele>716.2</ele>
    <time>2026-05-23T07:09:01Z</time>
   </trkpt>
   <trkpt lat="49.6341390" lon="18.6253520">
    <ele>716.4</ele>
    <time>2026-05-23T07:09:02Z</time>
   </trkpt>
   <trkpt lat="49.6341250" lon="18.6253900">
    <ele>716.6</ele>
    <time>2026-05-23T07:09:03Z</time>
   </trkpt>
   <trkpt lat="49.6341180" lon="18.6254290">
    <ele>716.6</ele>
    <time>2026-05-23T07:09:04Z</time>
   </trkpt>
   <trkpt lat="49.6341130" lon="18.6254650">
    <ele>716.8</ele>
    <time>2026-05-23T07:09:05Z</time>
   </trkpt>
   <trkpt lat="49.6341080" lon="18.6255020">
    <ele>716.8</ele>
    <time>2026-05-23T07:09:06Z</time>
   </trkpt>
   <trkpt lat="49.6341030" lon="18.6255290">
    <ele>717.0</ele>
    <time>2026-05-23T07:09:07Z</time>
   </trkpt>
   <trkpt lat="49.6340900" lon="18.6255700">
    <ele>717.2</ele>
    <time>2026-05-23T07:09:08Z</time>
   </trkpt>
   <trkpt lat="49.6340790" lon="18.6256110">
    <ele>717.2</ele>
    <time>2026-05-23T07:09:09Z</time>
   </trkpt>
   <trkpt lat="49.6340740" lon="18.6256520">
    <ele>717.4</ele>
    <time>2026-05-23T07:09:10Z</time>
   </trkpt>
   <trkpt lat="49.6340690" lon="18.6256940">
    <ele>717.6</ele>
    <time>2026-05-23T07:09:11Z</time>
   </trkpt>
   <trkpt lat="49.6340650" lon="18.6257380">
    <ele>717.8</ele>
    <time>2026-05-23T07:09:12Z</time>
   </trkpt>
   <trkpt lat="49.6340630" lon="18.6257770">
    <ele>717.8</ele>
    <time>2026-05-23T07:09:13Z</time>
   </trkpt>
   <trkpt lat="49.6340530" lon="18.6258300">
    <ele>718.0</ele>
    <time>2026-05-23T07:09:14Z</time>
   </trkpt>
   <trkpt lat="49.6340480" lon="18.6258630">
    <ele>718.0</ele>
    <time>2026-05-23T07:09:15Z</time>
   </trkpt>
   <trkpt lat="49.6340490" lon="18.6259020">
    <ele>718.0</ele>
    <time>2026-05-23T07:09:16Z</time>
   </trkpt>
   <trkpt lat="49.6340470" lon="18.6259610">
    <ele>718.2</ele>
    <time>2026-05-23T07:09:17Z</time>
   </trkpt>
   <trkpt lat="49.6340530" lon="18.6260140">
    <ele>718.2</ele>
    <time>2026-05-23T07:09:18Z</time>
   </trkpt>
   <trkpt lat="49.6340590" lon="18.6260690">
    <ele>718.2</ele>
    <time>2026-05-23T07:09:19Z</time>
   </trkpt>
   <trkpt lat="49.6340750" lon="18.6261180">
    <ele>718.2</ele>
    <time>2026-05-23T07:09:20Z</time>
   </trkpt>
   <trkpt lat="49.6340950" lon="18.6261700">
    <ele>718.2</ele>
    <time>2026-05-23T07:09:21Z</time>
   </trkpt>
   <trkpt lat="49.6341090" lon="18.6262230">
    <ele>718.2</ele>
    <time>2026-05-23T07:09:22Z</time>
   </trkpt>
   <trkpt lat="49.6341220" lon="18.6262740">
    <ele>718.4</ele>
    <time>2026-05-23T07:09:23Z</time>
   </trkpt>
   <trkpt lat="49.6341350" lon="18.6263260">
    <ele>718.4</ele>
    <time>2026-05-23T07:09:24Z</time>
   </trkpt>
   <trkpt lat="49.6341490" lon="18.6263760">
    <ele>718.6</ele>
    <time>2026-05-23T07:09:25Z</time>
   </trkpt>
   <trkpt lat="49.6341630" lon="18.6264220">
    <ele>718.8</ele>
    <time>2026-05-23T07:09:26Z</time>
   </trkpt>
   <trkpt lat="49.6341770" lon="18.6264690">
    <ele>719.0</ele>
    <time>2026-05-23T07:09:27Z</time>
   </trkpt>
   <trkpt lat="49.6341910" lon="18.6265190">
    <ele>719.0</ele>
    <time>2026-05-23T07:09:28Z</time>
   </trkpt>
   <trkpt lat="49.6342030" lon="18.6265720">
    <ele>719.2</ele>
    <time>2026-05-23T07:09:29Z</time>
   </trkpt>
   <trkpt lat="49.6342170" lon="18.6266250">
    <ele>719.4</ele>
    <time>2026-05-23T07:09:30Z</time>
   </trkpt>
   <trkpt lat="49.6342290" lon="18.6266790">
    <ele>719.4</ele>
    <time>2026-05-23T07:09:31Z</time>
   </trkpt>
   <trkpt lat="49.6342410" lon="18.6267300">
    <ele>719.4</ele>
    <time>2026-05-23T07:09:32Z</time>
   </trkpt>
   <trkpt lat="49.6342560" lon="18.6267800">
    <ele>719.4</ele>
    <time>2026-05-23T07:09:33Z</time>
   </trkpt>
   <trkpt lat="49.6342630" lon="18.6268200">
    <ele>719.8</ele>
    <time>2026-05-23T07:09:34Z</time>
   </trkpt>
   <trkpt lat="49.6342750" lon="18.6268760">
    <ele>720.2</ele>
    <time>2026-05-23T07:09:35Z</time>
   </trkpt>
   <trkpt lat="49.6342840" lon="18.6269210">
    <ele>720.4</ele>
    <time>2026-05-23T07:09:36Z</time>
   </trkpt>
   <trkpt lat="49.6342920" lon="18.6269660">
    <ele>720.8</ele>
    <time>2026-05-23T07:09:37Z</time>
   </trkpt>
   <trkpt lat="49.6342970" lon="18.6270150">
    <ele>720.8</ele>
    <time>2026-05-23T07:09:38Z</time>
   </trkpt>
   <trkpt lat="49.6343000" lon="18.6270550">
    <ele>721.0</ele>
    <time>2026-05-23T07:09:39Z</time>
   </trkpt>
   <trkpt lat="49.6343070" lon="18.6271040">
    <ele>721.0</ele>
    <time>2026-05-23T07:09:40Z</time>
   </trkpt>
   <trkpt lat="49.6343130" lon="18.6271560">
    <ele>721.2</ele>
    <time>2026-05-23T07:09:41Z</time>
   </trkpt>
   <trkpt lat="49.6343160" lon="18.6272070">
    <ele>721.2</ele>
    <time>2026-05-23T07:09:42Z</time>
   </trkpt>
   <trkpt lat="49.6343220" lon="18.6272550">
    <ele>721.4</ele>
    <time>2026-05-23T07:09:43Z</time>
   </trkpt>
   <trkpt lat="49.6343270" lon="18.6273050">
    <ele>721.6</ele>
    <time>2026-05-23T07:09:44Z</time>
   </trkpt>
   <trkpt lat="49.6343310" lon="18.6273560">
    <ele>721.6</ele>
    <time>2026-05-23T07:09:45Z</time>
   </trkpt>
   <trkpt lat="49.6343360" lon="18.6274130">
    <ele>722.0</ele>
    <time>2026-05-23T07:09:46Z</time>
   </trkpt>
   <trkpt lat="49.6343390" lon="18.6274660">
    <ele>722.2</ele>
    <time>2026-05-23T07:09:47Z</time>
   </trkpt>
   <trkpt lat="49.6343410" lon="18.6275190">
    <ele>722.4</ele>
    <time>2026-05-23T07:09:48Z</time>
   </trkpt>
   <trkpt lat="49.6343460" lon="18.6275620">
    <ele>722.4</ele>
    <time>2026-05-23T07:09:49Z</time>
   </trkpt>
   <trkpt lat="49.6343550" lon="18.6276280">
    <ele>722.4</ele>
    <time>2026-05-23T07:09:50Z</time>
   </trkpt>
   <trkpt lat="49.6343640" lon="18.6276820">
    <ele>722.6</ele>
    <time>2026-05-23T07:09:51Z</time>
   </trkpt>
   <trkpt lat="49.6343720" lon="18.6277340">
    <ele>722.6</ele>
    <time>2026-05-23T07:09:52Z</time>
   </trkpt>
   <trkpt lat="49.6343780" lon="18.6277760">
    <ele>722.8</ele>
    <time>2026-05-23T07:09:53Z</time>
   </trkpt>
   <trkpt lat="49.6343850" lon="18.6278410">
    <ele>723.0</ele>
    <time>2026-05-23T07:09:54Z</time>
   </trkpt>
   <trkpt lat="49.6343880" lon="18.6278980">
    <ele>723.0</ele>
    <time>2026-05-23T07:09:55Z</time>
   </trkpt>
   <trkpt lat="49.6343920" lon="18.6279550">
    <ele>723.2</ele>
    <time>2026-05-23T07:09:56Z</time>
   </trkpt>
   <trkpt lat="49.6343930" lon="18.6279980">
    <ele>723.2</ele>
    <time>2026-05-23T07:09:57Z</time>
   </trkpt>
   <trkpt lat="49.6343940" lon="18.6280650">
    <ele>723.4</ele>
    <time>2026-05-23T07:09:58Z</time>
   </trkpt>
   <trkpt lat="49.6343940" lon="18.6281210">
    <ele>723.4</ele>
    <time>2026-05-23T07:09:59Z</time>
   </trkpt>
   <trkpt lat="49.6343930" lon="18.6281650">
    <ele>723.6</ele>
    <time>2026-05-23T07:10:00Z</time>
   </trkpt>
   <trkpt lat="49.6343930" lon="18.6282210">
    <ele>723.6</ele>
    <time>2026-05-23T07:10:01Z</time>
   </trkpt>
   <trkpt lat="49.6343900" lon="18.6282900">
    <ele>723.6</ele>
    <time>2026-05-23T07:10:02Z</time>
   </trkpt>
   <trkpt lat="49.6343880" lon="18.6283470">
    <ele>723.6</ele>
    <time>2026-05-23T07:10:03Z</time>
   </trkpt>
   <trkpt lat="49.6343860" lon="18.6284010">
    <ele>723.8</ele>
    <time>2026-05-23T07:10:04Z</time>
   </trkpt>
   <trkpt lat="49.6343850" lon="18.6284420">
    <ele>723.8</ele>
    <time>2026-05-23T07:10:05Z</time>
   </trkpt>
   <trkpt lat="49.6343780" lon="18.6285050">
    <ele>723.8</ele>
    <time>2026-05-23T07:10:06Z</time>
   </trkpt>
   <trkpt lat="49.6343720" lon="18.6285520">
    <ele>724.0</ele>
    <time>2026-05-23T07:10:07Z</time>
   </trkpt>
   <trkpt lat="49.6343650" lon="18.6285870">
    <ele>724.2</ele>
    <time>2026-05-23T07:10:08Z</time>
   </trkpt>
   <trkpt lat="49.6343520" lon="18.6286380">
    <ele>724.4</ele>
    <time>2026-05-23T07:10:09Z</time>
   </trkpt>
   <trkpt lat="49.6343440" lon="18.6286860">
    <ele>724.6</ele>
    <time>2026-05-23T07:10:10Z</time>
   </trkpt>
   <trkpt lat="49.6343380" lon="18.6287380">
    <ele>724.6</ele>
    <time>2026-05-23T07:10:11Z</time>
   </trkpt>
   <trkpt lat="49.6343310" lon="18.6287890">
    <ele>724.8</ele>
    <time>2026-05-23T07:10:12Z</time>
   </trkpt>
   <trkpt lat="49.6343250" lon="18.6288390">
    <ele>724.8</ele>
    <time>2026-05-23T07:10:13Z</time>
   </trkpt>
   <trkpt lat="49.6343140" lon="18.6288870">
    <ele>725.0</ele>
    <time>2026-05-23T07:10:14Z</time>
   </trkpt>
   <trkpt lat="49.6343030" lon="18.6289330">
    <ele>725.0</ele>
    <time>2026-05-23T07:10:15Z</time>
   </trkpt>
   <trkpt lat="49.6342900" lon="18.6289820">
    <ele>725.4</ele>
    <time>2026-05-23T07:10:16Z</time>
   </trkpt>
   <trkpt lat="49.6342770" lon="18.6290240">
    <ele>725.4</ele>
    <time>2026-05-23T07:10:17Z</time>
   </trkpt>
   <trkpt lat="49.6342610" lon="18.6290890">
    <ele>725.4</ele>
    <time>2026-05-23T07:10:18Z</time>
   </trkpt>
   <trkpt lat="49.6342480" lon="18.6291430">
    <ele>725.6</ele>
    <time>2026-05-23T07:10:19Z</time>
   </trkpt>
   <trkpt lat="49.6342380" lon="18.6291870">
    <ele>725.6</ele>
    <time>2026-05-23T07:10:20Z</time>
   </trkpt>
   <trkpt lat="49.6342210" lon="18.6292490">
    <ele>725.8</ele>
    <time>2026-05-23T07:10:21Z</time>
   </trkpt>
   <trkpt lat="49.6342090" lon="18.6292910">
    <ele>726.0</ele>
    <time>2026-05-23T07:10:22Z</time>
   </trkpt>
   <trkpt lat="49.6341960" lon="18.6293420">
    <ele>726.0</ele>
    <time>2026-05-23T07:10:23Z</time>
   </trkpt>
   <trkpt lat="49.6341860" lon="18.6293880">
    <ele>726.2</ele>
    <time>2026-05-23T07:10:24Z</time>
   </trkpt>
   <trkpt lat="49.6341780" lon="18.6294310">
    <ele>726.6</ele>
    <time>2026-05-23T07:10:25Z</time>
   </trkpt>
   <trkpt lat="49.6341680" lon="18.6294740">
    <ele>726.8</ele>
    <time>2026-05-23T07:10:26Z</time>
   </trkpt>
   <trkpt lat="49.6341540" lon="18.6295190">
    <ele>727.0</ele>
    <time>2026-05-23T07:10:27Z</time>
   </trkpt>
   <trkpt lat="49.6341370" lon="18.6295540">
    <ele>727.2</ele>
    <time>2026-05-23T07:10:28Z</time>
   </trkpt>
   <trkpt lat="49.6341150" lon="18.6295690">
    <ele>727.4</ele>
    <time>2026-05-23T07:10:29Z</time>
   </trkpt>
   <trkpt lat="49.6340890" lon="18.6295680">
    <ele>727.8</ele>
    <time>2026-05-23T07:10:30Z</time>
   </trkpt>
   <trkpt lat="49.6340670" lon="18.6295570">
    <ele>728.2</ele>
    <time>2026-05-23T07:10:31Z</time>
   </trkpt>
   <trkpt lat="49.6340530" lon="18.6295390">
    <ele>728.6</ele>
    <time>2026-05-23T07:10:32Z</time>
   </trkpt>
   <trkpt lat="49.6340440" lon="18.6295200">
    <ele>729.2</ele>
    <time>2026-05-23T07:10:33Z</time>
   </trkpt>
   <trkpt lat="49.6340350" lon="18.6295070">
    <ele>729.2</ele>
    <time>2026-05-23T07:10:34Z</time>
   </trkpt>
   <trkpt lat="49.6340260" lon="18.6294930">
    <ele>729.6</ele>
    <time>2026-05-23T07:10:35Z</time>
   </trkpt>
   <trkpt lat="49.6340190" lon="18.6294720">
    <ele>729.8</ele>
    <time>2026-05-23T07:10:36Z</time>
   </trkpt>
   <trkpt lat="49.6340150" lon="18.6294480">
    <ele>730.0</ele>
    <time>2026-05-23T07:10:37Z</time>
   </trkpt>
   <trkpt lat="49.6340130" lon="18.6294220">
    <ele>730.4</ele>
    <time>2026-05-23T07:10:38Z</time>
   </trkpt>
   <trkpt lat="49.6340130" lon="18.6294000">
    <ele>730.4</ele>
    <time>2026-05-23T07:10:39Z</time>
   </trkpt>
   <trkpt lat="49.6340100" lon="18.6293780">
    <ele>730.8</ele>
    <time>2026-05-23T07:10:40Z</time>
   </trkpt>
   <trkpt lat="49.6340080" lon="18.6293600">
    <ele>731.0</ele>
    <time>2026-05-23T07:10:41Z</time>
   </trkpt>
   <trkpt lat="49.6340090" lon="18.6293320">
    <ele>731.0</ele>
    <time>2026-05-23T07:10:42Z</time>
   </trkpt>
   <trkpt lat="49.6340090" lon="18.6293090">
    <ele>731.4</ele>
    <time>2026-05-23T07:10:43Z</time>
   </trkpt>
   <trkpt lat="49.6340110" lon="18.6292950">
    <ele>731.6</ele>
    <time>2026-05-23T07:10:44Z</time>
   </trkpt>
   <trkpt lat="49.6340140" lon="18.6292670">
    <ele>731.8</ele>
    <time>2026-05-23T07:10:45Z</time>
   </trkpt>
   <trkpt lat="49.6340150" lon="18.6292440">
    <ele>731.8</ele>
    <time>2026-05-23T07:10:46Z</time>
   </trkpt>
   <trkpt lat="49.6340150" lon="18.6292230">
    <ele>732.2</ele>
    <time>2026-05-23T07:10:47Z</time>
   </trkpt>
   <trkpt lat="49.6340150" lon="18.6292050">
    <ele>732.4</ele>
    <time>2026-05-23T07:10:48Z</time>
   </trkpt>
   <trkpt lat="49.6340100" lon="18.6291830">
    <ele>732.4</ele>
    <time>2026-05-23T07:10:49Z</time>
   </trkpt>
   <trkpt lat="49.6340100" lon="18.6291650">
    <ele>732.6</ele>
    <time>2026-05-23T07:10:50Z</time>
   </trkpt>
   <trkpt lat="49.6340150" lon="18.6291440">
    <ele>732.8</ele>
    <time>2026-05-23T07:10:51Z</time>
   </trkpt>
   <trkpt lat="49.6340180" lon="18.6291260">
    <ele>733.0</ele>
    <time>2026-05-23T07:10:52Z</time>
   </trkpt>
   <trkpt lat="49.6340220" lon="18.6291080">
    <ele>733.2</ele>
    <time>2026-05-23T07:10:53Z</time>
   </trkpt>
   <trkpt lat="49.6340220" lon="18.6290890">
    <ele>733.6</ele>
    <time>2026-05-23T07:10:54Z</time>
   </trkpt>
   <trkpt lat="49.6340250" lon="18.6290670">
    <ele>733.6</ele>
    <time>2026-05-23T07:10:55Z</time>
   </trkpt>
   <trkpt lat="49.6340270" lon="18.6290440">
    <ele>733.6</ele>
    <time>2026-05-23T07:10:56Z</time>
   </trkpt>
   <trkpt lat="49.6340260" lon="18.6290210">
    <ele>734.0</ele>
    <time>2026-05-23T07:10:57Z</time>
   </trkpt>
   <trkpt lat="49.6340230" lon="18.6289980">
    <ele>734.2</ele>
    <time>2026-05-23T07:10:58Z</time>
   </trkpt>
   <trkpt lat="49.6340220" lon="18.6289750">
    <ele>734.4</ele>
    <time>2026-05-23T07:10:59Z</time>
   </trkpt>
   <trkpt lat="49.6340210" lon="18.6289510">
    <ele>734.6</ele>
    <time>2026-05-23T07:11:00Z</time>
   </trkpt>
   <trkpt lat="49.6340200" lon="18.6289290">
    <ele>734.8</ele>
    <time>2026-05-23T07:11:01Z</time>
   </trkpt>
   <trkpt lat="49.6340220" lon="18.6289090">
    <ele>735.0</ele>
    <time>2026-05-23T07:11:02Z</time>
   </trkpt>
   <trkpt lat="49.6340220" lon="18.6288890">
    <ele>735.4</ele>
    <time>2026-05-23T07:11:03Z</time>
   </trkpt>
   <trkpt lat="49.6340220" lon="18.6288760">
    <ele>735.4</ele>
    <time>2026-05-23T07:11:04Z</time>
   </trkpt>
   <trkpt lat="49.6340190" lon="18.6288520">
    <ele>735.4</ele>
    <time>2026-05-23T07:11:05Z</time>
   </trkpt>
   <trkpt lat="49.6340140" lon="18.6288240">
    <ele>735.8</ele>
    <time>2026-05-23T07:11:06Z</time>
   </trkpt>
   <trkpt lat="49.6340110" lon="18.6288050">
    <ele>736.0</ele>
    <time>2026-05-23T07:11:07Z</time>
   </trkpt>
   <trkpt lat="49.6340090" lon="18.6287890">
    <ele>736.2</ele>
    <time>2026-05-23T07:11:08Z</time>
   </trkpt>
   <trkpt lat="49.6340080" lon="18.6287640">
    <ele>736.4</ele>
    <time>2026-05-23T07:11:09Z</time>
   </trkpt>
   <trkpt lat="49.6340060" lon="18.6287460">
    <ele>736.6</ele>
    <time>2026-05-23T07:11:10Z</time>
   </trkpt>
   <trkpt lat="49.6340060" lon="18.6287260">
    <ele>736.8</ele>
    <time>2026-05-23T07:11:11Z</time>
   </trkpt>
   <trkpt lat="49.6340030" lon="18.6287080">
    <ele>737.0</ele>
    <time>2026-05-23T07:11:12Z</time>
   </trkpt>
   <trkpt lat="49.6340010" lon="18.6286870">
    <ele>737.2</ele>
    <time>2026-05-23T07:11:13Z</time>
   </trkpt>
   <trkpt lat="49.6339990" lon="18.6286640">
    <ele>737.6</ele>
    <time>2026-05-23T07:11:14Z</time>
   </trkpt>
   <trkpt lat="49.6339960" lon="18.6286430">
    <ele>737.6</ele>
    <time>2026-05-23T07:11:15Z</time>
   </trkpt>
   <trkpt lat="49.6339920" lon="18.6286280">
    <ele>737.8</ele>
    <time>2026-05-23T07:11:16Z</time>
   </trkpt>
   <trkpt lat="49.6339860" lon="18.6286070">
    <ele>738.0</ele>
    <time>2026-05-23T07:11:17Z</time>
   </trkpt>
   <trkpt lat="49.6339790" lon="18.6285810">
    <ele>738.4</ele>
    <time>2026-05-23T07:11:18Z</time>
   </trkpt>
   <trkpt lat="49.6339730" lon="18.6285600">
    <ele>738.6</ele>
    <time>2026-05-23T07:11:19Z</time>
   </trkpt>
   <trkpt lat="49.6339670" lon="18.6285390">
    <ele>738.6</ele>
    <time>2026-05-23T07:11:20Z</time>
   </trkpt>
   <trkpt lat="49.6339610" lon="18.6285190">
    <ele>738.8</ele>
    <time>2026-05-23T07:11:21Z</time>
   </trkpt>
   <trkpt lat="49.6339560" lon="18.6285010">
    <ele>739.0</ele>
    <time>2026-05-23T07:11:22Z</time>
   </trkpt>
   <trkpt lat="49.6339510" lon="18.6284840">
    <ele>739.0</ele>
    <time>2026-05-23T07:11:23Z</time>
   </trkpt>
   <trkpt lat="49.6339450" lon="18.6284640">
    <ele>739.4</ele>
    <time>2026-05-23T07:11:24Z</time>
   </trkpt>
   <trkpt lat="49.6339400" lon="18.6284450">
    <ele>739.6</ele>
    <time>2026-05-23T07:11:25Z</time>
   </trkpt>
   <trkpt lat="49.6339340" lon="18.6284280">
    <ele>740.0</ele>
    <time>2026-05-23T07:11:26Z</time>
   </trkpt>
   <trkpt lat="49.6339270" lon="18.6284080">
    <ele>740.2</ele>
    <time>2026-05-23T07:11:27Z</time>
   </trkpt>
   <trkpt lat="49.6339200" lon="18.6283810">
    <ele>740.2</ele>
    <time>2026-05-23T07:11:28Z</time>
   </trkpt>
   <trkpt lat="49.6339160" lon="18.6283610">
    <ele>740.4</ele>
    <time>2026-05-23T07:11:29Z</time>
   </trkpt>
   <trkpt lat="49.6339120" lon="18.6283410">
    <ele>740.6</ele>
    <time>2026-05-23T07:11:30Z</time>
   </trkpt>
   <trkpt lat="49.6339070" lon="18.6283200">
    <ele>740.8</ele>
    <time>2026-05-23T07:11:31Z</time>
   </trkpt>
   <trkpt lat="49.6338990" lon="18.6283010">
    <ele>741.0</ele>
    <time>2026-05-23T07:11:32Z</time>
   </trkpt>
   <trkpt lat="49.6338940" lon="18.6282830">
    <ele>741.4</ele>
    <time>2026-05-23T07:11:33Z</time>
   </trkpt>
   <trkpt lat="49.6338920" lon="18.6282540">
    <ele>741.6</ele>
    <time>2026-05-23T07:11:34Z</time>
   </trkpt>
   <trkpt lat="49.6338890" lon="18.6282380">
    <ele>741.8</ele>
    <time>2026-05-23T07:11:35Z</time>
   </trkpt>
   <trkpt lat="49.6338810" lon="18.6282180">
    <ele>742.0</ele>
    <time>2026-05-23T07:11:36Z</time>
   </trkpt>
   <trkpt lat="49.6338720" lon="18.6282010">
    <ele>742.2</ele>
    <time>2026-05-23T07:11:37Z</time>
   </trkpt>
   <trkpt lat="49.6338670" lon="18.6281790">
    <ele>742.4</ele>
    <time>2026-05-23T07:11:38Z</time>
   </trkpt>
   <trkpt lat="49.6338630" lon="18.6281570">
    <ele>742.6</ele>
    <time>2026-05-23T07:11:39Z</time>
   </trkpt>
   <trkpt lat="49.6338570" lon="18.6281420">
    <ele>742.8</ele>
    <time>2026-05-23T07:11:40Z</time>
   </trkpt>
   <trkpt lat="49.6338500" lon="18.6281280">
    <ele>743.0</ele>
    <time>2026-05-23T07:11:41Z</time>
   </trkpt>
   <trkpt lat="49.6338420" lon="18.6280990">
    <ele>743.0</ele>
    <time>2026-05-23T07:11:42Z</time>
   </trkpt>
   <trkpt lat="49.6338350" lon="18.6280760">
    <ele>743.0</ele>
    <time>2026-05-23T07:11:43Z</time>
   </trkpt>
   <trkpt lat="49.6338310" lon="18.6280570">
    <ele>743.4</ele>
    <time>2026-05-23T07:11:44Z</time>
   </trkpt>
   <trkpt lat="49.6338280" lon="18.6280350">
    <ele>743.6</ele>
    <time>2026-05-23T07:11:45Z</time>
   </trkpt>
   <trkpt lat="49.6338260" lon="18.6280140">
    <ele>744.0</ele>
    <time>2026-05-23T07:11:46Z</time>
   </trkpt>
   <trkpt lat="49.6338240" lon="18.6279930">
    <ele>744.2</ele>
    <time>2026-05-23T07:11:47Z</time>
   </trkpt>
   <trkpt lat="49.6338200" lon="18.6279710">
    <ele>744.2</ele>
    <time>2026-05-23T07:11:48Z</time>
   </trkpt>
   <trkpt lat="49.6338140" lon="18.6279520">
    <ele>744.4</ele>
    <time>2026-05-23T07:11:49Z</time>
   </trkpt>
   <trkpt lat="49.6338120" lon="18.6279410">
    <ele>744.4</ele>
    <time>2026-05-23T07:11:50Z</time>
   </trkpt>
   <trkpt lat="49.6338070" lon="18.6279200">
    <ele>744.6</ele>
    <time>2026-05-23T07:11:51Z</time>
   </trkpt>
   <trkpt lat="49.6338010" lon="18.6278960">
    <ele>744.8</ele>
    <time>2026-05-23T07:11:52Z</time>
   </trkpt>
   <trkpt lat="49.6337900" lon="18.6278750">
    <ele>744.8</ele>
    <time>2026-05-23T07:11:53Z</time>
   </trkpt>
   <trkpt lat="49.6337800" lon="18.6278480">
    <ele>745.2</ele>
    <time>2026-05-23T07:11:54Z</time>
   </trkpt>
   <trkpt lat="49.6337740" lon="18.6278240">
    <ele>745.4</ele>
    <time>2026-05-23T07:11:55Z</time>
   </trkpt>
   <trkpt lat="49.6337690" lon="18.6278000">
    <ele>745.4</ele>
    <time>2026-05-23T07:11:56Z</time>
   </trkpt>
   <trkpt lat="49.6337610" lon="18.6277800">
    <ele>745.8</ele>
    <time>2026-05-23T07:11:57Z</time>
   </trkpt>
   <trkpt lat="49.6337540" lon="18.6277580">
    <ele>746.0</ele>
    <time>2026-05-23T07:11:58Z</time>
   </trkpt>
   <trkpt lat="49.6337460" lon="18.6277330">
    <ele>746.0</ele>
    <time>2026-05-23T07:11:59Z</time>
   </trkpt>
   <trkpt lat="49.6337400" lon="18.6277080">
    <ele>746.4</ele>
    <time>2026-05-23T07:12:00Z</time>
   </trkpt>
   <trkpt lat="49.6337330" lon="18.6276820">
    <ele>746.4</ele>
    <time>2026-05-23T07:12:01Z</time>
   </trkpt>
   <trkpt lat="49.6337280" lon="18.6276610">
    <ele>746.8</ele>
    <time>2026-05-23T07:12:02Z</time>
   </trkpt>
   <trkpt lat="49.6337200" lon="18.6276320">
    <ele>747.0</ele>
    <time>2026-05-23T07:12:03Z</time>
   </trkpt>
   <trkpt lat="49.6337140" lon="18.6276110">
    <ele>747.2</ele>
    <time>2026-05-23T07:12:04Z</time>
   </trkpt>
   <trkpt lat="49.6337080" lon="18.6275890">
    <ele>747.4</ele>
    <time>2026-05-23T07:12:05Z</time>
   </trkpt>
   <trkpt lat="49.6336980" lon="18.6275660">
    <ele>747.6</ele>
    <time>2026-05-23T07:12:06Z</time>
   </trkpt>
   <trkpt lat="49.6336900" lon="18.6275420">
    <ele>747.8</ele>
    <time>2026-05-23T07:12:07Z</time>
   </trkpt>
   <trkpt lat="49.6336830" lon="18.6275220">
    <ele>748.0</ele>
    <time>2026-05-23T07:12:08Z</time>
   </trkpt>
   <trkpt lat="49.6336740" lon="18.6275000">
    <ele>748.2</ele>
    <time>2026-05-23T07:12:09Z</time>
   </trkpt>
   <trkpt lat="49.6336680" lon="18.6274750">
    <ele>748.4</ele>
    <time>2026-05-23T07:12:10Z</time>
   </trkpt>
   <trkpt lat="49.6336620" lon="18.6274490">
    <ele>748.6</ele>
    <time>2026-05-23T07:12:11Z</time>
   </trkpt>
   <trkpt lat="49.6336570" lon="18.6274300">
    <ele>748.8</ele>
    <time>2026-05-23T07:12:12Z</time>
   </trkpt>
   <trkpt lat="49.6336500" lon="18.6274090">
    <ele>749.2</ele>
    <time>2026-05-23T07:12:13Z</time>
   </trkpt>
   <trkpt lat="49.6336420" lon="18.6273920">
    <ele>749.4</ele>
    <time>2026-05-23T07:12:14Z</time>
   </trkpt>
   <trkpt lat="49.6336280" lon="18.6273630">
    <ele>749.4</ele>
    <time>2026-05-23T07:12:15Z</time>
   </trkpt>
   <trkpt lat="49.6336170" lon="18.6273400">
    <ele>749.6</ele>
    <time>2026-05-23T07:12:16Z</time>
   </trkpt>
   <trkpt lat="49.6336090" lon="18.6273210">
    <ele>749.8</ele>
    <time>2026-05-23T07:12:17Z</time>
   </trkpt>
   <trkpt lat="49.6335990" lon="18.6272910">
    <ele>749.8</ele>
    <time>2026-05-23T07:12:18Z</time>
   </trkpt>
   <trkpt lat="49.6335910" lon="18.6272630">
    <ele>750.2</ele>
    <time>2026-05-23T07:12:19Z</time>
   </trkpt>
   <trkpt lat="49.6335830" lon="18.6272360">
    <ele>750.4</ele>
    <time>2026-05-23T07:12:20Z</time>
   </trkpt>
   <trkpt lat="49.6335750" lon="18.6272120">
    <ele>750.6</ele>
    <time>2026-05-23T07:12:21Z</time>
   </trkpt>
   <trkpt lat="49.6335640" lon="18.6271880">
    <ele>750.8</ele>
    <time>2026-05-23T07:12:22Z</time>
   </trkpt>
   <trkpt lat="49.6335540" lon="18.6271620">
    <ele>751.0</ele>
    <time>2026-05-23T07:12:23Z</time>
   </trkpt>
   <trkpt lat="49.6335480" lon="18.6271320">
    <ele>751.4</ele>
    <time>2026-05-23T07:12:24Z</time>
   </trkpt>
   <trkpt lat="49.6335440" lon="18.6271090">
    <ele>751.4</ele>
    <time>2026-05-23T07:12:25Z</time>
   </trkpt>
   <trkpt lat="49.6335360" lon="18.6270870">
    <ele>751.8</ele>
    <time>2026-05-23T07:12:26Z</time>
   </trkpt>
   <trkpt lat="49.6335260" lon="18.6270590">
    <ele>751.8</ele>
    <time>2026-05-23T07:12:27Z</time>
   </trkpt>
   <trkpt lat="49.6335190" lon="18.6270410">
    <ele>752.0</ele>
    <time>2026-05-23T07:12:28Z</time>
   </trkpt>
   <trkpt lat="49.6335110" lon="18.6270120">
    <ele>752.2</ele>
    <time>2026-05-23T07:12:29Z</time>
   </trkpt>
   <trkpt lat="49.6335070" lon="18.6269920">
    <ele>752.4</ele>
    <time>2026-05-23T07:12:30Z</time>
   </trkpt>
   <trkpt lat="49.6334990" lon="18.6269660">
    <ele>752.6</ele>
    <time>2026-05-23T07:12:31Z</time>
   </trkpt>
   <trkpt lat="49.6334890" lon="18.6269390">
    <ele>752.8</ele>
    <time>2026-05-23T07:12:32Z</time>
   </trkpt>
   <trkpt lat="49.6334820" lon="18.6269130">
    <ele>752.8</ele>
    <time>2026-05-23T07:12:33Z</time>
   </trkpt>
   <trkpt lat="49.6334760" lon="18.6268890">
    <ele>752.8</ele>
    <time>2026-05-23T07:12:34Z</time>
   </trkpt>
   <trkpt lat="49.6334700" lon="18.6268750">
    <ele>753.2</ele>
    <time>2026-05-23T07:12:35Z</time>
   </trkpt>
   <trkpt lat="49.6334640" lon="18.6268520">
    <ele>753.6</ele>
    <time>2026-05-23T07:12:36Z</time>
   </trkpt>
   <trkpt lat="49.6334580" lon="18.6268320">
    <ele>753.6</ele>
    <time>2026-05-23T07:12:37Z</time>
   </trkpt>
   <trkpt lat="49.6334510" lon="18.6268100">
    <ele>753.8</ele>
    <time>2026-05-23T07:12:38Z</time>
   </trkpt>
   <trkpt lat="49.6334460" lon="18.6267890">
    <ele>754.0</ele>
    <time>2026-05-23T07:12:39Z</time>
   </trkpt>
   <trkpt lat="49.6334420" lon="18.6267680">
    <ele>754.2</ele>
    <time>2026-05-23T07:12:40Z</time>
   </trkpt>
   <trkpt lat="49.6334370" lon="18.6267520">
    <ele>754.6</ele>
    <time>2026-05-23T07:12:41Z</time>
   </trkpt>
   <trkpt lat="49.6334280" lon="18.6267310">
    <ele>754.8</ele>
    <time>2026-05-23T07:12:42Z</time>
   </trkpt>
   <trkpt lat="49.6334180" lon="18.6267070">
    <ele>755.0</ele>
    <time>2026-05-23T07:12:43Z</time>
   </trkpt>
   <trkpt lat="49.6334110" lon="18.6266890">
    <ele>755.2</ele>
    <time>2026-05-23T07:12:44Z</time>
   </trkpt>
   <trkpt lat="49.6334050" lon="18.6266660">
    <ele>755.4</ele>
    <time>2026-05-23T07:12:45Z</time>
   </trkpt>
   <trkpt lat="49.6333990" lon="18.6266450">
    <ele>755.6</ele>
    <time>2026-05-23T07:12:46Z</time>
   </trkpt>
   <trkpt lat="49.6333910" lon="18.6266250">
    <ele>755.8</ele>
    <time>2026-05-23T07:12:47Z</time>
   </trkpt>
   <trkpt lat="49.6333840" lon="18.6266050">
    <ele>755.8</ele>
    <time>2026-05-23T07:12:48Z</time>
   </trkpt>
   <trkpt lat="49.6333790" lon="18.6265840">
    <ele>756.2</ele>
    <time>2026-05-23T07:12:49Z</time>
   </trkpt>
   <trkpt lat="49.6333720" lon="18.6265680">
    <ele>756.4</ele>
    <time>2026-05-23T07:12:50Z</time>
   </trkpt>
   <trkpt lat="49.6333690" lon="18.6265480">
    <ele>756.6</ele>
    <time>2026-05-23T07:12:51Z</time>
   </trkpt>
   <trkpt lat="49.6333650" lon="18.6265320">
    <ele>756.8</ele>
    <time>2026-05-23T07:12:52Z</time>
   </trkpt>
   <trkpt lat="49.6333600" lon="18.6265110">
    <ele>757.0</ele>
    <time>2026-05-23T07:12:53Z</time>
   </trkpt>
   <trkpt lat="49.6333570" lon="18.6264900">
    <ele>757.2</ele>
    <time>2026-05-23T07:12:54Z</time>
   </trkpt>
   <trkpt lat="49.6333550" lon="18.6264720">
    <ele>757.4</ele>
    <time>2026-05-23T07:12:55Z</time>
   </trkpt>
   <trkpt lat="49.6333500" lon="18.6264530">
    <ele>757.4</ele>
    <time>2026-05-23T07:12:56Z</time>
   </trkpt>
   <trkpt lat="49.6333440" lon="18.6264400">
    <ele>757.6</ele>
    <time>2026-05-23T07:12:57Z</time>
   </trkpt>
   <trkpt lat="49.6333300" lon="18.6264200">
    <ele>757.8</ele>
    <time>2026-05-23T07:12:58Z</time>
   </trkpt>
   <trkpt lat="49.6333230" lon="18.6264020">
    <ele>758.2</ele>
    <time>2026-05-23T07:12:59Z</time>
   </trkpt>
   <trkpt lat="49.6333170" lon="18.6263840">
    <ele>758.4</ele>
    <time>2026-05-23T07:13:00Z</time>
   </trkpt>
   <trkpt lat="49.6333100" lon="18.6263630">
    <ele>758.6</ele>
    <time>2026-05-23T07:13:01Z</time>
   </trkpt>
   <trkpt lat="49.6332990" lon="18.6263480">
    <ele>758.8</ele>
    <time>2026-05-23T07:13:02Z</time>
   </trkpt>
   <trkpt lat="49.6332910" lon="18.6263300">
    <ele>759.0</ele>
    <time>2026-05-23T07:13:03Z</time>
   </trkpt>
   <trkpt lat="49.6332850" lon="18.6263120">
    <ele>759.2</ele>
    <time>2026-05-23T07:13:04Z</time>
   </trkpt>
   <trkpt lat="49.6332780" lon="18.6262930">
    <ele>759.6</ele>
    <time>2026-05-23T07:13:05Z</time>
   </trkpt>
   <trkpt lat="49.6332720" lon="18.6262760">
    <ele>759.8</ele>
    <time>2026-05-23T07:13:06Z</time>
   </trkpt>
   <trkpt lat="49.6332670" lon="18.6262580">
    <ele>760.0</ele>
    <time>2026-05-23T07:13:07Z</time>
   </trkpt>
   <trkpt lat="49.6332620" lon="18.6262430">
    <ele>760.2</ele>
    <time>2026-05-23T07:13:08Z</time>
   </trkpt>
   <trkpt lat="49.6332620" lon="18.6262230">
    <ele>760.6</ele>
    <time>2026-05-23T07:13:09Z</time>
   </trkpt>
   <trkpt lat="49.6332590" lon="18.6261980">
    <ele>760.8</ele>
    <time>2026-05-23T07:13:10Z</time>
   </trkpt>
   <trkpt lat="49.6332550" lon="18.6261740">
    <ele>761.0</ele>
    <time>2026-05-23T07:13:11Z</time>
   </trkpt>
   <trkpt lat="49.6332520" lon="18.6261470">
    <ele>761.2</ele>
    <time>2026-05-23T07:13:12Z</time>
   </trkpt>
   <trkpt lat="49.6332490" lon="18.6261340">
    <ele>761.4</ele>
    <time>2026-05-23T07:13:13Z</time>
   </trkpt>
   <trkpt lat="49.6332450" lon="18.6261160">
    <ele>761.6</ele>
    <time>2026-05-23T07:13:14Z</time>
   </trkpt>
   <trkpt lat="49.6332380" lon="18.6260900">
    <ele>761.6</ele>
    <time>2026-05-23T07:13:15Z</time>
   </trkpt>
   <trkpt lat="49.6332370" lon="18.6260680">
    <ele>762.0</ele>
    <time>2026-05-23T07:13:16Z</time>
   </trkpt>
   <trkpt lat="49.6332350" lon="18.6260520">
    <ele>762.2</ele>
    <time>2026-05-23T07:13:17Z</time>
   </trkpt>
   <trkpt lat="49.6332260" lon="18.6260310">
    <ele>762.4</ele>
    <time>2026-05-23T07:13:18Z</time>
   </trkpt>
   <trkpt lat="49.6332210" lon="18.6260100">
    <ele>762.6</ele>
    <time>2026-05-23T07:13:19Z</time>
   </trkpt>
   <trkpt lat="49.6332190" lon="18.6259940">
    <ele>762.6</ele>
    <time>2026-05-23T07:13:20Z</time>
   </trkpt>
   <trkpt lat="49.6332200" lon="18.6259700">
    <ele>763.0</ele>
    <time>2026-05-23T07:13:21Z</time>
   </trkpt>
   <trkpt lat="49.6332200" lon="18.6259480">
    <ele>763.2</ele>
    <time>2026-05-23T07:13:22Z</time>
   </trkpt>
   <trkpt lat="49.6332130" lon="18.6259260">
    <ele>763.2</ele>
    <time>2026-05-23T07:13:23Z</time>
   </trkpt>
   <trkpt lat="49.6332120" lon="18.6259050">
    <ele>763.4</ele>
    <time>2026-05-23T07:13:24Z</time>
   </trkpt>
   <trkpt lat="49.6332070" lon="18.6258770">
    <ele>763.8</ele>
    <time>2026-05-23T07:13:25Z</time>
   </trkpt>
   <trkpt lat="49.6332030" lon="18.6258570">
    <ele>764.2</ele>
    <time>2026-05-23T07:13:26Z</time>
   </trkpt>
   <trkpt lat="49.6332010" lon="18.6258380">
    <ele>764.2</ele>
    <time>2026-05-23T07:13:27Z</time>
   </trkpt>
   <trkpt lat="49.6331990" lon="18.6258240">
    <ele>764.4</ele>
    <time>2026-05-23T07:13:28Z</time>
   </trkpt>
   <trkpt lat="49.6331940" lon="18.6258000">
    <ele>764.8</ele>
    <time>2026-05-23T07:13:29Z</time>
   </trkpt>
   <trkpt lat="49.6331870" lon="18.6257780">
    <ele>765.0</ele>
    <time>2026-05-23T07:13:30Z</time>
   </trkpt>
   <trkpt lat="49.6331820" lon="18.6257580">
    <ele>765.2</ele>
    <time>2026-05-23T07:13:31Z</time>
   </trkpt>
   <trkpt lat="49.6331760" lon="18.6257360">
    <ele>765.4</ele>
    <time>2026-05-23T07:13:32Z</time>
   </trkpt>
   <trkpt lat="49.6331710" lon="18.6257160">
    <ele>765.6</ele>
    <time>2026-05-23T07:13:33Z</time>
   </trkpt>
   <trkpt lat="49.6331650" lon="18.6256980">
    <ele>765.6</ele>
    <time>2026-05-23T07:13:34Z</time>
   </trkpt>
   <trkpt lat="49.6331560" lon="18.6256810">
    <ele>765.8</ele>
    <time>2026-05-23T07:13:35Z</time>
   </trkpt>
   <trkpt lat="49.6331510" lon="18.6256630">
    <ele>766.2</ele>
    <time>2026-05-23T07:13:36Z</time>
   </trkpt>
   <trkpt lat="49.6331460" lon="18.6256370">
    <ele>766.2</ele>
    <time>2026-05-23T07:13:37Z</time>
   </trkpt>
   <trkpt lat="49.6331380" lon="18.6256210">
    <ele>766.4</ele>
    <time>2026-05-23T07:13:38Z</time>
   </trkpt>
   <trkpt lat="49.6331310" lon="18.6256030">
    <ele>766.8</ele>
    <time>2026-05-23T07:13:39Z</time>
   </trkpt>
   <trkpt lat="49.6331290" lon="18.6255830">
    <ele>766.8</ele>
    <time>2026-05-23T07:13:40Z</time>
   </trkpt>
   <trkpt lat="49.6331250" lon="18.6255590">
    <ele>767.0</ele>
    <time>2026-05-23T07:13:41Z</time>
   </trkpt>
   <trkpt lat="49.6331220" lon="18.6255370">
    <ele>767.2</ele>
    <time>2026-05-23T07:13:42Z</time>
   </trkpt>
   <trkpt lat="49.6331200" lon="18.6255160">
    <ele>767.6</ele>
    <time>2026-05-23T07:13:43Z</time>
   </trkpt>
   <trkpt lat="49.6331180" lon="18.6254990">
    <ele>767.6</ele>
    <time>2026-05-23T07:13:44Z</time>
   </trkpt>
   <trkpt lat="49.6331110" lon="18.6254770">
    <ele>767.8</ele>
    <time>2026-05-23T07:13:45Z</time>
   </trkpt>
   <trkpt lat="49.6331050" lon="18.6254570">
    <ele>768.0</ele>
    <time>2026-05-23T07:13:46Z</time>
   </trkpt>
   <trkpt lat="49.6331020" lon="18.6254340">
    <ele>768.0</ele>
    <time>2026-05-23T07:13:47Z</time>
   </trkpt>
   <trkpt lat="49.6331000" lon="18.6254140">
    <ele>768.2</ele>
    <time>2026-05-23T07:13:48Z</time>
   </trkpt>
   <trkpt lat="49.6330960" lon="18.6253910">
    <ele>768.6</ele>
    <time>2026-05-23T07:13:49Z</time>
   </trkpt>
   <trkpt lat="49.6330930" lon="18.6253670">
    <ele>768.8</ele>
    <time>2026-05-23T07:13:50Z</time>
   </trkpt>
   <trkpt lat="49.6330920" lon="18.6253500">
    <ele>768.8</ele>
    <time>2026-05-23T07:13:51Z</time>
   </trkpt>
   <trkpt lat="49.6330890" lon="18.6253310">
    <ele>769.0</ele>
    <time>2026-05-23T07:13:52Z</time>
   </trkpt>
   <trkpt lat="49.6330860" lon="18.6253120">
    <ele>769.2</ele>
    <time>2026-05-23T07:13:53Z</time>
   </trkpt>
   <trkpt lat="49.6330850" lon="18.6252910">
    <ele>769.2</ele>
    <time>2026-05-23T07:13:54Z</time>
   </trkpt>
   <trkpt lat="49.6330840" lon="18.6252750">
    <ele>769.4</ele>
    <time>2026-05-23T07:13:55Z</time>
   </trkpt>
   <trkpt lat="49.6330830" lon="18.6252570">
    <ele>769.6</ele>
    <time>2026-05-23T07:13:56Z</time>
   </trkpt>
   <trkpt lat="49.6330830" lon="18.6252330">
    <ele>769.8</ele>
    <time>2026-05-23T07:13:57Z</time>
   </trkpt>
   <trkpt lat="49.6330780" lon="18.6252060">
    <ele>770.0</ele>
    <time>2026-05-23T07:13:58Z</time>
   </trkpt>
   <trkpt lat="49.6330750" lon="18.6251870">
    <ele>770.2</ele>
    <time>2026-05-23T07:13:59Z</time>
   </trkpt>
   <trkpt lat="49.6330710" lon="18.6251590">
    <ele>770.6</ele>
    <time>2026-05-23T07:14:00Z</time>
   </trkpt>
   <trkpt lat="49.6330680" lon="18.6251340">
    <ele>770.6</ele>
    <time>2026-05-23T07:14:01Z</time>
   </trkpt>
   <trkpt lat="49.6330660" lon="18.6251080">
    <ele>771.0</ele>
    <time>2026-05-23T07:14:02Z</time>
   </trkpt>
   <trkpt lat="49.6330630" lon="18.6250850">
    <ele>771.0</ele>
    <time>2026-05-23T07:14:03Z</time>
   </trkpt>
   <trkpt lat="49.6330610" lon="18.6250620">
    <ele>771.2</ele>
    <time>2026-05-23T07:14:04Z</time>
   </trkpt>
   <trkpt lat="49.6330610" lon="18.6250430">
    <ele>771.2</ele>
    <time>2026-05-23T07:14:05Z</time>
   </trkpt>
   <trkpt lat="49.6330580" lon="18.6250130">
    <ele>771.2</ele>
    <time>2026-05-23T07:14:06Z</time>
   </trkpt>
   <trkpt lat="49.6330550" lon="18.6249910">
    <ele>771.4</ele>
    <time>2026-05-23T07:14:07Z</time>
   </trkpt>
   <trkpt lat="49.6330510" lon="18.6249710">
    <ele>771.6</ele>
    <time>2026-05-23T07:14:08Z</time>
   </trkpt>
   <trkpt lat="49.6330500" lon="18.6249510">
    <ele>771.8</ele>
    <time>2026-05-23T07:14:09Z</time>
   </trkpt>
   <trkpt lat="49.6330480" lon="18.6249310">
    <ele>772.0</ele>
    <time>2026-05-23T07:14:10Z</time>
   </trkpt>
   <trkpt lat="49.6330450" lon="18.6249080">
    <ele>772.2</ele>
    <time>2026-05-23T07:14:11Z</time>
   </trkpt>
   <trkpt lat="49.6330420" lon="18.6248870">
    <ele>772.2</ele>
    <time>2026-05-23T07:14:12Z</time>
   </trkpt>
   <trkpt lat="49.6330430" lon="18.6248680">
    <ele>772.4</ele>
    <time>2026-05-23T07:14:13Z</time>
   </trkpt>
   <trkpt lat="49.6330400" lon="18.6248460">
    <ele>772.6</ele>
    <time>2026-05-23T07:14:14Z</time>
   </trkpt>
   <trkpt lat="49.6330370" lon="18.6248240">
    <ele>772.6</ele>
    <time>2026-05-23T07:14:15Z</time>
   </trkpt>
   <trkpt lat="49.6330340" lon="18.6248040">
    <ele>772.8</ele>
    <time>2026-05-23T07:14:16Z</time>
   </trkpt>
   <trkpt lat="49.6330320" lon="18.6247870">
    <ele>773.2</ele>
    <time>2026-05-23T07:14:17Z</time>
   </trkpt>
   <trkpt lat="49.6330290" lon="18.6247670">
    <ele>773.4</ele>
    <time>2026-05-23T07:14:18Z</time>
   </trkpt>
   <trkpt lat="49.6330230" lon="18.6247430">
    <ele>773.4</ele>
    <time>2026-05-23T07:14:19Z</time>
   </trkpt>
   <trkpt lat="49.6330200" lon="18.6247200">
    <ele>773.6</ele>
    <time>2026-05-23T07:14:20Z</time>
   </trkpt>
   <trkpt lat="49.6330210" lon="18.6247010">
    <ele>773.8</ele>
    <time>2026-05-23T07:14:21Z</time>
   </trkpt>
   <trkpt lat="49.6330200" lon="18.6246810">
    <ele>773.8</ele>
    <time>2026-05-23T07:14:22Z</time>
   </trkpt>
   <trkpt lat="49.6330180" lon="18.6246640">
    <ele>774.0</ele>
    <time>2026-05-23T07:14:23Z</time>
   </trkpt>
   <trkpt lat="49.6330170" lon="18.6246400">
    <ele>774.2</ele>
    <time>2026-05-23T07:14:24Z</time>
   </trkpt>
   <trkpt lat="49.6330150" lon="18.6246230">
    <ele>774.4</ele>
    <time>2026-05-23T07:14:25Z</time>
   </trkpt>
   <trkpt lat="49.6330120" lon="18.6245970">
    <ele>774.6</ele>
    <time>2026-05-23T07:14:26Z</time>
   </trkpt>
   <trkpt lat="49.6330130" lon="18.6245780">
    <ele>774.6</ele>
    <time>2026-05-23T07:14:27Z</time>
   </trkpt>
   <trkpt lat="49.6330080" lon="18.6245590">
    <ele>774.8</ele>
    <time>2026-05-23T07:14:28Z</time>
   </trkpt>
   <trkpt lat="49.6330030" lon="18.6245430">
    <ele>774.8</ele>
    <time>2026-05-23T07:14:29Z</time>
   </trkpt>
   <trkpt lat="49.6330000" lon="18.6245190">
    <ele>775.2</ele>
    <time>2026-05-23T07:14:30Z</time>
   </trkpt>
   <trkpt lat="49.6329930" lon="18.6244980">
    <ele>775.4</ele>
    <time>2026-05-23T07:14:31Z</time>
   </trkpt>
   <trkpt lat="49.6329860" lon="18.6244770">
    <ele>775.4</ele>
    <time>2026-05-23T07:14:32Z</time>
   </trkpt>
   <trkpt lat="49.6329800" lon="18.6244570">
    <ele>775.6</ele>
    <time>2026-05-23T07:14:33Z</time>
   </trkpt>
   <trkpt lat="49.6329760" lon="18.6244380">
    <ele>775.6</ele>
    <time>2026-05-23T07:14:34Z</time>
   </trkpt>
   <trkpt lat="49.6329720" lon="18.6244200">
    <ele>776.0</ele>
    <time>2026-05-23T07:14:35Z</time>
   </trkpt>
   <trkpt lat="49.6329680" lon="18.6244030">
    <ele>776.0</ele>
    <time>2026-05-23T07:14:36Z</time>
   </trkpt>
   <trkpt lat="49.6329640" lon="18.6243840">
    <ele>776.2</ele>
    <time>2026-05-23T07:14:37Z</time>
   </trkpt>
   <trkpt lat="49.6329570" lon="18.6243680">
    <ele>776.4</ele>
    <time>2026-05-23T07:14:38Z</time>
   </trkpt>
   <trkpt lat="49.6329520" lon="18.6243560">
    <ele>776.6</ele>
    <time>2026-05-23T07:14:39Z</time>
   </trkpt>
   <trkpt lat="49.6329440" lon="18.6243360">
    <ele>776.8</ele>
    <time>2026-05-23T07:14:40Z</time>
   </trkpt>
   <trkpt lat="49.6329380" lon="18.6243240">
    <ele>776.8</ele>
    <time>2026-05-23T07:14:41Z</time>
   </trkpt>
   <trkpt lat="49.6329330" lon="18.6243050">
    <ele>777.0</ele>
    <time>2026-05-23T07:14:42Z</time>
   </trkpt>
   <trkpt lat="49.6329250" lon="18.6242870">
    <ele>777.2</ele>
    <time>2026-05-23T07:14:43Z</time>
   </trkpt>
   <trkpt lat="49.6329180" lon="18.6242700">
    <ele>777.4</ele>
    <time>2026-05-23T07:14:44Z</time>
   </trkpt>
   <trkpt lat="49.6329110" lon="18.6242530">
    <ele>777.6</ele>
    <time>2026-05-23T07:14:45Z</time>
   </trkpt>
   <trkpt lat="49.6329030" lon="18.6242350">
    <ele>777.6</ele>
    <time>2026-05-23T07:14:46Z</time>
   </trkpt>
   <trkpt lat="49.6328960" lon="18.6242200">
    <ele>777.8</ele>
    <time>2026-05-23T07:14:47Z</time>
   </trkpt>
   <trkpt lat="49.6328910" lon="18.6242060">
    <ele>777.8</ele>
    <time>2026-05-23T07:14:48Z</time>
   </trkpt>
   <trkpt lat="49.6328840" lon="18.6241900">
    <ele>778.0</ele>
    <time>2026-05-23T07:14:49Z</time>
   </trkpt>
   <trkpt lat="49.6328810" lon="18.6241660">
    <ele>778.4</ele>
    <time>2026-05-23T07:14:50Z</time>
   </trkpt>
   <trkpt lat="49.6328790" lon="18.6241470">
    <ele>778.6</ele>
    <time>2026-05-23T07:14:51Z</time>
   </trkpt>
   <trkpt lat="49.6328800" lon="18.6241390">
    <ele>778.8</ele>
    <time>2026-05-23T07:14:52Z</time>
   </trkpt>
   <trkpt lat="49.6328750" lon="18.6241360">
    <ele>779.0</ele>
    <time>2026-05-23T07:14:53Z</time>
   </trkpt>
   <trkpt lat="49.6328640" lon="18.6241320">
    <ele>779.0</ele>
    <time>2026-05-23T07:14:54Z</time>
   </trkpt>
   <trkpt lat="49.6328530" lon="18.6241270">
    <ele>779.2</ele>
    <time>2026-05-23T07:14:55Z</time>
   </trkpt>
   <trkpt lat="49.6328410" lon="18.6241180">
    <ele>779.4</ele>
    <time>2026-05-23T07:14:56Z</time>
   </trkpt>
   <trkpt lat="49.6328320" lon="18.6241060">
    <ele>779.4</ele>
    <time>2026-05-23T07:14:57Z</time>
   </trkpt>
   <trkpt lat="49.6328230" lon="18.6240980">
    <ele>779.6</ele>
    <time>2026-05-23T07:14:58Z</time>
   </trkpt>
   <trkpt lat="49.6328110" lon="18.6240820">
    <ele>779.8</ele>
    <time>2026-05-23T07:14:59Z</time>
   </trkpt>
   <trkpt lat="49.6327970" lon="18.6240690">
    <ele>780.2</ele>
    <time>2026-05-23T07:15:00Z</time>
   </trkpt>
   <trkpt lat="49.6327850" lon="18.6240540">
    <ele>780.4</ele>
    <time>2026-05-23T07:15:01Z</time>
   </trkpt>
   <trkpt lat="49.6327740" lon="18.6240420">
    <ele>780.6</ele>
    <time>2026-05-23T07:15:02Z</time>
   </trkpt>
   <trkpt lat="49.6327610" lon="18.6240340">
    <ele>780.8</ele>
    <time>2026-05-23T07:15:03Z</time>
   </trkpt>
   <trkpt lat="49.6327490" lon="18.6240260">
    <ele>781.0</ele>
    <time>2026-05-23T07:15:04Z</time>
   </trkpt>
   <trkpt lat="49.6327370" lon="18.6240170">
    <ele>781.2</ele>
    <time>2026-05-23T07:15:05Z</time>
   </trkpt>
   <trkpt lat="49.6327250" lon="18.6240070">
    <ele>781.2</ele>
    <time>2026-05-23T07:15:06Z</time>
   </trkpt>
   <trkpt lat="49.6327130" lon="18.6239960">
    <ele>781.4</ele>
    <time>2026-05-23T07:15:07Z</time>
   </trkpt>
   <trkpt lat="49.6327020" lon="18.6239850">
    <ele>781.8</ele>
    <time>2026-05-23T07:15:08Z</time>
   </trkpt>
   <trkpt lat="49.6326890" lon="18.6239780">
    <ele>781.8</ele>
    <time>2026-05-23T07:15:09Z</time>
   </trkpt>
   <trkpt lat="49.6326760" lon="18.6239720">
    <ele>782.0</ele>
    <time>2026-05-23T07:15:10Z</time>
   </trkpt>
   <trkpt lat="49.6326640" lon="18.6239670">
    <ele>782.2</ele>
    <time>2026-05-23T07:15:11Z</time>
   </trkpt>
   <trkpt lat="49.6326540" lon="18.6239580">
    <ele>782.4</ele>
    <time>2026-05-23T07:15:12Z</time>
   </trkpt>
   <trkpt lat="49.6326450" lon="18.6239440">
    <ele>782.6</ele>
    <time>2026-05-23T07:15:13Z</time>
   </trkpt>
   <trkpt lat="49.6326340" lon="18.6239300">
    <ele>782.8</ele>
    <time>2026-05-23T07:15:14Z</time>
   </trkpt>
   <trkpt lat="49.6326250" lon="18.6239190">
    <ele>782.8</ele>
    <time>2026-05-23T07:15:15Z</time>
   </trkpt>
   <trkpt lat="49.6326130" lon="18.6239070">
    <ele>783.2</ele>
    <time>2026-05-23T07:15:16Z</time>
   </trkpt>
   <trkpt lat="49.6326050" lon="18.6239010">
    <ele>783.2</ele>
    <time>2026-05-23T07:15:17Z</time>
   </trkpt>
   <trkpt lat="49.6325950" lon="18.6238940">
    <ele>783.2</ele>
    <time>2026-05-23T07:15:18Z</time>
   </trkpt>
   <trkpt lat="49.6325840" lon="18.6238830">
    <ele>783.6</ele>
    <time>2026-05-23T07:15:19Z</time>
   </trkpt>
   <trkpt lat="49.6325730" lon="18.6238690">
    <ele>783.8</ele>
    <time>2026-05-23T07:15:20Z</time>
   </trkpt>
   <trkpt lat="49.6325600" lon="18.6238550">
    <ele>783.8</ele>
    <time>2026-05-23T07:15:21Z</time>
   </trkpt>
   <trkpt lat="49.6325510" lon="18.6238450">
    <ele>784.0</ele>
    <time>2026-05-23T07:15:22Z</time>
   </trkpt>
   <trkpt lat="49.6325410" lon="18.6238360">
    <ele>784.0</ele>
    <time>2026-05-23T07:15:23Z</time>
   </trkpt>
   <trkpt lat="49.6325300" lon="18.6238310">
    <ele>784.2</ele>
    <time>2026-05-23T07:15:24Z</time>
   </trkpt>
   <trkpt lat="49.6325180" lon="18.6238300">
    <ele>784.4</ele>
    <time>2026-05-23T07:15:25Z</time>
   </trkpt>
   <trkpt lat="49.6325080" lon="18.6238250">
    <ele>784.4</ele>
    <time>2026-05-23T07:15:26Z</time>
   </trkpt>
   <trkpt lat="49.6324970" lon="18.6238190">
    <ele>784.6</ele>
    <time>2026-05-23T07:15:27Z</time>
   </trkpt>
   <trkpt lat="49.6324860" lon="18.6238150">
    <ele>784.8</ele>
    <time>2026-05-23T07:15:28Z</time>
   </trkpt>
   <trkpt lat="49.6324750" lon="18.6238130">
    <ele>784.8</ele>
    <time>2026-05-23T07:15:29Z</time>
   </trkpt>
   <trkpt lat="49.6324630" lon="18.6238110">
    <ele>785.0</ele>
    <time>2026-05-23T07:15:30Z</time>
   </trkpt>
   <trkpt lat="49.6324530" lon="18.6238050">
    <ele>785.2</ele>
    <time>2026-05-23T07:15:31Z</time>
   </trkpt>
   <trkpt lat="49.6324430" lon="18.6238000">
    <ele>785.4</ele>
    <time>2026-05-23T07:15:32Z</time>
   </trkpt>
   <trkpt lat="49.6324310" lon="18.6237980">
    <ele>785.6</ele>
    <time>2026-05-23T07:15:33Z</time>
   </trkpt>
   <trkpt lat="49.6324180" lon="18.6237940">
    <ele>785.6</ele>
    <time>2026-05-23T07:15:34Z</time>
   </trkpt>
   <trkpt lat="49.6324060" lon="18.6237910">
    <ele>785.6</ele>
    <time>2026-05-23T07:15:35Z</time>
   </trkpt>
   <trkpt lat="49.6323940" lon="18.6237890">
    <ele>785.6</ele>
    <time>2026-05-23T07:15:36Z</time>
   </trkpt>
   <trkpt lat="49.6323830" lon="18.6237870">
    <ele>786.0</ele>
    <time>2026-05-23T07:15:37Z</time>
   </trkpt>
   <trkpt lat="49.6323690" lon="18.6237860">
    <ele>786.0</ele>
    <time>2026-05-23T07:15:38Z</time>
   </trkpt>
   <trkpt lat="49.6323540" lon="18.6237840">
    <ele>786.2</ele>
    <time>2026-05-23T07:15:39Z</time>
   </trkpt>
   <trkpt lat="49.6323260" lon="18.6237820">
    <ele>786.4</ele>
    <time>2026-05-23T07:15:40Z</time>
   </trkpt>
   <trkpt lat="49.6323020" lon="18.6237910">
    <ele>786.4</ele>
    <time>2026-05-23T07:15:41Z</time>
   </trkpt>
   <trkpt lat="49.6322880" lon="18.6237890">
    <ele>786.4</ele>
    <time>2026-05-23T07:15:42Z</time>
   </trkpt>
   <trkpt lat="49.6322760" lon="18.6237860">
    <ele>786.6</ele>
    <time>2026-05-23T07:15:43Z</time>
   </trkpt>
   <trkpt lat="49.6322660" lon="18.6237820">
    <ele>786.8</ele>
    <time>2026-05-23T07:15:44Z</time>
   </trkpt>
   <trkpt lat="49.6322550" lon="18.6237850">
    <ele>786.8</ele>
    <time>2026-05-23T07:15:45Z</time>
   </trkpt>
   <trkpt lat="49.6322420" lon="18.6237820">
    <ele>787.0</ele>
    <time>2026-05-23T07:15:46Z</time>
   </trkpt>
   <trkpt lat="49.6322320" lon="18.6237770">
    <ele>787.2</ele>
    <time>2026-05-23T07:15:47Z</time>
   </trkpt>
   <trkpt lat="49.6322220" lon="18.6237720">
    <ele>787.4</ele>
    <time>2026-05-23T07:15:48Z</time>
   </trkpt>
   <trkpt lat="49.6322090" lon="18.6237760">
    <ele>787.4</ele>
    <time>2026-05-23T07:15:49Z</time>
   </trkpt>
   <trkpt lat="49.6321930" lon="18.6237740">
    <ele>787.6</ele>
    <time>2026-05-23T07:15:50Z</time>
   </trkpt>
   <trkpt lat="49.6321810" lon="18.6237710">
    <ele>787.6</ele>
    <time>2026-05-23T07:15:51Z</time>
   </trkpt>
   <trkpt lat="49.6321660" lon="18.6237690">
    <ele>787.8</ele>
    <time>2026-05-23T07:15:52Z</time>
   </trkpt>
   <trkpt lat="49.6321540" lon="18.6237730">
    <ele>788.0</ele>
    <time>2026-05-23T07:15:53Z</time>
   </trkpt>
   <trkpt lat="49.6321400" lon="18.6237760">
    <ele>788.2</ele>
    <time>2026-05-23T07:15:54Z</time>
   </trkpt>
   <trkpt lat="49.6321230" lon="18.6237840">
    <ele>788.2</ele>
    <time>2026-05-23T07:15:55Z</time>
   </trkpt>
   <trkpt lat="49.6321060" lon="18.6237870">
    <ele>788.4</ele>
    <time>2026-05-23T07:15:56Z</time>
   </trkpt>
   <trkpt lat="49.6320900" lon="18.6237860">
    <ele>788.4</ele>
    <time>2026-05-23T07:15:57Z</time>
   </trkpt>
   <trkpt lat="49.6320760" lon="18.6237840">
    <ele>788.6</ele>
    <time>2026-05-23T07:15:58Z</time>
   </trkpt>
   <trkpt lat="49.6320590" lon="18.6237800">
    <ele>788.8</ele>
    <time>2026-05-23T07:15:59Z</time>
   </trkpt>
   <trkpt lat="49.6320430" lon="18.6237910">
    <ele>789.2</ele>
    <time>2026-05-23T07:16:00Z</time>
   </trkpt>
   <trkpt lat="49.6320280" lon="18.6237950">
    <ele>789.2</ele>
    <time>2026-05-23T07:16:01Z</time>
   </trkpt>
   <trkpt lat="49.6320100" lon="18.6237980">
    <ele>789.4</ele>
    <time>2026-05-23T07:16:02Z</time>
   </trkpt>
   <trkpt lat="49.6319840" lon="18.6238050">
    <ele>789.6</ele>
    <time>2026-05-23T07:16:03Z</time>
   </trkpt>
   <trkpt lat="49.6319960" lon="18.6238060">
    <ele>789.6</ele>
    <time>2026-05-23T07:16:04Z</time>
   </trkpt>
   <trkpt lat="49.6319830" lon="18.6237820">
    <ele>790.0</ele>
    <time>2026-05-23T07:16:05Z</time>
   </trkpt>
   <trkpt lat="49.6319720" lon="18.6237860">
    <ele>790.0</ele>
    <time>2026-05-23T07:16:06Z</time>
   </trkpt>
   <trkpt lat="49.6319620" lon="18.6237900">
    <ele>790.2</ele>
    <time>2026-05-23T07:16:07Z</time>
   </trkpt>
   <trkpt lat="49.6319530" lon="18.6237830">
    <ele>790.4</ele>
    <time>2026-05-23T07:16:08Z</time>
   </trkpt>
   <trkpt lat="49.6319460" lon="18.6237810">
    <ele>790.6</ele>
    <time>2026-05-23T07:16:09Z</time>
   </trkpt>
   <trkpt lat="49.6319390" lon="18.6237770">
    <ele>790.8</ele>
    <time>2026-05-23T07:16:10Z</time>
   </trkpt>
   <trkpt lat="49.6319270" lon="18.6237740">
    <ele>791.0</ele>
    <time>2026-05-23T07:16:11Z</time>
   </trkpt>
   <trkpt lat="49.6319120" lon="18.6237730">
    <ele>791.2</ele>
    <time>2026-05-23T07:16:12Z</time>
   </trkpt>
   <trkpt lat="49.6319020" lon="18.6237750">
    <ele>791.4</ele>
    <time>2026-05-23T07:16:13Z</time>
   </trkpt>
   <trkpt lat="49.6318960" lon="18.6237780">
    <ele>791.6</ele>
    <time>2026-05-23T07:16:14Z</time>
   </trkpt>
   <trkpt lat="49.6318890" lon="18.6237830">
    <ele>791.8</ele>
    <time>2026-05-23T07:16:15Z</time>
   </trkpt>
   <trkpt lat="49.6318800" lon="18.6237830">
    <ele>792.0</ele>
    <time>2026-05-23T07:16:16Z</time>
   </trkpt>
   <trkpt lat="49.6318690" lon="18.6237810">
    <ele>792.2</ele>
    <time>2026-05-23T07:16:17Z</time>
   </trkpt>
   <trkpt lat="49.6318590" lon="18.6237840">
    <ele>792.4</ele>
    <time>2026-05-23T07:16:18Z</time>
   </trkpt>
   <trkpt lat="49.6318450" lon="18.6237870">
    <ele>792.8</ele>
    <time>2026-05-23T07:16:19Z</time>
   </trkpt>
   <trkpt lat="49.6318300" lon="18.6237980">
    <ele>793.0</ele>
    <time>2026-05-23T07:16:20Z</time>
   </trkpt>
   <trkpt lat="49.6318220" lon="18.6238030">
    <ele>793.0</ele>
    <time>2026-05-23T07:16:21Z</time>
   </trkpt>
   <trkpt lat="49.6318120" lon="18.6238100">
    <ele>793.2</ele>
    <time>2026-05-23T07:16:22Z</time>
   </trkpt>
   <trkpt lat="49.6318000" lon="18.6238160">
    <ele>793.4</ele>
    <time>2026-05-23T07:16:23Z</time>
   </trkpt>
   <trkpt lat="49.6317890" lon="18.6238250">
    <ele>793.8</ele>
    <time>2026-05-23T07:16:24Z</time>
   </trkpt>
   <trkpt lat="49.6317790" lon="18.6238330">
    <ele>794.0</ele>
    <time>2026-05-23T07:16:25Z</time>
   </trkpt>
   <trkpt lat="49.6317690" lon="18.6238330">
    <ele>794.2</ele>
    <time>2026-05-23T07:16:26Z</time>
   </trkpt>
   <trkpt lat="49.6317510" lon="18.6238360">
    <ele>794.4</ele>
    <time>2026-05-23T07:16:27Z</time>
   </trkpt>
   <trkpt lat="49.6317380" lon="18.6238450">
    <ele>794.4</ele>
    <time>2026-05-23T07:16:28Z</time>
   </trkpt>
   <trkpt lat="49.6317290" lon="18.6238500">
    <ele>794.6</ele>
    <time>2026-05-23T07:16:29Z</time>
   </trkpt>
   <trkpt lat="49.6317200" lon="18.6238510">
    <ele>794.8</ele>
    <time>2026-05-23T07:16:30Z</time>
   </trkpt>
   <trkpt lat="49.6317100" lon="18.6238520">
    <ele>795.0</ele>
    <time>2026-05-23T07:16:31Z</time>
   </trkpt>
   <trkpt lat="49.6317000" lon="18.6238580">
    <ele>795.2</ele>
    <time>2026-05-23T07:16:32Z</time>
   </trkpt>
   <trkpt lat="49.6316890" lon="18.6238630">
    <ele>795.4</ele>
    <time>2026-05-23T07:16:33Z</time>
   </trkpt>
   <trkpt lat="49.6316770" lon="18.6238680">
    <ele>795.6</ele>
    <time>2026-05-23T07:16:34Z</time>
   </trkpt>
   <trkpt lat="49.6316580" lon="18.6238670">
    <ele>795.8</ele>
    <time>2026-05-23T07:16:35Z</time>
   </trkpt>
   <trkpt lat="49.6316420" lon="18.6238610">
    <ele>796.0</ele>
    <time>2026-05-23T07:16:36Z</time>
   </trkpt>
   <trkpt lat="49.6316260" lon="18.6238600">
    <ele>796.4</ele>
    <time>2026-05-23T07:16:37Z</time>
   </trkpt>
   <trkpt lat="49.6316080" lon="18.6238730">
    <ele>796.6</ele>
    <time>2026-05-23T07:16:38Z</time>
   </trkpt>
   <trkpt lat="49.6315950" lon="18.6238840">
    <ele>796.6</ele>
    <time>2026-05-23T07:16:39Z</time>
   </trkpt>
   <trkpt lat="49.6315770" lon="18.6238960">
    <ele>797.0</ele>
    <time>2026-05-23T07:16:40Z</time>
   </trkpt>
   <trkpt lat="49.6315540" lon="18.6238970">
    <ele>797.0</ele>
    <time>2026-05-23T07:16:41Z</time>
   </trkpt>
   <trkpt lat="49.6315320" lon="18.6239080">
    <ele>797.2</ele>
    <time>2026-05-23T07:16:42Z</time>
   </trkpt>
   <trkpt lat="49.6315100" lon="18.6239140">
    <ele>797.4</ele>
    <time>2026-05-23T07:16:43Z</time>
   </trkpt>
   <trkpt lat="49.6315060" lon="18.6239170">
    <ele>797.6</ele>
    <time>2026-05-23T07:16:44Z</time>
   </trkpt>
   <trkpt lat="49.6315060" lon="18.6239170">
    <ele>797.8</ele>
    <time>2026-05-23T07:16:45Z</time>
   </trkpt>
   <trkpt lat="49.6315030" lon="18.6239170">
    <ele>797.8</ele>
    <time>2026-05-23T07:16:46Z</time>
   </trkpt>
   <trkpt lat="49.6314920" lon="18.6239230">
    <ele>798.0</ele>
    <time>2026-05-23T07:16:47Z</time>
   </trkpt>
   <trkpt lat="49.6314790" lon="18.6239280">
    <ele>798.2</ele>
    <time>2026-05-23T07:16:48Z</time>
   </trkpt>
   <trkpt lat="49.6314650" lon="18.6239350">
    <ele>798.4</ele>
    <time>2026-05-23T07:16:49Z</time>
   </trkpt>
   <trkpt lat="49.6314560" lon="18.6239410">
    <ele>798.6</ele>
    <time>2026-05-23T07:16:50Z</time>
   </trkpt>
   <trkpt lat="49.6314460" lon="18.6239470">
    <ele>798.8</ele>
    <time>2026-05-23T07:16:51Z</time>
   </trkpt>
   <trkpt lat="49.6314330" lon="18.6239550">
    <ele>799.0</ele>
    <time>2026-05-23T07:16:52Z</time>
   </trkpt>
   <trkpt lat="49.6314220" lon="18.6239630">
    <ele>799.0</ele>
    <time>2026-05-23T07:16:53Z</time>
   </trkpt>
   <trkpt lat="49.6314080" lon="18.6239680">
    <ele>799.4</ele>
    <time>2026-05-23T07:16:54Z</time>
   </trkpt>
   <trkpt lat="49.6313850" lon="18.6239670">
    <ele>799.4</ele>
    <time>2026-05-23T07:16:55Z</time>
   </trkpt>
   <trkpt lat="49.6313650" lon="18.6239620">
    <ele>799.6</ele>
    <time>2026-05-23T07:16:56Z</time>
   </trkpt>
   <trkpt lat="49.6313490" lon="18.6239620">
    <ele>799.8</ele>
    <time>2026-05-23T07:16:57Z</time>
   </trkpt>
   <trkpt lat="49.6313260" lon="18.6239770">
    <ele>800.2</ele>
    <time>2026-05-23T07:16:58Z</time>
   </trkpt>
   <trkpt lat="49.6313060" lon="18.6239910">
    <ele>800.2</ele>
    <time>2026-05-23T07:16:59Z</time>
   </trkpt>
   <trkpt lat="49.6312850" lon="18.6239990">
    <ele>800.4</ele>
    <time>2026-05-23T07:17:00Z</time>
   </trkpt>
   <trkpt lat="49.6312600" lon="18.6240040">
    <ele>800.8</ele>
    <time>2026-05-23T07:17:01Z</time>
   </trkpt>
   <trkpt lat="49.6312350" lon="18.6240090">
    <ele>801.0</ele>
    <time>2026-05-23T07:17:02Z</time>
   </trkpt>
   <trkpt lat="49.6312160" lon="18.6240170">
    <ele>801.4</ele>
    <time>2026-05-23T07:17:03Z</time>
   </trkpt>
   <trkpt lat="49.6311940" lon="18.6240130">
    <ele>801.4</ele>
    <time>2026-05-23T07:17:04Z</time>
   </trkpt>
   <trkpt lat="49.6311740" lon="18.6240150">
    <ele>801.6</ele>
    <time>2026-05-23T07:17:05Z</time>
   </trkpt>
   <trkpt lat="49.6311540" lon="18.6240140">
    <ele>801.8</ele>
    <time>2026-05-23T07:17:06Z</time>
   </trkpt>
   <trkpt lat="49.6311330" lon="18.6240120">
    <ele>802.2</ele>
    <time>2026-05-23T07:17:07Z</time>
   </trkpt>
   <trkpt lat="49.6311150" lon="18.6240210">
    <ele>802.4</ele>
    <time>2026-05-23T07:17:08Z</time>
   </trkpt>
   <trkpt lat="49.6310980" lon="18.6240200">
    <ele>802.6</ele>
    <time>2026-05-23T07:17:09Z</time>
   </trkpt>
   <trkpt lat="49.6310800" lon="18.6240300">
    <ele>803.0</ele>
    <time>2026-05-23T07:17:10Z</time>
   </trkpt>
   <trkpt lat="49.6310580" lon="18.6240400">
    <ele>803.2</ele>
    <time>2026-05-23T07:17:11Z</time>
   </trkpt>
   <trkpt lat="49.6310330" lon="18.6240450">
    <ele>803.2</ele>
    <time>2026-05-23T07:17:12Z</time>
   </trkpt>
   <trkpt lat="49.6310060" lon="18.6240490">
    <ele>803.4</ele>
    <time>2026-05-23T07:17:13Z</time>
   </trkpt>
   <trkpt lat="49.6309780" lon="18.6240510">
    <ele>803.6</ele>
    <time>2026-05-23T07:17:14Z</time>
   </trkpt>
   <trkpt lat="49.6309490" lon="18.6240540">
    <ele>803.8</ele>
    <time>2026-05-23T07:17:15Z</time>
   </trkpt>
   <trkpt lat="49.6309220" lon="18.6240630">
    <ele>804.2</ele>
    <time>2026-05-23T07:17:16Z</time>
   </trkpt>
   <trkpt lat="49.6309040" lon="18.6240650">
    <ele>804.4</ele>
    <time>2026-05-23T07:17:17Z</time>
   </trkpt>
   <trkpt lat="49.6308720" lon="18.6240750">
    <ele>804.4</ele>
    <time>2026-05-23T07:17:18Z</time>
   </trkpt>
   <trkpt lat="49.6308420" lon="18.6241010">
    <ele>804.8</ele>
    <time>2026-05-23T07:17:19Z</time>
   </trkpt>
   <trkpt lat="49.6308250" lon="18.6241140">
    <ele>805.0</ele>
    <time>2026-05-23T07:17:20Z</time>
   </trkpt>
   <trkpt lat="49.6307920" lon="18.6241220">
    <ele>805.0</ele>
    <time>2026-05-23T07:17:21Z</time>
   </trkpt>
   <trkpt lat="49.6307600" lon="18.6241350">
    <ele>805.4</ele>
    <time>2026-05-23T07:17:22Z</time>
   </trkpt>
   <trkpt lat="49.6307290" lon="18.6241380">
    <ele>805.8</ele>
    <time>2026-05-23T07:17:23Z</time>
   </trkpt>
   <trkpt lat="49.6307040" lon="18.6241310">
    <ele>805.8</ele>
    <time>2026-05-23T07:17:24Z</time>
   </trkpt>
   <trkpt lat="49.6306710" lon="18.6241240">
    <ele>806.4</ele>
    <time>2026-05-23T07:17:25Z</time>
   </trkpt>
   <trkpt lat="49.6306490" lon="18.6241190">
    <ele>806.6</ele>
    <time>2026-05-23T07:17:26Z</time>
   </trkpt>
   <trkpt lat="49.6306280" lon="18.6241320">
    <ele>807.0</ele>
    <time>2026-05-23T07:17:27Z</time>
   </trkpt>
   <trkpt lat="49.6306120" lon="18.6241520">
    <ele>807.2</ele>
    <time>2026-05-23T07:17:28Z</time>
   </trkpt>
   <trkpt lat="49.6305960" lon="18.6241550">
    <ele>807.6</ele>
    <time>2026-05-23T07:17:29Z</time>
   </trkpt>
   <trkpt lat="49.6305570" lon="18.6241710">
    <ele>808.2</ele>
    <time>2026-05-23T07:17:30Z</time>
   </trkpt>
   <trkpt lat="49.6305240" lon="18.6241800">
    <ele>808.6</ele>
    <time>2026-05-23T07:17:31Z</time>
   </trkpt>
   <trkpt lat="49.6304950" lon="18.6241800">
    <ele>808.8</ele>
    <time>2026-05-23T07:17:32Z</time>
   </trkpt>
   <trkpt lat="49.6304680" lon="18.6241750">
    <ele>809.2</ele>
    <time>2026-05-23T07:17:33Z</time>
   </trkpt>
   <trkpt lat="49.6304420" lon="18.6241680">
    <ele>809.6</ele>
    <time>2026-05-23T07:17:34Z</time>
   </trkpt>
   <trkpt lat="49.6304130" lon="18.6241610">
    <ele>809.8</ele>
    <time>2026-05-23T07:17:35Z</time>
   </trkpt>
   <trkpt lat="49.6303890" lon="18.6241670">
    <ele>810.2</ele>
    <time>2026-05-23T07:17:36Z</time>
   </trkpt>
   <trkpt lat="49.6303640" lon="18.6241770">
    <ele>810.6</ele>
    <time>2026-05-23T07:17:37Z</time>
   </trkpt>
   <trkpt lat="49.6303370" lon="18.6241770">
    <ele>811.2</ele>
    <time>2026-05-23T07:17:38Z</time>
   </trkpt>
   <trkpt lat="49.6303160" lon="18.6241810">
    <ele>811.4</ele>
    <time>2026-05-23T07:17:39Z</time>
   </trkpt>
   <trkpt lat="49.6302980" lon="18.6241830">
    <ele>811.6</ele>
    <time>2026-05-23T07:17:40Z</time>
   </trkpt>
   <trkpt lat="49.6302760" lon="18.6242020">
    <ele>812.4</ele>
    <time>2026-05-23T07:17:41Z</time>
   </trkpt>
   <trkpt lat="49.6302550" lon="18.6242170">
    <ele>812.6</ele>
    <time>2026-05-23T07:17:42Z</time>
   </trkpt>
   <trkpt lat="49.6302330" lon="18.6242220">
    <ele>812.8</ele>
    <time>2026-05-23T07:17:43Z</time>
   </trkpt>
   <trkpt lat="49.6302050" lon="18.6242270">
    <ele>813.0</ele>
    <time>2026-05-23T07:17:44Z</time>
   </trkpt>
   <trkpt lat="49.6301820" lon="18.6242280">
    <ele>813.4</ele>
    <time>2026-05-23T07:17:45Z</time>
   </trkpt>
   <trkpt lat="49.6301530" lon="18.6242320">
    <ele>813.6</ele>
    <time>2026-05-23T07:17:46Z</time>
   </trkpt>
   <trkpt lat="49.6301210" lon="18.6242350">
    <ele>813.8</ele>
    <time>2026-05-23T07:17:47Z</time>
   </trkpt>
   <trkpt lat="49.6300900" lon="18.6242390">
    <ele>814.2</ele>
    <time>2026-05-23T07:17:48Z</time>
   </trkpt>
   <trkpt lat="49.6300630" lon="18.6242350">
    <ele>814.8</ele>
    <time>2026-05-23T07:17:49Z</time>
   </trkpt>
   <trkpt lat="49.6300400" lon="18.6242400">
    <ele>814.8</ele>
    <time>2026-05-23T07:17:50Z</time>
   </trkpt>
   <trkpt lat="49.6300230" lon="18.6242380">
    <ele>815.0</ele>
    <time>2026-05-23T07:17:51Z</time>
   </trkpt>
   <trkpt lat="49.6299990" lon="18.6242260">
    <ele>815.4</ele>
    <time>2026-05-23T07:17:52Z</time>
   </trkpt>
   <trkpt lat="49.6299730" lon="18.6242220">
    <ele>815.6</ele>
    <time>2026-05-23T07:17:53Z</time>
   </trkpt>
   <trkpt lat="49.6299510" lon="18.6242170">
    <ele>816.2</ele>
    <time>2026-05-23T07:17:54Z</time>
   </trkpt>
   <trkpt lat="49.6299320" lon="18.6242200">
    <ele>816.6</ele>
    <time>2026-05-23T07:17:55Z</time>
   </trkpt>
   <trkpt lat="49.6299110" lon="18.6242290">
    <ele>816.8</ele>
    <time>2026-05-23T07:17:56Z</time>
   </trkpt>
   <trkpt lat="49.6298830" lon="18.6242320">
    <ele>817.0</ele>
    <time>2026-05-23T07:17:57Z</time>
   </trkpt>
   <trkpt lat="49.6298540" lon="18.6242300">
    <ele>817.2</ele>
    <time>2026-05-23T07:17:58Z</time>
   </trkpt>
   <trkpt lat="49.6298260" lon="18.6242290">
    <ele>818.0</ele>
    <time>2026-05-23T07:17:59Z</time>
   </trkpt>
   <trkpt lat="49.6298030" lon="18.6242280">
    <ele>818.2</ele>
    <time>2026-05-23T07:18:00Z</time>
   </trkpt>
   <trkpt lat="49.6297840" lon="18.6242280">
    <ele>818.4</ele>
    <time>2026-05-23T07:18:01Z</time>
   </trkpt>
   <trkpt lat="49.6297660" lon="18.6242280">
    <ele>818.6</ele>
    <time>2026-05-23T07:18:02Z</time>
   </trkpt>
   <trkpt lat="49.6297440" lon="18.6242270">
    <ele>819.0</ele>
    <time>2026-05-23T07:18:03Z</time>
   </trkpt>
   <trkpt lat="49.6297230" lon="18.6242300">
    <ele>819.4</ele>
    <time>2026-05-23T07:18:04Z</time>
   </trkpt>
   <trkpt lat="49.6297080" lon="18.6242390">
    <ele>819.8</ele>
    <time>2026-05-23T07:18:05Z</time>
   </trkpt>
   <trkpt lat="49.6296880" lon="18.6242350">
    <ele>820.2</ele>
    <time>2026-05-23T07:18:06Z</time>
   </trkpt>
   <trkpt lat="49.6296620" lon="18.6242220">
    <ele>820.6</ele>
    <time>2026-05-23T07:18:07Z</time>
   </trkpt>
   <trkpt lat="49.6296360" lon="18.6242310">
    <ele>821.0</ele>
    <time>2026-05-23T07:18:08Z</time>
   </trkpt>
   <trkpt lat="49.6296150" lon="18.6242390">
    <ele>821.4</ele>
    <time>2026-05-23T07:18:09Z</time>
   </trkpt>
   <trkpt lat="49.6295960" lon="18.6242470">
    <ele>821.8</ele>
    <time>2026-05-23T07:18:10Z</time>
   </trkpt>
   <trkpt lat="49.6295760" lon="18.6242460">
    <ele>822.0</ele>
    <time>2026-05-23T07:18:11Z</time>
   </trkpt>
   <trkpt lat="49.6295530" lon="18.6242490">
    <ele>822.2</ele>
    <time>2026-05-23T07:18:12Z</time>
   </trkpt>
   <trkpt lat="49.6295290" lon="18.6242590">
    <ele>822.4</ele>
    <time>2026-05-23T07:18:13Z</time>
   </trkpt>
   <trkpt lat="49.6295080" lon="18.6242660">
    <ele>822.8</ele>
    <time>2026-05-23T07:18:14Z</time>
   </trkpt>
   <trkpt lat="49.6294880" lon="18.6242770">
    <ele>823.0</ele>
    <time>2026-05-23T07:18:15Z</time>
   </trkpt>
   <trkpt lat="49.6294680" lon="18.6242780">
    <ele>823.4</ele>
    <time>2026-05-23T07:18:16Z</time>
   </trkpt>
   <trkpt lat="49.6294450" lon="18.6242750">
    <ele>823.8</ele>
    <time>2026-05-23T07:18:17Z</time>
   </trkpt>
   <trkpt lat="49.6294280" lon="18.6242770">
    <ele>824.2</ele>
    <time>2026-05-23T07:18:18Z</time>
   </trkpt>
   <trkpt lat="49.6294100" lon="18.6242860">
    <ele>824.4</ele>
    <time>2026-05-23T07:18:19Z</time>
   </trkpt>
   <trkpt lat="49.6293820" lon="18.6242820">
    <ele>824.6</ele>
    <time>2026-05-23T07:18:20Z</time>
   </trkpt>
   <trkpt lat="49.6293590" lon="18.6242920">
    <ele>825.0</ele>
    <time>2026-05-23T07:18:21Z</time>
   </trkpt>
   <trkpt lat="49.6293340" lon="18.6242800">
    <ele>825.6</ele>
    <time>2026-05-23T07:18:22Z</time>
   </trkpt>
   <trkpt lat="49.6293150" lon="18.6242750">
    <ele>825.6</ele>
    <time>2026-05-23T07:18:23Z</time>
   </trkpt>
   <trkpt lat="49.6292940" lon="18.6242810">
    <ele>825.8</ele>
    <time>2026-05-23T07:18:24Z</time>
   </trkpt>
   <trkpt lat="49.6292640" lon="18.6242970">
    <ele>826.0</ele>
    <time>2026-05-23T07:18:25Z</time>
   </trkpt>
   <trkpt lat="49.6292390" lon="18.6243070">
    <ele>826.2</ele>
    <time>2026-05-23T07:18:26Z</time>
   </trkpt>
   <trkpt lat="49.6292180" lon="18.6243210">
    <ele>826.4</ele>
    <time>2026-05-23T07:18:27Z</time>
   </trkpt>
   <trkpt lat="49.6291950" lon="18.6243270">
    <ele>826.8</ele>
    <time>2026-05-23T07:18:28Z</time>
   </trkpt>
   <trkpt lat="49.6291780" lon="18.6243380">
    <ele>827.0</ele>
    <time>2026-05-23T07:18:29Z</time>
   </trkpt>
   <trkpt lat="49.6291660" lon="18.6243520">
    <ele>827.4</ele>
    <time>2026-05-23T07:18:30Z</time>
   </trkpt>
   <trkpt lat="49.6291520" lon="18.6243500">
    <ele>827.6</ele>
    <time>2026-05-23T07:18:31Z</time>
   </trkpt>
   <trkpt lat="49.6291390" lon="18.6243380">
    <ele>828.0</ele>
    <time>2026-05-23T07:18:32Z</time>
   </trkpt>
   <trkpt lat="49.6291300" lon="18.6243390">
    <ele>828.2</ele>
    <time>2026-05-23T07:18:33Z</time>
   </trkpt>
   <trkpt lat="49.6291200" lon="18.6243390">
    <ele>828.4</ele>
    <time>2026-05-23T07:18:34Z</time>
   </trkpt>
   <trkpt lat="49.6291100" lon="18.6243440">
    <ele>828.6</ele>
    <time>2026-05-23T07:18:35Z</time>
   </trkpt>
   <trkpt lat="49.6290960" lon="18.6243500">
    <ele>828.8</ele>
    <time>2026-05-23T07:18:36Z</time>
   </trkpt>
   <trkpt lat="49.6290840" lon="18.6243540">
    <ele>828.8</ele>
    <time>2026-05-23T07:18:37Z</time>
   </trkpt>
   <trkpt lat="49.6290730" lon="18.6243500">
    <ele>829.0</ele>
    <time>2026-05-23T07:18:38Z</time>
   </trkpt>
   <trkpt lat="49.6290600" lon="18.6243510">
    <ele>829.2</ele>
    <time>2026-05-23T07:18:39Z</time>
   </trkpt>
   <trkpt lat="49.6290460" lon="18.6243580">
    <ele>829.4</ele>
    <time>2026-05-23T07:18:40Z</time>
   </trkpt>
   <trkpt lat="49.6290330" lon="18.6243600">
    <ele>829.6</ele>
    <time>2026-05-23T07:18:41Z</time>
   </trkpt>
   <trkpt lat="49.6290250" lon="18.6243650">
    <ele>829.8</ele>
    <time>2026-05-23T07:18:42Z</time>
   </trkpt>
   <trkpt lat="49.6290140" lon="18.6243660">
    <ele>830.0</ele>
    <time>2026-05-23T07:18:43Z</time>
   </trkpt>
   <trkpt lat="49.6290050" lon="18.6243670">
    <ele>830.2</ele>
    <time>2026-05-23T07:18:44Z</time>
   </trkpt>
   <trkpt lat="49.6289940" lon="18.6243680">
    <ele>830.2</ele>
    <time>2026-05-23T07:18:45Z</time>
   </trkpt>
   <trkpt lat="49.6289810" lon="18.6243740">
    <ele>830.4</ele>
    <time>2026-05-23T07:18:46Z</time>
   </trkpt>
   <trkpt lat="49.6289670" lon="18.6243860">
    <ele>830.6</ele>
    <time>2026-05-23T07:18:47Z</time>
   </trkpt>
   <trkpt lat="49.6289550" lon="18.6243960">
    <ele>830.8</ele>
    <time>2026-05-23T07:18:48Z</time>
   </trkpt>
   <trkpt lat="49.6289410" lon="18.6243970">
    <ele>831.0</ele>
    <time>2026-05-23T07:18:49Z</time>
   </trkpt>
   <trkpt lat="49.6289360" lon="18.6243960">
    <ele>831.2</ele>
    <time>2026-05-23T07:18:50Z</time>
   </trkpt>
   <trkpt lat="49.6289360" lon="18.6244050">
    <ele>831.6</ele>
    <time>2026-05-23T07:18:53Z</time>
   </trkpt>
   <trkpt lat="49.6289360" lon="18.6244050">
    <ele>831.6</ele>
    <time>2026-05-23T07:18:55Z</time>
   </trkpt>
   <trkpt lat="49.6289360" lon="18.6244050">
    <ele>831.6</ele>
    <time>2026-05-23T07:19:02Z</time>
   </trkpt>
   <trkpt lat="49.6289360" lon="18.6244050">
    <ele>831.4</ele>
    <time>2026-05-23T07:19:10Z</time>
   </trkpt>
   <trkpt lat="49.6289360" lon="18.6244050">
    <ele>831.4</ele>
    <time>2026-05-23T07:19:15Z</time>
   </trkpt>
   <trkpt lat="49.6289360" lon="18.6244050">
    <ele>831.4</ele>
    <time>2026-05-23T07:19:16Z</time>
   </trkpt>
   <trkpt lat="49.6289360" lon="18.6244050">
    <ele>831.4</ele>
    <time>2026-05-23T07:19:20Z</time>
   </trkpt>
   <trkpt lat="49.6289360" lon="18.6244050">
    <ele>831.2</ele>
    <time>2026-05-23T07:19:25Z</time>
   </trkpt>
   <trkpt lat="49.6289360" lon="18.6244050">
    <ele>831.2</ele>
    <time>2026-05-23T07:19:28Z</time>
   </trkpt>
   <trkpt lat="49.6289360" lon="18.6244050">
    <ele>831.2</ele>
    <time>2026-05-23T07:19:33Z</time>
   </trkpt>
   <trkpt lat="49.6289360" lon="18.6244050">
    <ele>831.0</ele>
    <time>2026-05-23T07:19:52Z</time>
   </trkpt>
   <trkpt lat="49.6289280" lon="18.6243940">
    <ele>831.0</ele>
    <time>2026-05-23T07:20:04Z</time>
   </trkpt>
   <trkpt lat="49.6289040" lon="18.6243940">
    <ele>830.8</ele>
    <time>2026-05-23T07:20:14Z</time>
   </trkpt>
   <trkpt lat="49.6288890" lon="18.6243990">
    <ele>830.8</ele>
    <time>2026-05-23T07:20:15Z</time>
   </trkpt>
   <trkpt lat="49.6288640" lon="18.6244130">
    <ele>831.0</ele>
    <time>2026-05-23T07:20:17Z</time>
   </trkpt>
   <trkpt lat="49.6288370" lon="18.6244230">
    <ele>831.2</ele>
    <time>2026-05-23T07:20:19Z</time>
   </trkpt>
   <trkpt lat="49.6288180" lon="18.6244250">
    <ele>831.2</ele>
    <time>2026-05-23T07:20:20Z</time>
   </trkpt>
   <trkpt lat="49.6288010" lon="18.6244260">
    <ele>831.6</ele>
    <time>2026-05-23T07:20:21Z</time>
   </trkpt>
   <trkpt lat="49.6287850" lon="18.6244330">
    <ele>831.8</ele>
    <time>2026-05-23T07:20:22Z</time>
   </trkpt>
   <trkpt lat="49.6287610" lon="18.6244440">
    <ele>832.0</ele>
    <time>2026-05-23T07:20:24Z</time>
   </trkpt>
   <trkpt lat="49.6287360" lon="18.6244420">
    <ele>832.2</ele>
    <time>2026-05-23T07:20:26Z</time>
   </trkpt>
   <trkpt lat="49.6287240" lon="18.6244350">
    <ele>832.4</ele>
    <time>2026-05-23T07:20:27Z</time>
   </trkpt>
   <trkpt lat="49.6287120" lon="18.6244300">
    <ele>832.8</ele>
    <time>2026-05-23T07:20:28Z</time>
   </trkpt>
   <trkpt lat="49.6286980" lon="18.6244300">
    <ele>832.8</ele>
    <time>2026-05-23T07:20:29Z</time>
   </trkpt>
   <trkpt lat="49.6286180" lon="18.6244260">
    <ele>833.6</ele>
    <time>2026-05-23T07:20:33Z</time>
   </trkpt>
   <trkpt lat="49.6286000" lon="18.6244390">
    <ele>833.6</ele>
    <time>2026-05-23T07:20:34Z</time>
   </trkpt>
   <trkpt lat="49.6285690" lon="18.6244280">
    <ele>833.8</ele>
    <time>2026-05-23T07:20:35Z</time>
   </trkpt>
   <trkpt lat="49.6285510" lon="18.6244380">
    <ele>834.0</ele>
    <time>2026-05-23T07:20:36Z</time>
   </trkpt>
   <trkpt lat="49.6285360" lon="18.6244440">
    <ele>834.2</ele>
    <time>2026-05-23T07:20:37Z</time>
   </trkpt>
   <trkpt lat="49.6285260" lon="18.6244480">
    <ele>834.2</ele>
    <time>2026-05-23T07:20:38Z</time>
   </trkpt>
   <trkpt lat="49.6285140" lon="18.6244550">
    <ele>834.6</ele>
    <time>2026-05-23T07:20:39Z</time>
   </trkpt>
   <trkpt lat="49.6285070" lon="18.6244700">
    <ele>834.6</ele>
    <time>2026-05-23T07:20:40Z</time>
   </trkpt>
   <trkpt lat="49.6284970" lon="18.6244790">
    <ele>834.8</ele>
    <time>2026-05-23T07:20:41Z</time>
   </trkpt>
   <trkpt lat="49.6284920" lon="18.6244780">
    <ele>835.2</ele>
    <time>2026-05-23T07:20:42Z</time>
   </trkpt>
   <trkpt lat="49.6284830" lon="18.6244810">
    <ele>835.4</ele>
    <time>2026-05-23T07:20:43Z</time>
   </trkpt>
   <trkpt lat="49.6284690" lon="18.6244740">
    <ele>835.4</ele>
    <time>2026-05-23T07:20:44Z</time>
   </trkpt>
   <trkpt lat="49.6284500" lon="18.6244680">
    <ele>835.4</ele>
    <time>2026-05-23T07:20:45Z</time>
   </trkpt>
   <trkpt lat="49.6284350" lon="18.6244700">
    <ele>835.6</ele>
    <time>2026-05-23T07:20:46Z</time>
   </trkpt>
   <trkpt lat="49.6284190" lon="18.6244740">
    <ele>835.8</ele>
    <time>2026-05-23T07:20:47Z</time>
   </trkpt>
   <trkpt lat="49.6284000" lon="18.6244800">
    <ele>836.0</ele>
    <time>2026-05-23T07:20:48Z</time>
   </trkpt>
   <trkpt lat="49.6283800" lon="18.6244890">
    <ele>836.2</ele>
    <time>2026-05-23T07:20:49Z</time>
   </trkpt>
   <trkpt lat="49.6283610" lon="18.6244900">
    <ele>836.4</ele>
    <time>2026-05-23T07:20:50Z</time>
   </trkpt>
   <trkpt lat="49.6283480" lon="18.6245000">
    <ele>836.4</ele>
    <time>2026-05-23T07:20:51Z</time>
   </trkpt>
   <trkpt lat="49.6283340" lon="18.6245160">
    <ele>836.6</ele>
    <time>2026-05-23T07:20:52Z</time>
   </trkpt>
   <trkpt lat="49.6283130" lon="18.6245230">
    <ele>836.8</ele>
    <time>2026-05-23T07:20:53Z</time>
   </trkpt>
   <trkpt lat="49.6282920" lon="18.6245350">
    <ele>837.0</ele>
    <time>2026-05-23T07:20:54Z</time>
   </trkpt>
   <trkpt lat="49.6282720" lon="18.6245450">
    <ele>837.2</ele>
    <time>2026-05-23T07:20:55Z</time>
   </trkpt>
   <trkpt lat="49.6282530" lon="18.6245510">
    <ele>837.4</ele>
    <time>2026-05-23T07:20:56Z</time>
   </trkpt>
   <trkpt lat="49.6282320" lon="18.6245560">
    <ele>837.6</ele>
    <time>2026-05-23T07:20:57Z</time>
   </trkpt>
   <trkpt lat="49.6282030" lon="18.6245500">
    <ele>837.8</ele>
    <time>2026-05-23T07:20:58Z</time>
   </trkpt>
   <trkpt lat="49.6281740" lon="18.6245460">
    <ele>838.0</ele>
    <time>2026-05-23T07:20:59Z</time>
   </trkpt>
   <trkpt lat="49.6281460" lon="18.6245400">
    <ele>838.2</ele>
    <time>2026-05-23T07:21:00Z</time>
   </trkpt>
   <trkpt lat="49.6281310" lon="18.6245490">
    <ele>838.4</ele>
    <time>2026-05-23T07:21:01Z</time>
   </trkpt>
   <trkpt lat="49.6281230" lon="18.6245620">
    <ele>838.8</ele>
    <time>2026-05-23T07:21:02Z</time>
   </trkpt>
   <trkpt lat="49.6281190" lon="18.6245660">
    <ele>839.2</ele>
    <time>2026-05-23T07:21:03Z</time>
   </trkpt>
   <trkpt lat="49.6281160" lon="18.6245690">
    <ele>839.2</ele>
    <time>2026-05-23T07:21:04Z</time>
   </trkpt>
   <trkpt lat="49.6281130" lon="18.6245710">
    <ele>839.4</ele>
    <time>2026-05-23T07:21:05Z</time>
   </trkpt>
   <trkpt lat="49.6281080" lon="18.6245780">
    <ele>839.6</ele>
    <time>2026-05-23T07:21:06Z</time>
   </trkpt>
   <trkpt lat="49.6281050" lon="18.6245790">
    <ele>839.6</ele>
    <time>2026-05-23T07:21:07Z</time>
   </trkpt>
   <trkpt lat="49.6280990" lon="18.6245850">
    <ele>839.8</ele>
    <time>2026-05-23T07:21:08Z</time>
   </trkpt>
   <trkpt lat="49.6280960" lon="18.6245860">
    <ele>840.0</ele>
    <time>2026-05-23T07:21:09Z</time>
   </trkpt>
   <trkpt lat="49.6280900" lon="18.6245880">
    <ele>840.2</ele>
    <time>2026-05-23T07:21:10Z</time>
   </trkpt>
   <trkpt lat="49.6280760" lon="18.6245940">
    <ele>840.4</ele>
    <time>2026-05-23T07:21:11Z</time>
   </trkpt>
   <trkpt lat="49.6280610" lon="18.6246030">
    <ele>840.6</ele>
    <time>2026-05-23T07:21:12Z</time>
   </trkpt>
   <trkpt lat="49.6280450" lon="18.6246120">
    <ele>840.6</ele>
    <time>2026-05-23T07:21:13Z</time>
   </trkpt>
   <trkpt lat="49.6280320" lon="18.6246230">
    <ele>840.8</ele>
    <time>2026-05-23T07:21:14Z</time>
   </trkpt>
   <trkpt lat="49.6280160" lon="18.6246320">
    <ele>841.0</ele>
    <time>2026-05-23T07:21:15Z</time>
   </trkpt>
   <trkpt lat="49.6279880" lon="18.6246480">
    <ele>841.2</ele>
    <time>2026-05-23T07:21:16Z</time>
   </trkpt>
   <trkpt lat="49.6279710" lon="18.6246610">
    <ele>841.8</ele>
    <time>2026-05-23T07:21:17Z</time>
   </trkpt>
   <trkpt lat="49.6279560" lon="18.6246610">
    <ele>842.0</ele>
    <time>2026-05-23T07:21:18Z</time>
   </trkpt>
   <trkpt lat="49.6279420" lon="18.6246640">
    <ele>842.2</ele>
    <time>2026-05-23T07:21:19Z</time>
   </trkpt>
   <trkpt lat="49.6279250" lon="18.6246640">
    <ele>842.4</ele>
    <time>2026-05-23T07:21:20Z</time>
   </trkpt>
   <trkpt lat="49.6278820" lon="18.6246710">
    <ele>842.4</ele>
    <time>2026-05-23T07:21:21Z</time>
   </trkpt>
   <trkpt lat="49.6278530" lon="18.6246670">
    <ele>842.6</ele>
    <time>2026-05-23T07:21:22Z</time>
   </trkpt>
   <trkpt lat="49.6278130" lon="18.6246770">
    <ele>842.8</ele>
    <time>2026-05-23T07:21:23Z</time>
   </trkpt>
   <trkpt lat="49.6277930" lon="18.6246820">
    <ele>843.0</ele>
    <time>2026-05-23T07:21:24Z</time>
   </trkpt>
   <trkpt lat="49.6277790" lon="18.6246860">
    <ele>843.0</ele>
    <time>2026-05-23T07:21:25Z</time>
   </trkpt>
   <trkpt lat="49.6277660" lon="18.6246970">
    <ele>843.4</ele>
    <time>2026-05-23T07:21:26Z</time>
   </trkpt>
   <trkpt lat="49.6277460" lon="18.6247040">
    <ele>843.8</ele>
    <time>2026-05-23T07:21:27Z</time>
   </trkpt>
   <trkpt lat="49.6277230" lon="18.6246950">
    <ele>843.8</ele>
    <time>2026-05-23T07:21:28Z</time>
   </trkpt>
   <trkpt lat="49.6276980" lon="18.6246900">
    <ele>844.2</ele>
    <time>2026-05-23T07:21:29Z</time>
   </trkpt>
   <trkpt lat="49.6276740" lon="18.6246920">
    <ele>844.4</ele>
    <time>2026-05-23T07:21:30Z</time>
   </trkpt>
   <trkpt lat="49.6276530" lon="18.6246990">
    <ele>844.4</ele>
    <time>2026-05-23T07:21:31Z</time>
   </trkpt>
   <trkpt lat="49.6276400" lon="18.6246920">
    <ele>844.6</ele>
    <time>2026-05-23T07:21:32Z</time>
   </trkpt>
   <trkpt lat="49.6276160" lon="18.6246980">
    <ele>844.8</ele>
    <time>2026-05-23T07:21:33Z</time>
   </trkpt>
   <trkpt lat="49.6275830" lon="18.6246750">
    <ele>845.0</ele>
    <time>2026-05-23T07:21:34Z</time>
   </trkpt>
   <trkpt lat="49.6275640" lon="18.6246640">
    <ele>845.2</ele>
    <time>2026-05-23T07:21:35Z</time>
   </trkpt>
   <trkpt lat="49.6275400" lon="18.6246550">
    <ele>845.4</ele>
    <time>2026-05-23T07:21:36Z</time>
   </trkpt>
   <trkpt lat="49.6275220" lon="18.6246540">
    <ele>845.8</ele>
    <time>2026-05-23T07:21:37Z</time>
   </trkpt>
   <trkpt lat="49.6275160" lon="18.6246500">
    <ele>846.0</ele>
    <time>2026-05-23T07:21:38Z</time>
   </trkpt>
   <trkpt lat="49.6275160" lon="18.6246500">
    <ele>846.2</ele>
    <time>2026-05-23T07:21:39Z</time>
   </trkpt>
   <trkpt lat="49.6275160" lon="18.6246500">
    <ele>846.4</ele>
    <time>2026-05-23T07:21:40Z</time>
   </trkpt>
   <trkpt lat="49.6275160" lon="18.6246500">
    <ele>846.4</ele>
    <time>2026-05-23T07:21:42Z</time>
   </trkpt>
   <trkpt lat="49.6275160" lon="18.6246500">
    <ele>847.2</ele>
    <time>2026-05-23T07:24:57Z</time>
   </trkpt>
   <trkpt lat="49.6275160" lon="18.6246500">
    <ele>847.2</ele>
    <time>2026-05-23T07:24:58Z</time>
   </trkpt>
   <trkpt lat="49.6273920" lon="18.6244950">
    <ele>847.2</ele>
    <time>2026-05-23T07:25:07Z</time>
   </trkpt>
   <trkpt lat="49.6273740" lon="18.6245620">
    <ele>847.6</ele>
    <time>2026-05-23T07:25:09Z</time>
   </trkpt>
   <trkpt lat="49.6273480" lon="18.6243560">
    <ele>848.6</ele>
    <time>2026-05-23T07:25:13Z</time>
   </trkpt>
   <trkpt lat="49.6273180" lon="18.6243670">
    <ele>848.6</ele>
    <time>2026-05-23T07:25:14Z</time>
   </trkpt>
   <trkpt lat="49.6273050" lon="18.6243050">
    <ele>849.4</ele>
    <time>2026-05-23T07:25:17Z</time>
   </trkpt>
   <trkpt lat="49.6272980" lon="18.6242720">
    <ele>849.4</ele>
    <time>2026-05-23T07:25:18Z</time>
   </trkpt>
   <trkpt lat="49.6272860" lon="18.6242470">
    <ele>849.6</ele>
    <time>2026-05-23T07:25:19Z</time>
   </trkpt>
   <trkpt lat="49.6272240" lon="18.6241590">
    <ele>850.8</ele>
    <time>2026-05-23T07:25:25Z</time>
   </trkpt>
   <trkpt lat="49.6272160" lon="18.6241340">
    <ele>851.0</ele>
    <time>2026-05-23T07:25:26Z</time>
   </trkpt>
   <trkpt lat="49.6271830" lon="18.6240640">
    <ele>851.6</ele>
    <time>2026-05-23T07:25:29Z</time>
   </trkpt>
   <trkpt lat="49.6271730" lon="18.6240400">
    <ele>851.8</ele>
    <time>2026-05-23T07:25:30Z</time>
   </trkpt>
   <trkpt lat="49.6271640" lon="18.6240150">
    <ele>852.0</ele>
    <time>2026-05-23T07:25:31Z</time>
   </trkpt>
   <trkpt lat="49.6271540" lon="18.6239910">
    <ele>852.2</ele>
    <time>2026-05-23T07:25:32Z</time>
   </trkpt>
   <trkpt lat="49.6271470" lon="18.6239620">
    <ele>852.4</ele>
    <time>2026-05-23T07:25:33Z</time>
   </trkpt>
   <trkpt lat="49.6271330" lon="18.6239360">
    <ele>852.8</ele>
    <time>2026-05-23T07:25:34Z</time>
   </trkpt>
   <trkpt lat="49.6271240" lon="18.6239110">
    <ele>852.8</ele>
    <time>2026-05-23T07:25:35Z</time>
   </trkpt>
   <trkpt lat="49.6271140" lon="18.6238900">
    <ele>853.2</ele>
    <time>2026-05-23T07:25:36Z</time>
   </trkpt>
   <trkpt lat="49.6271030" lon="18.6238630">
    <ele>853.4</ele>
    <time>2026-05-23T07:25:37Z</time>
   </trkpt>
   <trkpt lat="49.6270920" lon="18.6238430">
    <ele>853.6</ele>
    <time>2026-05-23T07:25:38Z</time>
   </trkpt>
   <trkpt lat="49.6270800" lon="18.6238250">
    <ele>853.6</ele>
    <time>2026-05-23T07:25:39Z</time>
   </trkpt>
   <trkpt lat="49.6270650" lon="18.6238050">
    <ele>853.8</ele>
    <time>2026-05-23T07:25:40Z</time>
   </trkpt>
   <trkpt lat="49.6270500" lon="18.6237870">
    <ele>854.2</ele>
    <time>2026-05-23T07:25:41Z</time>
   </trkpt>
   <trkpt lat="49.6270360" lon="18.6237670">
    <ele>854.4</ele>
    <time>2026-05-23T07:25:42Z</time>
   </trkpt>
   <trkpt lat="49.6270210" lon="18.6237370">
    <ele>854.6</ele>
    <time>2026-05-23T07:25:43Z</time>
   </trkpt>
   <trkpt lat="49.6270070" lon="18.6237170">
    <ele>854.8</ele>
    <time>2026-05-23T07:25:44Z</time>
   </trkpt>
   <trkpt lat="49.6269970" lon="18.6237000">
    <ele>855.0</ele>
    <time>2026-05-23T07:25:45Z</time>
   </trkpt>
   <trkpt lat="49.6269820" lon="18.6236830">
    <ele>855.2</ele>
    <time>2026-05-23T07:25:46Z</time>
   </trkpt>
   <trkpt lat="49.6269670" lon="18.6236630">
    <ele>855.4</ele>
    <time>2026-05-23T07:25:47Z</time>
   </trkpt>
   <trkpt lat="49.6269600" lon="18.6236420">
    <ele>855.6</ele>
    <time>2026-05-23T07:25:48Z</time>
   </trkpt>
   <trkpt lat="49.6269500" lon="18.6236250">
    <ele>856.0</ele>
    <time>2026-05-23T07:25:49Z</time>
   </trkpt>
   <trkpt lat="49.6269430" lon="18.6236050">
    <ele>856.2</ele>
    <time>2026-05-23T07:25:50Z</time>
   </trkpt>
   <trkpt lat="49.6269340" lon="18.6235830">
    <ele>856.6</ele>
    <time>2026-05-23T07:25:51Z</time>
   </trkpt>
   <trkpt lat="49.6269100" lon="18.6235520">
    <ele>856.6</ele>
    <time>2026-05-23T07:25:52Z</time>
   </trkpt>
   <trkpt lat="49.6268960" lon="18.6235300">
    <ele>856.8</ele>
    <time>2026-05-23T07:25:53Z</time>
   </trkpt>
   <trkpt lat="49.6268900" lon="18.6235170">
    <ele>857.2</ele>
    <time>2026-05-23T07:25:54Z</time>
   </trkpt>
   <trkpt lat="49.6268760" lon="18.6234980">
    <ele>857.4</ele>
    <time>2026-05-23T07:25:55Z</time>
   </trkpt>
   <trkpt lat="49.6268640" lon="18.6234850">
    <ele>857.4</ele>
    <time>2026-05-23T07:25:56Z</time>
   </trkpt>
   <trkpt lat="49.6268500" lon="18.6234680">
    <ele>857.6</ele>
    <time>2026-05-23T07:25:57Z</time>
   </trkpt>
   <trkpt lat="49.6268370" lon="18.6234520">
    <ele>857.8</ele>
    <time>2026-05-23T07:25:58Z</time>
   </trkpt>
   <trkpt lat="49.6268250" lon="18.6234350">
    <ele>858.0</ele>
    <time>2026-05-23T07:25:59Z</time>
   </trkpt>
   <trkpt lat="49.6268110" lon="18.6234180">
    <ele>858.2</ele>
    <time>2026-05-23T07:26:00Z</time>
   </trkpt>
   <trkpt lat="49.6267980" lon="18.6234030">
    <ele>858.6</ele>
    <time>2026-05-23T07:26:01Z</time>
   </trkpt>
   <trkpt lat="49.6267890" lon="18.6233850">
    <ele>858.8</ele>
    <time>2026-05-23T07:26:02Z</time>
   </trkpt>
   <trkpt lat="49.6267780" lon="18.6233640">
    <ele>858.8</ele>
    <time>2026-05-23T07:26:03Z</time>
   </trkpt>
   <trkpt lat="49.6267630" lon="18.6233500">
    <ele>859.2</ele>
    <time>2026-05-23T07:26:04Z</time>
   </trkpt>
   <trkpt lat="49.6267470" lon="18.6233390">
    <ele>859.4</ele>
    <time>2026-05-23T07:26:05Z</time>
   </trkpt>
   <trkpt lat="49.6267300" lon="18.6233300">
    <ele>859.6</ele>
    <time>2026-05-23T07:26:06Z</time>
   </trkpt>
   <trkpt lat="49.6267160" lon="18.6233100">
    <ele>859.8</ele>
    <time>2026-05-23T07:26:07Z</time>
   </trkpt>
   <trkpt lat="49.6267040" lon="18.6232930">
    <ele>860.0</ele>
    <time>2026-05-23T07:26:08Z</time>
   </trkpt>
   <trkpt lat="49.6266910" lon="18.6232760">
    <ele>860.2</ele>
    <time>2026-05-23T07:26:09Z</time>
   </trkpt>
   <trkpt lat="49.6266810" lon="18.6232600">
    <ele>860.4</ele>
    <time>2026-05-23T07:26:10Z</time>
   </trkpt>
   <trkpt lat="49.6266670" lon="18.6232380">
    <ele>860.6</ele>
    <time>2026-05-23T07:26:11Z</time>
   </trkpt>
   <trkpt lat="49.6266600" lon="18.6232150">
    <ele>860.8</ele>
    <time>2026-05-23T07:26:12Z</time>
   </trkpt>
   <trkpt lat="49.6266500" lon="18.6231930">
    <ele>861.0</ele>
    <time>2026-05-23T07:26:13Z</time>
   </trkpt>
   <trkpt lat="49.6266350" lon="18.6231750">
    <ele>861.2</ele>
    <time>2026-05-23T07:26:14Z</time>
   </trkpt>
   <trkpt lat="49.6266250" lon="18.6231610">
    <ele>861.2</ele>
    <time>2026-05-23T07:26:15Z</time>
   </trkpt>
   <trkpt lat="49.6266130" lon="18.6231410">
    <ele>861.6</ele>
    <time>2026-05-23T07:26:16Z</time>
   </trkpt>
   <trkpt lat="49.6265970" lon="18.6231220">
    <ele>861.8</ele>
    <time>2026-05-23T07:26:17Z</time>
   </trkpt>
   <trkpt lat="49.6265790" lon="18.6231050">
    <ele>862.0</ele>
    <time>2026-05-23T07:26:18Z</time>
   </trkpt>
   <trkpt lat="49.6265640" lon="18.6230850">
    <ele>862.0</ele>
    <time>2026-05-23T07:26:19Z</time>
   </trkpt>
   <trkpt lat="49.6265460" lon="18.6230630">
    <ele>862.4</ele>
    <time>2026-05-23T07:26:20Z</time>
   </trkpt>
   <trkpt lat="49.6265290" lon="18.6230400">
    <ele>862.6</ele>
    <time>2026-05-23T07:26:21Z</time>
   </trkpt>
   <trkpt lat="49.6265190" lon="18.6230150">
    <ele>862.8</ele>
    <time>2026-05-23T07:26:22Z</time>
   </trkpt>
   <trkpt lat="49.6265030" lon="18.6229970">
    <ele>863.2</ele>
    <time>2026-05-23T07:26:23Z</time>
   </trkpt>
   <trkpt lat="49.6264860" lon="18.6229770">
    <ele>863.2</ele>
    <time>2026-05-23T07:26:24Z</time>
   </trkpt>
   <trkpt lat="49.6264750" lon="18.6229550">
    <ele>863.4</ele>
    <time>2026-05-23T07:26:25Z</time>
   </trkpt>
   <trkpt lat="49.6264650" lon="18.6229300">
    <ele>863.8</ele>
    <time>2026-05-23T07:26:26Z</time>
   </trkpt>
   <trkpt lat="49.6264510" lon="18.6229080">
    <ele>864.0</ele>
    <time>2026-05-23T07:26:27Z</time>
   </trkpt>
   <trkpt lat="49.6264410" lon="18.6228890">
    <ele>864.2</ele>
    <time>2026-05-23T07:26:28Z</time>
   </trkpt>
   <trkpt lat="49.6264290" lon="18.6228660">
    <ele>864.2</ele>
    <time>2026-05-23T07:26:29Z</time>
   </trkpt>
   <trkpt lat="49.6264200" lon="18.6228460">
    <ele>864.6</ele>
    <time>2026-05-23T07:26:30Z</time>
   </trkpt>
   <trkpt lat="49.6264060" lon="18.6228210">
    <ele>865.0</ele>
    <time>2026-05-23T07:26:31Z</time>
   </trkpt>
   <trkpt lat="49.6263970" lon="18.6227940">
    <ele>865.2</ele>
    <time>2026-05-23T07:26:32Z</time>
   </trkpt>
   <trkpt lat="49.6263830" lon="18.6227670">
    <ele>865.4</ele>
    <time>2026-05-23T07:26:33Z</time>
   </trkpt>
   <trkpt lat="49.6263710" lon="18.6227440">
    <ele>865.8</ele>
    <time>2026-05-23T07:26:34Z</time>
   </trkpt>
   <trkpt lat="49.6263580" lon="18.6227170">
    <ele>865.8</ele>
    <time>2026-05-23T07:26:35Z</time>
   </trkpt>
   <trkpt lat="49.6263460" lon="18.6226980">
    <ele>866.0</ele>
    <time>2026-05-23T07:26:36Z</time>
   </trkpt>
   <trkpt lat="49.6263310" lon="18.6226790">
    <ele>866.4</ele>
    <time>2026-05-23T07:26:37Z</time>
   </trkpt>
   <trkpt lat="49.6263180" lon="18.6226600">
    <ele>866.6</ele>
    <time>2026-05-23T07:26:38Z</time>
   </trkpt>
   <trkpt lat="49.6263050" lon="18.6226370">
    <ele>867.0</ele>
    <time>2026-05-23T07:26:39Z</time>
   </trkpt>
   <trkpt lat="49.6262900" lon="18.6226130">
    <ele>867.2</ele>
    <time>2026-05-23T07:26:40Z</time>
   </trkpt>
   <trkpt lat="49.6262760" lon="18.6225880">
    <ele>867.4</ele>
    <time>2026-05-23T07:26:41Z</time>
   </trkpt>
   <trkpt lat="49.6262640" lon="18.6225690">
    <ele>867.4</ele>
    <time>2026-05-23T07:26:42Z</time>
   </trkpt>
   <trkpt lat="49.6262530" lon="18.6225480">
    <ele>867.8</ele>
    <time>2026-05-23T07:26:43Z</time>
   </trkpt>
   <trkpt lat="49.6262460" lon="18.6225270">
    <ele>868.0</ele>
    <time>2026-05-23T07:26:44Z</time>
   </trkpt>
   <trkpt lat="49.6262330" lon="18.6225060">
    <ele>868.6</ele>
    <time>2026-05-23T07:26:45Z</time>
   </trkpt>
   <trkpt lat="49.6262160" lon="18.6224840">
    <ele>868.8</ele>
    <time>2026-05-23T07:26:46Z</time>
   </trkpt>
   <trkpt lat="49.6261980" lon="18.6224600">
    <ele>868.8</ele>
    <time>2026-05-23T07:26:47Z</time>
   </trkpt>
   <trkpt lat="49.6261850" lon="18.6224320">
    <ele>869.0</ele>
    <time>2026-05-23T07:26:48Z</time>
   </trkpt>
   <trkpt lat="49.6261750" lon="18.6224030">
    <ele>869.2</ele>
    <time>2026-05-23T07:26:49Z</time>
   </trkpt>
   <trkpt lat="49.6261640" lon="18.6223750">
    <ele>869.6</ele>
    <time>2026-05-23T07:26:50Z</time>
   </trkpt>
   <trkpt lat="49.6261540" lon="18.6223460">
    <ele>869.6</ele>
    <time>2026-05-23T07:26:51Z</time>
   </trkpt>
   <trkpt lat="49.6261440" lon="18.6223240">
    <ele>869.8</ele>
    <time>2026-05-23T07:26:52Z</time>
   </trkpt>
   <trkpt lat="49.6261280" lon="18.6222990">
    <ele>870.2</ele>
    <time>2026-05-23T07:26:53Z</time>
   </trkpt>
   <trkpt lat="49.6261150" lon="18.6222730">
    <ele>870.4</ele>
    <time>2026-05-23T07:26:54Z</time>
   </trkpt>
   <trkpt lat="49.6261040" lon="18.6222500">
    <ele>870.6</ele>
    <time>2026-05-23T07:26:55Z</time>
   </trkpt>
   <trkpt lat="49.6260900" lon="18.6222160">
    <ele>870.8</ele>
    <time>2026-05-23T07:26:56Z</time>
   </trkpt>
   <trkpt lat="49.6260750" lon="18.6221890">
    <ele>871.0</ele>
    <time>2026-05-23T07:26:57Z</time>
   </trkpt>
   <trkpt lat="49.6260660" lon="18.6221680">
    <ele>871.2</ele>
    <time>2026-05-23T07:26:58Z</time>
   </trkpt>
   <trkpt lat="49.6260560" lon="18.6221430">
    <ele>871.4</ele>
    <time>2026-05-23T07:26:59Z</time>
   </trkpt>
   <trkpt lat="49.6260520" lon="18.6221200">
    <ele>871.8</ele>
    <time>2026-05-23T07:27:00Z</time>
   </trkpt>
   <trkpt lat="49.6260480" lon="18.6220960">
    <ele>872.0</ele>
    <time>2026-05-23T07:27:01Z</time>
   </trkpt>
   <trkpt lat="49.6260410" lon="18.6220650">
    <ele>872.2</ele>
    <time>2026-05-23T07:27:02Z</time>
   </trkpt>
   <trkpt lat="49.6260340" lon="18.6220350">
    <ele>872.6</ele>
    <time>2026-05-23T07:27:03Z</time>
   </trkpt>
   <trkpt lat="49.6260170" lon="18.6220050">
    <ele>872.6</ele>
    <time>2026-05-23T07:27:04Z</time>
   </trkpt>
   <trkpt lat="49.6260050" lon="18.6219790">
    <ele>873.0</ele>
    <time>2026-05-23T07:27:05Z</time>
   </trkpt>
   <trkpt lat="49.6260000" lon="18.6219590">
    <ele>873.2</ele>
    <time>2026-05-23T07:27:06Z</time>
   </trkpt>
   <trkpt lat="49.6259930" lon="18.6219340">
    <ele>873.2</ele>
    <time>2026-05-23T07:27:07Z</time>
   </trkpt>
   <trkpt lat="49.6259850" lon="18.6219120">
    <ele>873.6</ele>
    <time>2026-05-23T07:27:08Z</time>
   </trkpt>
   <trkpt lat="49.6259710" lon="18.6218910">
    <ele>873.8</ele>
    <time>2026-05-23T07:27:09Z</time>
   </trkpt>
   <trkpt lat="49.6259580" lon="18.6218650">
    <ele>874.2</ele>
    <time>2026-05-23T07:27:10Z</time>
   </trkpt>
   <trkpt lat="49.6259520" lon="18.6218400">
    <ele>874.2</ele>
    <time>2026-05-23T07:27:11Z</time>
   </trkpt>
   <trkpt lat="49.6259480" lon="18.6218200">
    <ele>874.4</ele>
    <time>2026-05-23T07:27:12Z</time>
   </trkpt>
   <trkpt lat="49.6259360" lon="18.6217940">
    <ele>874.6</ele>
    <time>2026-05-23T07:27:13Z</time>
   </trkpt>
   <trkpt lat="49.6259300" lon="18.6217670">
    <ele>875.0</ele>
    <time>2026-05-23T07:27:14Z</time>
   </trkpt>
   <trkpt lat="49.6259230" lon="18.6217450">
    <ele>875.2</ele>
    <time>2026-05-23T07:27:15Z</time>
   </trkpt>
   <trkpt lat="49.6259170" lon="18.6217260">
    <ele>875.4</ele>
    <time>2026-05-23T07:27:16Z</time>
   </trkpt>
   <trkpt lat="49.6259160" lon="18.6216950">
    <ele>875.6</ele>
    <time>2026-05-23T07:27:17Z</time>
   </trkpt>
   <trkpt lat="49.6259160" lon="18.6216690">
    <ele>875.8</ele>
    <time>2026-05-23T07:27:18Z</time>
   </trkpt>
   <trkpt lat="49.6259120" lon="18.6216410">
    <ele>876.0</ele>
    <time>2026-05-23T07:27:19Z</time>
   </trkpt>
   <trkpt lat="49.6259080" lon="18.6216160">
    <ele>876.2</ele>
    <time>2026-05-23T07:27:20Z</time>
   </trkpt>
   <trkpt lat="49.6258990" lon="18.6215880">
    <ele>876.4</ele>
    <time>2026-05-23T07:27:21Z</time>
   </trkpt>
   <trkpt lat="49.6258860" lon="18.6215580">
    <ele>876.6</ele>
    <time>2026-05-23T07:27:22Z</time>
   </trkpt>
   <trkpt lat="49.6258740" lon="18.6215320">
    <ele>877.0</ele>
    <time>2026-05-23T07:27:23Z</time>
   </trkpt>
   <trkpt lat="49.6258690" lon="18.6215060">
    <ele>877.4</ele>
    <time>2026-05-23T07:27:24Z</time>
   </trkpt>
   <trkpt lat="49.6258680" lon="18.6214820">
    <ele>877.6</ele>
    <time>2026-05-23T07:27:25Z</time>
   </trkpt>
   <trkpt lat="49.6258700" lon="18.6214600">
    <ele>877.6</ele>
    <time>2026-05-23T07:27:26Z</time>
   </trkpt>
   <trkpt lat="49.6258710" lon="18.6214400">
    <ele>878.2</ele>
    <time>2026-05-23T07:27:27Z</time>
   </trkpt>
   <trkpt lat="49.6258710" lon="18.6214140">
    <ele>878.2</ele>
    <time>2026-05-23T07:27:28Z</time>
   </trkpt>
   <trkpt lat="49.6258650" lon="18.6213930">
    <ele>878.4</ele>
    <time>2026-05-23T07:27:29Z</time>
   </trkpt>
   <trkpt lat="49.6258610" lon="18.6213750">
    <ele>878.6</ele>
    <time>2026-05-23T07:27:30Z</time>
   </trkpt>
   <trkpt lat="49.6258530" lon="18.6213580">
    <ele>878.8</ele>
    <time>2026-05-23T07:27:31Z</time>
   </trkpt>
   <trkpt lat="49.6258470" lon="18.6213360">
    <ele>879.0</ele>
    <time>2026-05-23T07:27:32Z</time>
   </trkpt>
   <trkpt lat="49.6258430" lon="18.6213080">
    <ele>879.4</ele>
    <time>2026-05-23T07:27:33Z</time>
   </trkpt>
   <trkpt lat="49.6258410" lon="18.6212830">
    <ele>879.6</ele>
    <time>2026-05-23T07:27:34Z</time>
   </trkpt>
   <trkpt lat="49.6258400" lon="18.6212610">
    <ele>879.8</ele>
    <time>2026-05-23T07:27:35Z</time>
   </trkpt>
   <trkpt lat="49.6258440" lon="18.6212330">
    <ele>880.2</ele>
    <time>2026-05-23T07:27:36Z</time>
   </trkpt>
   <trkpt lat="49.6258460" lon="18.6212030">
    <ele>880.2</ele>
    <time>2026-05-23T07:27:37Z</time>
   </trkpt>
   <trkpt lat="49.6258450" lon="18.6211770">
    <ele>880.4</ele>
    <time>2026-05-23T07:27:38Z</time>
   </trkpt>
   <trkpt lat="49.6258420" lon="18.6211520">
    <ele>880.4</ele>
    <time>2026-05-23T07:27:39Z</time>
   </trkpt>
   <trkpt lat="49.6258400" lon="18.6211310">
    <ele>880.6</ele>
    <time>2026-05-23T07:27:40Z</time>
   </trkpt>
   <trkpt lat="49.6258330" lon="18.6211120">
    <ele>880.8</ele>
    <time>2026-05-23T07:27:41Z</time>
   </trkpt>
   <trkpt lat="49.6258250" lon="18.6210910">
    <ele>881.0</ele>
    <time>2026-05-23T07:27:42Z</time>
   </trkpt>
   <trkpt lat="49.6258170" lon="18.6210760">
    <ele>881.0</ele>
    <time>2026-05-23T07:27:43Z</time>
   </trkpt>
   <trkpt lat="49.6258110" lon="18.6210640">
    <ele>881.4</ele>
    <time>2026-05-23T07:27:44Z</time>
   </trkpt>
   <trkpt lat="49.6258010" lon="18.6210650">
    <ele>881.4</ele>
    <time>2026-05-23T07:27:45Z</time>
   </trkpt>
   <trkpt lat="49.6257920" lon="18.6210750">
    <ele>881.6</ele>
    <time>2026-05-23T07:27:46Z</time>
   </trkpt>
   <trkpt lat="49.6257840" lon="18.6210880">
    <ele>881.8</ele>
    <time>2026-05-23T07:27:47Z</time>
   </trkpt>
   <trkpt lat="49.6257800" lon="18.6211100">
    <ele>882.0</ele>
    <time>2026-05-23T07:27:48Z</time>
   </trkpt>
   <trkpt lat="49.6257770" lon="18.6211390">
    <ele>882.2</ele>
    <time>2026-05-23T07:27:49Z</time>
   </trkpt>
   <trkpt lat="49.6257740" lon="18.6211670">
    <ele>882.4</ele>
    <time>2026-05-23T07:27:50Z</time>
   </trkpt>
   <trkpt lat="49.6257720" lon="18.6211940">
    <ele>882.4</ele>
    <time>2026-05-23T07:27:51Z</time>
   </trkpt>
   <trkpt lat="49.6257740" lon="18.6212220">
    <ele>882.6</ele>
    <time>2026-05-23T07:27:52Z</time>
   </trkpt>
   <trkpt lat="49.6257790" lon="18.6212460">
    <ele>882.6</ele>
    <time>2026-05-23T07:27:53Z</time>
   </trkpt>
   <trkpt lat="49.6257910" lon="18.6212730">
    <ele>882.8</ele>
    <time>2026-05-23T07:27:54Z</time>
   </trkpt>
   <trkpt lat="49.6257940" lon="18.6213060">
    <ele>883.0</ele>
    <time>2026-05-23T07:27:55Z</time>
   </trkpt>
   <trkpt lat="49.6257980" lon="18.6213360">
    <ele>883.0</ele>
    <time>2026-05-23T07:27:56Z</time>
   </trkpt>
   <trkpt lat="49.6258110" lon="18.6213660">
    <ele>883.0</ele>
    <time>2026-05-23T07:27:57Z</time>
   </trkpt>
   <trkpt lat="49.6258050" lon="18.6213950">
    <ele>883.0</ele>
    <time>2026-05-23T07:27:58Z</time>
   </trkpt>
   <trkpt lat="49.6257980" lon="18.6214250">
    <ele>883.2</ele>
    <time>2026-05-23T07:27:59Z</time>
   </trkpt>
   <trkpt lat="49.6258000" lon="18.6214520">
    <ele>883.4</ele>
    <time>2026-05-23T07:28:00Z</time>
   </trkpt>
   <trkpt lat="49.6258000" lon="18.6214760">
    <ele>883.4</ele>
    <time>2026-05-23T07:28:01Z</time>
   </trkpt>
   <trkpt lat="49.6257990" lon="18.6215020">
    <ele>883.6</ele>
    <time>2026-05-23T07:28:02Z</time>
   </trkpt>
   <trkpt lat="49.6257970" lon="18.6215300">
    <ele>883.6</ele>
    <time>2026-05-23T07:28:03Z</time>
   </trkpt>
   <trkpt lat="49.6258050" lon="18.6215580">
    <ele>883.6</ele>
    <time>2026-05-23T07:28:04Z</time>
   </trkpt>
   <trkpt lat="49.6258070" lon="18.6215860">
    <ele>883.6</ele>
    <time>2026-05-23T07:28:05Z</time>
   </trkpt>
   <trkpt lat="49.6258080" lon="18.6216160">
    <ele>883.8</ele>
    <time>2026-05-23T07:28:06Z</time>
   </trkpt>
   <trkpt lat="49.6258050" lon="18.6216410">
    <ele>883.8</ele>
    <time>2026-05-23T07:28:07Z</time>
   </trkpt>
   <trkpt lat="49.6258020" lon="18.6216660">
    <ele>883.8</ele>
    <time>2026-05-23T07:28:08Z</time>
   </trkpt>
   <trkpt lat="49.6258000" lon="18.6216910">
    <ele>884.0</ele>
    <time>2026-05-23T07:28:09Z</time>
   </trkpt>
   <trkpt lat="49.6257980" lon="18.6217160">
    <ele>884.0</ele>
    <time>2026-05-23T07:28:10Z</time>
   </trkpt>
   <trkpt lat="49.6258010" lon="18.6217380">
    <ele>884.0</ele>
    <time>2026-05-23T07:28:11Z</time>
   </trkpt>
   <trkpt lat="49.6258110" lon="18.6217630">
    <ele>884.2</ele>
    <time>2026-05-23T07:28:12Z</time>
   </trkpt>
   <trkpt lat="49.6258120" lon="18.6217930">
    <ele>884.2</ele>
    <time>2026-05-23T07:28:13Z</time>
   </trkpt>
   <trkpt lat="49.6258210" lon="18.6218200">
    <ele>884.2</ele>
    <time>2026-05-23T07:28:14Z</time>
   </trkpt>
   <trkpt lat="49.6258270" lon="18.6218500">
    <ele>884.4</ele>
    <time>2026-05-23T07:28:15Z</time>
   </trkpt>
   <trkpt lat="49.6258250" lon="18.6218830">
    <ele>884.4</ele>
    <time>2026-05-23T07:28:16Z</time>
   </trkpt>
   <trkpt lat="49.6258230" lon="18.6219140">
    <ele>884.6</ele>
    <time>2026-05-23T07:28:17Z</time>
   </trkpt>
   <trkpt lat="49.6258240" lon="18.6219400">
    <ele>884.6</ele>
    <time>2026-05-23T07:28:18Z</time>
   </trkpt>
   <trkpt lat="49.6258250" lon="18.6219660">
    <ele>884.6</ele>
    <time>2026-05-23T07:28:19Z</time>
   </trkpt>
   <trkpt lat="49.6258260" lon="18.6221160">
    <ele>885.0</ele>
    <time>2026-05-23T07:28:24Z</time>
   </trkpt>
   <trkpt lat="49.6258240" lon="18.6221420">
    <ele>885.2</ele>
    <time>2026-05-23T07:28:25Z</time>
   </trkpt>
   <trkpt lat="49.6258250" lon="18.6221590">
    <ele>885.4</ele>
    <time>2026-05-23T07:28:26Z</time>
   </trkpt>
   <trkpt lat="49.6258300" lon="18.6222370">
    <ele>885.8</ele>
    <time>2026-05-23T07:28:29Z</time>
   </trkpt>
   <trkpt lat="49.6258380" lon="18.6222640">
    <ele>886.0</ele>
    <time>2026-05-23T07:28:30Z</time>
   </trkpt>
   <trkpt lat="49.6258430" lon="18.6222900">
    <ele>886.2</ele>
    <time>2026-05-23T07:28:31Z</time>
   </trkpt>
   <trkpt lat="49.6258460" lon="18.6223150">
    <ele>886.6</ele>
    <time>2026-05-23T07:28:32Z</time>
   </trkpt>
   <trkpt lat="49.6258480" lon="18.6223330">
    <ele>886.8</ele>
    <time>2026-05-23T07:28:33Z</time>
   </trkpt>
   <trkpt lat="49.6258580" lon="18.6223780">
    <ele>887.2</ele>
    <time>2026-05-23T07:28:35Z</time>
   </trkpt>
   <trkpt lat="49.6258650" lon="18.6224020">
    <ele>887.4</ele>
    <time>2026-05-23T07:28:36Z</time>
   </trkpt>
   <trkpt lat="49.6258700" lon="18.6224240">
    <ele>887.6</ele>
    <time>2026-05-23T07:28:37Z</time>
   </trkpt>
   <trkpt lat="49.6258740" lon="18.6224450">
    <ele>887.8</ele>
    <time>2026-05-23T07:28:38Z</time>
   </trkpt>
   <trkpt lat="49.6258790" lon="18.6224670">
    <ele>888.0</ele>
    <time>2026-05-23T07:28:39Z</time>
   </trkpt>
   <trkpt lat="49.6258820" lon="18.6224910">
    <ele>888.2</ele>
    <time>2026-05-23T07:28:40Z</time>
   </trkpt>
   <trkpt lat="49.6258880" lon="18.6225170">
    <ele>888.2</ele>
    <time>2026-05-23T07:28:41Z</time>
   </trkpt>
   <trkpt lat="49.6258900" lon="18.6225380">
    <ele>888.6</ele>
    <time>2026-05-23T07:28:42Z</time>
   </trkpt>
   <trkpt lat="49.6258960" lon="18.6225600">
    <ele>888.6</ele>
    <time>2026-05-23T07:28:43Z</time>
   </trkpt>
   <trkpt lat="49.6259000" lon="18.6225840">
    <ele>888.8</ele>
    <time>2026-05-23T07:28:44Z</time>
   </trkpt>
   <trkpt lat="49.6259060" lon="18.6226080">
    <ele>889.0</ele>
    <time>2026-05-23T07:28:45Z</time>
   </trkpt>
   <trkpt lat="49.6259160" lon="18.6226300">
    <ele>889.0</ele>
    <time>2026-05-23T07:28:46Z</time>
   </trkpt>
   <trkpt lat="49.6259230" lon="18.6226530">
    <ele>889.2</ele>
    <time>2026-05-23T07:28:47Z</time>
   </trkpt>
   <trkpt lat="49.6259280" lon="18.6226770">
    <ele>889.4</ele>
    <time>2026-05-23T07:28:48Z</time>
   </trkpt>
   <trkpt lat="49.6259320" lon="18.6227030">
    <ele>889.8</ele>
    <time>2026-05-23T07:28:49Z</time>
   </trkpt>
   <trkpt lat="49.6259290" lon="18.6227250">
    <ele>890.0</ele>
    <time>2026-05-23T07:28:50Z</time>
   </trkpt>
   <trkpt lat="49.6259340" lon="18.6227460">
    <ele>890.2</ele>
    <time>2026-05-23T07:28:51Z</time>
   </trkpt>
   <trkpt lat="49.6259390" lon="18.6227710">
    <ele>890.4</ele>
    <time>2026-05-23T07:28:52Z</time>
   </trkpt>
   <trkpt lat="49.6259440" lon="18.6227950">
    <ele>890.6</ele>
    <time>2026-05-23T07:28:53Z</time>
   </trkpt>
   <trkpt lat="49.6259490" lon="18.6228170">
    <ele>890.8</ele>
    <time>2026-05-23T07:28:54Z</time>
   </trkpt>
   <trkpt lat="49.6259560" lon="18.6228450">
    <ele>891.0</ele>
    <time>2026-05-23T07:28:55Z</time>
   </trkpt>
   <trkpt lat="49.6259630" lon="18.6228740">
    <ele>891.2</ele>
    <time>2026-05-23T07:28:56Z</time>
   </trkpt>
   <trkpt lat="49.6259690" lon="18.6229010">
    <ele>891.4</ele>
    <time>2026-05-23T07:28:57Z</time>
   </trkpt>
   <trkpt lat="49.6259730" lon="18.6229210">
    <ele>891.4</ele>
    <time>2026-05-23T07:28:58Z</time>
   </trkpt>
   <trkpt lat="49.6259760" lon="18.6229410">
    <ele>891.8</ele>
    <time>2026-05-23T07:28:59Z</time>
   </trkpt>
   <trkpt lat="49.6259790" lon="18.6229640">
    <ele>892.0</ele>
    <time>2026-05-23T07:29:00Z</time>
   </trkpt>
   <trkpt lat="49.6259820" lon="18.6229910">
    <ele>892.0</ele>
    <time>2026-05-23T07:29:01Z</time>
   </trkpt>
   <trkpt lat="49.6259880" lon="18.6230160">
    <ele>892.2</ele>
    <time>2026-05-23T07:29:02Z</time>
   </trkpt>
   <trkpt lat="49.6259950" lon="18.6230400">
    <ele>892.4</ele>
    <time>2026-05-23T07:29:03Z</time>
   </trkpt>
   <trkpt lat="49.6260000" lon="18.6230630">
    <ele>892.6</ele>
    <time>2026-05-23T07:29:04Z</time>
   </trkpt>
   <trkpt lat="49.6260060" lon="18.6230890">
    <ele>892.8</ele>
    <time>2026-05-23T07:29:05Z</time>
   </trkpt>
   <trkpt lat="49.6260140" lon="18.6231140">
    <ele>893.0</ele>
    <time>2026-05-23T07:29:06Z</time>
   </trkpt>
   <trkpt lat="49.6260200" lon="18.6231350">
    <ele>893.2</ele>
    <time>2026-05-23T07:29:07Z</time>
   </trkpt>
   <trkpt lat="49.6260240" lon="18.6231540">
    <ele>893.4</ele>
    <time>2026-05-23T07:29:08Z</time>
   </trkpt>
   <trkpt lat="49.6260330" lon="18.6231860">
    <ele>893.6</ele>
    <time>2026-05-23T07:29:09Z</time>
   </trkpt>
   <trkpt lat="49.6260380" lon="18.6232120">
    <ele>893.8</ele>
    <time>2026-05-23T07:29:10Z</time>
   </trkpt>
   <trkpt lat="49.6260430" lon="18.6232370">
    <ele>894.0</ele>
    <time>2026-05-23T07:29:11Z</time>
   </trkpt>
   <trkpt lat="49.6260430" lon="18.6232630">
    <ele>894.2</ele>
    <time>2026-05-23T07:29:12Z</time>
   </trkpt>
   <trkpt lat="49.6260450" lon="18.6232830">
    <ele>894.6</ele>
    <time>2026-05-23T07:29:13Z</time>
   </trkpt>
   <trkpt lat="49.6260500" lon="18.6233030">
    <ele>894.8</ele>
    <time>2026-05-23T07:29:14Z</time>
   </trkpt>
   <trkpt lat="49.6260550" lon="18.6233250">
    <ele>895.0</ele>
    <time>2026-05-23T07:29:15Z</time>
   </trkpt>
   <trkpt lat="49.6260610" lon="18.6233470">
    <ele>895.0</ele>
    <time>2026-05-23T07:29:16Z</time>
   </trkpt>
   <trkpt lat="49.6260680" lon="18.6233690">
    <ele>895.4</ele>
    <time>2026-05-23T07:29:17Z</time>
   </trkpt>
   <trkpt lat="49.6260750" lon="18.6233910">
    <ele>895.8</ele>
    <time>2026-05-23T07:29:18Z</time>
   </trkpt>
   <trkpt lat="49.6260820" lon="18.6234150">
    <ele>896.0</ele>
    <time>2026-05-23T07:29:19Z</time>
   </trkpt>
   <trkpt lat="49.6260870" lon="18.6234390">
    <ele>896.0</ele>
    <time>2026-05-23T07:29:20Z</time>
   </trkpt>
   <trkpt lat="49.6260930" lon="18.6234590">
    <ele>896.4</ele>
    <time>2026-05-23T07:29:21Z</time>
   </trkpt>
   <trkpt lat="49.6261000" lon="18.6234770">
    <ele>896.6</ele>
    <time>2026-05-23T07:29:22Z</time>
   </trkpt>
   <trkpt lat="49.6261040" lon="18.6234950">
    <ele>897.0</ele>
    <time>2026-05-23T07:29:23Z</time>
   </trkpt>
   <trkpt lat="49.6261090" lon="18.6235150">
    <ele>897.2</ele>
    <time>2026-05-23T07:29:24Z</time>
   </trkpt>
   <trkpt lat="49.6261130" lon="18.6235410">
    <ele>897.4</ele>
    <time>2026-05-23T07:29:25Z</time>
   </trkpt>
   <trkpt lat="49.6261150" lon="18.6235580">
    <ele>897.6</ele>
    <time>2026-05-23T07:29:26Z</time>
   </trkpt>
   <trkpt lat="49.6261180" lon="18.6235730">
    <ele>897.8</ele>
    <time>2026-05-23T07:29:27Z</time>
   </trkpt>
   <trkpt lat="49.6261220" lon="18.6235910">
    <ele>897.8</ele>
    <time>2026-05-23T07:29:28Z</time>
   </trkpt>
   <trkpt lat="49.6261280" lon="18.6236100">
    <ele>898.0</ele>
    <time>2026-05-23T07:29:29Z</time>
   </trkpt>
   <trkpt lat="49.6261330" lon="18.6236280">
    <ele>898.2</ele>
    <time>2026-05-23T07:29:30Z</time>
   </trkpt>
   <trkpt lat="49.6261340" lon="18.6236420">
    <ele>898.4</ele>
    <time>2026-05-23T07:29:31Z</time>
   </trkpt>
   <trkpt lat="49.6261370" lon="18.6236590">
    <ele>898.6</ele>
    <time>2026-05-23T07:29:32Z</time>
   </trkpt>
   <trkpt lat="49.6261430" lon="18.6236780">
    <ele>899.0</ele>
    <time>2026-05-23T07:29:33Z</time>
   </trkpt>
   <trkpt lat="49.6261440" lon="18.6236920">
    <ele>899.2</ele>
    <time>2026-05-23T07:29:34Z</time>
   </trkpt>
   <trkpt lat="49.6261470" lon="18.6237110">
    <ele>899.4</ele>
    <time>2026-05-23T07:29:35Z</time>
   </trkpt>
   <trkpt lat="49.6261530" lon="18.6237300">
    <ele>899.6</ele>
    <time>2026-05-23T07:29:36Z</time>
   </trkpt>
   <trkpt lat="49.6261590" lon="18.6237490">
    <ele>899.8</ele>
    <time>2026-05-23T07:29:37Z</time>
   </trkpt>
   <trkpt lat="49.6261630" lon="18.6237720">
    <ele>900.2</ele>
    <time>2026-05-23T07:29:38Z</time>
   </trkpt>
   <trkpt lat="49.6261640" lon="18.6237930">
    <ele>900.2</ele>
    <time>2026-05-23T07:29:39Z</time>
   </trkpt>
   <trkpt lat="49.6261670" lon="18.6238160">
    <ele>900.6</ele>
    <time>2026-05-23T07:29:40Z</time>
   </trkpt>
   <trkpt lat="49.6261690" lon="18.6238290">
    <ele>900.8</ele>
    <time>2026-05-23T07:29:41Z</time>
   </trkpt>
   <trkpt lat="49.6261730" lon="18.6238460">
    <ele>900.8</ele>
    <time>2026-05-23T07:29:42Z</time>
   </trkpt>
   <trkpt lat="49.6261780" lon="18.6238720">
    <ele>901.2</ele>
    <time>2026-05-23T07:29:43Z</time>
   </trkpt>
   <trkpt lat="49.6261820" lon="18.6238890">
    <ele>901.2</ele>
    <time>2026-05-23T07:29:44Z</time>
   </trkpt>
   <trkpt lat="49.6261880" lon="18.6239050">
    <ele>901.6</ele>
    <time>2026-05-23T07:29:45Z</time>
   </trkpt>
   <trkpt lat="49.6261930" lon="18.6239200">
    <ele>901.8</ele>
    <time>2026-05-23T07:29:46Z</time>
   </trkpt>
   <trkpt lat="49.6261980" lon="18.6239360">
    <ele>901.8</ele>
    <time>2026-05-23T07:29:47Z</time>
   </trkpt>
   <trkpt lat="49.6262030" lon="18.6239580">
    <ele>902.2</ele>
    <time>2026-05-23T07:29:48Z</time>
   </trkpt>
   <trkpt lat="49.6262070" lon="18.6239790">
    <ele>902.4</ele>
    <time>2026-05-23T07:29:49Z</time>
   </trkpt>
   <trkpt lat="49.6262100" lon="18.6239960">
    <ele>902.6</ele>
    <time>2026-05-23T07:29:50Z</time>
   </trkpt>
   <trkpt lat="49.6262110" lon="18.6240140">
    <ele>902.6</ele>
    <time>2026-05-23T07:29:51Z</time>
   </trkpt>
   <trkpt lat="49.6262100" lon="18.6240330">
    <ele>902.8</ele>
    <time>2026-05-23T07:29:52Z</time>
   </trkpt>
   <trkpt lat="49.6262140" lon="18.6240510">
    <ele>903.2</ele>
    <time>2026-05-23T07:29:53Z</time>
   </trkpt>
   <trkpt lat="49.6262190" lon="18.6240660">
    <ele>903.2</ele>
    <time>2026-05-23T07:29:54Z</time>
   </trkpt>
   <trkpt lat="49.6262250" lon="18.6240880">
    <ele>903.4</ele>
    <time>2026-05-23T07:29:55Z</time>
   </trkpt>
   <trkpt lat="49.6262290" lon="18.6241070">
    <ele>903.8</ele>
    <time>2026-05-23T07:29:56Z</time>
   </trkpt>
   <trkpt lat="49.6262300" lon="18.6241250">
    <ele>904.0</ele>
    <time>2026-05-23T07:29:57Z</time>
   </trkpt>
   <trkpt lat="49.6262340" lon="18.6241410">
    <ele>904.0</ele>
    <time>2026-05-23T07:29:58Z</time>
   </trkpt>
   <trkpt lat="49.6262400" lon="18.6241590">
    <ele>904.2</ele>
    <time>2026-05-23T07:29:59Z</time>
   </trkpt>
   <trkpt lat="49.6262460" lon="18.6241790">
    <ele>904.4</ele>
    <time>2026-05-23T07:30:00Z</time>
   </trkpt>
   <trkpt lat="49.6262520" lon="18.6241950">
    <ele>904.6</ele>
    <time>2026-05-23T07:30:01Z</time>
   </trkpt>
   <trkpt lat="49.6262580" lon="18.6242100">
    <ele>905.0</ele>
    <time>2026-05-23T07:30:02Z</time>
   </trkpt>
   <trkpt lat="49.6262640" lon="18.6242310">
    <ele>905.2</ele>
    <time>2026-05-23T07:30:03Z</time>
   </trkpt>
   <trkpt lat="49.6262680" lon="18.6242510">
    <ele>905.2</ele>
    <time>2026-05-23T07:30:04Z</time>
   </trkpt>
   <trkpt lat="49.6262730" lon="18.6242710">
    <ele>905.4</ele>
    <time>2026-05-23T07:30:05Z</time>
   </trkpt>
   <trkpt lat="49.6262770" lon="18.6242870">
    <ele>905.6</ele>
    <time>2026-05-23T07:30:06Z</time>
   </trkpt>
   <trkpt lat="49.6262820" lon="18.6243030">
    <ele>905.8</ele>
    <time>2026-05-23T07:30:07Z</time>
   </trkpt>
   <trkpt lat="49.6262870" lon="18.6243210">
    <ele>906.0</ele>
    <time>2026-05-23T07:30:08Z</time>
   </trkpt>
   <trkpt lat="49.6262930" lon="18.6243390">
    <ele>906.0</ele>
    <time>2026-05-23T07:30:09Z</time>
   </trkpt>
   <trkpt lat="49.6262970" lon="18.6243580">
    <ele>906.4</ele>
    <time>2026-05-23T07:30:10Z</time>
   </trkpt>
   <trkpt lat="49.6263030" lon="18.6243770">
    <ele>906.6</ele>
    <time>2026-05-23T07:30:11Z</time>
   </trkpt>
   <trkpt lat="49.6263070" lon="18.6243950">
    <ele>906.8</ele>
    <time>2026-05-23T07:30:12Z</time>
   </trkpt>
   <trkpt lat="49.6263090" lon="18.6244100">
    <ele>907.0</ele>
    <time>2026-05-23T07:30:13Z</time>
   </trkpt>
   <trkpt lat="49.6263140" lon="18.6244310">
    <ele>907.2</ele>
    <time>2026-05-23T07:30:14Z</time>
   </trkpt>
   <trkpt lat="49.6263180" lon="18.6244510">
    <ele>907.4</ele>
    <time>2026-05-23T07:30:15Z</time>
   </trkpt>
   <trkpt lat="49.6263230" lon="18.6244700">
    <ele>907.6</ele>
    <time>2026-05-23T07:30:16Z</time>
   </trkpt>
   <trkpt lat="49.6263270" lon="18.6244890">
    <ele>907.8</ele>
    <time>2026-05-23T07:30:17Z</time>
   </trkpt>
   <trkpt lat="49.6263320" lon="18.6245080">
    <ele>908.2</ele>
    <time>2026-05-23T07:30:18Z</time>
   </trkpt>
   <trkpt lat="49.6263380" lon="18.6245250">
    <ele>908.4</ele>
    <time>2026-05-23T07:30:19Z</time>
   </trkpt>
   <trkpt lat="49.6263410" lon="18.6245420">
    <ele>908.6</ele>
    <time>2026-05-23T07:30:20Z</time>
   </trkpt>
   <trkpt lat="49.6263430" lon="18.6245580">
    <ele>908.8</ele>
    <time>2026-05-23T07:30:21Z</time>
   </trkpt>
   <trkpt lat="49.6263460" lon="18.6245750">
    <ele>909.0</ele>
    <time>2026-05-23T07:30:22Z</time>
   </trkpt>
   <trkpt lat="49.6263520" lon="18.6245940">
    <ele>909.2</ele>
    <time>2026-05-23T07:30:23Z</time>
   </trkpt>
   <trkpt lat="49.6263540" lon="18.6246170">
    <ele>909.2</ele>
    <time>2026-05-23T07:30:24Z</time>
   </trkpt>
   <trkpt lat="49.6263580" lon="18.6246390">
    <ele>909.4</ele>
    <time>2026-05-23T07:30:25Z</time>
   </trkpt>
   <trkpt lat="49.6263600" lon="18.6246580">
    <ele>909.6</ele>
    <time>2026-05-23T07:30:26Z</time>
   </trkpt>
   <trkpt lat="49.6263600" lon="18.6246790">
    <ele>909.8</ele>
    <time>2026-05-23T07:30:27Z</time>
   </trkpt>
   <trkpt lat="49.6263600" lon="18.6246990">
    <ele>910.0</ele>
    <time>2026-05-23T07:30:28Z</time>
   </trkpt>
   <trkpt lat="49.6263620" lon="18.6247180">
    <ele>910.4</ele>
    <time>2026-05-23T07:30:29Z</time>
   </trkpt>
   <trkpt lat="49.6263670" lon="18.6247330">
    <ele>910.4</ele>
    <time>2026-05-23T07:30:30Z</time>
   </trkpt>
   <trkpt lat="49.6263730" lon="18.6247490">
    <ele>910.8</ele>
    <time>2026-05-23T07:30:31Z</time>
   </trkpt>
   <trkpt lat="49.6263800" lon="18.6247710">
    <ele>910.8</ele>
    <time>2026-05-23T07:30:32Z</time>
   </trkpt>
   <trkpt lat="49.6263870" lon="18.6247920">
    <ele>911.0</ele>
    <time>2026-05-23T07:30:33Z</time>
   </trkpt>
   <trkpt lat="49.6263940" lon="18.6248110">
    <ele>911.4</ele>
    <time>2026-05-23T07:30:34Z</time>
   </trkpt>
   <trkpt lat="49.6263990" lon="18.6248280">
    <ele>911.6</ele>
    <time>2026-05-23T07:30:35Z</time>
   </trkpt>
   <trkpt lat="49.6264030" lon="18.6248460">
    <ele>911.6</ele>
    <time>2026-05-23T07:30:36Z</time>
   </trkpt>
   <trkpt lat="49.6264070" lon="18.6248660">
    <ele>911.8</ele>
    <time>2026-05-23T07:30:37Z</time>
   </trkpt>
   <trkpt lat="49.6264100" lon="18.6248870">
    <ele>912.0</ele>
    <time>2026-05-23T07:30:38Z</time>
   </trkpt>
   <trkpt lat="49.6264120" lon="18.6249080">
    <ele>912.2</ele>
    <time>2026-05-23T07:30:39Z</time>
   </trkpt>
   <trkpt lat="49.6264160" lon="18.6249300">
    <ele>912.4</ele>
    <time>2026-05-23T07:30:40Z</time>
   </trkpt>
   <trkpt lat="49.6264200" lon="18.6249490">
    <ele>912.6</ele>
    <time>2026-05-23T07:30:41Z</time>
   </trkpt>
   <trkpt lat="49.6264270" lon="18.6249750">
    <ele>912.8</ele>
    <time>2026-05-23T07:30:42Z</time>
   </trkpt>
   <trkpt lat="49.6264320" lon="18.6249960">
    <ele>913.0</ele>
    <time>2026-05-23T07:30:43Z</time>
   </trkpt>
   <trkpt lat="49.6264380" lon="18.6250170">
    <ele>913.2</ele>
    <time>2026-05-23T07:30:44Z</time>
   </trkpt>
   <trkpt lat="49.6264440" lon="18.6250370">
    <ele>913.4</ele>
    <time>2026-05-23T07:30:45Z</time>
   </trkpt>
   <trkpt lat="49.6264510" lon="18.6250580">
    <ele>913.6</ele>
    <time>2026-05-23T07:30:46Z</time>
   </trkpt>
   <trkpt lat="49.6264570" lon="18.6250780">
    <ele>913.8</ele>
    <time>2026-05-23T07:30:47Z</time>
   </trkpt>
   <trkpt lat="49.6264580" lon="18.6250950">
    <ele>914.0</ele>
    <time>2026-05-23T07:30:48Z</time>
   </trkpt>
   <trkpt lat="49.6264590" lon="18.6251120">
    <ele>914.2</ele>
    <time>2026-05-23T07:30:49Z</time>
   </trkpt>
   <trkpt lat="49.6264630" lon="18.6251290">
    <ele>914.4</ele>
    <time>2026-05-23T07:30:50Z</time>
   </trkpt>
   <trkpt lat="49.6264670" lon="18.6251460">
    <ele>914.6</ele>
    <time>2026-05-23T07:30:51Z</time>
   </trkpt>
   <trkpt lat="49.6264670" lon="18.6251650">
    <ele>914.6</ele>
    <time>2026-05-23T07:30:52Z</time>
   </trkpt>
   <trkpt lat="49.6264700" lon="18.6251810">
    <ele>914.8</ele>
    <time>2026-05-23T07:30:53Z</time>
   </trkpt>
   <trkpt lat="49.6264730" lon="18.6251970">
    <ele>915.0</ele>
    <time>2026-05-23T07:30:54Z</time>
   </trkpt>
   <trkpt lat="49.6264770" lon="18.6252110">
    <ele>915.2</ele>
    <time>2026-05-23T07:30:55Z</time>
   </trkpt>
   <trkpt lat="49.6264810" lon="18.6252310">
    <ele>915.4</ele>
    <time>2026-05-23T07:30:56Z</time>
   </trkpt>
   <trkpt lat="49.6264850" lon="18.6252550">
    <ele>915.6</ele>
    <time>2026-05-23T07:30:57Z</time>
   </trkpt>
   <trkpt lat="49.6264920" lon="18.6252780">
    <ele>915.8</ele>
    <time>2026-05-23T07:30:58Z</time>
   </trkpt>
   <trkpt lat="49.6264970" lon="18.6253030">
    <ele>916.0</ele>
    <time>2026-05-23T07:30:59Z</time>
   </trkpt>
   <trkpt lat="49.6265020" lon="18.6253310">
    <ele>916.2</ele>
    <time>2026-05-23T07:31:00Z</time>
   </trkpt>
   <trkpt lat="49.6265070" lon="18.6253600">
    <ele>916.4</ele>
    <time>2026-05-23T07:31:01Z</time>
   </trkpt>
   <trkpt lat="49.6265160" lon="18.6253890">
    <ele>916.6</ele>
    <time>2026-05-23T07:31:02Z</time>
   </trkpt>
   <trkpt lat="49.6265240" lon="18.6254160">
    <ele>917.0</ele>
    <time>2026-05-23T07:31:03Z</time>
   </trkpt>
   <trkpt lat="49.6265330" lon="18.6254430">
    <ele>917.4</ele>
    <time>2026-05-23T07:31:04Z</time>
   </trkpt>
   <trkpt lat="49.6265370" lon="18.6254660">
    <ele>917.8</ele>
    <time>2026-05-23T07:31:05Z</time>
   </trkpt>
   <trkpt lat="49.6265420" lon="18.6254920">
    <ele>918.2</ele>
    <time>2026-05-23T07:31:06Z</time>
   </trkpt>
   <trkpt lat="49.6265490" lon="18.6255190">
    <ele>918.2</ele>
    <time>2026-05-23T07:31:07Z</time>
   </trkpt>
   <trkpt lat="49.6265550" lon="18.6255430">
    <ele>918.6</ele>
    <time>2026-05-23T07:31:08Z</time>
   </trkpt>
   <trkpt lat="49.6265610" lon="18.6255670">
    <ele>919.4</ele>
    <time>2026-05-23T07:31:09Z</time>
   </trkpt>
   <trkpt lat="49.6265700" lon="18.6255960">
    <ele>919.8</ele>
    <time>2026-05-23T07:31:10Z</time>
   </trkpt>
   <trkpt lat="49.6265790" lon="18.6256240">
    <ele>920.0</ele>
    <time>2026-05-23T07:31:11Z</time>
   </trkpt>
   <trkpt lat="49.6265820" lon="18.6256460">
    <ele>920.4</ele>
    <time>2026-05-23T07:31:12Z</time>
   </trkpt>
   <trkpt lat="49.6265880" lon="18.6256690">
    <ele>920.6</ele>
    <time>2026-05-23T07:31:13Z</time>
   </trkpt>
   <trkpt lat="49.6265960" lon="18.6256880">
    <ele>920.8</ele>
    <time>2026-05-23T07:31:14Z</time>
   </trkpt>
   <trkpt lat="49.6266070" lon="18.6257110">
    <ele>921.0</ele>
    <time>2026-05-23T07:31:15Z</time>
   </trkpt>
   <trkpt lat="49.6266160" lon="18.6257390">
    <ele>921.0</ele>
    <time>2026-05-23T07:31:16Z</time>
   </trkpt>
   <trkpt lat="49.6266240" lon="18.6257690">
    <ele>921.2</ele>
    <time>2026-05-23T07:31:17Z</time>
   </trkpt>
   <trkpt lat="49.6266310" lon="18.6258000">
    <ele>922.0</ele>
    <time>2026-05-23T07:31:18Z</time>
   </trkpt>
   <trkpt lat="49.6266320" lon="18.6258290">
    <ele>922.0</ele>
    <time>2026-05-23T07:31:19Z</time>
   </trkpt>
   <trkpt lat="49.6266410" lon="18.6258600">
    <ele>922.2</ele>
    <time>2026-05-23T07:31:20Z</time>
   </trkpt>
   <trkpt lat="49.6266520" lon="18.6258910">
    <ele>922.4</ele>
    <time>2026-05-23T07:31:21Z</time>
   </trkpt>
   <trkpt lat="49.6266650" lon="18.6259200">
    <ele>922.8</ele>
    <time>2026-05-23T07:31:22Z</time>
   </trkpt>
   <trkpt lat="49.6266750" lon="18.6259530">
    <ele>923.2</ele>
    <time>2026-05-23T07:31:23Z</time>
   </trkpt>
   <trkpt lat="49.6266820" lon="18.6259850">
    <ele>923.4</ele>
    <time>2026-05-23T07:31:24Z</time>
   </trkpt>
   <trkpt lat="49.6266910" lon="18.6260130">
    <ele>923.8</ele>
    <time>2026-05-23T07:31:25Z</time>
   </trkpt>
   <trkpt lat="49.6267020" lon="18.6260420">
    <ele>924.4</ele>
    <time>2026-05-23T07:31:26Z</time>
   </trkpt>
   <trkpt lat="49.6267160" lon="18.6260640">
    <ele>924.6</ele>
    <time>2026-05-23T07:31:27Z</time>
   </trkpt>
   <trkpt lat="49.6267240" lon="18.6260890">
    <ele>925.0</ele>
    <time>2026-05-23T07:31:28Z</time>
   </trkpt>
   <trkpt lat="49.6267330" lon="18.6261210">
    <ele>925.4</ele>
    <time>2026-05-23T07:31:29Z</time>
   </trkpt>
   <trkpt lat="49.6267420" lon="18.6261530">
    <ele>925.6</ele>
    <time>2026-05-23T07:31:30Z</time>
   </trkpt>
   <trkpt lat="49.6267480" lon="18.6261830">
    <ele>925.8</ele>
    <time>2026-05-23T07:31:31Z</time>
   </trkpt>
   <trkpt lat="49.6267520" lon="18.6262100">
    <ele>926.2</ele>
    <time>2026-05-23T07:31:32Z</time>
   </trkpt>
   <trkpt lat="49.6267590" lon="18.6262380">
    <ele>926.8</ele>
    <time>2026-05-23T07:31:33Z</time>
   </trkpt>
   <trkpt lat="49.6267630" lon="18.6262650">
    <ele>927.0</ele>
    <time>2026-05-23T07:31:34Z</time>
   </trkpt>
   <trkpt lat="49.6267660" lon="18.6262900">
    <ele>927.4</ele>
    <time>2026-05-23T07:31:35Z</time>
   </trkpt>
   <trkpt lat="49.6267670" lon="18.6263160">
    <ele>928.0</ele>
    <time>2026-05-23T07:31:36Z</time>
   </trkpt>
   <trkpt lat="49.6267700" lon="18.6263370">
    <ele>928.2</ele>
    <time>2026-05-23T07:31:37Z</time>
   </trkpt>
   <trkpt lat="49.6267710" lon="18.6263580">
    <ele>928.2</ele>
    <time>2026-05-23T07:31:38Z</time>
   </trkpt>
   <trkpt lat="49.6267710" lon="18.6263830">
    <ele>928.8</ele>
    <time>2026-05-23T07:31:39Z</time>
   </trkpt>
   <trkpt lat="49.6267610" lon="18.6264100">
    <ele>929.2</ele>
    <time>2026-05-23T07:31:40Z</time>
   </trkpt>
   <trkpt lat="49.6267580" lon="18.6264350">
    <ele>929.8</ele>
    <time>2026-05-23T07:31:41Z</time>
   </trkpt>
   <trkpt lat="49.6267530" lon="18.6264600">
    <ele>929.8</ele>
    <time>2026-05-23T07:31:42Z</time>
   </trkpt>
   <trkpt lat="49.6267430" lon="18.6264850">
    <ele>930.2</ele>
    <time>2026-05-23T07:31:43Z</time>
   </trkpt>
   <trkpt lat="49.6267330" lon="18.6265090">
    <ele>930.6</ele>
    <time>2026-05-23T07:31:44Z</time>
   </trkpt>
   <trkpt lat="49.6267230" lon="18.6265310">
    <ele>931.0</ele>
    <time>2026-05-23T07:31:45Z</time>
   </trkpt>
   <trkpt lat="49.6267120" lon="18.6265500">
    <ele>931.4</ele>
    <time>2026-05-23T07:31:46Z</time>
   </trkpt>
   <trkpt lat="49.6267010" lon="18.6265650">
    <ele>931.8</ele>
    <time>2026-05-23T07:31:47Z</time>
   </trkpt>
   <trkpt lat="49.6266900" lon="18.6265820">
    <ele>932.2</ele>
    <time>2026-05-23T07:31:48Z</time>
   </trkpt>
   <trkpt lat="49.6266820" lon="18.6266000">
    <ele>932.6</ele>
    <time>2026-05-23T07:31:49Z</time>
   </trkpt>
   <trkpt lat="49.6266770" lon="18.6266140">
    <ele>933.0</ele>
    <time>2026-05-23T07:31:50Z</time>
   </trkpt>
   <trkpt lat="49.6266750" lon="18.6266330">
    <ele>933.0</ele>
    <time>2026-05-23T07:31:51Z</time>
   </trkpt>
   <trkpt lat="49.6266800" lon="18.6266580">
    <ele>933.4</ele>
    <time>2026-05-23T07:31:52Z</time>
   </trkpt>
   <trkpt lat="49.6266900" lon="18.6266780">
    <ele>933.4</ele>
    <time>2026-05-23T07:31:53Z</time>
   </trkpt>
   <trkpt lat="49.6267020" lon="18.6266970">
    <ele>933.8</ele>
    <time>2026-05-23T07:31:54Z</time>
   </trkpt>
   <trkpt lat="49.6267180" lon="18.6267140">
    <ele>933.8</ele>
    <time>2026-05-23T07:31:55Z</time>
   </trkpt>
   <trkpt lat="49.6267320" lon="18.6267280">
    <ele>934.2</ele>
    <time>2026-05-23T07:31:56Z</time>
   </trkpt>
   <trkpt lat="49.6267460" lon="18.6267440">
    <ele>934.4</ele>
    <time>2026-05-23T07:31:57Z</time>
   </trkpt>
   <trkpt lat="49.6267620" lon="18.6267550">
    <ele>934.6</ele>
    <time>2026-05-23T07:31:58Z</time>
   </trkpt>
   <trkpt lat="49.6267780" lon="18.6267650">
    <ele>934.8</ele>
    <time>2026-05-23T07:31:59Z</time>
   </trkpt>
   <trkpt lat="49.6267930" lon="18.6267740">
    <ele>935.0</ele>
    <time>2026-05-23T07:32:00Z</time>
   </trkpt>
   <trkpt lat="49.6268080" lon="18.6267830">
    <ele>935.2</ele>
    <time>2026-05-23T07:32:01Z</time>
   </trkpt>
   <trkpt lat="49.6268230" lon="18.6267890">
    <ele>935.6</ele>
    <time>2026-05-23T07:32:02Z</time>
   </trkpt>
   <trkpt lat="49.6268380" lon="18.6267950">
    <ele>936.0</ele>
    <time>2026-05-23T07:32:03Z</time>
   </trkpt>
   <trkpt lat="49.6268530" lon="18.6268020">
    <ele>936.2</ele>
    <time>2026-05-23T07:32:04Z</time>
   </trkpt>
   <trkpt lat="49.6268720" lon="18.6268120">
    <ele>936.4</ele>
    <time>2026-05-23T07:32:05Z</time>
   </trkpt>
   <trkpt lat="49.6268880" lon="18.6268290">
    <ele>936.8</ele>
    <time>2026-05-23T07:32:06Z</time>
   </trkpt>
   <trkpt lat="49.6269000" lon="18.6268440">
    <ele>936.8</ele>
    <time>2026-05-23T07:32:07Z</time>
   </trkpt>
   <trkpt lat="49.6269100" lon="18.6268570">
    <ele>937.0</ele>
    <time>2026-05-23T07:32:08Z</time>
   </trkpt>
   <trkpt lat="49.6269210" lon="18.6268660">
    <ele>937.2</ele>
    <time>2026-05-23T07:32:09Z</time>
   </trkpt>
   <trkpt lat="49.6269340" lon="18.6268740">
    <ele>937.4</ele>
    <time>2026-05-23T07:32:10Z</time>
   </trkpt>
   <trkpt lat="49.6269340" lon="18.6268740">
    <ele>938.0</ele>
    <time>2026-05-23T07:32:11Z</time>
   </trkpt>
   <trkpt lat="49.6269650" lon="18.6268850">
    <ele>938.6</ele>
    <time>2026-05-23T07:32:12Z</time>
   </trkpt>
   <trkpt lat="49.6269830" lon="18.6268910">
    <ele>938.8</ele>
    <time>2026-05-23T07:32:13Z</time>
   </trkpt>
   <trkpt lat="49.6269960" lon="18.6269010">
    <ele>939.0</ele>
    <time>2026-05-23T07:32:14Z</time>
   </trkpt>
   <trkpt lat="49.6270100" lon="18.6269120">
    <ele>939.4</ele>
    <time>2026-05-23T07:32:15Z</time>
   </trkpt>
   <trkpt lat="49.6270220" lon="18.6269260">
    <ele>939.6</ele>
    <time>2026-05-23T07:32:16Z</time>
   </trkpt>
   <trkpt lat="49.6270300" lon="18.6269400">
    <ele>940.0</ele>
    <time>2026-05-23T07:32:17Z</time>
   </trkpt>
   <trkpt lat="49.6270420" lon="18.6269540">
    <ele>940.4</ele>
    <time>2026-05-23T07:32:18Z</time>
   </trkpt>
   <trkpt lat="49.6270550" lon="18.6269690">
    <ele>940.6</ele>
    <time>2026-05-23T07:32:19Z</time>
   </trkpt>
   <trkpt lat="49.6270670" lon="18.6269830">
    <ele>940.8</ele>
    <time>2026-05-23T07:32:20Z</time>
   </trkpt>
   <trkpt lat="49.6270840" lon="18.6269910">
    <ele>941.0</ele>
    <time>2026-05-23T07:32:21Z</time>
   </trkpt>
   <trkpt lat="49.6270990" lon="18.6269960">
    <ele>941.6</ele>
    <time>2026-05-23T07:32:22Z</time>
   </trkpt>
   <trkpt lat="49.6271160" lon="18.6270000">
    <ele>941.6</ele>
    <time>2026-05-23T07:32:23Z</time>
   </trkpt>
   <trkpt lat="49.6271350" lon="18.6270080">
    <ele>941.6</ele>
    <time>2026-05-23T07:32:24Z</time>
   </trkpt>
   <trkpt lat="49.6271510" lon="18.6270210">
    <ele>941.8</ele>
    <time>2026-05-23T07:32:25Z</time>
   </trkpt>
   <trkpt lat="49.6271610" lon="18.6270310">
    <ele>942.0</ele>
    <time>2026-05-23T07:32:26Z</time>
   </trkpt>
   <trkpt lat="49.6271770" lon="18.6270400">
    <ele>942.2</ele>
    <time>2026-05-23T07:32:27Z</time>
   </trkpt>
   <trkpt lat="49.6271930" lon="18.6270490">
    <ele>942.6</ele>
    <time>2026-05-23T07:32:28Z</time>
   </trkpt>
   <trkpt lat="49.6272120" lon="18.6270580">
    <ele>942.6</ele>
    <time>2026-05-23T07:32:29Z</time>
   </trkpt>
   <trkpt lat="49.6272280" lon="18.6270650">
    <ele>943.0</ele>
    <time>2026-05-23T07:32:30Z</time>
   </trkpt>
   <trkpt lat="49.6272430" lon="18.6270710">
    <ele>943.4</ele>
    <time>2026-05-23T07:32:31Z</time>
   </trkpt>
   <trkpt lat="49.6272570" lon="18.6270810">
    <ele>943.4</ele>
    <time>2026-05-23T07:32:32Z</time>
   </trkpt>
   <trkpt lat="49.6272730" lon="18.6270920">
    <ele>943.6</ele>
    <time>2026-05-23T07:32:33Z</time>
   </trkpt>
   <trkpt lat="49.6272900" lon="18.6271030">
    <ele>944.0</ele>
    <time>2026-05-23T07:32:34Z</time>
   </trkpt>
   <trkpt lat="49.6273080" lon="18.6271130">
    <ele>944.4</ele>
    <time>2026-05-23T07:32:35Z</time>
   </trkpt>
   <trkpt lat="49.6273240" lon="18.6271230">
    <ele>944.6</ele>
    <time>2026-05-23T07:32:36Z</time>
   </trkpt>
   <trkpt lat="49.6273370" lon="18.6271340">
    <ele>944.8</ele>
    <time>2026-05-23T07:32:37Z</time>
   </trkpt>
   <trkpt lat="49.6273480" lon="18.6271410">
    <ele>945.2</ele>
    <time>2026-05-23T07:32:38Z</time>
   </trkpt>
   <trkpt lat="49.6273640" lon="18.6271490">
    <ele>945.4</ele>
    <time>2026-05-23T07:32:39Z</time>
   </trkpt>
   <trkpt lat="49.6273800" lon="18.6271530">
    <ele>945.6</ele>
    <time>2026-05-23T07:32:40Z</time>
   </trkpt>
   <trkpt lat="49.6273930" lon="18.6271600">
    <ele>945.8</ele>
    <time>2026-05-23T07:32:41Z</time>
   </trkpt>
   <trkpt lat="49.6274070" lon="18.6271640">
    <ele>946.2</ele>
    <time>2026-05-23T07:32:42Z</time>
   </trkpt>
   <trkpt lat="49.6274190" lon="18.6271660">
    <ele>946.4</ele>
    <time>2026-05-23T07:32:43Z</time>
   </trkpt>
   <trkpt lat="49.6274330" lon="18.6271730">
    <ele>946.8</ele>
    <time>2026-05-23T07:32:44Z</time>
   </trkpt>
   <trkpt lat="49.6274420" lon="18.6271650">
    <ele>947.0</ele>
    <time>2026-05-23T07:32:45Z</time>
   </trkpt>
   <trkpt lat="49.6274570" lon="18.6271650">
    <ele>947.2</ele>
    <time>2026-05-23T07:32:46Z</time>
   </trkpt>
   <trkpt lat="49.6274700" lon="18.6271640">
    <ele>947.4</ele>
    <time>2026-05-23T07:32:47Z</time>
   </trkpt>
   <trkpt lat="49.6274880" lon="18.6271640">
    <ele>947.6</ele>
    <time>2026-05-23T07:32:48Z</time>
   </trkpt>
   <trkpt lat="49.6275100" lon="18.6271670">
    <ele>947.6</ele>
    <time>2026-05-23T07:32:49Z</time>
   </trkpt>
   <trkpt lat="49.6275300" lon="18.6271700">
    <ele>947.8</ele>
    <time>2026-05-23T07:32:50Z</time>
   </trkpt>
   <trkpt lat="49.6275480" lon="18.6271740">
    <ele>948.0</ele>
    <time>2026-05-23T07:32:51Z</time>
   </trkpt>
   <trkpt lat="49.6275670" lon="18.6271740">
    <ele>948.4</ele>
    <time>2026-05-23T07:32:52Z</time>
   </trkpt>
   <trkpt lat="49.6275850" lon="18.6271760">
    <ele>948.4</ele>
    <time>2026-05-23T07:32:53Z</time>
   </trkpt>
   <trkpt lat="49.6276010" lon="18.6271770">
    <ele>948.4</ele>
    <time>2026-05-23T07:32:54Z</time>
   </trkpt>
   <trkpt lat="49.6276180" lon="18.6271800">
    <ele>948.4</ele>
    <time>2026-05-23T07:32:55Z</time>
   </trkpt>
   <trkpt lat="49.6276320" lon="18.6271860">
    <ele>948.4</ele>
    <time>2026-05-23T07:32:56Z</time>
   </trkpt>
   <trkpt lat="49.6276470" lon="18.6271970">
    <ele>948.6</ele>
    <time>2026-05-23T07:32:57Z</time>
   </trkpt>
   <trkpt lat="49.6276620" lon="18.6272070">
    <ele>948.6</ele>
    <time>2026-05-23T07:32:58Z</time>
   </trkpt>
   <trkpt lat="49.6276750" lon="18.6272210">
    <ele>948.8</ele>
    <time>2026-05-23T07:32:59Z</time>
   </trkpt>
   <trkpt lat="49.6276860" lon="18.6272390">
    <ele>948.8</ele>
    <time>2026-05-23T07:33:00Z</time>
   </trkpt>
   <trkpt lat="49.6276950" lon="18.6272590">
    <ele>948.8</ele>
    <time>2026-05-23T07:33:01Z</time>
   </trkpt>
   <trkpt lat="49.6277010" lon="18.6272830">
    <ele>948.8</ele>
    <time>2026-05-23T07:33:02Z</time>
   </trkpt>
   <trkpt lat="49.6277040" lon="18.6273050">
    <ele>949.0</ele>
    <time>2026-05-23T07:33:03Z</time>
   </trkpt>
   <trkpt lat="49.6277080" lon="18.6273250">
    <ele>949.0</ele>
    <time>2026-05-23T07:33:04Z</time>
   </trkpt>
   <trkpt lat="49.6277090" lon="18.6273480">
    <ele>949.0</ele>
    <time>2026-05-23T07:33:05Z</time>
   </trkpt>
   <trkpt lat="49.6277130" lon="18.6273720">
    <ele>949.0</ele>
    <time>2026-05-23T07:33:06Z</time>
   </trkpt>
   <trkpt lat="49.6277120" lon="18.6273900">
    <ele>949.2</ele>
    <time>2026-05-23T07:33:07Z</time>
   </trkpt>
   <trkpt lat="49.6277120" lon="18.6274100">
    <ele>949.2</ele>
    <time>2026-05-23T07:33:08Z</time>
   </trkpt>
   <trkpt lat="49.6277170" lon="18.6274360">
    <ele>949.2</ele>
    <time>2026-05-23T07:33:09Z</time>
   </trkpt>
   <trkpt lat="49.6277240" lon="18.6274570">
    <ele>949.2</ele>
    <time>2026-05-23T07:33:10Z</time>
   </trkpt>
   <trkpt lat="49.6277290" lon="18.6274820">
    <ele>949.0</ele>
    <time>2026-05-23T07:33:11Z</time>
   </trkpt>
   <trkpt lat="49.6277360" lon="18.6275070">
    <ele>949.0</ele>
    <time>2026-05-23T07:33:12Z</time>
   </trkpt>
   <trkpt lat="49.6277450" lon="18.6275320">
    <ele>948.6</ele>
    <time>2026-05-23T07:33:13Z</time>
   </trkpt>
   <trkpt lat="49.6277500" lon="18.6275620">
    <ele>948.4</ele>
    <time>2026-05-23T07:33:14Z</time>
   </trkpt>
   <trkpt lat="49.6277520" lon="18.6276110">
    <ele>948.2</ele>
    <time>2026-05-23T07:33:16Z</time>
   </trkpt>
   <trkpt lat="49.6277490" lon="18.6276370">
    <ele>948.2</ele>
    <time>2026-05-23T07:33:17Z</time>
   </trkpt>
   <trkpt lat="49.6277440" lon="18.6276620">
    <ele>948.0</ele>
    <time>2026-05-23T07:33:18Z</time>
   </trkpt>
   <trkpt lat="49.6277370" lon="18.6276840">
    <ele>947.8</ele>
    <time>2026-05-23T07:33:19Z</time>
   </trkpt>
   <trkpt lat="49.6277250" lon="18.6277040">
    <ele>947.4</ele>
    <time>2026-05-23T07:33:20Z</time>
   </trkpt>
   <trkpt lat="49.6277140" lon="18.6277220">
    <ele>947.4</ele>
    <time>2026-05-23T07:33:21Z</time>
   </trkpt>
   <trkpt lat="49.6277000" lon="18.6277360">
    <ele>947.2</ele>
    <time>2026-05-23T07:33:22Z</time>
   </trkpt>
   <trkpt lat="49.6276880" lon="18.6277470">
    <ele>947.2</ele>
    <time>2026-05-23T07:33:23Z</time>
   </trkpt>
   <trkpt lat="49.6276750" lon="18.6277590">
    <ele>947.2</ele>
    <time>2026-05-23T07:33:24Z</time>
   </trkpt>
   <trkpt lat="49.6276130" lon="18.6278090">
    <ele>947.0</ele>
    <time>2026-05-23T07:33:28Z</time>
   </trkpt>
   <trkpt lat="49.6275910" lon="18.6278230">
    <ele>946.6</ele>
    <time>2026-05-23T07:33:30Z</time>
   </trkpt>
   <trkpt lat="49.6275870" lon="18.6278270">
    <ele>946.4</ele>
    <time>2026-05-23T07:33:31Z</time>
   </trkpt>
   <trkpt lat="49.6275820" lon="18.6278130">
    <ele>946.4</ele>
    <time>2026-05-23T07:33:38Z</time>
   </trkpt>
   <trkpt lat="49.6275830" lon="18.6278110">
    <ele>946.4</ele>
    <time>2026-05-23T07:33:42Z</time>
   </trkpt>
   <trkpt lat="49.6275830" lon="18.6278110">
    <ele>946.4</ele>
    <time>2026-05-23T07:33:47Z</time>
   </trkpt>
   <trkpt lat="49.6275750" lon="18.6278330">
    <ele>946.4</ele>
    <time>2026-05-23T07:33:57Z</time>
   </trkpt>
   <trkpt lat="49.6275720" lon="18.6278330">
    <ele>946.4</ele>
    <time>2026-05-23T07:33:58Z</time>
   </trkpt>
   <trkpt lat="49.6275720" lon="18.6278330">
    <ele>943.4</ele>
    <time>2026-05-23T08:52:59Z</time>
   </trkpt>
   <trkpt lat="49.6277140" lon="18.6279080">
    <ele>943.4</ele>
    <time>2026-05-23T08:53:09Z</time>
   </trkpt>
   <trkpt lat="49.6278160" lon="18.6279070">
    <ele>943.4</ele>
    <time>2026-05-23T08:53:20Z</time>
   </trkpt>
   <trkpt lat="49.6278000" lon="18.6279160">
    <ele>943.4</ele>
    <time>2026-05-23T08:53:24Z</time>
   </trkpt>
   <trkpt lat="49.6278010" lon="18.6279380">
    <ele>943.4</ele>
    <time>2026-05-23T08:53:27Z</time>
   </trkpt>
   <trkpt lat="49.6278170" lon="18.6279880">
    <ele>944.6</ele>
    <time>2026-05-23T08:53:29Z</time>
   </trkpt>
   <trkpt lat="49.6278490" lon="18.6281550">
    <ele>943.6</ele>
    <time>2026-05-23T08:53:32Z</time>
   </trkpt>
   <trkpt lat="49.6278640" lon="18.6282280">
    <ele>942.2</ele>
    <time>2026-05-23T08:53:33Z</time>
   </trkpt>
   <trkpt lat="49.6278750" lon="18.6282860">
    <ele>940.6</ele>
    <time>2026-05-23T08:53:34Z</time>
   </trkpt>
   <trkpt lat="49.6278930" lon="18.6283960">
    <ele>939.0</ele>
    <time>2026-05-23T08:53:36Z</time>
   </trkpt>
   <trkpt lat="49.6279020" lon="18.6284610">
    <ele>937.4</ele>
    <time>2026-05-23T08:53:37Z</time>
   </trkpt>
   <trkpt lat="49.6279100" lon="18.6285290">
    <ele>935.2</ele>
    <time>2026-05-23T08:53:38Z</time>
   </trkpt>
   <trkpt lat="49.6279220" lon="18.6286640">
    <ele>933.4</ele>
    <time>2026-05-23T08:53:40Z</time>
   </trkpt>
   <trkpt lat="49.6279270" lon="18.6287220">
    <ele>932.0</ele>
    <time>2026-05-23T08:53:41Z</time>
   </trkpt>
   <trkpt lat="49.6279290" lon="18.6287750">
    <ele>929.6</ele>
    <time>2026-05-23T08:53:42Z</time>
   </trkpt>
   <trkpt lat="49.6279320" lon="18.6288160">
    <ele>928.8</ele>
    <time>2026-05-23T08:53:43Z</time>
   </trkpt>
   <trkpt lat="49.6279370" lon="18.6288450">
    <ele>928.6</ele>
    <time>2026-05-23T08:53:44Z</time>
   </trkpt>
   <trkpt lat="49.6279420" lon="18.6288630">
    <ele>927.4</ele>
    <time>2026-05-23T08:53:45Z</time>
   </trkpt>
   <trkpt lat="49.6279480" lon="18.6288760">
    <ele>927.0</ele>
    <time>2026-05-23T08:53:46Z</time>
   </trkpt>
   <trkpt lat="49.6279480" lon="18.6288780">
    <ele>926.4</ele>
    <time>2026-05-23T08:53:47Z</time>
   </trkpt>
   <trkpt lat="49.6279490" lon="18.6288800">
    <ele>926.2</ele>
    <time>2026-05-23T08:53:48Z</time>
   </trkpt>
   <trkpt lat="49.6279490" lon="18.6288820">
    <ele>926.0</ele>
    <time>2026-05-23T08:53:49Z</time>
   </trkpt>
   <trkpt lat="49.6279490" lon="18.6288830">
    <ele>925.8</ele>
    <time>2026-05-23T08:53:52Z</time>
   </trkpt>
   <trkpt lat="49.6279490" lon="18.6288850">
    <ele>925.6</ele>
    <time>2026-05-23T08:53:56Z</time>
   </trkpt>
   <trkpt lat="49.6279500" lon="18.6288870">
    <ele>925.6</ele>
    <time>2026-05-23T08:53:57Z</time>
   </trkpt>
   <trkpt lat="49.6279500" lon="18.6288890">
    <ele>925.6</ele>
    <time>2026-05-23T08:54:15Z</time>
   </trkpt>
   <trkpt lat="49.6279500" lon="18.6288910">
    <ele>925.6</ele>
    <time>2026-05-23T08:54:16Z</time>
   </trkpt>
   <trkpt lat="49.6279720" lon="18.6290350">
    <ele>924.6</ele>
    <time>2026-05-23T08:54:18Z</time>
   </trkpt>
   <trkpt lat="49.6279830" lon="18.6291330">
    <ele>923.4</ele>
    <time>2026-05-23T08:54:19Z</time>
   </trkpt>
   <trkpt lat="49.6279910" lon="18.6292450">
    <ele>921.6</ele>
    <time>2026-05-23T08:54:20Z</time>
   </trkpt>
   <trkpt lat="49.6280000" lon="18.6293920">
    <ele>919.0</ele>
    <time>2026-05-23T08:54:21Z</time>
   </trkpt>
   <trkpt lat="49.6280110" lon="18.6295280">
    <ele>917.0</ele>
    <time>2026-05-23T08:54:22Z</time>
   </trkpt>
   <trkpt lat="49.6280220" lon="18.6296470">
    <ele>915.4</ele>
    <time>2026-05-23T08:54:23Z</time>
   </trkpt>
   <trkpt lat="49.6280380" lon="18.6298090">
    <ele>913.6</ele>
    <time>2026-05-23T08:54:24Z</time>
   </trkpt>
   <trkpt lat="49.6280560" lon="18.6299890">
    <ele>907.8</ele>
    <time>2026-05-23T08:54:25Z</time>
   </trkpt>
   <trkpt lat="49.6280750" lon="18.6301820">
    <ele>904.6</ele>
    <time>2026-05-23T08:54:26Z</time>
   </trkpt>
   <trkpt lat="49.6280920" lon="18.6303830">
    <ele>902.0</ele>
    <time>2026-05-23T08:54:27Z</time>
   </trkpt>
   <trkpt lat="49.6281030" lon="18.6305880">
    <ele>899.0</ele>
    <time>2026-05-23T08:54:28Z</time>
   </trkpt>
   <trkpt lat="49.6281150" lon="18.6307920">
    <ele>897.2</ele>
    <time>2026-05-23T08:54:29Z</time>
   </trkpt>
   <trkpt lat="49.6281290" lon="18.6309920">
    <ele>894.0</ele>
    <time>2026-05-23T08:54:30Z</time>
   </trkpt>
   <trkpt lat="49.6281440" lon="18.6311840">
    <ele>893.4</ele>
    <time>2026-05-23T08:54:31Z</time>
   </trkpt>
   <trkpt lat="49.6281580" lon="18.6313700">
    <ele>892.4</ele>
    <time>2026-05-23T08:54:32Z</time>
   </trkpt>
   <trkpt lat="49.6281690" lon="18.6315500">
    <ele>891.8</ele>
    <time>2026-05-23T08:54:33Z</time>
   </trkpt>
   <trkpt lat="49.6281820" lon="18.6317250">
    <ele>891.0</ele>
    <time>2026-05-23T08:54:34Z</time>
   </trkpt>
   <trkpt lat="49.6281900" lon="18.6318930">
    <ele>890.8</ele>
    <time>2026-05-23T08:54:35Z</time>
   </trkpt>
   <trkpt lat="49.6282020" lon="18.6320550">
    <ele>890.8</ele>
    <time>2026-05-23T08:54:36Z</time>
   </trkpt>
   <trkpt lat="49.6282080" lon="18.6322110">
    <ele>890.6</ele>
    <time>2026-05-23T08:54:37Z</time>
   </trkpt>
   <trkpt lat="49.6282080" lon="18.6323630">
    <ele>890.6</ele>
    <time>2026-05-23T08:54:38Z</time>
   </trkpt>
   <trkpt lat="49.6282130" lon="18.6325050">
    <ele>890.6</ele>
    <time>2026-05-23T08:54:39Z</time>
   </trkpt>
   <trkpt lat="49.6282220" lon="18.6326380">
    <ele>890.8</ele>
    <time>2026-05-23T08:54:40Z</time>
   </trkpt>
   <trkpt lat="49.6282380" lon="18.6327650">
    <ele>891.0</ele>
    <time>2026-05-23T08:54:41Z</time>
   </trkpt>
   <trkpt lat="49.6282570" lon="18.6328850">
    <ele>891.2</ele>
    <time>2026-05-23T08:54:42Z</time>
   </trkpt>
   <trkpt lat="49.6282790" lon="18.6329970">
    <ele>891.4</ele>
    <time>2026-05-23T08:54:43Z</time>
   </trkpt>
   <trkpt lat="49.6283060" lon="18.6331010">
    <ele>891.4</ele>
    <time>2026-05-23T08:54:44Z</time>
   </trkpt>
   <trkpt lat="49.6283390" lon="18.6331900">
    <ele>891.6</ele>
    <time>2026-05-23T08:54:45Z</time>
   </trkpt>
   <trkpt lat="49.6283760" lon="18.6332740">
    <ele>891.6</ele>
    <time>2026-05-23T08:54:46Z</time>
   </trkpt>
   <trkpt lat="49.6284100" lon="18.6333630">
    <ele>891.4</ele>
    <time>2026-05-23T08:54:47Z</time>
   </trkpt>
   <trkpt lat="49.6284410" lon="18.6334550">
    <ele>891.2</ele>
    <time>2026-05-23T08:54:48Z</time>
   </trkpt>
   <trkpt lat="49.6285130" lon="18.6337370">
    <ele>890.2</ele>
    <time>2026-05-23T08:54:51Z</time>
   </trkpt>
   <trkpt lat="49.6285310" lon="18.6338350">
    <ele>889.6</ele>
    <time>2026-05-23T08:54:52Z</time>
   </trkpt>
   <trkpt lat="49.6285510" lon="18.6339260">
    <ele>889.4</ele>
    <time>2026-05-23T08:54:53Z</time>
   </trkpt>
   <trkpt lat="49.6285730" lon="18.6340100">
    <ele>889.4</ele>
    <time>2026-05-23T08:54:54Z</time>
   </trkpt>
   <trkpt lat="49.6285860" lon="18.6340840">
    <ele>889.2</ele>
    <time>2026-05-23T08:54:55Z</time>
   </trkpt>
   <trkpt lat="49.6285910" lon="18.6341500">
    <ele>889.2</ele>
    <time>2026-05-23T08:54:56Z</time>
   </trkpt>
   <trkpt lat="49.6285980" lon="18.6342020">
    <ele>889.2</ele>
    <time>2026-05-23T08:54:57Z</time>
   </trkpt>
   <trkpt lat="49.6286110" lon="18.6342330">
    <ele>889.0</ele>
    <time>2026-05-23T08:54:58Z</time>
   </trkpt>
   <trkpt lat="49.6286180" lon="18.6342480">
    <ele>889.0</ele>
    <time>2026-05-23T08:54:59Z</time>
   </trkpt>
   <trkpt lat="49.6286200" lon="18.6342560">
    <ele>888.8</ele>
    <time>2026-05-23T08:55:03Z</time>
   </trkpt>
   <trkpt lat="49.6286450" lon="18.6342990">
    <ele>889.0</ele>
    <time>2026-05-23T08:55:06Z</time>
   </trkpt>
   <trkpt lat="49.6286810" lon="18.6344050">
    <ele>888.6</ele>
    <time>2026-05-23T08:55:08Z</time>
   </trkpt>
   <trkpt lat="49.6287050" lon="18.6344720">
    <ele>887.8</ele>
    <time>2026-05-23T08:55:09Z</time>
   </trkpt>
   <trkpt lat="49.6287550" lon="18.6346180">
    <ele>886.6</ele>
    <time>2026-05-23T08:55:11Z</time>
   </trkpt>
   <trkpt lat="49.6287800" lon="18.6346870">
    <ele>885.4</ele>
    <time>2026-05-23T08:55:12Z</time>
   </trkpt>
   <trkpt lat="49.6288050" lon="18.6347530">
    <ele>884.8</ele>
    <time>2026-05-23T08:55:13Z</time>
   </trkpt>
   <trkpt lat="49.6288280" lon="18.6348170">
    <ele>884.0</ele>
    <time>2026-05-23T08:55:14Z</time>
   </trkpt>
   <trkpt lat="49.6288540" lon="18.6348840">
    <ele>883.4</ele>
    <time>2026-05-23T08:55:15Z</time>
   </trkpt>
   <trkpt lat="49.6288730" lon="18.6349490">
    <ele>882.6</ele>
    <time>2026-05-23T08:55:16Z</time>
   </trkpt>
   <trkpt lat="49.6288920" lon="18.6350100">
    <ele>881.8</ele>
    <time>2026-05-23T08:55:17Z</time>
   </trkpt>
   <trkpt lat="49.6289070" lon="18.6350800">
    <ele>881.2</ele>
    <time>2026-05-23T08:55:18Z</time>
   </trkpt>
   <trkpt lat="49.6289140" lon="18.6351570">
    <ele>880.6</ele>
    <time>2026-05-23T08:55:19Z</time>
   </trkpt>
   <trkpt lat="49.6289150" lon="18.6352370">
    <ele>879.8</ele>
    <time>2026-05-23T08:55:20Z</time>
   </trkpt>
   <trkpt lat="49.6289100" lon="18.6353150">
    <ele>879.8</ele>
    <time>2026-05-23T08:55:21Z</time>
   </trkpt>
   <trkpt lat="49.6289030" lon="18.6353840">
    <ele>879.6</ele>
    <time>2026-05-23T08:55:22Z</time>
   </trkpt>
   <trkpt lat="49.6288920" lon="18.6354470">
    <ele>879.6</ele>
    <time>2026-05-23T08:55:23Z</time>
   </trkpt>
   <trkpt lat="49.6288850" lon="18.6355080">
    <ele>879.6</ele>
    <time>2026-05-23T08:55:24Z</time>
   </trkpt>
   <trkpt lat="49.6288820" lon="18.6355660">
    <ele>879.6</ele>
    <time>2026-05-23T08:55:25Z</time>
   </trkpt>
   <trkpt lat="49.6288820" lon="18.6356210">
    <ele>879.8</ele>
    <time>2026-05-23T08:55:26Z</time>
   </trkpt>
   <trkpt lat="49.6288820" lon="18.6356690">
    <ele>880.0</ele>
    <time>2026-05-23T08:55:27Z</time>
   </trkpt>
   <trkpt lat="49.6288780" lon="18.6357150">
    <ele>880.0</ele>
    <time>2026-05-23T08:55:28Z</time>
   </trkpt>
   <trkpt lat="49.6288780" lon="18.6357560">
    <ele>880.2</ele>
    <time>2026-05-23T08:55:29Z</time>
   </trkpt>
   <trkpt lat="49.6288690" lon="18.6358410">
    <ele>880.2</ele>
    <time>2026-05-23T08:55:31Z</time>
   </trkpt>
   <trkpt lat="49.6288690" lon="18.6359760">
    <ele>880.0</ele>
    <time>2026-05-23T08:55:34Z</time>
   </trkpt>
   <trkpt lat="49.6288540" lon="18.6360810">
    <ele>879.4</ele>
    <time>2026-05-23T08:55:36Z</time>
   </trkpt>
   <trkpt lat="49.6288830" lon="18.6361970">
    <ele>878.4</ele>
    <time>2026-05-23T08:55:38Z</time>
   </trkpt>
   <trkpt lat="49.6289040" lon="18.6362610">
    <ele>876.8</ele>
    <time>2026-05-23T08:55:39Z</time>
   </trkpt>
   <trkpt lat="49.6289300" lon="18.6363320">
    <ele>875.4</ele>
    <time>2026-05-23T08:55:40Z</time>
   </trkpt>
   <trkpt lat="49.6289560" lon="18.6364040">
    <ele>875.0</ele>
    <time>2026-05-23T08:55:41Z</time>
   </trkpt>
   <trkpt lat="49.6289720" lon="18.6364660">
    <ele>874.8</ele>
    <time>2026-05-23T08:55:42Z</time>
   </trkpt>
   <trkpt lat="49.6289870" lon="18.6365190">
    <ele>874.4</ele>
    <time>2026-05-23T08:55:43Z</time>
   </trkpt>
   <trkpt lat="49.6290040" lon="18.6365740">
    <ele>873.6</ele>
    <time>2026-05-23T08:55:44Z</time>
   </trkpt>
   <trkpt lat="49.6290210" lon="18.6366240">
    <ele>872.6</ele>
    <time>2026-05-23T08:55:45Z</time>
   </trkpt>
   <trkpt lat="49.6290450" lon="18.6366640">
    <ele>872.2</ele>
    <time>2026-05-23T08:55:46Z</time>
   </trkpt>
   <trkpt lat="49.6290740" lon="18.6366890">
    <ele>871.2</ele>
    <time>2026-05-23T08:55:47Z</time>
   </trkpt>
   <trkpt lat="49.6291050" lon="18.6366980">
    <ele>870.8</ele>
    <time>2026-05-23T08:55:48Z</time>
   </trkpt>
   <trkpt lat="49.6291340" lon="18.6366990">
    <ele>870.4</ele>
    <time>2026-05-23T08:55:49Z</time>
   </trkpt>
   <trkpt lat="49.6291620" lon="18.6366950">
    <ele>870.0</ele>
    <time>2026-05-23T08:55:50Z</time>
   </trkpt>
   <trkpt lat="49.6291900" lon="18.6366880">
    <ele>869.8</ele>
    <time>2026-05-23T08:55:51Z</time>
   </trkpt>
   <trkpt lat="49.6292220" lon="18.6366730">
    <ele>869.0</ele>
    <time>2026-05-23T08:55:52Z</time>
   </trkpt>
   <trkpt lat="49.6292550" lon="18.6366560">
    <ele>868.0</ele>
    <time>2026-05-23T08:55:53Z</time>
   </trkpt>
   <trkpt lat="49.6292900" lon="18.6366340">
    <ele>867.8</ele>
    <time>2026-05-23T08:55:54Z</time>
   </trkpt>
   <trkpt lat="49.6293280" lon="18.6366060">
    <ele>867.2</ele>
    <time>2026-05-23T08:55:55Z</time>
   </trkpt>
   <trkpt lat="49.6293660" lon="18.6365750">
    <ele>866.4</ele>
    <time>2026-05-23T08:55:56Z</time>
   </trkpt>
   <trkpt lat="49.6294030" lon="18.6365380">
    <ele>865.6</ele>
    <time>2026-05-23T08:55:57Z</time>
   </trkpt>
   <trkpt lat="49.6294430" lon="18.6364970">
    <ele>864.6</ele>
    <time>2026-05-23T08:55:58Z</time>
   </trkpt>
   <trkpt lat="49.6294810" lon="18.6364610">
    <ele>863.6</ele>
    <time>2026-05-23T08:55:59Z</time>
   </trkpt>
   <trkpt lat="49.6295130" lon="18.6364240">
    <ele>862.8</ele>
    <time>2026-05-23T08:56:00Z</time>
   </trkpt>
   <trkpt lat="49.6295410" lon="18.6363880">
    <ele>862.0</ele>
    <time>2026-05-23T08:56:01Z</time>
   </trkpt>
   <trkpt lat="49.6295610" lon="18.6363510">
    <ele>861.6</ele>
    <time>2026-05-23T08:56:02Z</time>
   </trkpt>
   <trkpt lat="49.6295810" lon="18.6363190">
    <ele>860.8</ele>
    <time>2026-05-23T08:56:03Z</time>
   </trkpt>
   <trkpt lat="49.6296080" lon="18.6363080">
    <ele>860.6</ele>
    <time>2026-05-23T08:56:04Z</time>
   </trkpt>
   <trkpt lat="49.6296300" lon="18.6363300">
    <ele>860.2</ele>
    <time>2026-05-23T08:56:05Z</time>
   </trkpt>
   <trkpt lat="49.6296400" lon="18.6363790">
    <ele>859.6</ele>
    <time>2026-05-23T08:56:06Z</time>
   </trkpt>
   <trkpt lat="49.6296530" lon="18.6364480">
    <ele>859.4</ele>
    <time>2026-05-23T08:56:07Z</time>
   </trkpt>
   <trkpt lat="49.6296670" lon="18.6365260">
    <ele>858.0</ele>
    <time>2026-05-23T08:56:08Z</time>
   </trkpt>
   <trkpt lat="49.6296830" lon="18.6366060">
    <ele>857.0</ele>
    <time>2026-05-23T08:56:09Z</time>
   </trkpt>
   <trkpt lat="49.6296970" lon="18.6366800">
    <ele>856.2</ele>
    <time>2026-05-23T08:56:10Z</time>
   </trkpt>
   <trkpt lat="49.6297100" lon="18.6367550">
    <ele>855.4</ele>
    <time>2026-05-23T08:56:11Z</time>
   </trkpt>
   <trkpt lat="49.6297260" lon="18.6368190">
    <ele>854.2</ele>
    <time>2026-05-23T08:56:12Z</time>
   </trkpt>
   <trkpt lat="49.6297370" lon="18.6368650">
    <ele>853.0</ele>
    <time>2026-05-23T08:56:13Z</time>
   </trkpt>
   <trkpt lat="49.6297380" lon="18.6368840">
    <ele>852.0</ele>
    <time>2026-05-23T08:56:14Z</time>
   </trkpt>
   <trkpt lat="49.6297530" lon="18.6368850">
    <ele>851.6</ele>
    <time>2026-05-23T08:56:17Z</time>
   </trkpt>
   <trkpt lat="49.6297550" lon="18.6369010">
    <ele>851.4</ele>
    <time>2026-05-23T08:56:22Z</time>
   </trkpt>
   <trkpt lat="49.6297550" lon="18.6369010">
    <ele>851.4</ele>
    <time>2026-05-23T08:56:23Z</time>
   </trkpt>
   <trkpt lat="49.6297330" lon="18.6369430">
    <ele>853.4</ele>
    <time>2026-05-23T08:57:40Z</time>
   </trkpt>
   <trkpt lat="49.6297330" lon="18.6369430">
    <ele>853.4</ele>
    <time>2026-05-23T08:57:43Z</time>
   </trkpt>
   <trkpt lat="49.6297340" lon="18.6369460">
    <ele>853.4</ele>
    <time>2026-05-23T08:57:45Z</time>
   </trkpt>
   <trkpt lat="49.6297430" lon="18.6369940">
    <ele>853.2</ele>
    <time>2026-05-23T08:57:47Z</time>
   </trkpt>
   <trkpt lat="49.6297530" lon="18.6370970">
    <ele>852.4</ele>
    <time>2026-05-23T08:57:49Z</time>
   </trkpt>
   <trkpt lat="49.6297570" lon="18.6371690">
    <ele>850.8</ele>
    <time>2026-05-23T08:57:50Z</time>
   </trkpt>
   <trkpt lat="49.6297560" lon="18.6373530">
    <ele>847.8</ele>
    <time>2026-05-23T08:57:52Z</time>
   </trkpt>
   <trkpt lat="49.6297540" lon="18.6374630">
    <ele>846.2</ele>
    <time>2026-05-23T08:57:53Z</time>
   </trkpt>
   <trkpt lat="49.6297500" lon="18.6375760">
    <ele>844.6</ele>
    <time>2026-05-23T08:57:54Z</time>
   </trkpt>
   <trkpt lat="49.6297440" lon="18.6376840">
    <ele>843.4</ele>
    <time>2026-05-23T08:57:55Z</time>
   </trkpt>
   <trkpt lat="49.6297370" lon="18.6377800">
    <ele>841.4</ele>
    <time>2026-05-23T08:57:56Z</time>
   </trkpt>
   <trkpt lat="49.6297220" lon="18.6378710">
    <ele>840.4</ele>
    <time>2026-05-23T08:57:57Z</time>
   </trkpt>
   <trkpt lat="49.6296960" lon="18.6379650">
    <ele>839.6</ele>
    <time>2026-05-23T08:57:58Z</time>
   </trkpt>
   <trkpt lat="49.6296700" lon="18.6380540">
    <ele>837.4</ele>
    <time>2026-05-23T08:57:59Z</time>
   </trkpt>
   <trkpt lat="49.6296490" lon="18.6381270">
    <ele>836.8</ele>
    <time>2026-05-23T08:58:00Z</time>
   </trkpt>
   <trkpt lat="49.6296330" lon="18.6381830">
    <ele>836.0</ele>
    <time>2026-05-23T08:58:01Z</time>
   </trkpt>
   <trkpt lat="49.6296300" lon="18.6381920">
    <ele>835.8</ele>
    <time>2026-05-23T08:58:02Z</time>
   </trkpt>
   <trkpt lat="49.6296300" lon="18.6381920">
    <ele>835.6</ele>
    <time>2026-05-23T08:58:04Z</time>
   </trkpt>
   <trkpt lat="49.6296310" lon="18.6381930">
    <ele>835.6</ele>
    <time>2026-05-23T08:58:05Z</time>
   </trkpt>
   <trkpt lat="49.6296580" lon="18.6381980">
    <ele>835.4</ele>
    <time>2026-05-23T08:58:11Z</time>
   </trkpt>
   <trkpt lat="49.6297100" lon="18.6382020">
    <ele>834.4</ele>
    <time>2026-05-23T08:58:13Z</time>
   </trkpt>
   <trkpt lat="49.6297440" lon="18.6381960">
    <ele>834.0</ele>
    <time>2026-05-23T08:58:14Z</time>
   </trkpt>
   <trkpt lat="49.6297940" lon="18.6381880">
    <ele>833.0</ele>
    <time>2026-05-23T08:58:15Z</time>
   </trkpt>
   <trkpt lat="49.6298300" lon="18.6381830">
    <ele>831.6</ele>
    <time>2026-05-23T08:58:16Z</time>
   </trkpt>
   <trkpt lat="49.6299100" lon="18.6381760">
    <ele>830.2</ele>
    <time>2026-05-23T08:58:18Z</time>
   </trkpt>
   <trkpt lat="49.6299470" lon="18.6381680">
    <ele>829.6</ele>
    <time>2026-05-23T08:58:19Z</time>
   </trkpt>
   <trkpt lat="49.6299810" lon="18.6381640">
    <ele>828.6</ele>
    <time>2026-05-23T08:58:20Z</time>
   </trkpt>
   <trkpt lat="49.6300210" lon="18.6381500">
    <ele>828.0</ele>
    <time>2026-05-23T08:58:21Z</time>
   </trkpt>
   <trkpt lat="49.6300450" lon="18.6381500">
    <ele>827.0</ele>
    <time>2026-05-23T08:58:22Z</time>
   </trkpt>
   <trkpt lat="49.6300730" lon="18.6381740">
    <ele>826.2</ele>
    <time>2026-05-23T08:58:23Z</time>
   </trkpt>
   <trkpt lat="49.6300910" lon="18.6382450">
    <ele>825.6</ele>
    <time>2026-05-23T08:58:24Z</time>
   </trkpt>
   <trkpt lat="49.6300940" lon="18.6383010">
    <ele>825.2</ele>
    <time>2026-05-23T08:58:25Z</time>
   </trkpt>
   <trkpt lat="49.6300950" lon="18.6383610">
    <ele>824.2</ele>
    <time>2026-05-23T08:58:26Z</time>
   </trkpt>
   <trkpt lat="49.6301060" lon="18.6384130">
    <ele>823.4</ele>
    <time>2026-05-23T08:58:27Z</time>
   </trkpt>
   <trkpt lat="49.6301180" lon="18.6384430">
    <ele>822.6</ele>
    <time>2026-05-23T08:58:28Z</time>
   </trkpt>
   <trkpt lat="49.6301220" lon="18.6384790">
    <ele>821.2</ele>
    <time>2026-05-23T08:58:29Z</time>
   </trkpt>
   <trkpt lat="49.6301190" lon="18.6385890">
    <ele>820.2</ele>
    <time>2026-05-23T08:58:31Z</time>
   </trkpt>
   <trkpt lat="49.6301230" lon="18.6386450">
    <ele>819.8</ele>
    <time>2026-05-23T08:58:32Z</time>
   </trkpt>
   <trkpt lat="49.6301210" lon="18.6387190">
    <ele>818.8</ele>
    <time>2026-05-23T08:58:33Z</time>
   </trkpt>
   <trkpt lat="49.6301110" lon="18.6388100">
    <ele>818.0</ele>
    <time>2026-05-23T08:58:34Z</time>
   </trkpt>
   <trkpt lat="49.6301030" lon="18.6388860">
    <ele>816.4</ele>
    <time>2026-05-23T08:58:35Z</time>
   </trkpt>
   <trkpt lat="49.6300990" lon="18.6389470">
    <ele>814.8</ele>
    <time>2026-05-23T08:58:36Z</time>
   </trkpt>
   <trkpt lat="49.6300780" lon="18.6391070">
    <ele>813.2</ele>
    <time>2026-05-23T08:58:38Z</time>
   </trkpt>
   <trkpt lat="49.6300610" lon="18.6391960">
    <ele>811.8</ele>
    <time>2026-05-23T08:58:39Z</time>
   </trkpt>
   <trkpt lat="49.6300410" lon="18.6392980">
    <ele>809.6</ele>
    <time>2026-05-23T08:58:40Z</time>
   </trkpt>
   <trkpt lat="49.6300320" lon="18.6393630">
    <ele>808.6</ele>
    <time>2026-05-23T08:58:41Z</time>
   </trkpt>
   <trkpt lat="49.6300190" lon="18.6394450">
    <ele>808.2</ele>
    <time>2026-05-23T08:58:42Z</time>
   </trkpt>
   <trkpt lat="49.6300050" lon="18.6395180">
    <ele>806.6</ele>
    <time>2026-05-23T08:58:43Z</time>
   </trkpt>
   <trkpt lat="49.6299870" lon="18.6395770">
    <ele>806.0</ele>
    <time>2026-05-23T08:58:44Z</time>
   </trkpt>
   <trkpt lat="49.6299730" lon="18.6396400">
    <ele>804.8</ele>
    <time>2026-05-23T08:58:45Z</time>
   </trkpt>
   <trkpt lat="49.6299620" lon="18.6396860">
    <ele>804.4</ele>
    <time>2026-05-23T08:58:46Z</time>
   </trkpt>
   <trkpt lat="49.6299550" lon="18.6397210">
    <ele>803.6</ele>
    <time>2026-05-23T08:58:47Z</time>
   </trkpt>
   <trkpt lat="49.6299670" lon="18.6397480">
    <ele>803.0</ele>
    <time>2026-05-23T08:58:48Z</time>
   </trkpt>
   <trkpt lat="49.6299960" lon="18.6397720">
    <ele>802.0</ele>
    <time>2026-05-23T08:58:49Z</time>
   </trkpt>
   <trkpt lat="49.6300390" lon="18.6397820">
    <ele>801.6</ele>
    <time>2026-05-23T08:58:50Z</time>
   </trkpt>
   <trkpt lat="49.6300740" lon="18.6397900">
    <ele>800.8</ele>
    <time>2026-05-23T08:58:51Z</time>
   </trkpt>
   <trkpt lat="49.6301130" lon="18.6397870">
    <ele>800.0</ele>
    <time>2026-05-23T08:58:52Z</time>
   </trkpt>
   <trkpt lat="49.6301480" lon="18.6397750">
    <ele>798.6</ele>
    <time>2026-05-23T08:58:53Z</time>
   </trkpt>
   <trkpt lat="49.6301860" lon="18.6397680">
    <ele>798.0</ele>
    <time>2026-05-23T08:58:54Z</time>
   </trkpt>
   <trkpt lat="49.6302070" lon="18.6397850">
    <ele>797.8</ele>
    <time>2026-05-23T08:58:55Z</time>
   </trkpt>
   <trkpt lat="49.6302200" lon="18.6398220">
    <ele>797.6</ele>
    <time>2026-05-23T08:58:56Z</time>
   </trkpt>
   <trkpt lat="49.6302500" lon="18.6398740">
    <ele>795.6</ele>
    <time>2026-05-23T08:58:58Z</time>
   </trkpt>
   <trkpt lat="49.6302710" lon="18.6399120">
    <ele>794.6</ele>
    <time>2026-05-23T08:58:59Z</time>
   </trkpt>
   <trkpt lat="49.6302880" lon="18.6399510">
    <ele>793.6</ele>
    <time>2026-05-23T08:59:00Z</time>
   </trkpt>
   <trkpt lat="49.6303070" lon="18.6399700">
    <ele>792.6</ele>
    <time>2026-05-23T08:59:01Z</time>
   </trkpt>
   <trkpt lat="49.6303280" lon="18.6399840">
    <ele>791.6</ele>
    <time>2026-05-23T08:59:02Z</time>
   </trkpt>
   <trkpt lat="49.6303430" lon="18.6400130">
    <ele>791.0</ele>
    <time>2026-05-23T08:59:03Z</time>
   </trkpt>
   <trkpt lat="49.6303480" lon="18.6400700">
    <ele>790.6</ele>
    <time>2026-05-23T08:59:04Z</time>
   </trkpt>
   <trkpt lat="49.6303490" lon="18.6401330">
    <ele>790.0</ele>
    <time>2026-05-23T08:59:05Z</time>
   </trkpt>
   <trkpt lat="49.6303470" lon="18.6401910">
    <ele>788.6</ele>
    <time>2026-05-23T08:59:06Z</time>
   </trkpt>
   <trkpt lat="49.6303450" lon="18.6402930">
    <ele>787.4</ele>
    <time>2026-05-23T08:59:07Z</time>
   </trkpt>
   <trkpt lat="49.6303450" lon="18.6403710">
    <ele>785.4</ele>
    <time>2026-05-23T08:59:08Z</time>
   </trkpt>
   <trkpt lat="49.6303470" lon="18.6404780">
    <ele>784.2</ele>
    <time>2026-05-23T08:59:09Z</time>
   </trkpt>
   <trkpt lat="49.6303450" lon="18.6405810">
    <ele>783.8</ele>
    <time>2026-05-23T08:59:10Z</time>
   </trkpt>
   <trkpt lat="49.6303510" lon="18.6406790">
    <ele>782.6</ele>
    <time>2026-05-23T08:59:11Z</time>
   </trkpt>
   <trkpt lat="49.6303560" lon="18.6407750">
    <ele>781.2</ele>
    <time>2026-05-23T08:59:12Z</time>
   </trkpt>
   <trkpt lat="49.6303580" lon="18.6408770">
    <ele>779.4</ele>
    <time>2026-05-23T08:59:13Z</time>
   </trkpt>
   <trkpt lat="49.6303480" lon="18.6409750">
    <ele>778.6</ele>
    <time>2026-05-23T08:59:14Z</time>
   </trkpt>
   <trkpt lat="49.6303330" lon="18.6410680">
    <ele>777.0</ele>
    <time>2026-05-23T08:59:15Z</time>
   </trkpt>
   <trkpt lat="49.6303160" lon="18.6411690">
    <ele>776.6</ele>
    <time>2026-05-23T08:59:16Z</time>
   </trkpt>
   <trkpt lat="49.6303020" lon="18.6412370">
    <ele>775.2</ele>
    <time>2026-05-23T08:59:17Z</time>
   </trkpt>
   <trkpt lat="49.6302820" lon="18.6413180">
    <ele>773.6</ele>
    <time>2026-05-23T08:59:18Z</time>
   </trkpt>
   <trkpt lat="49.6302630" lon="18.6413920">
    <ele>773.0</ele>
    <time>2026-05-23T08:59:19Z</time>
   </trkpt>
   <trkpt lat="49.6302490" lon="18.6414530">
    <ele>772.0</ele>
    <time>2026-05-23T08:59:20Z</time>
   </trkpt>
   <trkpt lat="49.6302480" lon="18.6415070">
    <ele>771.4</ele>
    <time>2026-05-23T08:59:21Z</time>
   </trkpt>
   <trkpt lat="49.6302540" lon="18.6415590">
    <ele>770.4</ele>
    <time>2026-05-23T08:59:22Z</time>
   </trkpt>
   <trkpt lat="49.6302630" lon="18.6416210">
    <ele>769.2</ele>
    <time>2026-05-23T08:59:23Z</time>
   </trkpt>
   <trkpt lat="49.6302870" lon="18.6416910">
    <ele>768.0</ele>
    <time>2026-05-23T08:59:24Z</time>
   </trkpt>
   <trkpt lat="49.6302980" lon="18.6417470">
    <ele>766.2</ele>
    <time>2026-05-23T08:59:25Z</time>
   </trkpt>
   <trkpt lat="49.6303090" lon="18.6417870">
    <ele>766.0</ele>
    <time>2026-05-23T08:59:26Z</time>
   </trkpt>
   <trkpt lat="49.6303270" lon="18.6418190">
    <ele>765.6</ele>
    <time>2026-05-23T08:59:27Z</time>
   </trkpt>
   <trkpt lat="49.6303470" lon="18.6418590">
    <ele>765.2</ele>
    <time>2026-05-23T08:59:28Z</time>
   </trkpt>
   <trkpt lat="49.6303640" lon="18.6419060">
    <ele>764.4</ele>
    <time>2026-05-23T08:59:29Z</time>
   </trkpt>
   <trkpt lat="49.6303860" lon="18.6419550">
    <ele>763.2</ele>
    <time>2026-05-23T08:59:30Z</time>
   </trkpt>
   <trkpt lat="49.6304100" lon="18.6420060">
    <ele>762.4</ele>
    <time>2026-05-23T08:59:31Z</time>
   </trkpt>
   <trkpt lat="49.6304180" lon="18.6420430">
    <ele>761.4</ele>
    <time>2026-05-23T08:59:32Z</time>
   </trkpt>
   <trkpt lat="49.6304260" lon="18.6420970">
    <ele>760.4</ele>
    <time>2026-05-23T08:59:33Z</time>
   </trkpt>
   <trkpt lat="49.6304550" lon="18.6422110">
    <ele>759.4</ele>
    <time>2026-05-23T08:59:35Z</time>
   </trkpt>
   <trkpt lat="49.6304720" lon="18.6422700">
    <ele>758.0</ele>
    <time>2026-05-23T08:59:36Z</time>
   </trkpt>
   <trkpt lat="49.6305000" lon="18.6423360">
    <ele>757.4</ele>
    <time>2026-05-23T08:59:37Z</time>
   </trkpt>
   <trkpt lat="49.6305150" lon="18.6423760">
    <ele>757.0</ele>
    <time>2026-05-23T08:59:38Z</time>
   </trkpt>
   <trkpt lat="49.6305240" lon="18.6424150">
    <ele>756.8</ele>
    <time>2026-05-23T08:59:39Z</time>
   </trkpt>
   <trkpt lat="49.6305380" lon="18.6424450">
    <ele>756.8</ele>
    <time>2026-05-23T08:59:40Z</time>
   </trkpt>
   <trkpt lat="49.6305510" lon="18.6424650">
    <ele>755.8</ele>
    <time>2026-05-23T08:59:41Z</time>
   </trkpt>
   <trkpt lat="49.6305600" lon="18.6424900">
    <ele>755.6</ele>
    <time>2026-05-23T08:59:42Z</time>
   </trkpt>
   <trkpt lat="49.6305760" lon="18.6425540">
    <ele>754.6</ele>
    <time>2026-05-23T08:59:44Z</time>
   </trkpt>
   <trkpt lat="49.6305760" lon="18.6425910">
    <ele>753.8</ele>
    <time>2026-05-23T08:59:45Z</time>
   </trkpt>
   <trkpt lat="49.6305790" lon="18.6426400">
    <ele>752.4</ele>
    <time>2026-05-23T08:59:46Z</time>
   </trkpt>
   <trkpt lat="49.6306040" lon="18.6427390">
    <ele>750.4</ele>
    <time>2026-05-23T08:59:48Z</time>
   </trkpt>
   <trkpt lat="49.6306200" lon="18.6428010">
    <ele>749.0</ele>
    <time>2026-05-23T08:59:49Z</time>
   </trkpt>
   <trkpt lat="49.6306430" lon="18.6428550">
    <ele>748.0</ele>
    <time>2026-05-23T08:59:50Z</time>
   </trkpt>
   <trkpt lat="49.6306680" lon="18.6429340">
    <ele>746.4</ele>
    <time>2026-05-23T08:59:51Z</time>
   </trkpt>
   <trkpt lat="49.6306900" lon="18.6430200">
    <ele>744.8</ele>
    <time>2026-05-23T08:59:52Z</time>
   </trkpt>
   <trkpt lat="49.6307140" lon="18.6431150">
    <ele>743.2</ele>
    <time>2026-05-23T08:59:53Z</time>
   </trkpt>
   <trkpt lat="49.6307280" lon="18.6431800">
    <ele>742.0</ele>
    <time>2026-05-23T08:59:54Z</time>
   </trkpt>
   <trkpt lat="49.6307510" lon="18.6432310">
    <ele>741.0</ele>
    <time>2026-05-23T08:59:55Z</time>
   </trkpt>
   <trkpt lat="49.6307830" lon="18.6432900">
    <ele>740.2</ele>
    <time>2026-05-23T08:59:56Z</time>
   </trkpt>
   <trkpt lat="49.6308080" lon="18.6433510">
    <ele>739.2</ele>
    <time>2026-05-23T08:59:57Z</time>
   </trkpt>
   <trkpt lat="49.6308330" lon="18.6434090">
    <ele>737.8</ele>
    <time>2026-05-23T08:59:58Z</time>
   </trkpt>
   <trkpt lat="49.6308590" lon="18.6434870">
    <ele>735.8</ele>
    <time>2026-05-23T08:59:59Z</time>
   </trkpt>
   <trkpt lat="49.6308650" lon="18.6435760">
    <ele>735.0</ele>
    <time>2026-05-23T09:00:00Z</time>
   </trkpt>
   <trkpt lat="49.6308660" lon="18.6436630">
    <ele>732.8</ele>
    <time>2026-05-23T09:00:01Z</time>
   </trkpt>
   <trkpt lat="49.6308340" lon="18.6437470">
    <ele>732.2</ele>
    <time>2026-05-23T09:00:02Z</time>
   </trkpt>
   <trkpt lat="49.6308320" lon="18.6438180">
    <ele>731.6</ele>
    <time>2026-05-23T09:00:03Z</time>
   </trkpt>
   <trkpt lat="49.6308430" lon="18.6438890">
    <ele>731.2</ele>
    <time>2026-05-23T09:00:04Z</time>
   </trkpt>
   <trkpt lat="49.6308220" lon="18.6439550">
    <ele>729.0</ele>
    <time>2026-05-23T09:00:05Z</time>
   </trkpt>
   <trkpt lat="49.6308040" lon="18.6440090">
    <ele>728.0</ele>
    <time>2026-05-23T09:00:06Z</time>
   </trkpt>
   <trkpt lat="49.6307740" lon="18.6440560">
    <ele>727.2</ele>
    <time>2026-05-23T09:00:07Z</time>
   </trkpt>
   <trkpt lat="49.6307440" lon="18.6440860">
    <ele>727.0</ele>
    <time>2026-05-23T09:00:08Z</time>
   </trkpt>
   <trkpt lat="49.6307140" lon="18.6440960">
    <ele>726.4</ele>
    <time>2026-05-23T09:00:09Z</time>
   </trkpt>
   <trkpt lat="49.6306870" lon="18.6441030">
    <ele>725.4</ele>
    <time>2026-05-23T09:00:10Z</time>
   </trkpt>
   <trkpt lat="49.6306570" lon="18.6441200">
    <ele>724.6</ele>
    <time>2026-05-23T09:00:11Z</time>
   </trkpt>
   <trkpt lat="49.6306360" lon="18.6441350">
    <ele>723.8</ele>
    <time>2026-05-23T09:00:12Z</time>
   </trkpt>
   <trkpt lat="49.6306290" lon="18.6441390">
    <ele>723.2</ele>
    <time>2026-05-23T09:00:13Z</time>
   </trkpt>
   <trkpt lat="49.6306220" lon="18.6441430">
    <ele>722.2</ele>
    <time>2026-05-23T09:00:14Z</time>
   </trkpt>
   <trkpt lat="49.6306050" lon="18.6441470">
    <ele>721.8</ele>
    <time>2026-05-23T09:00:15Z</time>
   </trkpt>
   <trkpt lat="49.6305960" lon="18.6441410">
    <ele>721.2</ele>
    <time>2026-05-23T09:00:16Z</time>
   </trkpt>
   <trkpt lat="49.6305650" lon="18.6441330">
    <ele>720.4</ele>
    <time>2026-05-23T09:00:20Z</time>
   </trkpt>
   <trkpt lat="49.6305270" lon="18.6441510">
    <ele>720.0</ele>
    <time>2026-05-23T09:00:22Z</time>
   </trkpt>
   <trkpt lat="49.6305150" lon="18.6441520">
    <ele>719.6</ele>
    <time>2026-05-23T09:00:23Z</time>
   </trkpt>
   <trkpt lat="49.6305120" lon="18.6441530">
    <ele>718.8</ele>
    <time>2026-05-23T09:00:25Z</time>
   </trkpt>
   <trkpt lat="49.6305120" lon="18.6441630">
    <ele>718.4</ele>
    <time>2026-05-23T09:00:26Z</time>
   </trkpt>
   <trkpt lat="49.6305130" lon="18.6441680">
    <ele>718.0</ele>
    <time>2026-05-23T09:00:27Z</time>
   </trkpt>
   <trkpt lat="49.6305140" lon="18.6441740">
    <ele>717.6</ele>
    <time>2026-05-23T09:00:28Z</time>
   </trkpt>
   <trkpt lat="49.6305160" lon="18.6441800">
    <ele>717.6</ele>
    <time>2026-05-23T09:00:29Z</time>
   </trkpt>
   <trkpt lat="49.6305170" lon="18.6441860">
    <ele>717.4</ele>
    <time>2026-05-23T09:00:32Z</time>
   </trkpt>
   <trkpt lat="49.6305180" lon="18.6441910">
    <ele>717.4</ele>
    <time>2026-05-23T09:00:39Z</time>
   </trkpt>
   <trkpt lat="49.6305190" lon="18.6441970">
    <ele>717.0</ele>
    <time>2026-05-23T09:00:40Z</time>
   </trkpt>
   <trkpt lat="49.6305310" lon="18.6442320">
    <ele>716.8</ele>
    <time>2026-05-23T09:00:41Z</time>
   </trkpt>
   <trkpt lat="49.6305490" lon="18.6442810">
    <ele>715.4</ele>
    <time>2026-05-23T09:00:42Z</time>
   </trkpt>
   <trkpt lat="49.6305780" lon="18.6443550">
    <ele>713.6</ele>
    <time>2026-05-23T09:00:43Z</time>
   </trkpt>
   <trkpt lat="49.6306130" lon="18.6444450">
    <ele>711.6</ele>
    <time>2026-05-23T09:00:44Z</time>
   </trkpt>
   <trkpt lat="49.6306380" lon="18.6445300">
    <ele>710.0</ele>
    <time>2026-05-23T09:00:45Z</time>
   </trkpt>
   <trkpt lat="49.6306590" lon="18.6445960">
    <ele>708.8</ele>
    <time>2026-05-23T09:00:46Z</time>
   </trkpt>
   <trkpt lat="49.6306650" lon="18.6446470">
    <ele>708.2</ele>
    <time>2026-05-23T09:00:47Z</time>
   </trkpt>
   <trkpt lat="49.6306450" lon="18.6446840">
    <ele>707.6</ele>
    <time>2026-05-23T09:00:48Z</time>
   </trkpt>
   <trkpt lat="49.6305500" lon="18.6447390">
    <ele>705.6</ele>
    <time>2026-05-23T09:00:50Z</time>
   </trkpt>
   <trkpt lat="49.6305110" lon="18.6447370">
    <ele>704.4</ele>
    <time>2026-05-23T09:00:51Z</time>
   </trkpt>
   <trkpt lat="49.6304770" lon="18.6447350">
    <ele>703.8</ele>
    <time>2026-05-23T09:00:52Z</time>
   </trkpt>
   <trkpt lat="49.6304480" lon="18.6447290">
    <ele>702.8</ele>
    <time>2026-05-23T09:00:53Z</time>
   </trkpt>
   <trkpt lat="49.6304370" lon="18.6447290">
    <ele>702.2</ele>
    <time>2026-05-23T09:00:54Z</time>
   </trkpt>
   <trkpt lat="49.6304370" lon="18.6447380">
    <ele>701.2</ele>
    <time>2026-05-23T09:00:55Z</time>
   </trkpt>
   <trkpt lat="49.6304360" lon="18.6447600">
    <ele>700.6</ele>
    <time>2026-05-23T09:00:56Z</time>
   </trkpt>
   <trkpt lat="49.6304390" lon="18.6447910">
    <ele>699.6</ele>
    <time>2026-05-23T09:00:57Z</time>
   </trkpt>
   <trkpt lat="49.6304660" lon="18.6448910">
    <ele>697.8</ele>
    <time>2026-05-23T09:00:59Z</time>
   </trkpt>
   <trkpt lat="49.6304940" lon="18.6449550">
    <ele>696.0</ele>
    <time>2026-05-23T09:01:00Z</time>
   </trkpt>
   <trkpt lat="49.6305340" lon="18.6450250">
    <ele>694.4</ele>
    <time>2026-05-23T09:01:01Z</time>
   </trkpt>
   <trkpt lat="49.6305620" lon="18.6450900">
    <ele>693.6</ele>
    <time>2026-05-23T09:01:02Z</time>
   </trkpt>
   <trkpt lat="49.6305870" lon="18.6451490">
    <ele>691.8</ele>
    <time>2026-05-23T09:01:03Z</time>
   </trkpt>
   <trkpt lat="49.6306180" lon="18.6452120">
    <ele>691.0</ele>
    <time>2026-05-23T09:01:04Z</time>
   </trkpt>
   <trkpt lat="49.6306470" lon="18.6452650">
    <ele>690.2</ele>
    <time>2026-05-23T09:01:05Z</time>
   </trkpt>
   <trkpt lat="49.6306730" lon="18.6453120">
    <ele>689.8</ele>
    <time>2026-05-23T09:01:06Z</time>
   </trkpt>
   <trkpt lat="49.6307270" lon="18.6454300">
    <ele>688.6</ele>
    <time>2026-05-23T09:01:08Z</time>
   </trkpt>
   <trkpt lat="49.6307490" lon="18.6454870">
    <ele>687.2</ele>
    <time>2026-05-23T09:01:09Z</time>
   </trkpt>
   <trkpt lat="49.6307840" lon="18.6455340">
    <ele>686.4</ele>
    <time>2026-05-23T09:01:10Z</time>
   </trkpt>
   <trkpt lat="49.6308290" lon="18.6455710">
    <ele>686.0</ele>
    <time>2026-05-23T09:01:11Z</time>
   </trkpt>
   <trkpt lat="49.6308610" lon="18.6456060">
    <ele>685.8</ele>
    <time>2026-05-23T09:01:12Z</time>
   </trkpt>
   <trkpt lat="49.6308690" lon="18.6456340">
    <ele>685.6</ele>
    <time>2026-05-23T09:01:13Z</time>
   </trkpt>
   <trkpt lat="49.6308580" lon="18.6456550">
    <ele>685.2</ele>
    <time>2026-05-23T09:01:14Z</time>
   </trkpt>
   <trkpt lat="49.6308300" lon="18.6456760">
    <ele>684.8</ele>
    <time>2026-05-23T09:01:15Z</time>
   </trkpt>
   <trkpt lat="49.6307960" lon="18.6456860">
    <ele>684.2</ele>
    <time>2026-05-23T09:01:16Z</time>
   </trkpt>
   <trkpt lat="49.6307700" lon="18.6456860">
    <ele>683.2</ele>
    <time>2026-05-23T09:01:17Z</time>
   </trkpt>
   <trkpt lat="49.6307440" lon="18.6456910">
    <ele>682.4</ele>
    <time>2026-05-23T09:01:18Z</time>
   </trkpt>
   <trkpt lat="49.6307340" lon="18.6456930">
    <ele>681.6</ele>
    <time>2026-05-23T09:01:19Z</time>
   </trkpt>
   <trkpt lat="49.6307340" lon="18.6456930">
    <ele>680.4</ele>
    <time>2026-05-23T09:01:21Z</time>
   </trkpt>
   <trkpt lat="49.6307420" lon="18.6457080">
    <ele>679.8</ele>
    <time>2026-05-23T09:01:22Z</time>
   </trkpt>
   <trkpt lat="49.6307610" lon="18.6457480">
    <ele>678.8</ele>
    <time>2026-05-23T09:01:23Z</time>
   </trkpt>
   <trkpt lat="49.6307890" lon="18.6458140">
    <ele>677.4</ele>
    <time>2026-05-23T09:01:24Z</time>
   </trkpt>
   <trkpt lat="49.6308140" lon="18.6458830">
    <ele>674.8</ele>
    <time>2026-05-23T09:01:25Z</time>
   </trkpt>
   <trkpt lat="49.6308310" lon="18.6459400">
    <ele>674.4</ele>
    <time>2026-05-23T09:01:26Z</time>
   </trkpt>
   <trkpt lat="49.6308410" lon="18.6459860">
    <ele>673.6</ele>
    <time>2026-05-23T09:01:27Z</time>
   </trkpt>
   <trkpt lat="49.6308400" lon="18.6459970">
    <ele>672.6</ele>
    <time>2026-05-23T09:01:28Z</time>
   </trkpt>
   <trkpt lat="49.6308400" lon="18.6459970">
    <ele>672.4</ele>
    <time>2026-05-23T09:01:29Z</time>
   </trkpt>
   <trkpt lat="49.6308440" lon="18.6460050">
    <ele>672.4</ele>
    <time>2026-05-23T09:01:30Z</time>
   </trkpt>
   <trkpt lat="49.6308700" lon="18.6460810">
    <ele>671.8</ele>
    <time>2026-05-23T09:01:33Z</time>
   </trkpt>
   <trkpt lat="49.6308900" lon="18.6461190">
    <ele>670.8</ele>
    <time>2026-05-23T09:01:34Z</time>
   </trkpt>
   <trkpt lat="49.6309130" lon="18.6461510">
    <ele>669.4</ele>
    <time>2026-05-23T09:01:35Z</time>
   </trkpt>
   <trkpt lat="49.6309400" lon="18.6461930">
    <ele>668.2</ele>
    <time>2026-05-23T09:01:36Z</time>
   </trkpt>
   <trkpt lat="49.6309630" lon="18.6462350">
    <ele>667.4</ele>
    <time>2026-05-23T09:01:37Z</time>
   </trkpt>
   <trkpt lat="49.6309640" lon="18.6462710">
    <ele>667.0</ele>
    <time>2026-05-23T09:01:38Z</time>
   </trkpt>
   <trkpt lat="49.6309560" lon="18.6462840">
    <ele>665.8</ele>
    <time>2026-05-23T09:01:41Z</time>
   </trkpt>
   <trkpt lat="49.6309560" lon="18.6462840">
    <ele>665.8</ele>
    <time>2026-05-23T09:01:42Z</time>
   </trkpt>
   <trkpt lat="49.6309660" lon="18.6462920">
    <ele>666.0</ele>
    <time>2026-05-23T09:01:49Z</time>
   </trkpt>
   <trkpt lat="49.6309690" lon="18.6462820">
    <ele>666.4</ele>
    <time>2026-05-23T09:01:54Z</time>
   </trkpt>
   <trkpt lat="49.6309690" lon="18.6462820">
    <ele>666.4</ele>
    <time>2026-05-23T09:02:03Z</time>
   </trkpt>
   <trkpt lat="49.6309690" lon="18.6462820">
    <ele>666.4</ele>
    <time>2026-05-23T09:02:06Z</time>
   </trkpt>
   <trkpt lat="49.6309710" lon="18.6462840">
    <ele>666.8</ele>
    <time>2026-05-23T09:02:09Z</time>
   </trkpt>
   <trkpt lat="49.6309760" lon="18.6462810">
    <ele>667.0</ele>
    <time>2026-05-23T09:02:10Z</time>
   </trkpt>
   <trkpt lat="49.6309770" lon="18.6462800">
    <ele>667.6</ele>
    <time>2026-05-23T09:02:12Z</time>
   </trkpt>
   <trkpt lat="49.6309760" lon="18.6462850">
    <ele>668.0</ele>
    <time>2026-05-23T09:02:18Z</time>
   </trkpt>
   <trkpt lat="49.6309760" lon="18.6462850">
    <ele>668.0</ele>
    <time>2026-05-23T09:02:25Z</time>
   </trkpt>
   <trkpt lat="49.6309760" lon="18.6462850">
    <ele>668.0</ele>
    <time>2026-05-23T09:02:27Z</time>
   </trkpt>
   <trkpt lat="49.6309760" lon="18.6462850">
    <ele>668.0</ele>
    <time>2026-05-23T09:02:28Z</time>
   </trkpt>
   <trkpt lat="49.6309760" lon="18.6462850">
    <ele>668.2</ele>
    <time>2026-05-23T09:02:29Z</time>
   </trkpt>
   <trkpt lat="49.6309760" lon="18.6462850">
    <ele>668.4</ele>
    <time>2026-05-23T09:02:39Z</time>
   </trkpt>
   <trkpt lat="49.6309760" lon="18.6462850">
    <ele>668.4</ele>
    <time>2026-05-23T09:02:44Z</time>
   </trkpt>
   <trkpt lat="49.6309760" lon="18.6462850">
    <ele>668.4</ele>
    <time>2026-05-23T09:02:47Z</time>
   </trkpt>
   <trkpt lat="49.6309760" lon="18.6462850">
    <ele>668.8</ele>
    <time>2026-05-23T09:02:59Z</time>
   </trkpt>
   <trkpt lat="49.6309870" lon="18.6463000">
    <ele>669.0</ele>
    <time>2026-05-23T09:03:06Z</time>
   </trkpt>
   <trkpt lat="49.6309800" lon="18.6463070">
    <ele>669.0</ele>
    <time>2026-05-23T09:03:07Z</time>
   </trkpt>
   <trkpt lat="49.6309800" lon="18.6463030">
    <ele>669.0</ele>
    <time>2026-05-23T09:03:12Z</time>
   </trkpt>
   <trkpt lat="49.6309830" lon="18.6463100">
    <ele>669.2</ele>
    <time>2026-05-23T09:03:16Z</time>
   </trkpt>
   <trkpt lat="49.6309830" lon="18.6463100">
    <ele>669.2</ele>
    <time>2026-05-23T09:03:19Z</time>
   </trkpt>
   <trkpt lat="49.6309740" lon="18.6463230">
    <ele>669.0</ele>
    <time>2026-05-23T09:03:25Z</time>
   </trkpt>
   <trkpt lat="49.6309730" lon="18.6463260">
    <ele>669.0</ele>
    <time>2026-05-23T09:03:26Z</time>
   </trkpt>
   <trkpt lat="49.6309790" lon="18.6463160">
    <ele>669.0</ele>
    <time>2026-05-23T09:03:29Z</time>
   </trkpt>
   <trkpt lat="49.6309770" lon="18.6462830">
    <ele>668.6</ele>
    <time>2026-05-23T09:05:05Z</time>
   </trkpt>
   <trkpt lat="49.6309680" lon="18.6463160">
    <ele>668.6</ele>
    <time>2026-05-23T09:05:07Z</time>
   </trkpt>
   <trkpt lat="49.6309490" lon="18.6463380">
    <ele>670.0</ele>
    <time>2026-05-23T09:05:10Z</time>
   </trkpt>
   <trkpt lat="49.6309250" lon="18.6463490">
    <ele>669.8</ele>
    <time>2026-05-23T09:05:11Z</time>
   </trkpt>
   <trkpt lat="49.6308850" lon="18.6463610">
    <ele>669.6</ele>
    <time>2026-05-23T09:05:12Z</time>
   </trkpt>
   <trkpt lat="49.6308110" lon="18.6463790">
    <ele>667.8</ele>
    <time>2026-05-23T09:05:14Z</time>
   </trkpt>
   <trkpt lat="49.6307770" lon="18.6463810">
    <ele>667.2</ele>
    <time>2026-05-23T09:05:15Z</time>
   </trkpt>
   <trkpt lat="49.6307400" lon="18.6463830">
    <ele>666.2</ele>
    <time>2026-05-23T09:05:16Z</time>
   </trkpt>
   <trkpt lat="49.6307060" lon="18.6463860">
    <ele>665.4</ele>
    <time>2026-05-23T09:05:17Z</time>
   </trkpt>
   <trkpt lat="49.6306790" lon="18.6463900">
    <ele>664.8</ele>
    <time>2026-05-23T09:05:18Z</time>
   </trkpt>
   <trkpt lat="49.6306570" lon="18.6464020">
    <ele>663.8</ele>
    <time>2026-05-23T09:05:19Z</time>
   </trkpt>
   <trkpt lat="49.6306450" lon="18.6464180">
    <ele>663.2</ele>
    <time>2026-05-23T09:05:20Z</time>
   </trkpt>
   <trkpt lat="49.6306430" lon="18.6464240">
    <ele>662.4</ele>
    <time>2026-05-23T09:05:21Z</time>
   </trkpt>
   <trkpt lat="49.6306470" lon="18.6464300">
    <ele>661.8</ele>
    <time>2026-05-23T09:05:22Z</time>
   </trkpt>
   <trkpt lat="49.6306650" lon="18.6464910">
    <ele>661.0</ele>
    <time>2026-05-23T09:05:24Z</time>
   </trkpt>
   <trkpt lat="49.6306750" lon="18.6465220">
    <ele>659.4</ele>
    <time>2026-05-23T09:05:25Z</time>
   </trkpt>
   <trkpt lat="49.6306970" lon="18.6465700">
    <ele>657.8</ele>
    <time>2026-05-23T09:05:26Z</time>
   </trkpt>
   <trkpt lat="49.6307100" lon="18.6466130">
    <ele>656.8</ele>
    <time>2026-05-23T09:05:27Z</time>
   </trkpt>
   <trkpt lat="49.6307220" lon="18.6466450">
    <ele>656.8</ele>
    <time>2026-05-23T09:05:28Z</time>
   </trkpt>
   <trkpt lat="49.6307310" lon="18.6466790">
    <ele>656.4</ele>
    <time>2026-05-23T09:05:29Z</time>
   </trkpt>
   <trkpt lat="49.6307430" lon="18.6467100">
    <ele>656.2</ele>
    <time>2026-05-23T09:05:30Z</time>
   </trkpt>
   <trkpt lat="49.6307470" lon="18.6467340">
    <ele>656.0</ele>
    <time>2026-05-23T09:05:31Z</time>
   </trkpt>
   <trkpt lat="49.6307440" lon="18.6467590">
    <ele>655.4</ele>
    <time>2026-05-23T09:05:32Z</time>
   </trkpt>
   <trkpt lat="49.6307340" lon="18.6467790">
    <ele>655.2</ele>
    <time>2026-05-23T09:05:33Z</time>
   </trkpt>
   <trkpt lat="49.6307230" lon="18.6467900">
    <ele>655.2</ele>
    <time>2026-05-23T09:05:34Z</time>
   </trkpt>
   <trkpt lat="49.6306730" lon="18.6467910">
    <ele>654.4</ele>
    <time>2026-05-23T09:05:36Z</time>
   </trkpt>
   <trkpt lat="49.6306480" lon="18.6467780">
    <ele>653.2</ele>
    <time>2026-05-23T09:05:37Z</time>
   </trkpt>
   <trkpt lat="49.6306260" lon="18.6467690">
    <ele>652.2</ele>
    <time>2026-05-23T09:05:38Z</time>
   </trkpt>
   <trkpt lat="49.6306010" lon="18.6467760">
    <ele>651.2</ele>
    <time>2026-05-23T09:05:39Z</time>
   </trkpt>
   <trkpt lat="49.6305700" lon="18.6467750">
    <ele>650.2</ele>
    <time>2026-05-23T09:05:40Z</time>
   </trkpt>
   <trkpt lat="49.6305450" lon="18.6467580">
    <ele>649.4</ele>
    <time>2026-05-23T09:05:41Z</time>
   </trkpt>
   <trkpt lat="49.6305200" lon="18.6467580">
    <ele>649.2</ele>
    <time>2026-05-23T09:05:42Z</time>
   </trkpt>
   <trkpt lat="49.6305170" lon="18.6467630">
    <ele>649.0</ele>
    <time>2026-05-23T09:05:43Z</time>
   </trkpt>
   <trkpt lat="49.6305140" lon="18.6467680">
    <ele>648.8</ele>
    <time>2026-05-23T09:05:44Z</time>
   </trkpt>
   <trkpt lat="49.6305110" lon="18.6467730">
    <ele>648.6</ele>
    <time>2026-05-23T09:05:46Z</time>
   </trkpt>
   <trkpt lat="49.6305080" lon="18.6467780">
    <ele>648.2</ele>
    <time>2026-05-23T09:05:51Z</time>
   </trkpt>
   <trkpt lat="49.6305050" lon="18.6467830">
    <ele>648.0</ele>
    <time>2026-05-23T09:05:52Z</time>
   </trkpt>
   <trkpt lat="49.6305010" lon="18.6467870">
    <ele>647.8</ele>
    <time>2026-05-23T09:05:53Z</time>
   </trkpt>
   <trkpt lat="49.6304980" lon="18.6467920">
    <ele>647.6</ele>
    <time>2026-05-23T09:05:54Z</time>
   </trkpt>
   <trkpt lat="49.6304950" lon="18.6467970">
    <ele>647.4</ele>
    <time>2026-05-23T09:05:55Z</time>
   </trkpt>
   <trkpt lat="49.6304920" lon="18.6468020">
    <ele>647.0</ele>
    <time>2026-05-23T09:05:56Z</time>
   </trkpt>
   <trkpt lat="49.6304890" lon="18.6468070">
    <ele>646.4</ele>
    <time>2026-05-23T09:06:04Z</time>
   </trkpt>
   <trkpt lat="49.6304860" lon="18.6468120">
    <ele>646.4</ele>
    <time>2026-05-23T09:06:05Z</time>
   </trkpt>
   <trkpt lat="49.6304980" lon="18.6468500">
    <ele>646.0</ele>
    <time>2026-05-23T09:06:06Z</time>
   </trkpt>
   <trkpt lat="49.6305160" lon="18.6469030">
    <ele>645.2</ele>
    <time>2026-05-23T09:06:07Z</time>
   </trkpt>
   <trkpt lat="49.6305410" lon="18.6469710">
    <ele>643.6</ele>
    <time>2026-05-23T09:06:08Z</time>
   </trkpt>
   <trkpt lat="49.6305680" lon="18.6470350">
    <ele>642.8</ele>
    <time>2026-05-23T09:06:09Z</time>
   </trkpt>
   <trkpt lat="49.6305870" lon="18.6470810">
    <ele>642.4</ele>
    <time>2026-05-23T09:06:10Z</time>
   </trkpt>
   <trkpt lat="49.6305970" lon="18.6471170">
    <ele>641.6</ele>
    <time>2026-05-23T09:06:11Z</time>
   </trkpt>
   <trkpt lat="49.6305970" lon="18.6471410">
    <ele>640.4</ele>
    <time>2026-05-23T09:06:12Z</time>
   </trkpt>
   <trkpt lat="49.6305910" lon="18.6471540">
    <ele>639.6</ele>
    <time>2026-05-23T09:06:16Z</time>
   </trkpt>
   <trkpt lat="49.6305720" lon="18.6471610">
    <ele>639.6</ele>
    <time>2026-05-23T09:06:17Z</time>
   </trkpt>
   <trkpt lat="49.6305260" lon="18.6471460">
    <ele>638.8</ele>
    <time>2026-05-23T09:06:19Z</time>
   </trkpt>
   <trkpt lat="49.6304980" lon="18.6471370">
    <ele>638.4</ele>
    <time>2026-05-23T09:06:20Z</time>
   </trkpt>
   <trkpt lat="49.6304670" lon="18.6471270">
    <ele>637.8</ele>
    <time>2026-05-23T09:06:21Z</time>
   </trkpt>
   <trkpt lat="49.6304410" lon="18.6471220">
    <ele>637.2</ele>
    <time>2026-05-23T09:06:22Z</time>
   </trkpt>
   <trkpt lat="49.6304190" lon="18.6471210">
    <ele>636.2</ele>
    <time>2026-05-23T09:06:23Z</time>
   </trkpt>
   <trkpt lat="49.6303980" lon="18.6471180">
    <ele>635.6</ele>
    <time>2026-05-23T09:06:24Z</time>
   </trkpt>
   <trkpt lat="49.6303760" lon="18.6471100">
    <ele>635.2</ele>
    <time>2026-05-23T09:06:25Z</time>
   </trkpt>
   <trkpt lat="49.6303540" lon="18.6471040">
    <ele>634.8</ele>
    <time>2026-05-23T09:06:26Z</time>
   </trkpt>
   <trkpt lat="49.6303340" lon="18.6471020">
    <ele>634.6</ele>
    <time>2026-05-23T09:06:27Z</time>
   </trkpt>
   <trkpt lat="49.6303140" lon="18.6471100">
    <ele>633.6</ele>
    <time>2026-05-23T09:06:28Z</time>
   </trkpt>
   <trkpt lat="49.6303050" lon="18.6471160">
    <ele>632.8</ele>
    <time>2026-05-23T09:06:32Z</time>
   </trkpt>
   <trkpt lat="49.6303010" lon="18.6471150">
    <ele>632.4</ele>
    <time>2026-05-23T09:06:34Z</time>
   </trkpt>
   <trkpt lat="49.6303010" lon="18.6471150">
    <ele>632.0</ele>
    <time>2026-05-23T09:06:38Z</time>
   </trkpt>
   <trkpt lat="49.6303010" lon="18.6471230">
    <ele>631.8</ele>
    <time>2026-05-23T09:06:42Z</time>
   </trkpt>
   <trkpt lat="49.6303010" lon="18.6471230">
    <ele>631.4</ele>
    <time>2026-05-23T09:06:45Z</time>
   </trkpt>
   <trkpt lat="49.6303010" lon="18.6471230">
    <ele>631.4</ele>
    <time>2026-05-23T09:06:48Z</time>
   </trkpt>
   <trkpt lat="49.6302980" lon="18.6471230">
    <ele>631.8</ele>
    <time>2026-05-23T09:06:54Z</time>
   </trkpt>
   <trkpt lat="49.6302980" lon="18.6471230">
    <ele>632.0</ele>
    <time>2026-05-23T09:06:58Z</time>
   </trkpt>
   <trkpt lat="49.6302940" lon="18.6471400">
    <ele>632.0</ele>
    <time>2026-05-23T09:07:05Z</time>
   </trkpt>
   <trkpt lat="49.6302940" lon="18.6471400">
    <ele>631.8</ele>
    <time>2026-05-23T09:07:11Z</time>
   </trkpt>
   <trkpt lat="49.6302910" lon="18.6471380">
    <ele>631.8</ele>
    <time>2026-05-23T09:07:13Z</time>
   </trkpt>
   <trkpt lat="49.6302810" lon="18.6471500">
    <ele>632.6</ele>
    <time>2026-05-23T09:07:25Z</time>
   </trkpt>
   <trkpt lat="49.6302800" lon="18.6471540">
    <ele>632.6</ele>
    <time>2026-05-23T09:07:26Z</time>
   </trkpt>
   <trkpt lat="49.6302800" lon="18.6471540">
    <ele>632.4</ele>
    <time>2026-05-23T09:07:33Z</time>
   </trkpt>
   <trkpt lat="49.6302960" lon="18.6471930">
    <ele>632.4</ele>
    <time>2026-05-23T09:07:35Z</time>
   </trkpt>
   <trkpt lat="49.6303090" lon="18.6472310">
    <ele>631.8</ele>
    <time>2026-05-23T09:07:36Z</time>
   </trkpt>
   <trkpt lat="49.6303210" lon="18.6472860">
    <ele>630.4</ele>
    <time>2026-05-23T09:07:37Z</time>
   </trkpt>
   <trkpt lat="49.6303360" lon="18.6473470">
    <ele>628.8</ele>
    <time>2026-05-23T09:07:38Z</time>
   </trkpt>
   <trkpt lat="49.6303580" lon="18.6473930">
    <ele>626.8</ele>
    <time>2026-05-23T09:07:39Z</time>
   </trkpt>
   <trkpt lat="49.6303780" lon="18.6474320">
    <ele>626.2</ele>
    <time>2026-05-23T09:07:40Z</time>
   </trkpt>
   <trkpt lat="49.6303900" lon="18.6474610">
    <ele>625.8</ele>
    <time>2026-05-23T09:07:41Z</time>
   </trkpt>
   <trkpt lat="49.6303910" lon="18.6474710">
    <ele>625.6</ele>
    <time>2026-05-23T09:07:42Z</time>
   </trkpt>
   <trkpt lat="49.6303900" lon="18.6474760">
    <ele>625.6</ele>
    <time>2026-05-23T09:07:43Z</time>
   </trkpt>
   <trkpt lat="49.6303830" lon="18.6474840">
    <ele>625.6</ele>
    <time>2026-05-23T09:07:44Z</time>
   </trkpt>
   <trkpt lat="49.6303690" lon="18.6474830">
    <ele>625.6</ele>
    <time>2026-05-23T09:07:45Z</time>
   </trkpt>
   <trkpt lat="49.6302780" lon="18.6474780">
    <ele>624.4</ele>
    <time>2026-05-23T09:07:48Z</time>
   </trkpt>
   <trkpt lat="49.6302130" lon="18.6474880">
    <ele>622.4</ele>
    <time>2026-05-23T09:07:50Z</time>
   </trkpt>
   <trkpt lat="49.6301870" lon="18.6474870">
    <ele>621.8</ele>
    <time>2026-05-23T09:07:51Z</time>
   </trkpt>
   <trkpt lat="49.6301650" lon="18.6474870">
    <ele>621.4</ele>
    <time>2026-05-23T09:07:52Z</time>
   </trkpt>
   <trkpt lat="49.6301510" lon="18.6474860">
    <ele>620.8</ele>
    <time>2026-05-23T09:07:53Z</time>
   </trkpt>
   <trkpt lat="49.6301410" lon="18.6474870">
    <ele>620.2</ele>
    <time>2026-05-23T09:07:54Z</time>
   </trkpt>
   <trkpt lat="49.6301350" lon="18.6474990">
    <ele>619.8</ele>
    <time>2026-05-23T09:07:55Z</time>
   </trkpt>
   <trkpt lat="49.6301400" lon="18.6475060">
    <ele>619.4</ele>
    <time>2026-05-23T09:07:57Z</time>
   </trkpt>
   <trkpt lat="49.6301530" lon="18.6475090">
    <ele>619.2</ele>
    <time>2026-05-23T09:07:59Z</time>
   </trkpt>
   <trkpt lat="49.6301560" lon="18.6475440">
    <ele>618.6</ele>
    <time>2026-05-23T09:08:01Z</time>
   </trkpt>
   <trkpt lat="49.6301590" lon="18.6475790">
    <ele>618.2</ele>
    <time>2026-05-23T09:08:02Z</time>
   </trkpt>
   <trkpt lat="49.6301660" lon="18.6476130">
    <ele>617.2</ele>
    <time>2026-05-23T09:08:03Z</time>
   </trkpt>
   <trkpt lat="49.6301760" lon="18.6476410">
    <ele>616.8</ele>
    <time>2026-05-23T09:08:04Z</time>
   </trkpt>
   <trkpt lat="49.6301890" lon="18.6476630">
    <ele>616.2</ele>
    <time>2026-05-23T09:08:05Z</time>
   </trkpt>
   <trkpt lat="49.6302010" lon="18.6476900">
    <ele>615.4</ele>
    <time>2026-05-23T09:08:06Z</time>
   </trkpt>
   <trkpt lat="49.6302390" lon="18.6477240">
    <ele>614.6</ele>
    <time>2026-05-23T09:08:07Z</time>
   </trkpt>
   <trkpt lat="49.6302530" lon="18.6477470">
    <ele>614.4</ele>
    <time>2026-05-23T09:08:08Z</time>
   </trkpt>
   <trkpt lat="49.6302550" lon="18.6477510">
    <ele>614.0</ele>
    <time>2026-05-23T09:08:09Z</time>
   </trkpt>
   <trkpt lat="49.6302550" lon="18.6477510">
    <ele>614.0</ele>
    <time>2026-05-23T09:08:10Z</time>
   </trkpt>
   <trkpt lat="49.6302520" lon="18.6477530">
    <ele>614.0</ele>
    <time>2026-05-23T09:08:15Z</time>
   </trkpt>
   <trkpt lat="49.6302250" lon="18.6477280">
    <ele>614.0</ele>
    <time>2026-05-23T09:08:18Z</time>
   </trkpt>
   <trkpt lat="49.6302050" lon="18.6477100">
    <ele>614.0</ele>
    <time>2026-05-23T09:08:19Z</time>
   </trkpt>
   <trkpt lat="49.6301840" lon="18.6476820">
    <ele>614.0</ele>
    <time>2026-05-23T09:08:20Z</time>
   </trkpt>
   <trkpt lat="49.6301600" lon="18.6476620">
    <ele>613.8</ele>
    <time>2026-05-23T09:08:21Z</time>
   </trkpt>
   <trkpt lat="49.6301360" lon="18.6476400">
    <ele>613.4</ele>
    <time>2026-05-23T09:08:22Z</time>
   </trkpt>
   <trkpt lat="49.6301130" lon="18.6476170">
    <ele>612.8</ele>
    <time>2026-05-23T09:08:23Z</time>
   </trkpt>
   <trkpt lat="49.6300890" lon="18.6476000">
    <ele>612.6</ele>
    <time>2026-05-23T09:08:24Z</time>
   </trkpt>
   <trkpt lat="49.6300810" lon="18.6475950">
    <ele>612.2</ele>
    <time>2026-05-23T09:08:25Z</time>
   </trkpt>
   <trkpt lat="49.6300810" lon="18.6475950">
    <ele>612.0</ele>
    <time>2026-05-23T09:08:26Z</time>
   </trkpt>
   <trkpt lat="49.6300830" lon="18.6475970">
    <ele>611.8</ele>
    <time>2026-05-23T09:08:32Z</time>
   </trkpt>
   <trkpt lat="49.6300830" lon="18.6475970">
    <ele>611.6</ele>
    <time>2026-05-23T09:08:34Z</time>
   </trkpt>
   <trkpt lat="49.6300840" lon="18.6476040">
    <ele>611.4</ele>
    <time>2026-05-23T09:08:36Z</time>
   </trkpt>
   <trkpt lat="49.6300910" lon="18.6476390">
    <ele>611.4</ele>
    <time>2026-05-23T09:08:37Z</time>
   </trkpt>
   <trkpt lat="49.6301050" lon="18.6476850">
    <ele>611.0</ele>
    <time>2026-05-23T09:08:38Z</time>
   </trkpt>
   <trkpt lat="49.6301200" lon="18.6477410">
    <ele>610.2</ele>
    <time>2026-05-23T09:08:39Z</time>
   </trkpt>
   <trkpt lat="49.6301430" lon="18.6478100">
    <ele>609.0</ele>
    <time>2026-05-23T09:08:40Z</time>
   </trkpt>
   <trkpt lat="49.6301690" lon="18.6478820">
    <ele>606.6</ele>
    <time>2026-05-23T09:08:41Z</time>
   </trkpt>
   <trkpt lat="49.6301970" lon="18.6479560">
    <ele>605.8</ele>
    <time>2026-05-23T09:08:42Z</time>
   </trkpt>
   <trkpt lat="49.6302240" lon="18.6480170">
    <ele>605.2</ele>
    <time>2026-05-23T09:08:43Z</time>
   </trkpt>
   <trkpt lat="49.6302420" lon="18.6480620">
    <ele>603.6</ele>
    <time>2026-05-23T09:08:44Z</time>
   </trkpt>
   <trkpt lat="49.6302560" lon="18.6481030">
    <ele>603.4</ele>
    <time>2026-05-23T09:08:45Z</time>
   </trkpt>
   <trkpt lat="49.6302650" lon="18.6481320">
    <ele>603.0</ele>
    <time>2026-05-23T09:08:46Z</time>
   </trkpt>
   <trkpt lat="49.6302710" lon="18.6481530">
    <ele>602.8</ele>
    <time>2026-05-23T09:08:47Z</time>
   </trkpt>
   <trkpt lat="49.6302700" lon="18.6481600">
    <ele>602.6</ele>
    <time>2026-05-23T09:08:48Z</time>
   </trkpt>
   <trkpt lat="49.6302700" lon="18.6481600">
    <ele>602.4</ele>
    <time>2026-05-23T09:08:49Z</time>
   </trkpt>
   <trkpt lat="49.6302400" lon="18.6481640">
    <ele>602.2</ele>
    <time>2026-05-23T09:08:52Z</time>
   </trkpt>
   <trkpt lat="49.6302110" lon="18.6481630">
    <ele>602.0</ele>
    <time>2026-05-23T09:08:53Z</time>
   </trkpt>
   <trkpt lat="49.6301500" lon="18.6481400">
    <ele>600.8</ele>
    <time>2026-05-23T09:08:55Z</time>
   </trkpt>
   <trkpt lat="49.6301240" lon="18.6481310">
    <ele>599.6</ele>
    <time>2026-05-23T09:08:56Z</time>
   </trkpt>
   <trkpt lat="49.6300950" lon="18.6481190">
    <ele>599.0</ele>
    <time>2026-05-23T09:08:57Z</time>
   </trkpt>
   <trkpt lat="49.6300750" lon="18.6480990">
    <ele>598.4</ele>
    <time>2026-05-23T09:08:58Z</time>
   </trkpt>
   <trkpt lat="49.6300550" lon="18.6480870">
    <ele>598.0</ele>
    <time>2026-05-23T09:08:59Z</time>
   </trkpt>
   <trkpt lat="49.6300310" lon="18.6480780">
    <ele>597.8</ele>
    <time>2026-05-23T09:09:00Z</time>
   </trkpt>
   <trkpt lat="49.6299950" lon="18.6480700">
    <ele>597.0</ele>
    <time>2026-05-23T09:09:01Z</time>
   </trkpt>
   <trkpt lat="49.6299580" lon="18.6480480">
    <ele>596.4</ele>
    <time>2026-05-23T09:09:02Z</time>
   </trkpt>
   <trkpt lat="49.6299260" lon="18.6480240">
    <ele>595.6</ele>
    <time>2026-05-23T09:09:03Z</time>
   </trkpt>
   <trkpt lat="49.6298980" lon="18.6480170">
    <ele>595.0</ele>
    <time>2026-05-23T09:09:04Z</time>
   </trkpt>
   <trkpt lat="49.6298790" lon="18.6480260">
    <ele>594.2</ele>
    <time>2026-05-23T09:09:05Z</time>
   </trkpt>
   <trkpt lat="49.6298640" lon="18.6480480">
    <ele>593.8</ele>
    <time>2026-05-23T09:09:06Z</time>
   </trkpt>
   <trkpt lat="49.6298610" lon="18.6480640">
    <ele>593.0</ele>
    <time>2026-05-23T09:09:07Z</time>
   </trkpt>
   <trkpt lat="49.6298770" lon="18.6481110">
    <ele>592.4</ele>
    <time>2026-05-23T09:09:09Z</time>
   </trkpt>
   <trkpt lat="49.6298980" lon="18.6481500">
    <ele>591.6</ele>
    <time>2026-05-23T09:09:10Z</time>
   </trkpt>
   <trkpt lat="49.6299640" lon="18.6482230">
    <ele>590.4</ele>
    <time>2026-05-23T09:09:12Z</time>
   </trkpt>
   <trkpt lat="49.6299790" lon="18.6482700">
    <ele>590.0</ele>
    <time>2026-05-23T09:09:13Z</time>
   </trkpt>
   <trkpt lat="49.6299850" lon="18.6483130">
    <ele>588.8</ele>
    <time>2026-05-23T09:09:14Z</time>
   </trkpt>
   <trkpt lat="49.6300000" lon="18.6483490">
    <ele>588.2</ele>
    <time>2026-05-23T09:09:15Z</time>
   </trkpt>
   <trkpt lat="49.6300200" lon="18.6483880">
    <ele>588.0</ele>
    <time>2026-05-23T09:09:16Z</time>
   </trkpt>
   <trkpt lat="49.6300470" lon="18.6484140">
    <ele>587.8</ele>
    <time>2026-05-23T09:09:17Z</time>
   </trkpt>
   <trkpt lat="49.6300650" lon="18.6484460">
    <ele>587.2</ele>
    <time>2026-05-23T09:09:18Z</time>
   </trkpt>
   <trkpt lat="49.6300780" lon="18.6484790">
    <ele>586.4</ele>
    <time>2026-05-23T09:09:19Z</time>
   </trkpt>
   <trkpt lat="49.6300850" lon="18.6485070">
    <ele>585.8</ele>
    <time>2026-05-23T09:09:20Z</time>
   </trkpt>
   <trkpt lat="49.6300700" lon="18.6485380">
    <ele>585.6</ele>
    <time>2026-05-23T09:09:21Z</time>
   </trkpt>
   <trkpt lat="49.6300530" lon="18.6485440">
    <ele>584.8</ele>
    <time>2026-05-23T09:09:22Z</time>
   </trkpt>
   <trkpt lat="49.6300350" lon="18.6485490">
    <ele>584.6</ele>
    <time>2026-05-23T09:09:26Z</time>
   </trkpt>
   <trkpt lat="49.6300180" lon="18.6485550">
    <ele>584.4</ele>
    <time>2026-05-23T09:09:27Z</time>
   </trkpt>
   <trkpt lat="49.6299870" lon="18.6485360">
    <ele>583.8</ele>
    <time>2026-05-23T09:09:28Z</time>
   </trkpt>
   <trkpt lat="49.6299610" lon="18.6485130">
    <ele>582.8</ele>
    <time>2026-05-23T09:09:29Z</time>
   </trkpt>
   <trkpt lat="49.6299360" lon="18.6484890">
    <ele>582.0</ele>
    <time>2026-05-23T09:09:30Z</time>
   </trkpt>
   <trkpt lat="49.6299040" lon="18.6484680">
    <ele>581.6</ele>
    <time>2026-05-23T09:09:31Z</time>
   </trkpt>
   <trkpt lat="49.6298720" lon="18.6484400">
    <ele>580.4</ele>
    <time>2026-05-23T09:09:32Z</time>
   </trkpt>
   <trkpt lat="49.6298370" lon="18.6484140">
    <ele>580.0</ele>
    <time>2026-05-23T09:09:33Z</time>
   </trkpt>
   <trkpt lat="49.6298020" lon="18.6483950">
    <ele>579.4</ele>
    <time>2026-05-23T09:09:34Z</time>
   </trkpt>
   <trkpt lat="49.6297690" lon="18.6483830">
    <ele>578.6</ele>
    <time>2026-05-23T09:09:35Z</time>
   </trkpt>
   <trkpt lat="49.6297510" lon="18.6483720">
    <ele>578.0</ele>
    <time>2026-05-23T09:09:36Z</time>
   </trkpt>
   <trkpt lat="49.6297460" lon="18.6483680">
    <ele>577.8</ele>
    <time>2026-05-23T09:09:37Z</time>
   </trkpt>
   <trkpt lat="49.6297490" lon="18.6483630">
    <ele>577.6</ele>
    <time>2026-05-23T09:09:39Z</time>
   </trkpt>
   <trkpt lat="49.6297490" lon="18.6483630">
    <ele>577.6</ele>
    <time>2026-05-23T09:09:50Z</time>
   </trkpt>
   <trkpt lat="49.6297490" lon="18.6483630">
    <ele>577.6</ele>
    <time>2026-05-23T09:09:51Z</time>
   </trkpt>
   <trkpt lat="49.6297440" lon="18.6483750">
    <ele>577.4</ele>
    <time>2026-05-23T09:09:55Z</time>
   </trkpt>
   <trkpt lat="49.6297440" lon="18.6483750">
    <ele>577.4</ele>
    <time>2026-05-23T09:09:58Z</time>
   </trkpt>
   <trkpt lat="49.6297470" lon="18.6483810">
    <ele>577.2</ele>
    <time>2026-05-23T09:10:01Z</time>
   </trkpt>
   <trkpt lat="49.6297530" lon="18.6483980">
    <ele>577.0</ele>
    <time>2026-05-23T09:10:02Z</time>
   </trkpt>
   <trkpt lat="49.6297630" lon="18.6484250">
    <ele>576.8</ele>
    <time>2026-05-23T09:10:03Z</time>
   </trkpt>
   <trkpt lat="49.6297740" lon="18.6484580">
    <ele>576.4</ele>
    <time>2026-05-23T09:10:04Z</time>
   </trkpt>
   <trkpt lat="49.6297840" lon="18.6484870">
    <ele>575.6</ele>
    <time>2026-05-23T09:10:05Z</time>
   </trkpt>
   <trkpt lat="49.6297970" lon="18.6485080">
    <ele>574.8</ele>
    <time>2026-05-23T09:10:06Z</time>
   </trkpt>
   <trkpt lat="49.6298090" lon="18.6485260">
    <ele>574.2</ele>
    <time>2026-05-23T09:10:07Z</time>
   </trkpt>
   <trkpt lat="49.6298180" lon="18.6485480">
    <ele>573.8</ele>
    <time>2026-05-23T09:10:08Z</time>
   </trkpt>
   <trkpt lat="49.6298320" lon="18.6485770">
    <ele>573.8</ele>
    <time>2026-05-23T09:10:09Z</time>
   </trkpt>
   <trkpt lat="49.6298420" lon="18.6486090">
    <ele>573.4</ele>
    <time>2026-05-23T09:10:10Z</time>
   </trkpt>
   <trkpt lat="49.6298510" lon="18.6486430">
    <ele>572.6</ele>
    <time>2026-05-23T09:10:11Z</time>
   </trkpt>
   <trkpt lat="49.6298800" lon="18.6487300">
    <ele>571.2</ele>
    <time>2026-05-23T09:10:13Z</time>
   </trkpt>
   <trkpt lat="49.6298910" lon="18.6487620">
    <ele>570.2</ele>
    <time>2026-05-23T09:10:14Z</time>
   </trkpt>
   <trkpt lat="49.6298990" lon="18.6487880">
    <ele>569.4</ele>
    <time>2026-05-23T09:10:15Z</time>
   </trkpt>
   <trkpt lat="49.6299060" lon="18.6488140">
    <ele>569.2</ele>
    <time>2026-05-23T09:10:16Z</time>
   </trkpt>
   <trkpt lat="49.6299090" lon="18.6488240">
    <ele>569.0</ele>
    <time>2026-05-23T09:10:17Z</time>
   </trkpt>
   <trkpt lat="49.6299090" lon="18.6488240">
    <ele>568.8</ele>
    <time>2026-05-23T09:10:18Z</time>
   </trkpt>
   <trkpt lat="49.6299080" lon="18.6488300">
    <ele>568.8</ele>
    <time>2026-05-23T09:10:19Z</time>
   </trkpt>
   <trkpt lat="49.6299060" lon="18.6488410">
    <ele>568.6</ele>
    <time>2026-05-23T09:10:20Z</time>
   </trkpt>
   <trkpt lat="49.6299010" lon="18.6488510">
    <ele>568.6</ele>
    <time>2026-05-23T09:10:21Z</time>
   </trkpt>
   <trkpt lat="49.6298840" lon="18.6488590">
    <ele>568.6</ele>
    <time>2026-05-23T09:10:24Z</time>
   </trkpt>
   <trkpt lat="49.6298670" lon="18.6488610">
    <ele>568.6</ele>
    <time>2026-05-23T09:10:29Z</time>
   </trkpt>
   <trkpt lat="49.6298420" lon="18.6488560">
    <ele>568.4</ele>
    <time>2026-05-23T09:10:30Z</time>
   </trkpt>
   <trkpt lat="49.6298150" lon="18.6488380">
    <ele>568.2</ele>
    <time>2026-05-23T09:10:31Z</time>
   </trkpt>
   <trkpt lat="49.6297920" lon="18.6488160">
    <ele>567.6</ele>
    <time>2026-05-23T09:10:32Z</time>
   </trkpt>
   <trkpt lat="49.6297780" lon="18.6487980">
    <ele>567.2</ele>
    <time>2026-05-23T09:10:33Z</time>
   </trkpt>
   <trkpt lat="49.6297750" lon="18.6487900">
    <ele>566.6</ele>
    <time>2026-05-23T09:10:34Z</time>
   </trkpt>
   <trkpt lat="49.6297710" lon="18.6487930">
    <ele>566.4</ele>
    <time>2026-05-23T09:10:35Z</time>
   </trkpt>
   <trkpt lat="49.6297690" lon="18.6487960">
    <ele>566.6</ele>
    <time>2026-05-23T09:10:36Z</time>
   </trkpt>
   <trkpt lat="49.6297460" lon="18.6487940">
    <ele>566.4</ele>
    <time>2026-05-23T09:10:41Z</time>
   </trkpt>
   <trkpt lat="49.6297030" lon="18.6487720">
    <ele>566.2</ele>
    <time>2026-05-23T09:10:43Z</time>
   </trkpt>
   <trkpt lat="49.6296760" lon="18.6487540">
    <ele>566.0</ele>
    <time>2026-05-23T09:10:44Z</time>
   </trkpt>
   <trkpt lat="49.6296460" lon="18.6487370">
    <ele>565.6</ele>
    <time>2026-05-23T09:10:45Z</time>
   </trkpt>
   <trkpt lat="49.6296130" lon="18.6487230">
    <ele>565.0</ele>
    <time>2026-05-23T09:10:46Z</time>
   </trkpt>
   <trkpt lat="49.6295820" lon="18.6487030">
    <ele>564.8</ele>
    <time>2026-05-23T09:10:47Z</time>
   </trkpt>
   <trkpt lat="49.6295540" lon="18.6486880">
    <ele>564.8</ele>
    <time>2026-05-23T09:10:48Z</time>
   </trkpt>
   <trkpt lat="49.6295310" lon="18.6486820">
    <ele>564.2</ele>
    <time>2026-05-23T09:10:49Z</time>
   </trkpt>
   <trkpt lat="49.6295250" lon="18.6486810">
    <ele>563.6</ele>
    <time>2026-05-23T09:10:50Z</time>
   </trkpt>
   <trkpt lat="49.6295250" lon="18.6486810">
    <ele>563.2</ele>
    <time>2026-05-23T09:10:51Z</time>
   </trkpt>
   <trkpt lat="49.6295240" lon="18.6486860">
    <ele>563.0</ele>
    <time>2026-05-23T09:10:58Z</time>
   </trkpt>
   <trkpt lat="49.6295240" lon="18.6486860">
    <ele>563.0</ele>
    <time>2026-05-23T09:11:07Z</time>
   </trkpt>
   <trkpt lat="49.6295300" lon="18.6486920">
    <ele>562.8</ele>
    <time>2026-05-23T09:11:09Z</time>
   </trkpt>
   <trkpt lat="49.6295440" lon="18.6487170">
    <ele>562.8</ele>
    <time>2026-05-23T09:11:10Z</time>
   </trkpt>
   <trkpt lat="49.6295590" lon="18.6487440">
    <ele>562.2</ele>
    <time>2026-05-23T09:11:11Z</time>
   </trkpt>
   <trkpt lat="49.6295710" lon="18.6487820">
    <ele>561.4</ele>
    <time>2026-05-23T09:11:12Z</time>
   </trkpt>
   <trkpt lat="49.6295840" lon="18.6488340">
    <ele>560.6</ele>
    <time>2026-05-23T09:11:13Z</time>
   </trkpt>
   <trkpt lat="49.6295980" lon="18.6488670">
    <ele>559.4</ele>
    <time>2026-05-23T09:11:14Z</time>
   </trkpt>
   <trkpt lat="49.6296190" lon="18.6489090">
    <ele>558.4</ele>
    <time>2026-05-23T09:11:15Z</time>
   </trkpt>
   <trkpt lat="49.6296470" lon="18.6489510">
    <ele>558.2</ele>
    <time>2026-05-23T09:11:16Z</time>
   </trkpt>
   <trkpt lat="49.6296580" lon="18.6489710">
    <ele>558.2</ele>
    <time>2026-05-23T09:11:17Z</time>
   </trkpt>
   <trkpt lat="49.6296620" lon="18.6489970">
    <ele>558.0</ele>
    <time>2026-05-23T09:11:18Z</time>
   </trkpt>
   <trkpt lat="49.6296690" lon="18.6490210">
    <ele>558.0</ele>
    <time>2026-05-23T09:11:19Z</time>
   </trkpt>
   <trkpt lat="49.6296730" lon="18.6490380">
    <ele>557.6</ele>
    <time>2026-05-23T09:11:20Z</time>
   </trkpt>
   <trkpt lat="49.6296760" lon="18.6490600">
    <ele>557.6</ele>
    <time>2026-05-23T09:11:21Z</time>
   </trkpt>
   <trkpt lat="49.6296820" lon="18.6490790">
    <ele>557.2</ele>
    <time>2026-05-23T09:11:22Z</time>
   </trkpt>
   <trkpt lat="49.6296930" lon="18.6491170">
    <ele>556.2</ele>
    <time>2026-05-23T09:11:24Z</time>
   </trkpt>
   <trkpt lat="49.6297010" lon="18.6491530">
    <ele>555.4</ele>
    <time>2026-05-23T09:11:25Z</time>
   </trkpt>
   <trkpt lat="49.6297160" lon="18.6492080">
    <ele>554.2</ele>
    <time>2026-05-23T09:11:26Z</time>
   </trkpt>
   <trkpt lat="49.6297360" lon="18.6492540">
    <ele>553.2</ele>
    <time>2026-05-23T09:11:27Z</time>
   </trkpt>
   <trkpt lat="49.6297630" lon="18.6493170">
    <ele>551.6</ele>
    <time>2026-05-23T09:11:28Z</time>
   </trkpt>
   <trkpt lat="49.6298060" lon="18.6494080">
    <ele>550.4</ele>
    <time>2026-05-23T09:11:29Z</time>
   </trkpt>
   <trkpt lat="49.6298380" lon="18.6494690">
    <ele>549.4</ele>
    <time>2026-05-23T09:11:30Z</time>
   </trkpt>
   <trkpt lat="49.6298760" lon="18.6495380">
    <ele>548.6</ele>
    <time>2026-05-23T09:11:31Z</time>
   </trkpt>
   <trkpt lat="49.6299050" lon="18.6495840">
    <ele>548.6</ele>
    <time>2026-05-23T09:11:32Z</time>
   </trkpt>
   <trkpt lat="49.6299290" lon="18.6496190">
    <ele>548.2</ele>
    <time>2026-05-23T09:11:33Z</time>
   </trkpt>
   <trkpt lat="49.6300670" lon="18.6497680">
    <ele>547.0</ele>
    <time>2026-05-23T09:11:37Z</time>
   </trkpt>
   <trkpt lat="49.6300980" lon="18.6498170">
    <ele>546.0</ele>
    <time>2026-05-23T09:11:38Z</time>
   </trkpt>
   <trkpt lat="49.6301210" lon="18.6498490">
    <ele>545.2</ele>
    <time>2026-05-23T09:11:39Z</time>
   </trkpt>
   <trkpt lat="49.6301590" lon="18.6498800">
    <ele>545.0</ele>
    <time>2026-05-23T09:11:40Z</time>
   </trkpt>
   <trkpt lat="49.6302050" lon="18.6499300">
    <ele>544.0</ele>
    <time>2026-05-23T09:11:41Z</time>
   </trkpt>
   <trkpt lat="49.6302390" lon="18.6499830">
    <ele>542.6</ele>
    <time>2026-05-23T09:11:42Z</time>
   </trkpt>
   <trkpt lat="49.6302900" lon="18.6500300">
    <ele>542.0</ele>
    <time>2026-05-23T09:11:43Z</time>
   </trkpt>
   <trkpt lat="49.6303350" lon="18.6500730">
    <ele>541.4</ele>
    <time>2026-05-23T09:11:44Z</time>
   </trkpt>
   <trkpt lat="49.6303730" lon="18.6501220">
    <ele>540.6</ele>
    <time>2026-05-23T09:11:45Z</time>
   </trkpt>
   <trkpt lat="49.6304200" lon="18.6501640">
    <ele>540.4</ele>
    <time>2026-05-23T09:11:46Z</time>
   </trkpt>
   <trkpt lat="49.6305380" lon="18.6502400">
    <ele>538.4</ele>
    <time>2026-05-23T09:11:48Z</time>
   </trkpt>
   <trkpt lat="49.6305860" lon="18.6502840">
    <ele>537.4</ele>
    <time>2026-05-23T09:11:49Z</time>
   </trkpt>
   <trkpt lat="49.6306320" lon="18.6503300">
    <ele>535.8</ele>
    <time>2026-05-23T09:11:50Z</time>
   </trkpt>
   <trkpt lat="49.6306740" lon="18.6503730">
    <ele>534.0</ele>
    <time>2026-05-23T09:11:51Z</time>
   </trkpt>
   <trkpt lat="49.6307170" lon="18.6504130">
    <ele>533.2</ele>
    <time>2026-05-23T09:11:52Z</time>
   </trkpt>
   <trkpt lat="49.6307640" lon="18.6504480">
    <ele>532.6</ele>
    <time>2026-05-23T09:11:53Z</time>
   </trkpt>
   <trkpt lat="49.6308280" lon="18.6504890">
    <ele>532.0</ele>
    <time>2026-05-23T09:11:54Z</time>
   </trkpt>
   <trkpt lat="49.6308830" lon="18.6505290">
    <ele>530.8</ele>
    <time>2026-05-23T09:11:55Z</time>
   </trkpt>
   <trkpt lat="49.6309780" lon="18.6505640">
    <ele>529.0</ele>
    <time>2026-05-23T09:11:57Z</time>
   </trkpt>
   <trkpt lat="49.6310300" lon="18.6505720">
    <ele>527.8</ele>
    <time>2026-05-23T09:11:58Z</time>
   </trkpt>
   <trkpt lat="49.6310940" lon="18.6505790">
    <ele>526.6</ele>
    <time>2026-05-23T09:11:59Z</time>
   </trkpt>
   <trkpt lat="49.6311370" lon="18.6505940">
    <ele>526.0</ele>
    <time>2026-05-23T09:12:00Z</time>
   </trkpt>
   <trkpt lat="49.6311900" lon="18.6506100">
    <ele>525.4</ele>
    <time>2026-05-23T09:12:01Z</time>
   </trkpt>
   <trkpt lat="49.6312450" lon="18.6506180">
    <ele>524.0</ele>
    <time>2026-05-23T09:12:02Z</time>
   </trkpt>
   <trkpt lat="49.6312890" lon="18.6506250">
    <ele>522.8</ele>
    <time>2026-05-23T09:12:03Z</time>
   </trkpt>
   <trkpt lat="49.6313440" lon="18.6506440">
    <ele>522.2</ele>
    <time>2026-05-23T09:12:04Z</time>
   </trkpt>
   <trkpt lat="49.6313740" lon="18.6506590">
    <ele>522.0</ele>
    <time>2026-05-23T09:12:05Z</time>
   </trkpt>
   <trkpt lat="49.6314120" lon="18.6506740">
    <ele>521.6</ele>
    <time>2026-05-23T09:12:06Z</time>
   </trkpt>
   <trkpt lat="49.6314410" lon="18.6506950">
    <ele>521.4</ele>
    <time>2026-05-23T09:12:07Z</time>
   </trkpt>
   <trkpt lat="49.6315490" lon="18.6507960">
    <ele>520.0</ele>
    <time>2026-05-23T09:12:10Z</time>
   </trkpt>
   <trkpt lat="49.6315970" lon="18.6508440">
    <ele>519.2</ele>
    <time>2026-05-23T09:12:11Z</time>
   </trkpt>
   <trkpt lat="49.6316390" lon="18.6508730">
    <ele>518.2</ele>
    <time>2026-05-23T09:12:12Z</time>
   </trkpt>
   <trkpt lat="49.6317040" lon="18.6509150">
    <ele>515.8</ele>
    <time>2026-05-23T09:12:13Z</time>
   </trkpt>
   <trkpt lat="49.6317630" lon="18.6509850">
    <ele>514.6</ele>
    <time>2026-05-23T09:12:14Z</time>
   </trkpt>
   <trkpt lat="49.6319260" lon="18.6511100">
    <ele>513.4</ele>
    <time>2026-05-23T09:12:16Z</time>
   </trkpt>
   <trkpt lat="49.6319920" lon="18.6511740">
    <ele>512.0</ele>
    <time>2026-05-23T09:12:17Z</time>
   </trkpt>
   <trkpt lat="49.6320690" lon="18.6512440">
    <ele>511.0</ele>
    <time>2026-05-23T09:12:18Z</time>
   </trkpt>
   <trkpt lat="49.6321580" lon="18.6513230">
    <ele>508.6</ele>
    <time>2026-05-23T09:12:19Z</time>
   </trkpt>
   <trkpt lat="49.6322260" lon="18.6513990">
    <ele>507.6</ele>
    <time>2026-05-23T09:12:20Z</time>
   </trkpt>
   <trkpt lat="49.6322510" lon="18.6514540">
    <ele>506.8</ele>
    <time>2026-05-23T09:12:21Z</time>
   </trkpt>
   <trkpt lat="49.6322750" lon="18.6514950">
    <ele>506.4</ele>
    <time>2026-05-23T09:12:22Z</time>
   </trkpt>
   <trkpt lat="49.6322750" lon="18.6515290">
    <ele>506.2</ele>
    <time>2026-05-23T09:12:23Z</time>
   </trkpt>
   <trkpt lat="49.6322690" lon="18.6515480">
    <ele>506.0</ele>
    <time>2026-05-23T09:12:24Z</time>
   </trkpt>
   <trkpt lat="49.6322640" lon="18.6515550">
    <ele>505.6</ele>
    <time>2026-05-23T09:12:25Z</time>
   </trkpt>
   <trkpt lat="49.6322630" lon="18.6515520">
    <ele>505.4</ele>
    <time>2026-05-23T09:12:28Z</time>
   </trkpt>
   <trkpt lat="49.6322580" lon="18.6515610">
    <ele>505.2</ele>
    <time>2026-05-23T09:12:33Z</time>
   </trkpt>
   <trkpt lat="49.6322580" lon="18.6515610">
    <ele>505.4</ele>
    <time>2026-05-23T09:12:34Z</time>
   </trkpt>
   <trkpt lat="49.6322580" lon="18.6515610">
    <ele>505.4</ele>
    <time>2026-05-23T09:12:35Z</time>
   </trkpt>
   <trkpt lat="49.6322340" lon="18.6515870">
    <ele>505.2</ele>
    <time>2026-05-23T09:12:41Z</time>
   </trkpt>
   <trkpt lat="49.6322070" lon="18.6516160">
    <ele>504.6</ele>
    <time>2026-05-23T09:12:42Z</time>
   </trkpt>
   <trkpt lat="49.6321830" lon="18.6516390">
    <ele>503.6</ele>
    <time>2026-05-23T09:12:43Z</time>
   </trkpt>
   <trkpt lat="49.6321570" lon="18.6516560">
    <ele>502.8</ele>
    <time>2026-05-23T09:12:44Z</time>
   </trkpt>
   <trkpt lat="49.6321320" lon="18.6516630">
    <ele>502.6</ele>
    <time>2026-05-23T09:12:45Z</time>
   </trkpt>
   <trkpt lat="49.6321020" lon="18.6516710">
    <ele>501.6</ele>
    <time>2026-05-23T09:12:46Z</time>
   </trkpt>
   <trkpt lat="49.6320690" lon="18.6516800">
    <ele>500.6</ele>
    <time>2026-05-23T09:12:47Z</time>
   </trkpt>
   <trkpt lat="49.6320380" lon="18.6516890">
    <ele>500.0</ele>
    <time>2026-05-23T09:12:48Z</time>
   </trkpt>
   <trkpt lat="49.6320140" lon="18.6516990">
    <ele>499.4</ele>
    <time>2026-05-23T09:12:49Z</time>
   </trkpt>
   <trkpt lat="49.6319960" lon="18.6517050">
    <ele>499.0</ele>
    <time>2026-05-23T09:12:50Z</time>
   </trkpt>
   <trkpt lat="49.6319770" lon="18.6517110">
    <ele>498.8</ele>
    <time>2026-05-23T09:12:51Z</time>
   </trkpt>
   <trkpt lat="49.6319730" lon="18.6517120">
    <ele>498.0</ele>
    <time>2026-05-23T09:12:52Z</time>
   </trkpt>
   <trkpt lat="49.6319710" lon="18.6517150">
    <ele>497.8</ele>
    <time>2026-05-23T09:12:55Z</time>
   </trkpt>
   <trkpt lat="49.6319710" lon="18.6517150">
    <ele>497.8</ele>
    <time>2026-05-23T09:12:56Z</time>
   </trkpt>
   <trkpt lat="49.6319980" lon="18.6517540">
    <ele>497.2</ele>
    <time>2026-05-23T09:12:59Z</time>
   </trkpt>
   <trkpt lat="49.6320230" lon="18.6517830">
    <ele>496.4</ele>
    <time>2026-05-23T09:13:00Z</time>
   </trkpt>
   <trkpt lat="49.6320480" lon="18.6518180">
    <ele>495.6</ele>
    <time>2026-05-23T09:13:01Z</time>
   </trkpt>
   <trkpt lat="49.6320830" lon="18.6518530">
    <ele>494.4</ele>
    <time>2026-05-23T09:13:02Z</time>
   </trkpt>
   <trkpt lat="49.6321240" lon="18.6518900">
    <ele>493.4</ele>
    <time>2026-05-23T09:13:03Z</time>
   </trkpt>
   <trkpt lat="49.6321650" lon="18.6519200">
    <ele>492.2</ele>
    <time>2026-05-23T09:13:04Z</time>
   </trkpt>
   <trkpt lat="49.6321990" lon="18.6519410">
    <ele>491.8</ele>
    <time>2026-05-23T09:13:05Z</time>
   </trkpt>
   <trkpt lat="49.6322460" lon="18.6519520">
    <ele>491.0</ele>
    <time>2026-05-23T09:13:06Z</time>
   </trkpt>
   <trkpt lat="49.6322980" lon="18.6519510">
    <ele>490.4</ele>
    <time>2026-05-23T09:13:07Z</time>
   </trkpt>
   <trkpt lat="49.6323320" lon="18.6519470">
    <ele>490.2</ele>
    <time>2026-05-23T09:13:08Z</time>
   </trkpt>
   <trkpt lat="49.6323560" lon="18.6519410">
    <ele>489.8</ele>
    <time>2026-05-23T09:13:09Z</time>
   </trkpt>
   <trkpt lat="49.6323740" lon="18.6519370">
    <ele>489.2</ele>
    <time>2026-05-23T09:13:10Z</time>
   </trkpt>
   <trkpt lat="49.6323900" lon="18.6519260">
    <ele>488.8</ele>
    <time>2026-05-23T09:13:11Z</time>
   </trkpt>
   <trkpt lat="49.6324040" lon="18.6519140">
    <ele>488.0</ele>
    <time>2026-05-23T09:13:12Z</time>
   </trkpt>
   <trkpt lat="49.6324310" lon="18.6518910">
    <ele>487.4</ele>
    <time>2026-05-23T09:13:13Z</time>
   </trkpt>
   <trkpt lat="49.6324570" lon="18.6518840">
    <ele>486.4</ele>
    <time>2026-05-23T09:13:14Z</time>
   </trkpt>
   <trkpt lat="49.6325240" lon="18.6519320">
    <ele>484.8</ele>
    <time>2026-05-23T09:13:16Z</time>
   </trkpt>
   <trkpt lat="49.6325730" lon="18.6519780">
    <ele>483.4</ele>
    <time>2026-05-23T09:13:17Z</time>
   </trkpt>
   <trkpt lat="49.6326120" lon="18.6520310">
    <ele>482.4</ele>
    <time>2026-05-23T09:13:18Z</time>
   </trkpt>
   <trkpt lat="49.6326470" lon="18.6520900">
    <ele>481.6</ele>
    <time>2026-05-23T09:13:19Z</time>
   </trkpt>
   <trkpt lat="49.6326740" lon="18.6521660">
    <ele>480.6</ele>
    <time>2026-05-23T09:13:20Z</time>
   </trkpt>
   <trkpt lat="49.6327030" lon="18.6522260">
    <ele>479.0</ele>
    <time>2026-05-23T09:13:21Z</time>
   </trkpt>
   <trkpt lat="49.6327360" lon="18.6522770">
    <ele>478.6</ele>
    <time>2026-05-23T09:13:22Z</time>
   </trkpt>
   <trkpt lat="49.6327660" lon="18.6522970">
    <ele>478.2</ele>
    <time>2026-05-23T09:13:23Z</time>
   </trkpt>
   <trkpt lat="49.6327960" lon="18.6522960">
    <ele>478.2</ele>
    <time>2026-05-23T09:13:24Z</time>
   </trkpt>
   <trkpt lat="49.6328300" lon="18.6522700">
    <ele>477.8</ele>
    <time>2026-05-23T09:13:25Z</time>
   </trkpt>
   <trkpt lat="49.6328710" lon="18.6522220">
    <ele>476.6</ele>
    <time>2026-05-23T09:13:26Z</time>
   </trkpt>
   <trkpt lat="49.6329210" lon="18.6521460">
    <ele>475.4</ele>
    <time>2026-05-23T09:13:27Z</time>
   </trkpt>
   <trkpt lat="49.6329570" lon="18.6520880">
    <ele>474.0</ele>
    <time>2026-05-23T09:13:28Z</time>
   </trkpt>
   <trkpt lat="49.6330090" lon="18.6520370">
    <ele>472.4</ele>
    <time>2026-05-23T09:13:29Z</time>
   </trkpt>
   <trkpt lat="49.6330710" lon="18.6520050">
    <ele>471.6</ele>
    <time>2026-05-23T09:13:30Z</time>
   </trkpt>
   <trkpt lat="49.6331380" lon="18.6519910">
    <ele>467.8</ele>
    <time>2026-05-23T09:13:31Z</time>
   </trkpt>
   <trkpt lat="49.6332060" lon="18.6520050">
    <ele>466.8</ele>
    <time>2026-05-23T09:13:32Z</time>
   </trkpt>
   <trkpt lat="49.6332460" lon="18.6520480">
    <ele>466.6</ele>
    <time>2026-05-23T09:13:33Z</time>
   </trkpt>
   <trkpt lat="49.6333010" lon="18.6521500">
    <ele>465.8</ele>
    <time>2026-05-23T09:13:35Z</time>
   </trkpt>
   <trkpt lat="49.6333190" lon="18.6522100">
    <ele>464.2</ele>
    <time>2026-05-23T09:13:36Z</time>
   </trkpt>
   <trkpt lat="49.6333290" lon="18.6522720">
    <ele>462.2</ele>
    <time>2026-05-23T09:13:37Z</time>
   </trkpt>
   <trkpt lat="49.6333280" lon="18.6523270">
    <ele>461.2</ele>
    <time>2026-05-23T09:13:38Z</time>
   </trkpt>
   <trkpt lat="49.6333120" lon="18.6523830">
    <ele>460.4</ele>
    <time>2026-05-23T09:13:39Z</time>
   </trkpt>
   <trkpt lat="49.6332950" lon="18.6524580">
    <ele>458.8</ele>
    <time>2026-05-23T09:13:40Z</time>
   </trkpt>
   <trkpt lat="49.6332870" lon="18.6525490">
    <ele>456.0</ele>
    <time>2026-05-23T09:13:41Z</time>
   </trkpt>
   <trkpt lat="49.6332870" lon="18.6526560">
    <ele>453.8</ele>
    <time>2026-05-23T09:13:42Z</time>
   </trkpt>
   <trkpt lat="49.6332890" lon="18.6527810">
    <ele>451.2</ele>
    <time>2026-05-23T09:13:43Z</time>
   </trkpt>
   <trkpt lat="49.6332860" lon="18.6529060">
    <ele>449.6</ele>
    <time>2026-05-23T09:13:44Z</time>
   </trkpt>
   <trkpt lat="49.6332820" lon="18.6529920">
    <ele>448.6</ele>
    <time>2026-05-23T09:13:45Z</time>
   </trkpt>
   <trkpt lat="49.6332830" lon="18.6530610">
    <ele>448.0</ele>
    <time>2026-05-23T09:13:46Z</time>
   </trkpt>
   <trkpt lat="49.6332870" lon="18.6531290">
    <ele>445.8</ele>
    <time>2026-05-23T09:13:47Z</time>
   </trkpt>
   <trkpt lat="49.6332930" lon="18.6532000">
    <ele>443.8</ele>
    <time>2026-05-23T09:13:48Z</time>
   </trkpt>
   <trkpt lat="49.6333040" lon="18.6532730">
    <ele>442.6</ele>
    <time>2026-05-23T09:13:49Z</time>
   </trkpt>
   <trkpt lat="49.6333380" lon="18.6533920">
    <ele>441.4</ele>
    <time>2026-05-23T09:13:51Z</time>
   </trkpt>
   <trkpt lat="49.6333500" lon="18.6534640">
    <ele>440.8</ele>
    <time>2026-05-23T09:13:52Z</time>
   </trkpt>
   <trkpt lat="49.6333510" lon="18.6535180">
    <ele>438.4</ele>
    <time>2026-05-23T09:13:53Z</time>
   </trkpt>
   <trkpt lat="49.6333440" lon="18.6535660">
    <ele>437.8</ele>
    <time>2026-05-23T09:13:54Z</time>
   </trkpt>
   <trkpt lat="49.6333430" lon="18.6536210">
    <ele>437.2</ele>
    <time>2026-05-23T09:13:55Z</time>
   </trkpt>
   <trkpt lat="49.6333340" lon="18.6536760">
    <ele>436.0</ele>
    <time>2026-05-23T09:13:56Z</time>
   </trkpt>
   <trkpt lat="49.6333060" lon="18.6537270">
    <ele>434.8</ele>
    <time>2026-05-23T09:13:57Z</time>
   </trkpt>
   <trkpt lat="49.6332670" lon="18.6537720">
    <ele>433.2</ele>
    <time>2026-05-23T09:13:58Z</time>
   </trkpt>
   <trkpt lat="49.6332220" lon="18.6538150">
    <ele>431.4</ele>
    <time>2026-05-23T09:13:59Z</time>
   </trkpt>
   <trkpt lat="49.6331900" lon="18.6538840">
    <ele>429.6</ele>
    <time>2026-05-23T09:14:00Z</time>
   </trkpt>
   <trkpt lat="49.6331800" lon="18.6539420">
    <ele>427.2</ele>
    <time>2026-05-23T09:14:01Z</time>
   </trkpt>
   <trkpt lat="49.6331800" lon="18.6540050">
    <ele>426.8</ele>
    <time>2026-05-23T09:14:02Z</time>
   </trkpt>
   <trkpt lat="49.6331930" lon="18.6540530">
    <ele>426.8</ele>
    <time>2026-05-23T09:14:03Z</time>
   </trkpt>
   <trkpt lat="49.6332170" lon="18.6540870">
    <ele>426.8</ele>
    <time>2026-05-23T09:14:04Z</time>
   </trkpt>
   <trkpt lat="49.6332520" lon="18.6541120">
    <ele>426.8</ele>
    <time>2026-05-23T09:14:05Z</time>
   </trkpt>
   <trkpt lat="49.6333070" lon="18.6541360">
    <ele>427.4</ele>
    <time>2026-05-23T09:14:06Z</time>
   </trkpt>
   <trkpt lat="49.6333420" lon="18.6541350">
    <ele>427.6</ele>
    <time>2026-05-23T09:14:07Z</time>
   </trkpt>
   <trkpt lat="49.6333730" lon="18.6541450">
    <ele>427.6</ele>
    <time>2026-05-23T09:14:08Z</time>
   </trkpt>
   <trkpt lat="49.6334010" lon="18.6541560">
    <ele>427.6</ele>
    <time>2026-05-23T09:14:09Z</time>
   </trkpt>
   <trkpt lat="49.6335370" lon="18.6541970">
    <ele>426.2</ele>
    <time>2026-05-23T09:14:12Z</time>
   </trkpt>
   <trkpt lat="49.6336070" lon="18.6542420">
    <ele>425.8</ele>
    <time>2026-05-23T09:14:14Z</time>
   </trkpt>
   <trkpt lat="49.6336590" lon="18.6542540">
    <ele>426.0</ele>
    <time>2026-05-23T09:14:15Z</time>
   </trkpt>
   <trkpt lat="49.6337410" lon="18.6542600">
    <ele>426.0</ele>
    <time>2026-05-23T09:14:17Z</time>
   </trkpt>
   <trkpt lat="49.6338150" lon="18.6542810">
    <ele>425.8</ele>
    <time>2026-05-23T09:14:19Z</time>
   </trkpt>
   <trkpt lat="49.6338460" lon="18.6543260">
    <ele>425.8</ele>
    <time>2026-05-23T09:14:20Z</time>
   </trkpt>
   <trkpt lat="49.6338720" lon="18.6543970">
    <ele>425.6</ele>
    <time>2026-05-23T09:14:21Z</time>
   </trkpt>
   <trkpt lat="49.6339180" lon="18.6544640">
    <ele>425.0</ele>
    <time>2026-05-23T09:14:22Z</time>
   </trkpt>
   <trkpt lat="49.6339470" lon="18.6545080">
    <ele>424.8</ele>
    <time>2026-05-23T09:14:23Z</time>
   </trkpt>
   <trkpt lat="49.6339770" lon="18.6545570">
    <ele>424.4</ele>
    <time>2026-05-23T09:14:24Z</time>
   </trkpt>
   <trkpt lat="49.6340100" lon="18.6546200">
    <ele>424.2</ele>
    <time>2026-05-23T09:14:25Z</time>
   </trkpt>
   <trkpt lat="49.6340380" lon="18.6546690">
    <ele>423.4</ele>
    <time>2026-05-23T09:14:26Z</time>
   </trkpt>
   <trkpt lat="49.6340980" lon="18.6547530">
    <ele>423.0</ele>
    <time>2026-05-23T09:14:28Z</time>
   </trkpt>
   <trkpt lat="49.6341300" lon="18.6547920">
    <ele>423.0</ele>
    <time>2026-05-23T09:14:29Z</time>
   </trkpt>
   <trkpt lat="49.6341860" lon="18.6548720">
    <ele>423.0</ele>
    <time>2026-05-23T09:14:31Z</time>
   </trkpt>
   <trkpt lat="49.6342110" lon="18.6549070">
    <ele>423.0</ele>
    <time>2026-05-23T09:14:32Z</time>
   </trkpt>
   <trkpt lat="49.6342380" lon="18.6549450">
    <ele>422.8</ele>
    <time>2026-05-23T09:14:33Z</time>
   </trkpt>
   <trkpt lat="49.6343040" lon="18.6550250">
    <ele>422.6</ele>
    <time>2026-05-23T09:14:35Z</time>
   </trkpt>
   <trkpt lat="49.6343690" lon="18.6551090">
    <ele>422.2</ele>
    <time>2026-05-23T09:14:37Z</time>
   </trkpt>
   <trkpt lat="49.6343960" lon="18.6551460">
    <ele>422.2</ele>
    <time>2026-05-23T09:14:38Z</time>
   </trkpt>
   <trkpt lat="49.6345980" lon="18.6552710">
    <ele>421.4</ele>
    <time>2026-05-23T09:14:43Z</time>
   </trkpt>
   <trkpt lat="49.6346450" lon="18.6553010">
    <ele>421.4</ele>
    <time>2026-05-23T09:14:44Z</time>
   </trkpt>
   <trkpt lat="49.6346840" lon="18.6553220">
    <ele>421.4</ele>
    <time>2026-05-23T09:14:45Z</time>
   </trkpt>
   <trkpt lat="49.6347270" lon="18.6553360">
    <ele>421.4</ele>
    <time>2026-05-23T09:14:46Z</time>
   </trkpt>
   <trkpt lat="49.6347630" lon="18.6553450">
    <ele>421.4</ele>
    <time>2026-05-23T09:14:47Z</time>
   </trkpt>
   <trkpt lat="49.6348110" lon="18.6553610">
    <ele>421.8</ele>
    <time>2026-05-23T09:14:48Z</time>
   </trkpt>
   <trkpt lat="49.6348500" lon="18.6553740">
    <ele>421.8</ele>
    <time>2026-05-23T09:14:49Z</time>
   </trkpt>
   <trkpt lat="49.6348860" lon="18.6553910">
    <ele>421.2</ele>
    <time>2026-05-23T09:14:50Z</time>
   </trkpt>
   <trkpt lat="49.6349290" lon="18.6554090">
    <ele>420.8</ele>
    <time>2026-05-23T09:14:51Z</time>
   </trkpt>
   <trkpt lat="49.6350160" lon="18.6554580">
    <ele>420.2</ele>
    <time>2026-05-23T09:14:53Z</time>
   </trkpt>
   <trkpt lat="49.6350780" lon="18.6555430">
    <ele>420.2</ele>
    <time>2026-05-23T09:14:55Z</time>
   </trkpt>
   <trkpt lat="49.6350900" lon="18.6556080">
    <ele>420.2</ele>
    <time>2026-05-23T09:14:56Z</time>
   </trkpt>
   <trkpt lat="49.6350870" lon="18.6556580">
    <ele>420.4</ele>
    <time>2026-05-23T09:14:57Z</time>
   </trkpt>
   <trkpt lat="49.6350800" lon="18.6557010">
    <ele>420.6</ele>
    <time>2026-05-23T09:14:58Z</time>
   </trkpt>
   <trkpt lat="49.6350700" lon="18.6557520">
    <ele>421.0</ele>
    <time>2026-05-23T09:14:59Z</time>
   </trkpt>
   <trkpt lat="49.6350630" lon="18.6558060">
    <ele>421.2</ele>
    <time>2026-05-23T09:15:00Z</time>
   </trkpt>
   <trkpt lat="49.6350240" lon="18.6560580">
    <ele>421.6</ele>
    <time>2026-05-23T09:15:05Z</time>
   </trkpt>
   <trkpt lat="49.6350290" lon="18.6561630">
    <ele>421.4</ele>
    <time>2026-05-23T09:15:07Z</time>
   </trkpt>
   <trkpt lat="49.6350350" lon="18.6562170">
    <ele>421.4</ele>
    <time>2026-05-23T09:15:08Z</time>
   </trkpt>
   <trkpt lat="49.6350480" lon="18.6562670">
    <ele>421.2</ele>
    <time>2026-05-23T09:15:09Z</time>
   </trkpt>
   <trkpt lat="49.6350630" lon="18.6563100">
    <ele>421.2</ele>
    <time>2026-05-23T09:15:10Z</time>
   </trkpt>
   <trkpt lat="49.6350810" lon="18.6563550">
    <ele>421.0</ele>
    <time>2026-05-23T09:15:11Z</time>
   </trkpt>
   <trkpt lat="49.6351040" lon="18.6563950">
    <ele>421.0</ele>
    <time>2026-05-23T09:15:12Z</time>
   </trkpt>
   <trkpt lat="49.6351300" lon="18.6564310">
    <ele>421.0</ele>
    <time>2026-05-23T09:15:13Z</time>
   </trkpt>
   <trkpt lat="49.6351560" lon="18.6564680">
    <ele>421.0</ele>
    <time>2026-05-23T09:15:14Z</time>
   </trkpt>
   <trkpt lat="49.6351790" lon="18.6564970">
    <ele>421.2</ele>
    <time>2026-05-23T09:15:15Z</time>
   </trkpt>
   <trkpt lat="49.6352020" lon="18.6565160">
    <ele>421.2</ele>
    <time>2026-05-23T09:15:16Z</time>
   </trkpt>
   <trkpt lat="49.6352160" lon="18.6565400">
    <ele>421.6</ele>
    <time>2026-05-23T09:15:17Z</time>
   </trkpt>
   <trkpt lat="49.6352230" lon="18.6565650">
    <ele>421.8</ele>
    <time>2026-05-23T09:15:18Z</time>
   </trkpt>
   <trkpt lat="49.6352240" lon="18.6565940">
    <ele>422.2</ele>
    <time>2026-05-23T09:15:19Z</time>
   </trkpt>
   <trkpt lat="49.6352170" lon="18.6566120">
    <ele>422.6</ele>
    <time>2026-05-23T09:15:20Z</time>
   </trkpt>
   <trkpt lat="49.6351650" lon="18.6566830">
    <ele>423.2</ele>
    <time>2026-05-23T09:15:23Z</time>
   </trkpt>
   <trkpt lat="49.6351410" lon="18.6567170">
    <ele>423.2</ele>
    <time>2026-05-23T09:15:24Z</time>
   </trkpt>
   <trkpt lat="49.6350550" lon="18.6568880">
    <ele>423.0</ele>
    <time>2026-05-23T09:15:28Z</time>
   </trkpt>
   <trkpt lat="49.6350400" lon="18.6569220">
    <ele>422.6</ele>
    <time>2026-05-23T09:15:29Z</time>
   </trkpt>
   <trkpt lat="49.6349520" lon="18.6571570">
    <ele>422.2</ele>
    <time>2026-05-23T09:15:34Z</time>
   </trkpt>
   <trkpt lat="49.6349170" lon="18.6572580">
    <ele>422.2</ele>
    <time>2026-05-23T09:15:36Z</time>
   </trkpt>
   <trkpt lat="49.6348980" lon="18.6573070">
    <ele>422.0</ele>
    <time>2026-05-23T09:15:37Z</time>
   </trkpt>
   <trkpt lat="49.6348800" lon="18.6573510">
    <ele>422.0</ele>
    <time>2026-05-23T09:15:38Z</time>
   </trkpt>
   <trkpt lat="49.6348630" lon="18.6574000">
    <ele>422.0</ele>
    <time>2026-05-23T09:15:39Z</time>
   </trkpt>
   <trkpt lat="49.6348460" lon="18.6574480">
    <ele>422.0</ele>
    <time>2026-05-23T09:15:40Z</time>
   </trkpt>
   <trkpt lat="49.6348150" lon="18.6575450">
    <ele>422.2</ele>
    <time>2026-05-23T09:15:42Z</time>
   </trkpt>
   <trkpt lat="49.6348000" lon="18.6575910">
    <ele>422.4</ele>
    <time>2026-05-23T09:15:43Z</time>
   </trkpt>
   <trkpt lat="49.6347870" lon="18.6576380">
    <ele>422.6</ele>
    <time>2026-05-23T09:15:44Z</time>
   </trkpt>
   <trkpt lat="49.6347750" lon="18.6576830">
    <ele>422.6</ele>
    <time>2026-05-23T09:15:45Z</time>
   </trkpt>
   <trkpt lat="49.6347640" lon="18.6577200">
    <ele>422.6</ele>
    <time>2026-05-23T09:15:46Z</time>
   </trkpt>
   <trkpt lat="49.6347520" lon="18.6577570">
    <ele>422.6</ele>
    <time>2026-05-23T09:15:47Z</time>
   </trkpt>
   <trkpt lat="49.6347380" lon="18.6577930">
    <ele>422.6</ele>
    <time>2026-05-23T09:15:48Z</time>
   </trkpt>
   <trkpt lat="49.6347270" lon="18.6578250">
    <ele>422.6</ele>
    <time>2026-05-23T09:15:49Z</time>
   </trkpt>
   <trkpt lat="49.6347160" lon="18.6578590">
    <ele>422.6</ele>
    <time>2026-05-23T09:15:50Z</time>
   </trkpt>
   <trkpt lat="49.6347030" lon="18.6578940">
    <ele>422.4</ele>
    <time>2026-05-23T09:15:51Z</time>
   </trkpt>
   <trkpt lat="49.6346710" lon="18.6579840">
    <ele>422.8</ele>
    <time>2026-05-23T09:15:54Z</time>
   </trkpt>
   <trkpt lat="49.6345660" lon="18.6582130">
    <ele>423.0</ele>
    <time>2026-05-23T09:16:00Z</time>
   </trkpt>
   <trkpt lat="49.6344640" lon="18.6584470">
    <ele>422.8</ele>
    <time>2026-05-23T09:16:06Z</time>
   </trkpt>
   <trkpt lat="49.6343980" lon="18.6586190">
    <ele>422.6</ele>
    <time>2026-05-23T09:16:10Z</time>
   </trkpt>
   <trkpt lat="49.6343570" lon="18.6587030">
    <ele>422.4</ele>
    <time>2026-05-23T09:16:12Z</time>
   </trkpt>
   <trkpt lat="49.6342680" lon="18.6589930">
    <ele>422.4</ele>
    <time>2026-05-23T09:16:18Z</time>
   </trkpt>
   <trkpt lat="49.6342500" lon="18.6590430">
    <ele>422.4</ele>
    <time>2026-05-23T09:16:19Z</time>
   </trkpt>
   <trkpt lat="49.6342390" lon="18.6590920">
    <ele>422.4</ele>
    <time>2026-05-23T09:16:20Z</time>
   </trkpt>
   <trkpt lat="49.6342250" lon="18.6591410">
    <ele>422.4</ele>
    <time>2026-05-23T09:16:21Z</time>
   </trkpt>
   <trkpt lat="49.6342050" lon="18.6591860">
    <ele>422.4</ele>
    <time>2026-05-23T09:16:22Z</time>
   </trkpt>
   <trkpt lat="49.6341770" lon="18.6592290">
    <ele>422.4</ele>
    <time>2026-05-23T09:16:23Z</time>
   </trkpt>
   <trkpt lat="49.6341510" lon="18.6592720">
    <ele>422.4</ele>
    <time>2026-05-23T09:16:24Z</time>
   </trkpt>
   <trkpt lat="49.6341320" lon="18.6593110">
    <ele>422.4</ele>
    <time>2026-05-23T09:16:25Z</time>
   </trkpt>
   <trkpt lat="49.6340600" lon="18.6594900">
    <ele>422.4</ele>
    <time>2026-05-23T09:16:29Z</time>
   </trkpt>
   <trkpt lat="49.6340430" lon="18.6595420">
    <ele>422.6</ele>
    <time>2026-05-23T09:16:30Z</time>
   </trkpt>
   <trkpt lat="49.6340270" lon="18.6595830">
    <ele>422.6</ele>
    <time>2026-05-23T09:16:31Z</time>
   </trkpt>
   <trkpt lat="49.6340090" lon="18.6596270">
    <ele>422.6</ele>
    <time>2026-05-23T09:16:32Z</time>
   </trkpt>
   <trkpt lat="49.6339920" lon="18.6596720">
    <ele>422.6</ele>
    <time>2026-05-23T09:16:33Z</time>
   </trkpt>
   <trkpt lat="49.6339430" lon="18.6598150">
    <ele>422.6</ele>
    <time>2026-05-23T09:16:36Z</time>
   </trkpt>
   <trkpt lat="49.6339300" lon="18.6598630">
    <ele>422.6</ele>
    <time>2026-05-23T09:16:37Z</time>
   </trkpt>
   <trkpt lat="49.6339090" lon="18.6599590">
    <ele>423.2</ele>
    <time>2026-05-23T09:16:39Z</time>
   </trkpt>
   <trkpt lat="49.6339000" lon="18.6600080">
    <ele>423.2</ele>
    <time>2026-05-23T09:16:40Z</time>
   </trkpt>
   <trkpt lat="49.6338920" lon="18.6600570">
    <ele>423.0</ele>
    <time>2026-05-23T09:16:41Z</time>
   </trkpt>
   <trkpt lat="49.6338850" lon="18.6601050">
    <ele>423.2</ele>
    <time>2026-05-23T09:16:42Z</time>
   </trkpt>
   <trkpt lat="49.6338790" lon="18.6601560">
    <ele>423.2</ele>
    <time>2026-05-23T09:16:43Z</time>
   </trkpt>
   <trkpt lat="49.6338740" lon="18.6602040">
    <ele>423.0</ele>
    <time>2026-05-23T09:16:44Z</time>
   </trkpt>
   <trkpt lat="49.6338690" lon="18.6602480">
    <ele>423.0</ele>
    <time>2026-05-23T09:16:45Z</time>
   </trkpt>
   <trkpt lat="49.6338630" lon="18.6602920">
    <ele>423.0</ele>
    <time>2026-05-23T09:16:46Z</time>
   </trkpt>
   <trkpt lat="49.6338480" lon="18.6603760">
    <ele>423.0</ele>
    <time>2026-05-23T09:16:48Z</time>
   </trkpt>
   <trkpt lat="49.6338400" lon="18.6604230">
    <ele>423.2</ele>
    <time>2026-05-23T09:16:49Z</time>
   </trkpt>
   <trkpt lat="49.6338290" lon="18.6604690">
    <ele>423.2</ele>
    <time>2026-05-23T09:16:50Z</time>
   </trkpt>
   <trkpt lat="49.6338170" lon="18.6605090">
    <ele>423.4</ele>
    <time>2026-05-23T09:16:51Z</time>
   </trkpt>
   <trkpt lat="49.6338040" lon="18.6605480">
    <ele>423.6</ele>
    <time>2026-05-23T09:16:52Z</time>
   </trkpt>
   <trkpt lat="49.6337870" lon="18.6605920">
    <ele>423.8</ele>
    <time>2026-05-23T09:16:53Z</time>
   </trkpt>
   <trkpt lat="49.6337790" lon="18.6606180">
    <ele>424.0</ele>
    <time>2026-05-23T09:16:54Z</time>
   </trkpt>
   <trkpt lat="49.6337700" lon="18.6606480">
    <ele>424.0</ele>
    <time>2026-05-23T09:16:55Z</time>
   </trkpt>
   <trkpt lat="49.6337580" lon="18.6606760">
    <ele>424.6</ele>
    <time>2026-05-23T09:16:56Z</time>
   </trkpt>
   <trkpt lat="49.6337460" lon="18.6607040">
    <ele>425.2</ele>
    <time>2026-05-23T09:16:57Z</time>
   </trkpt>
   <trkpt lat="49.6337320" lon="18.6607310">
    <ele>425.4</ele>
    <time>2026-05-23T09:16:58Z</time>
   </trkpt>
   <trkpt lat="49.6337180" lon="18.6607550">
    <ele>425.4</ele>
    <time>2026-05-23T09:16:59Z</time>
   </trkpt>
   <trkpt lat="49.6337030" lon="18.6607760">
    <ele>425.6</ele>
    <time>2026-05-23T09:17:00Z</time>
   </trkpt>
   <trkpt lat="49.6336900" lon="18.6607970">
    <ele>425.8</ele>
    <time>2026-05-23T09:17:01Z</time>
   </trkpt>
   <trkpt lat="49.6336750" lon="18.6608200">
    <ele>425.8</ele>
    <time>2026-05-23T09:17:02Z</time>
   </trkpt>
   <trkpt lat="49.6336570" lon="18.6608410">
    <ele>426.2</ele>
    <time>2026-05-23T09:17:03Z</time>
   </trkpt>
   <trkpt lat="49.6336410" lon="18.6608610">
    <ele>426.4</ele>
    <time>2026-05-23T09:17:04Z</time>
   </trkpt>
   <trkpt lat="49.6336260" lon="18.6608820">
    <ele>426.6</ele>
    <time>2026-05-23T09:17:05Z</time>
   </trkpt>
   <trkpt lat="49.6336120" lon="18.6609050">
    <ele>427.0</ele>
    <time>2026-05-23T09:17:06Z</time>
   </trkpt>
   <trkpt lat="49.6335980" lon="18.6609250">
    <ele>427.4</ele>
    <time>2026-05-23T09:17:07Z</time>
   </trkpt>
   <trkpt lat="49.6335820" lon="18.6609420">
    <ele>427.6</ele>
    <time>2026-05-23T09:17:08Z</time>
   </trkpt>
   <trkpt lat="49.6335630" lon="18.6609640">
    <ele>427.8</ele>
    <time>2026-05-23T09:17:09Z</time>
   </trkpt>
   <trkpt lat="49.6335500" lon="18.6609800">
    <ele>428.0</ele>
    <time>2026-05-23T09:17:10Z</time>
   </trkpt>
   <trkpt lat="49.6335350" lon="18.6609990">
    <ele>428.0</ele>
    <time>2026-05-23T09:17:11Z</time>
   </trkpt>
   <trkpt lat="49.6335190" lon="18.6610180">
    <ele>428.4</ele>
    <time>2026-05-23T09:17:12Z</time>
   </trkpt>
   <trkpt lat="49.6335030" lon="18.6610330">
    <ele>428.6</ele>
    <time>2026-05-23T09:17:13Z</time>
   </trkpt>
   <trkpt lat="49.6334860" lon="18.6610500">
    <ele>428.8</ele>
    <time>2026-05-23T09:17:14Z</time>
   </trkpt>
   <trkpt lat="49.6334690" lon="18.6610730">
    <ele>429.0</ele>
    <time>2026-05-23T09:17:15Z</time>
   </trkpt>
   <trkpt lat="49.6334590" lon="18.6610880">
    <ele>429.0</ele>
    <time>2026-05-23T09:17:16Z</time>
   </trkpt>
   <trkpt lat="49.6334450" lon="18.6611070">
    <ele>429.4</ele>
    <time>2026-05-23T09:17:17Z</time>
   </trkpt>
   <trkpt lat="49.6334310" lon="18.6611260">
    <ele>429.6</ele>
    <time>2026-05-23T09:17:18Z</time>
   </trkpt>
   <trkpt lat="49.6334160" lon="18.6611440">
    <ele>429.8</ele>
    <time>2026-05-23T09:17:19Z</time>
   </trkpt>
   <trkpt lat="49.6334000" lon="18.6611630">
    <ele>430.0</ele>
    <time>2026-05-23T09:17:20Z</time>
   </trkpt>
   <trkpt lat="49.6333810" lon="18.6611860">
    <ele>430.2</ele>
    <time>2026-05-23T09:17:21Z</time>
   </trkpt>
   <trkpt lat="49.6333690" lon="18.6612010">
    <ele>430.6</ele>
    <time>2026-05-23T09:17:22Z</time>
   </trkpt>
   <trkpt lat="49.6333520" lon="18.6612210">
    <ele>431.0</ele>
    <time>2026-05-23T09:17:23Z</time>
   </trkpt>
   <trkpt lat="49.6333370" lon="18.6612400">
    <ele>431.0</ele>
    <time>2026-05-23T09:17:24Z</time>
   </trkpt>
   <trkpt lat="49.6333210" lon="18.6612580">
    <ele>431.2</ele>
    <time>2026-05-23T09:17:25Z</time>
   </trkpt>
   <trkpt lat="49.6333050" lon="18.6612780">
    <ele>431.2</ele>
    <time>2026-05-23T09:17:26Z</time>
   </trkpt>
   <trkpt lat="49.6332910" lon="18.6613000">
    <ele>431.2</ele>
    <time>2026-05-23T09:17:27Z</time>
   </trkpt>
   <trkpt lat="49.6332760" lon="18.6613190">
    <ele>431.2</ele>
    <time>2026-05-23T09:17:28Z</time>
   </trkpt>
   <trkpt lat="49.6332600" lon="18.6613360">
    <ele>431.4</ele>
    <time>2026-05-23T09:17:29Z</time>
   </trkpt>
   <trkpt lat="49.6332430" lon="18.6613500">
    <ele>431.6</ele>
    <time>2026-05-23T09:17:30Z</time>
   </trkpt>
   <trkpt lat="49.6332270" lon="18.6613660">
    <ele>431.8</ele>
    <time>2026-05-23T09:17:31Z</time>
   </trkpt>
   <trkpt lat="49.6332130" lon="18.6613830">
    <ele>431.8</ele>
    <time>2026-05-23T09:17:32Z</time>
   </trkpt>
   <trkpt lat="49.6331980" lon="18.6614040">
    <ele>431.8</ele>
    <time>2026-05-23T09:17:33Z</time>
   </trkpt>
   <trkpt lat="49.6331830" lon="18.6614240">
    <ele>431.8</ele>
    <time>2026-05-23T09:17:34Z</time>
   </trkpt>
   <trkpt lat="49.6331690" lon="18.6614410">
    <ele>431.8</ele>
    <time>2026-05-23T09:17:35Z</time>
   </trkpt>
   <trkpt lat="49.6331500" lon="18.6614630">
    <ele>432.0</ele>
    <time>2026-05-23T09:17:36Z</time>
   </trkpt>
   <trkpt lat="49.6331360" lon="18.6614780">
    <ele>432.0</ele>
    <time>2026-05-23T09:17:37Z</time>
   </trkpt>
   <trkpt lat="49.6331190" lon="18.6614950">
    <ele>432.2</ele>
    <time>2026-05-23T09:17:38Z</time>
   </trkpt>
   <trkpt lat="49.6331010" lon="18.6615080">
    <ele>432.4</ele>
    <time>2026-05-23T09:17:39Z</time>
   </trkpt>
   <trkpt lat="49.6330860" lon="18.6615190">
    <ele>432.4</ele>
    <time>2026-05-23T09:17:40Z</time>
   </trkpt>
   <trkpt lat="49.6330680" lon="18.6615330">
    <ele>432.4</ele>
    <time>2026-05-23T09:17:41Z</time>
   </trkpt>
   <trkpt lat="49.6330520" lon="18.6615490">
    <ele>432.6</ele>
    <time>2026-05-23T09:17:42Z</time>
   </trkpt>
   <trkpt lat="49.6330370" lon="18.6615670">
    <ele>432.6</ele>
    <time>2026-05-23T09:17:43Z</time>
   </trkpt>
   <trkpt lat="49.6330210" lon="18.6615830">
    <ele>432.6</ele>
    <time>2026-05-23T09:17:44Z</time>
   </trkpt>
   <trkpt lat="49.6330050" lon="18.6615990">
    <ele>432.6</ele>
    <time>2026-05-23T09:17:45Z</time>
   </trkpt>
   <trkpt lat="49.6329890" lon="18.6616150">
    <ele>432.6</ele>
    <time>2026-05-23T09:17:46Z</time>
   </trkpt>
   <trkpt lat="49.6329730" lon="18.6616310">
    <ele>432.6</ele>
    <time>2026-05-23T09:17:47Z</time>
   </trkpt>
   <trkpt lat="49.6329560" lon="18.6616470">
    <ele>432.6</ele>
    <time>2026-05-23T09:17:48Z</time>
   </trkpt>
   <trkpt lat="49.6329370" lon="18.6616630">
    <ele>432.6</ele>
    <time>2026-05-23T09:17:49Z</time>
   </trkpt>
   <trkpt lat="49.6329190" lon="18.6616780">
    <ele>432.6</ele>
    <time>2026-05-23T09:17:50Z</time>
   </trkpt>
   <trkpt lat="49.6328850" lon="18.6617080">
    <ele>433.0</ele>
    <time>2026-05-23T09:17:52Z</time>
   </trkpt>
   <trkpt lat="49.6328670" lon="18.6617280">
    <ele>433.2</ele>
    <time>2026-05-23T09:17:53Z</time>
   </trkpt>
   <trkpt lat="49.6328310" lon="18.6617590">
    <ele>433.4</ele>
    <time>2026-05-23T09:17:55Z</time>
   </trkpt>
   <trkpt lat="49.6327540" lon="18.6618140">
    <ele>433.6</ele>
    <time>2026-05-23T09:17:59Z</time>
   </trkpt>
   <trkpt lat="49.6325630" lon="18.6619280">
    <ele>433.6</ele>
    <time>2026-05-23T09:18:08Z</time>
   </trkpt>
   <trkpt lat="49.6325150" lon="18.6619490">
    <ele>433.8</ele>
    <time>2026-05-23T09:18:10Z</time>
   </trkpt>
   <trkpt lat="49.6324900" lon="18.6619600">
    <ele>433.8</ele>
    <time>2026-05-23T09:18:11Z</time>
   </trkpt>
   <trkpt lat="49.6324010" lon="18.6620160">
    <ele>434.6</ele>
    <time>2026-05-23T09:18:15Z</time>
   </trkpt>
   <trkpt lat="49.6323320" lon="18.6620490">
    <ele>435.2</ele>
    <time>2026-05-23T09:18:18Z</time>
   </trkpt>
   <trkpt lat="49.6322680" lon="18.6620880">
    <ele>435.4</ele>
    <time>2026-05-23T09:18:21Z</time>
   </trkpt>
   <trkpt lat="49.6321970" lon="18.6621290">
    <ele>436.0</ele>
    <time>2026-05-23T09:18:24Z</time>
   </trkpt>
   <trkpt lat="49.6321740" lon="18.6621430">
    <ele>436.2</ele>
    <time>2026-05-23T09:18:25Z</time>
   </trkpt>
   <trkpt lat="49.6321480" lon="18.6621570">
    <ele>436.2</ele>
    <time>2026-05-23T09:18:26Z</time>
   </trkpt>
   <trkpt lat="49.6321240" lon="18.6621700">
    <ele>436.2</ele>
    <time>2026-05-23T09:18:27Z</time>
   </trkpt>
   <trkpt lat="49.6321010" lon="18.6621870">
    <ele>436.2</ele>
    <time>2026-05-23T09:18:28Z</time>
   </trkpt>
   <trkpt lat="49.6320770" lon="18.6622080">
    <ele>436.4</ele>
    <time>2026-05-23T09:18:29Z</time>
   </trkpt>
   <trkpt lat="49.6320530" lon="18.6622280">
    <ele>436.4</ele>
    <time>2026-05-23T09:18:30Z</time>
   </trkpt>
   <trkpt lat="49.6320320" lon="18.6622470">
    <ele>436.6</ele>
    <time>2026-05-23T09:18:31Z</time>
   </trkpt>
   <trkpt lat="49.6320090" lon="18.6622710">
    <ele>436.6</ele>
    <time>2026-05-23T09:18:32Z</time>
   </trkpt>
   <trkpt lat="49.6319860" lon="18.6622930">
    <ele>436.8</ele>
    <time>2026-05-23T09:18:33Z</time>
   </trkpt>
   <trkpt lat="49.6319630" lon="18.6623160">
    <ele>437.0</ele>
    <time>2026-05-23T09:18:34Z</time>
   </trkpt>
   <trkpt lat="49.6319420" lon="18.6623340">
    <ele>437.0</ele>
    <time>2026-05-23T09:18:35Z</time>
   </trkpt>
   <trkpt lat="49.6319190" lon="18.6623500">
    <ele>437.2</ele>
    <time>2026-05-23T09:18:36Z</time>
   </trkpt>
   <trkpt lat="49.6318970" lon="18.6623700">
    <ele>437.2</ele>
    <time>2026-05-23T09:18:37Z</time>
   </trkpt>
   <trkpt lat="49.6318770" lon="18.6623910">
    <ele>437.2</ele>
    <time>2026-05-23T09:18:38Z</time>
   </trkpt>
   <trkpt lat="49.6318560" lon="18.6624160">
    <ele>437.4</ele>
    <time>2026-05-23T09:18:39Z</time>
   </trkpt>
   <trkpt lat="49.6318340" lon="18.6624430">
    <ele>437.6</ele>
    <time>2026-05-23T09:18:40Z</time>
   </trkpt>
   <trkpt lat="49.6318120" lon="18.6624690">
    <ele>437.8</ele>
    <time>2026-05-23T09:18:41Z</time>
   </trkpt>
   <trkpt lat="49.6317890" lon="18.6624950">
    <ele>437.8</ele>
    <time>2026-05-23T09:18:42Z</time>
   </trkpt>
   <trkpt lat="49.6317670" lon="18.6625200">
    <ele>437.8</ele>
    <time>2026-05-23T09:18:43Z</time>
   </trkpt>
   <trkpt lat="49.6317450" lon="18.6625440">
    <ele>438.0</ele>
    <time>2026-05-23T09:18:44Z</time>
   </trkpt>
   <trkpt lat="49.6317240" lon="18.6625690">
    <ele>438.0</ele>
    <time>2026-05-23T09:18:45Z</time>
   </trkpt>
   <trkpt lat="49.6317090" lon="18.6626010">
    <ele>438.4</ele>
    <time>2026-05-23T09:18:46Z</time>
   </trkpt>
   <trkpt lat="49.6316960" lon="18.6626370">
    <ele>438.4</ele>
    <time>2026-05-23T09:18:47Z</time>
   </trkpt>
   <trkpt lat="49.6316820" lon="18.6626700">
    <ele>438.4</ele>
    <time>2026-05-23T09:18:48Z</time>
   </trkpt>
   <trkpt lat="49.6316690" lon="18.6627020">
    <ele>438.4</ele>
    <time>2026-05-23T09:18:49Z</time>
   </trkpt>
   <trkpt lat="49.6316560" lon="18.6627370">
    <ele>438.6</ele>
    <time>2026-05-23T09:18:50Z</time>
   </trkpt>
   <trkpt lat="49.6316420" lon="18.6627710">
    <ele>438.4</ele>
    <time>2026-05-23T09:18:51Z</time>
   </trkpt>
   <trkpt lat="49.6316310" lon="18.6628080">
    <ele>438.8</ele>
    <time>2026-05-23T09:18:52Z</time>
   </trkpt>
   <trkpt lat="49.6316240" lon="18.6628480">
    <ele>439.2</ele>
    <time>2026-05-23T09:18:53Z</time>
   </trkpt>
   <trkpt lat="49.6316180" lon="18.6628890">
    <ele>439.4</ele>
    <time>2026-05-23T09:18:54Z</time>
   </trkpt>
   <trkpt lat="49.6316160" lon="18.6629300">
    <ele>439.4</ele>
    <time>2026-05-23T09:18:55Z</time>
   </trkpt>
   <trkpt lat="49.6316200" lon="18.6629700">
    <ele>439.4</ele>
    <time>2026-05-23T09:18:56Z</time>
   </trkpt>
   <trkpt lat="49.6316220" lon="18.6630120">
    <ele>439.2</ele>
    <time>2026-05-23T09:18:57Z</time>
   </trkpt>
   <trkpt lat="49.6316230" lon="18.6630530">
    <ele>439.0</ele>
    <time>2026-05-23T09:18:58Z</time>
   </trkpt>
   <trkpt lat="49.6316290" lon="18.6630920">
    <ele>439.0</ele>
    <time>2026-05-23T09:18:59Z</time>
   </trkpt>
   <trkpt lat="49.6316340" lon="18.6631330">
    <ele>439.0</ele>
    <time>2026-05-23T09:19:00Z</time>
   </trkpt>
   <trkpt lat="49.6316410" lon="18.6631740">
    <ele>439.2</ele>
    <time>2026-05-23T09:19:01Z</time>
   </trkpt>
   <trkpt lat="49.6316690" lon="18.6632950">
    <ele>439.4</ele>
    <time>2026-05-23T09:19:04Z</time>
   </trkpt>
   <trkpt lat="49.6316960" lon="18.6634170">
    <ele>439.4</ele>
    <time>2026-05-23T09:19:07Z</time>
   </trkpt>
   <trkpt lat="49.6317410" lon="18.6635850">
    <ele>439.6</ele>
    <time>2026-05-23T09:19:11Z</time>
   </trkpt>
   <trkpt lat="49.6317890" lon="18.6637800">
    <ele>439.2</ele>
    <time>2026-05-23T09:19:15Z</time>
   </trkpt>
   <trkpt lat="49.6317980" lon="18.6638350">
    <ele>439.2</ele>
    <time>2026-05-23T09:19:16Z</time>
   </trkpt>
   <trkpt lat="49.6317960" lon="18.6639460">
    <ele>439.0</ele>
    <time>2026-05-23T09:19:18Z</time>
   </trkpt>
   <trkpt lat="49.6317790" lon="18.6640030">
    <ele>439.0</ele>
    <time>2026-05-23T09:19:19Z</time>
   </trkpt>
   <trkpt lat="49.6317570" lon="18.6640520">
    <ele>439.2</ele>
    <time>2026-05-23T09:19:20Z</time>
   </trkpt>
   <trkpt lat="49.6317270" lon="18.6640930">
    <ele>439.2</ele>
    <time>2026-05-23T09:19:21Z</time>
   </trkpt>
   <trkpt lat="49.6316920" lon="18.6641200">
    <ele>439.4</ele>
    <time>2026-05-23T09:19:22Z</time>
   </trkpt>
   <trkpt lat="49.6316530" lon="18.6641340">
    <ele>439.8</ele>
    <time>2026-05-23T09:19:23Z</time>
   </trkpt>
   <trkpt lat="49.6316140" lon="18.6641430">
    <ele>440.0</ele>
    <time>2026-05-23T09:19:24Z</time>
   </trkpt>
   <trkpt lat="49.6315750" lon="18.6641490">
    <ele>440.0</ele>
    <time>2026-05-23T09:19:25Z</time>
   </trkpt>
   <trkpt lat="49.6315300" lon="18.6641580">
    <ele>440.0</ele>
    <time>2026-05-23T09:19:26Z</time>
   </trkpt>
   <trkpt lat="49.6315030" lon="18.6641650">
    <ele>440.2</ele>
    <time>2026-05-23T09:19:27Z</time>
   </trkpt>
   <trkpt lat="49.6314670" lon="18.6641770">
    <ele>440.2</ele>
    <time>2026-05-23T09:19:28Z</time>
   </trkpt>
   <trkpt lat="49.6314330" lon="18.6641910">
    <ele>440.2</ele>
    <time>2026-05-23T09:19:29Z</time>
   </trkpt>
   <trkpt lat="49.6313990" lon="18.6642060">
    <ele>440.4</ele>
    <time>2026-05-23T09:19:30Z</time>
   </trkpt>
   <trkpt lat="49.6313660" lon="18.6642180">
    <ele>440.8</ele>
    <time>2026-05-23T09:19:31Z</time>
   </trkpt>
   <trkpt lat="49.6313340" lon="18.6642260">
    <ele>441.0</ele>
    <time>2026-05-23T09:19:32Z</time>
   </trkpt>
   <trkpt lat="49.6313040" lon="18.6642340">
    <ele>441.4</ele>
    <time>2026-05-23T09:19:33Z</time>
   </trkpt>
   <trkpt lat="49.6312730" lon="18.6642410">
    <ele>441.6</ele>
    <time>2026-05-23T09:19:34Z</time>
   </trkpt>
   <trkpt lat="49.6312420" lon="18.6642490">
    <ele>441.8</ele>
    <time>2026-05-23T09:19:35Z</time>
   </trkpt>
   <trkpt lat="49.6312210" lon="18.6642570">
    <ele>442.0</ele>
    <time>2026-05-23T09:19:36Z</time>
   </trkpt>
   <trkpt lat="49.6311930" lon="18.6642660">
    <ele>442.2</ele>
    <time>2026-05-23T09:19:37Z</time>
   </trkpt>
   <trkpt lat="49.6311370" lon="18.6642760">
    <ele>442.8</ele>
    <time>2026-05-23T09:19:39Z</time>
   </trkpt>
   <trkpt lat="49.6311090" lon="18.6642750">
    <ele>443.2</ele>
    <time>2026-05-23T09:19:40Z</time>
   </trkpt>
   <trkpt lat="49.6310800" lon="18.6642800">
    <ele>443.4</ele>
    <time>2026-05-23T09:19:41Z</time>
   </trkpt>
   <trkpt lat="49.6310520" lon="18.6642900">
    <ele>443.4</ele>
    <time>2026-05-23T09:19:42Z</time>
   </trkpt>
   <trkpt lat="49.6310240" lon="18.6643020">
    <ele>443.8</ele>
    <time>2026-05-23T09:19:43Z</time>
   </trkpt>
   <trkpt lat="49.6309920" lon="18.6643200">
    <ele>443.8</ele>
    <time>2026-05-23T09:19:44Z</time>
   </trkpt>
   <trkpt lat="49.6309690" lon="18.6643290">
    <ele>444.2</ele>
    <time>2026-05-23T09:19:45Z</time>
   </trkpt>
   <trkpt lat="49.6309400" lon="18.6643350">
    <ele>444.4</ele>
    <time>2026-05-23T09:19:46Z</time>
   </trkpt>
   <trkpt lat="49.6309090" lon="18.6643350">
    <ele>444.6</ele>
    <time>2026-05-23T09:19:47Z</time>
   </trkpt>
   <trkpt lat="49.6308750" lon="18.6643320">
    <ele>444.8</ele>
    <time>2026-05-23T09:19:48Z</time>
   </trkpt>
   <trkpt lat="49.6308530" lon="18.6643300">
    <ele>445.0</ele>
    <time>2026-05-23T09:19:49Z</time>
   </trkpt>
   <trkpt lat="49.6308220" lon="18.6643320">
    <ele>445.0</ele>
    <time>2026-05-23T09:19:50Z</time>
   </trkpt>
   <trkpt lat="49.6307920" lon="18.6643380">
    <ele>445.2</ele>
    <time>2026-05-23T09:19:51Z</time>
   </trkpt>
   <trkpt lat="49.6307630" lon="18.6643440">
    <ele>445.4</ele>
    <time>2026-05-23T09:19:52Z</time>
   </trkpt>
   <trkpt lat="49.6307330" lon="18.6643510">
    <ele>445.8</ele>
    <time>2026-05-23T09:19:53Z</time>
   </trkpt>
   <trkpt lat="49.6307050" lon="18.6643550">
    <ele>446.0</ele>
    <time>2026-05-23T09:19:54Z</time>
   </trkpt>
   <trkpt lat="49.6306770" lon="18.6643550">
    <ele>446.2</ele>
    <time>2026-05-23T09:19:55Z</time>
   </trkpt>
   <trkpt lat="49.6306470" lon="18.6643530">
    <ele>446.4</ele>
    <time>2026-05-23T09:19:56Z</time>
   </trkpt>
   <trkpt lat="49.6306180" lon="18.6643530">
    <ele>446.6</ele>
    <time>2026-05-23T09:19:57Z</time>
   </trkpt>
   <trkpt lat="49.6305900" lon="18.6643520">
    <ele>446.6</ele>
    <time>2026-05-23T09:19:58Z</time>
   </trkpt>
   <trkpt lat="49.6305620" lon="18.6643510">
    <ele>446.8</ele>
    <time>2026-05-23T09:19:59Z</time>
   </trkpt>
   <trkpt lat="49.6305340" lon="18.6643510">
    <ele>447.0</ele>
    <time>2026-05-23T09:20:00Z</time>
   </trkpt>
   <trkpt lat="49.6305060" lon="18.6643500">
    <ele>447.2</ele>
    <time>2026-05-23T09:20:01Z</time>
   </trkpt>
   <trkpt lat="49.6304800" lon="18.6643500">
    <ele>447.6</ele>
    <time>2026-05-23T09:20:02Z</time>
   </trkpt>
   <trkpt lat="49.6304520" lon="18.6643520">
    <ele>447.8</ele>
    <time>2026-05-23T09:20:03Z</time>
   </trkpt>
   <trkpt lat="49.6304250" lon="18.6643530">
    <ele>448.0</ele>
    <time>2026-05-23T09:20:04Z</time>
   </trkpt>
   <trkpt lat="49.6303970" lon="18.6643530">
    <ele>448.2</ele>
    <time>2026-05-23T09:20:05Z</time>
   </trkpt>
   <trkpt lat="49.6303710" lon="18.6643490">
    <ele>448.6</ele>
    <time>2026-05-23T09:20:06Z</time>
   </trkpt>
   <trkpt lat="49.6303430" lon="18.6643500">
    <ele>448.8</ele>
    <time>2026-05-23T09:20:07Z</time>
   </trkpt>
   <trkpt lat="49.6303140" lon="18.6643520">
    <ele>448.8</ele>
    <time>2026-05-23T09:20:08Z</time>
   </trkpt>
   <trkpt lat="49.6302840" lon="18.6643530">
    <ele>449.2</ele>
    <time>2026-05-23T09:20:09Z</time>
   </trkpt>
   <trkpt lat="49.6302550" lon="18.6643540">
    <ele>449.6</ele>
    <time>2026-05-23T09:20:10Z</time>
   </trkpt>
   <trkpt lat="49.6302290" lon="18.6643560">
    <ele>449.8</ele>
    <time>2026-05-23T09:20:11Z</time>
   </trkpt>
   <trkpt lat="49.6302030" lon="18.6643560">
    <ele>450.0</ele>
    <time>2026-05-23T09:20:12Z</time>
   </trkpt>
   <trkpt lat="49.6301750" lon="18.6643570">
    <ele>450.0</ele>
    <time>2026-05-23T09:20:13Z</time>
   </trkpt>
   <trkpt lat="49.6301470" lon="18.6643620">
    <ele>450.4</ele>
    <time>2026-05-23T09:20:14Z</time>
   </trkpt>
   <trkpt lat="49.6301180" lon="18.6643710">
    <ele>450.6</ele>
    <time>2026-05-23T09:20:15Z</time>
   </trkpt>
   <trkpt lat="49.6300900" lon="18.6643770">
    <ele>450.8</ele>
    <time>2026-05-23T09:20:16Z</time>
   </trkpt>
   <trkpt lat="49.6300620" lon="18.6643810">
    <ele>450.8</ele>
    <time>2026-05-23T09:20:17Z</time>
   </trkpt>
   <trkpt lat="49.6300340" lon="18.6643800">
    <ele>451.0</ele>
    <time>2026-05-23T09:20:18Z</time>
   </trkpt>
   <trkpt lat="49.6300070" lon="18.6643760">
    <ele>451.2</ele>
    <time>2026-05-23T09:20:19Z</time>
   </trkpt>
   <trkpt lat="49.6299770" lon="18.6643720">
    <ele>451.6</ele>
    <time>2026-05-23T09:20:20Z</time>
   </trkpt>
   <trkpt lat="49.6299490" lon="18.6643710">
    <ele>452.2</ele>
    <time>2026-05-23T09:20:21Z</time>
   </trkpt>
   <trkpt lat="49.6299210" lon="18.6643760">
    <ele>452.2</ele>
    <time>2026-05-23T09:20:22Z</time>
   </trkpt>
   <trkpt lat="49.6298930" lon="18.6643800">
    <ele>452.4</ele>
    <time>2026-05-23T09:20:23Z</time>
   </trkpt>
   <trkpt lat="49.6298640" lon="18.6643850">
    <ele>452.6</ele>
    <time>2026-05-23T09:20:24Z</time>
   </trkpt>
   <trkpt lat="49.6298370" lon="18.6643890">
    <ele>452.8</ele>
    <time>2026-05-23T09:20:25Z</time>
   </trkpt>
   <trkpt lat="49.6298090" lon="18.6643930">
    <ele>453.0</ele>
    <time>2026-05-23T09:20:26Z</time>
   </trkpt>
   <trkpt lat="49.6297820" lon="18.6643930">
    <ele>453.2</ele>
    <time>2026-05-23T09:20:27Z</time>
   </trkpt>
   <trkpt lat="49.6297550" lon="18.6643910">
    <ele>453.4</ele>
    <time>2026-05-23T09:20:28Z</time>
   </trkpt>
   <trkpt lat="49.6297280" lon="18.6643870">
    <ele>453.6</ele>
    <time>2026-05-23T09:20:29Z</time>
   </trkpt>
   <trkpt lat="49.6296980" lon="18.6643840">
    <ele>453.6</ele>
    <time>2026-05-23T09:20:30Z</time>
   </trkpt>
   <trkpt lat="49.6296680" lon="18.6643840">
    <ele>453.8</ele>
    <time>2026-05-23T09:20:31Z</time>
   </trkpt>
   <trkpt lat="49.6296380" lon="18.6643870">
    <ele>453.8</ele>
    <time>2026-05-23T09:20:32Z</time>
   </trkpt>
   <trkpt lat="49.6296100" lon="18.6643890">
    <ele>454.0</ele>
    <time>2026-05-23T09:20:33Z</time>
   </trkpt>
   <trkpt lat="49.6295830" lon="18.6643890">
    <ele>454.2</ele>
    <time>2026-05-23T09:20:34Z</time>
   </trkpt>
   <trkpt lat="49.6295560" lon="18.6643850">
    <ele>454.4</ele>
    <time>2026-05-23T09:20:35Z</time>
   </trkpt>
   <trkpt lat="49.6295300" lon="18.6643830">
    <ele>454.6</ele>
    <time>2026-05-23T09:20:36Z</time>
   </trkpt>
   <trkpt lat="49.6295040" lon="18.6643830">
    <ele>454.8</ele>
    <time>2026-05-23T09:20:37Z</time>
   </trkpt>
   <trkpt lat="49.6294750" lon="18.6643890">
    <ele>455.0</ele>
    <time>2026-05-23T09:20:38Z</time>
   </trkpt>
   <trkpt lat="49.6294450" lon="18.6643960">
    <ele>455.2</ele>
    <time>2026-05-23T09:20:39Z</time>
   </trkpt>
   <trkpt lat="49.6294180" lon="18.6643970">
    <ele>455.4</ele>
    <time>2026-05-23T09:20:40Z</time>
   </trkpt>
   <trkpt lat="49.6293920" lon="18.6643950">
    <ele>455.6</ele>
    <time>2026-05-23T09:20:41Z</time>
   </trkpt>
   <trkpt lat="49.6293690" lon="18.6643910">
    <ele>455.8</ele>
    <time>2026-05-23T09:20:42Z</time>
   </trkpt>
   <trkpt lat="49.6293420" lon="18.6643900">
    <ele>456.0</ele>
    <time>2026-05-23T09:20:43Z</time>
   </trkpt>
   <trkpt lat="49.6293200" lon="18.6643850">
    <ele>456.2</ele>
    <time>2026-05-23T09:20:44Z</time>
   </trkpt>
   <trkpt lat="49.6293000" lon="18.6643800">
    <ele>456.6</ele>
    <time>2026-05-23T09:20:45Z</time>
   </trkpt>
   <trkpt lat="49.6292780" lon="18.6643770">
    <ele>457.0</ele>
    <time>2026-05-23T09:20:46Z</time>
   </trkpt>
   <trkpt lat="49.6292550" lon="18.6643740">
    <ele>457.0</ele>
    <time>2026-05-23T09:20:47Z</time>
   </trkpt>
   <trkpt lat="49.6292290" lon="18.6643780">
    <ele>457.4</ele>
    <time>2026-05-23T09:20:48Z</time>
   </trkpt>
   <trkpt lat="49.6292020" lon="18.6643870">
    <ele>457.6</ele>
    <time>2026-05-23T09:20:49Z</time>
   </trkpt>
   <trkpt lat="49.6291790" lon="18.6643930">
    <ele>458.0</ele>
    <time>2026-05-23T09:20:50Z</time>
   </trkpt>
   <trkpt lat="49.6291550" lon="18.6643960">
    <ele>458.2</ele>
    <time>2026-05-23T09:20:51Z</time>
   </trkpt>
   <trkpt lat="49.6291300" lon="18.6643970">
    <ele>458.6</ele>
    <time>2026-05-23T09:20:52Z</time>
   </trkpt>
   <trkpt lat="49.6291030" lon="18.6643930">
    <ele>458.8</ele>
    <time>2026-05-23T09:20:53Z</time>
   </trkpt>
   <trkpt lat="49.6290760" lon="18.6643870">
    <ele>459.2</ele>
    <time>2026-05-23T09:20:54Z</time>
   </trkpt>
   <trkpt lat="49.6290520" lon="18.6643790">
    <ele>459.4</ele>
    <time>2026-05-23T09:20:55Z</time>
   </trkpt>
   <trkpt lat="49.6290240" lon="18.6643740">
    <ele>459.8</ele>
    <time>2026-05-23T09:20:56Z</time>
   </trkpt>
   <trkpt lat="49.6290000" lon="18.6643670">
    <ele>459.8</ele>
    <time>2026-05-23T09:20:57Z</time>
   </trkpt>
   <trkpt lat="49.6289770" lon="18.6643600">
    <ele>460.0</ele>
    <time>2026-05-23T09:20:58Z</time>
   </trkpt>
   <trkpt lat="49.6289500" lon="18.6643600">
    <ele>460.4</ele>
    <time>2026-05-23T09:20:59Z</time>
   </trkpt>
   <trkpt lat="49.6289260" lon="18.6643590">
    <ele>460.6</ele>
    <time>2026-05-23T09:21:00Z</time>
   </trkpt>
   <trkpt lat="49.6289000" lon="18.6643530">
    <ele>461.6</ele>
    <time>2026-05-23T09:21:01Z</time>
   </trkpt>
   <trkpt lat="49.6288750" lon="18.6643440">
    <ele>461.8</ele>
    <time>2026-05-23T09:21:02Z</time>
   </trkpt>
   <trkpt lat="49.6288510" lon="18.6643430">
    <ele>462.0</ele>
    <time>2026-05-23T09:21:03Z</time>
   </trkpt>
   <trkpt lat="49.6288270" lon="18.6643470">
    <ele>462.0</ele>
    <time>2026-05-23T09:21:04Z</time>
   </trkpt>
   <trkpt lat="49.6288020" lon="18.6643500">
    <ele>462.2</ele>
    <time>2026-05-23T09:21:05Z</time>
   </trkpt>
   <trkpt lat="49.6287850" lon="18.6643500">
    <ele>462.4</ele>
    <time>2026-05-23T09:21:06Z</time>
   </trkpt>
   <trkpt lat="49.6287630" lon="18.6643570">
    <ele>462.6</ele>
    <time>2026-05-23T09:21:07Z</time>
   </trkpt>
   <trkpt lat="49.6287380" lon="18.6643730">
    <ele>463.2</ele>
    <time>2026-05-23T09:21:08Z</time>
   </trkpt>
   <trkpt lat="49.6287200" lon="18.6643900">
    <ele>463.4</ele>
    <time>2026-05-23T09:21:09Z</time>
   </trkpt>
   <trkpt lat="49.6286990" lon="18.6644060">
    <ele>463.8</ele>
    <time>2026-05-23T09:21:10Z</time>
   </trkpt>
   <trkpt lat="49.6286760" lon="18.6644230">
    <ele>463.8</ele>
    <time>2026-05-23T09:21:11Z</time>
   </trkpt>
   <trkpt lat="49.6286530" lon="18.6644410">
    <ele>464.0</ele>
    <time>2026-05-23T09:21:12Z</time>
   </trkpt>
   <trkpt lat="49.6286290" lon="18.6644590">
    <ele>464.2</ele>
    <time>2026-05-23T09:21:13Z</time>
   </trkpt>
   <trkpt lat="49.6286070" lon="18.6644730">
    <ele>464.2</ele>
    <time>2026-05-23T09:21:14Z</time>
   </trkpt>
   <trkpt lat="49.6285860" lon="18.6644860">
    <ele>464.4</ele>
    <time>2026-05-23T09:21:15Z</time>
   </trkpt>
   <trkpt lat="49.6285630" lon="18.6645010">
    <ele>464.6</ele>
    <time>2026-05-23T09:21:16Z</time>
   </trkpt>
   <trkpt lat="49.6285400" lon="18.6645170">
    <ele>464.6</ele>
    <time>2026-05-23T09:21:17Z</time>
   </trkpt>
   <trkpt lat="49.6285150" lon="18.6645320">
    <ele>464.8</ele>
    <time>2026-05-23T09:21:18Z</time>
   </trkpt>
   <trkpt lat="49.6284930" lon="18.6645410">
    <ele>464.8</ele>
    <time>2026-05-23T09:21:19Z</time>
   </trkpt>
   <trkpt lat="49.6284700" lon="18.6645580">
    <ele>465.0</ele>
    <time>2026-05-23T09:21:20Z</time>
   </trkpt>
   <trkpt lat="49.6284470" lon="18.6645760">
    <ele>465.2</ele>
    <time>2026-05-23T09:21:21Z</time>
   </trkpt>
   <trkpt lat="49.6284210" lon="18.6645980">
    <ele>465.4</ele>
    <time>2026-05-23T09:21:22Z</time>
   </trkpt>
   <trkpt lat="49.6283950" lon="18.6646160">
    <ele>465.6</ele>
    <time>2026-05-23T09:21:23Z</time>
   </trkpt>
   <trkpt lat="49.6283710" lon="18.6646290">
    <ele>465.6</ele>
    <time>2026-05-23T09:21:24Z</time>
   </trkpt>
   <trkpt lat="49.6283450" lon="18.6646370">
    <ele>465.8</ele>
    <time>2026-05-23T09:21:25Z</time>
   </trkpt>
   <trkpt lat="49.6283220" lon="18.6646450">
    <ele>465.8</ele>
    <time>2026-05-23T09:21:26Z</time>
   </trkpt>
   <trkpt lat="49.6282990" lon="18.6646520">
    <ele>466.0</ele>
    <time>2026-05-23T09:21:27Z</time>
   </trkpt>
   <trkpt lat="49.6282740" lon="18.6646600">
    <ele>466.2</ele>
    <time>2026-05-23T09:21:28Z</time>
   </trkpt>
   <trkpt lat="49.6282510" lon="18.6646680">
    <ele>466.2</ele>
    <time>2026-05-23T09:21:29Z</time>
   </trkpt>
   <trkpt lat="49.6282310" lon="18.6646760">
    <ele>466.6</ele>
    <time>2026-05-23T09:21:30Z</time>
   </trkpt>
   <trkpt lat="49.6282080" lon="18.6646810">
    <ele>466.6</ele>
    <time>2026-05-23T09:21:31Z</time>
   </trkpt>
   <trkpt lat="49.6281870" lon="18.6646720">
    <ele>466.8</ele>
    <time>2026-05-23T09:21:32Z</time>
   </trkpt>
   <trkpt lat="49.6281770" lon="18.6646560">
    <ele>467.0</ele>
    <time>2026-05-23T09:21:33Z</time>
   </trkpt>
   <trkpt lat="49.6281760" lon="18.6646380">
    <ele>467.2</ele>
    <time>2026-05-23T09:21:34Z</time>
   </trkpt>
   <trkpt lat="49.6281770" lon="18.6646320">
    <ele>467.2</ele>
    <time>2026-05-23T09:21:35Z</time>
   </trkpt>
   <trkpt lat="49.6281820" lon="18.6646240">
    <ele>467.2</ele>
    <time>2026-05-23T09:21:36Z</time>
   </trkpt>
   <trkpt lat="49.6281960" lon="18.6646220">
    <ele>467.0</ele>
    <time>2026-05-23T09:21:39Z</time>
   </trkpt>
   <trkpt lat="49.6282010" lon="18.6646250">
    <ele>467.0</ele>
    <time>2026-05-23T09:21:40Z</time>
   </trkpt>
   <trkpt lat="49.6281630" lon="18.6645430">
    <ele>465.8</ele>
    <time>2026-05-23T09:27:42Z</time>
   </trkpt>
   <trkpt lat="49.6290810" lon="18.6651330">
    <ele>465.8</ele>
    <time>2026-05-23T09:27:45Z</time>
   </trkpt>
   <trkpt lat="49.6286050" lon="18.6650240">
    <ele>465.8</ele>
    <time>2026-05-23T09:27:46Z</time>
   </trkpt>
   <trkpt lat="49.6282100" lon="18.6650760">
    <ele>465.4</ele>
    <time>2026-05-23T09:27:47Z</time>
   </trkpt>
   <trkpt lat="49.6281950" lon="18.6648440">
    <ele>465.6</ele>
    <time>2026-05-23T09:27:48Z</time>
   </trkpt>
   <trkpt lat="49.6281340" lon="18.6647830">
    <ele>466.0</ele>
    <time>2026-05-23T09:27:50Z</time>
   </trkpt>
   <trkpt lat="49.6281120" lon="18.6647810">
    <ele>466.4</ele>
    <time>2026-05-23T09:27:51Z</time>
   </trkpt>
   <trkpt lat="49.6280970" lon="18.6647870">
    <ele>466.8</ele>
    <time>2026-05-23T09:27:52Z</time>
   </trkpt>
   <trkpt lat="49.6280820" lon="18.6648040">
    <ele>466.8</ele>
    <time>2026-05-23T09:27:53Z</time>
   </trkpt>
   <trkpt lat="49.6280220" lon="18.6648380">
    <ele>467.4</ele>
    <time>2026-05-23T09:27:55Z</time>
   </trkpt>
   <trkpt lat="49.6280070" lon="18.6648480">
    <ele>467.6</ele>
    <time>2026-05-23T09:27:56Z</time>
   </trkpt>
   <trkpt lat="49.6279770" lon="18.6648630">
    <ele>468.2</ele>
    <time>2026-05-23T09:27:58Z</time>
   </trkpt>
   <trkpt lat="49.6279550" lon="18.6648760">
    <ele>468.4</ele>
    <time>2026-05-23T09:27:59Z</time>
   </trkpt>
   <trkpt lat="49.6279340" lon="18.6648830">
    <ele>468.8</ele>
    <time>2026-05-23T09:28:00Z</time>
   </trkpt>
   <trkpt lat="49.6278810" lon="18.6649140">
    <ele>469.4</ele>
    <time>2026-05-23T09:28:02Z</time>
   </trkpt>
   <trkpt lat="49.6278530" lon="18.6649190">
    <ele>469.6</ele>
    <time>2026-05-23T09:28:03Z</time>
   </trkpt>
   <trkpt lat="49.6278340" lon="18.6649300">
    <ele>470.2</ele>
    <time>2026-05-23T09:28:04Z</time>
   </trkpt>
   <trkpt lat="49.6278220" lon="18.6649370">
    <ele>470.2</ele>
    <time>2026-05-23T09:28:05Z</time>
   </trkpt>
   <trkpt lat="49.6278040" lon="18.6649370">
    <ele>470.4</ele>
    <time>2026-05-23T09:28:06Z</time>
   </trkpt>
   <trkpt lat="49.6277750" lon="18.6649400">
    <ele>470.6</ele>
    <time>2026-05-23T09:28:07Z</time>
   </trkpt>
   <trkpt lat="49.6277590" lon="18.6649390">
    <ele>471.0</ele>
    <time>2026-05-23T09:28:08Z</time>
   </trkpt>
   <trkpt lat="49.6277380" lon="18.6649360">
    <ele>471.4</ele>
    <time>2026-05-23T09:28:09Z</time>
   </trkpt>
   <trkpt lat="49.6277280" lon="18.6649290">
    <ele>471.6</ele>
    <time>2026-05-23T09:28:10Z</time>
   </trkpt>
   <trkpt lat="49.6277150" lon="18.6649320">
    <ele>471.8</ele>
    <time>2026-05-23T09:28:11Z</time>
   </trkpt>
   <trkpt lat="49.6277020" lon="18.6649410">
    <ele>472.2</ele>
    <time>2026-05-23T09:28:12Z</time>
   </trkpt>
   <trkpt lat="49.6276870" lon="18.6649460">
    <ele>472.4</ele>
    <time>2026-05-23T09:28:13Z</time>
   </trkpt>
   <trkpt lat="49.6276730" lon="18.6649510">
    <ele>472.6</ele>
    <time>2026-05-23T09:28:14Z</time>
   </trkpt>
   <trkpt lat="49.6276580" lon="18.6649610">
    <ele>472.8</ele>
    <time>2026-05-23T09:28:15Z</time>
   </trkpt>
   <trkpt lat="49.6276430" lon="18.6649650">
    <ele>473.2</ele>
    <time>2026-05-23T09:28:16Z</time>
   </trkpt>
   <trkpt lat="49.6276280" lon="18.6649670">
    <ele>473.4</ele>
    <time>2026-05-23T09:28:17Z</time>
   </trkpt>
   <trkpt lat="49.6276070" lon="18.6649710">
    <ele>473.8</ele>
    <time>2026-05-23T09:28:18Z</time>
   </trkpt>
   <trkpt lat="49.6275910" lon="18.6649730">
    <ele>473.8</ele>
    <time>2026-05-23T09:28:19Z</time>
   </trkpt>
   <trkpt lat="49.6275710" lon="18.6649750">
    <ele>474.2</ele>
    <time>2026-05-23T09:28:20Z</time>
   </trkpt>
   <trkpt lat="49.6275530" lon="18.6649760">
    <ele>474.4</ele>
    <time>2026-05-23T09:28:21Z</time>
   </trkpt>
   <trkpt lat="49.6275350" lon="18.6649740">
    <ele>474.8</ele>
    <time>2026-05-23T09:28:22Z</time>
   </trkpt>
   <trkpt lat="49.6275180" lon="18.6649720">
    <ele>475.0</ele>
    <time>2026-05-23T09:28:23Z</time>
   </trkpt>
   <trkpt lat="49.6274990" lon="18.6649750">
    <ele>475.2</ele>
    <time>2026-05-23T09:28:24Z</time>
   </trkpt>
   <trkpt lat="49.6274740" lon="18.6649790">
    <ele>475.6</ele>
    <time>2026-05-23T09:28:25Z</time>
   </trkpt>
   <trkpt lat="49.6274580" lon="18.6649800">
    <ele>475.8</ele>
    <time>2026-05-23T09:28:26Z</time>
   </trkpt>
   <trkpt lat="49.6274430" lon="18.6649810">
    <ele>476.0</ele>
    <time>2026-05-23T09:28:27Z</time>
   </trkpt>
   <trkpt lat="49.6274270" lon="18.6649840">
    <ele>476.4</ele>
    <time>2026-05-23T09:28:28Z</time>
   </trkpt>
   <trkpt lat="49.6274120" lon="18.6649830">
    <ele>476.4</ele>
    <time>2026-05-23T09:28:29Z</time>
   </trkpt>
   <trkpt lat="49.6273960" lon="18.6649900">
    <ele>476.8</ele>
    <time>2026-05-23T09:28:30Z</time>
   </trkpt>
   <trkpt lat="49.6273810" lon="18.6649990">
    <ele>477.0</ele>
    <time>2026-05-23T09:28:31Z</time>
   </trkpt>
   <trkpt lat="49.6273640" lon="18.6650070">
    <ele>477.2</ele>
    <time>2026-05-23T09:28:32Z</time>
   </trkpt>
   <trkpt lat="49.6273500" lon="18.6650140">
    <ele>477.4</ele>
    <time>2026-05-23T09:28:33Z</time>
   </trkpt>
   <trkpt lat="49.6273360" lon="18.6650170">
    <ele>477.6</ele>
    <time>2026-05-23T09:28:34Z</time>
   </trkpt>
   <trkpt lat="49.6273230" lon="18.6650170">
    <ele>478.0</ele>
    <time>2026-05-23T09:28:35Z</time>
   </trkpt>
   <trkpt lat="49.6273060" lon="18.6650200">
    <ele>478.2</ele>
    <time>2026-05-23T09:28:36Z</time>
   </trkpt>
   <trkpt lat="49.6272900" lon="18.6650260">
    <ele>478.4</ele>
    <time>2026-05-23T09:28:37Z</time>
   </trkpt>
   <trkpt lat="49.6272770" lon="18.6650290">
    <ele>478.8</ele>
    <time>2026-05-23T09:28:38Z</time>
   </trkpt>
   <trkpt lat="49.6272560" lon="18.6650350">
    <ele>479.0</ele>
    <time>2026-05-23T09:28:39Z</time>
   </trkpt>
   <trkpt lat="49.6272400" lon="18.6650390">
    <ele>479.4</ele>
    <time>2026-05-23T09:28:40Z</time>
   </trkpt>
   <trkpt lat="49.6272220" lon="18.6650450">
    <ele>479.6</ele>
    <time>2026-05-23T09:28:41Z</time>
   </trkpt>
   <trkpt lat="49.6272080" lon="18.6650490">
    <ele>479.8</ele>
    <time>2026-05-23T09:28:42Z</time>
   </trkpt>
   <trkpt lat="49.6271930" lon="18.6650550">
    <ele>480.0</ele>
    <time>2026-05-23T09:28:43Z</time>
   </trkpt>
   <trkpt lat="49.6271790" lon="18.6650590">
    <ele>480.4</ele>
    <time>2026-05-23T09:28:44Z</time>
   </trkpt>
   <trkpt lat="49.6271640" lon="18.6650610">
    <ele>480.6</ele>
    <time>2026-05-23T09:28:45Z</time>
   </trkpt>
   <trkpt lat="49.6271460" lon="18.6650570">
    <ele>481.0</ele>
    <time>2026-05-23T09:28:46Z</time>
   </trkpt>
   <trkpt lat="49.6271290" lon="18.6650590">
    <ele>481.2</ele>
    <time>2026-05-23T09:28:47Z</time>
   </trkpt>
   <trkpt lat="49.6271170" lon="18.6650610">
    <ele>481.4</ele>
    <time>2026-05-23T09:28:48Z</time>
   </trkpt>
   <trkpt lat="49.6271000" lon="18.6650690">
    <ele>481.6</ele>
    <time>2026-05-23T09:28:49Z</time>
   </trkpt>
   <trkpt lat="49.6270790" lon="18.6650770">
    <ele>482.0</ele>
    <time>2026-05-23T09:28:50Z</time>
   </trkpt>
   <trkpt lat="49.6270580" lon="18.6650850">
    <ele>482.0</ele>
    <time>2026-05-23T09:28:51Z</time>
   </trkpt>
   <trkpt lat="49.6270400" lon="18.6650980">
    <ele>482.4</ele>
    <time>2026-05-23T09:28:52Z</time>
   </trkpt>
   <trkpt lat="49.6270210" lon="18.6651160">
    <ele>482.4</ele>
    <time>2026-05-23T09:28:53Z</time>
   </trkpt>
   <trkpt lat="49.6269990" lon="18.6651400">
    <ele>482.8</ele>
    <time>2026-05-23T09:28:54Z</time>
   </trkpt>
   <trkpt lat="49.6269760" lon="18.6651570">
    <ele>483.0</ele>
    <time>2026-05-23T09:28:55Z</time>
   </trkpt>
   <trkpt lat="49.6269630" lon="18.6651680">
    <ele>483.2</ele>
    <time>2026-05-23T09:28:56Z</time>
   </trkpt>
   <trkpt lat="49.6269400" lon="18.6651870">
    <ele>483.6</ele>
    <time>2026-05-23T09:28:57Z</time>
   </trkpt>
   <trkpt lat="49.6269140" lon="18.6652040">
    <ele>483.8</ele>
    <time>2026-05-23T09:28:58Z</time>
   </trkpt>
   <trkpt lat="49.6268960" lon="18.6652050">
    <ele>484.4</ele>
    <time>2026-05-23T09:28:59Z</time>
   </trkpt>
   <trkpt lat="49.6268780" lon="18.6651940">
    <ele>484.6</ele>
    <time>2026-05-23T09:29:00Z</time>
   </trkpt>
   <trkpt lat="49.6268510" lon="18.6651800">
    <ele>485.0</ele>
    <time>2026-05-23T09:29:01Z</time>
   </trkpt>
   <trkpt lat="49.6268260" lon="18.6651770">
    <ele>485.2</ele>
    <time>2026-05-23T09:29:02Z</time>
   </trkpt>
   <trkpt lat="49.6268020" lon="18.6651870">
    <ele>485.4</ele>
    <time>2026-05-23T09:29:03Z</time>
   </trkpt>
   <trkpt lat="49.6267860" lon="18.6651920">
    <ele>485.8</ele>
    <time>2026-05-23T09:29:04Z</time>
   </trkpt>
   <trkpt lat="49.6267720" lon="18.6651980">
    <ele>486.0</ele>
    <time>2026-05-23T09:29:05Z</time>
   </trkpt>
   <trkpt lat="49.6267600" lon="18.6652020">
    <ele>486.2</ele>
    <time>2026-05-23T09:29:06Z</time>
   </trkpt>
   <trkpt lat="49.6267350" lon="18.6652100">
    <ele>486.4</ele>
    <time>2026-05-23T09:29:07Z</time>
   </trkpt>
   <trkpt lat="49.6267140" lon="18.6652290">
    <ele>486.6</ele>
    <time>2026-05-23T09:29:08Z</time>
   </trkpt>
   <trkpt lat="49.6266900" lon="18.6652480">
    <ele>486.8</ele>
    <time>2026-05-23T09:29:09Z</time>
   </trkpt>
   <trkpt lat="49.6266660" lon="18.6652680">
    <ele>487.2</ele>
    <time>2026-05-23T09:29:10Z</time>
   </trkpt>
   <trkpt lat="49.6266530" lon="18.6652770">
    <ele>487.4</ele>
    <time>2026-05-23T09:29:11Z</time>
   </trkpt>
   <trkpt lat="49.6266400" lon="18.6652820">
    <ele>487.6</ele>
    <time>2026-05-23T09:29:12Z</time>
   </trkpt>
   <trkpt lat="49.6266220" lon="18.6652870">
    <ele>488.0</ele>
    <time>2026-05-23T09:29:13Z</time>
   </trkpt>
   <trkpt lat="49.6266080" lon="18.6652830">
    <ele>488.2</ele>
    <time>2026-05-23T09:29:14Z</time>
   </trkpt>
   <trkpt lat="49.6265940" lon="18.6652850">
    <ele>488.6</ele>
    <time>2026-05-23T09:29:15Z</time>
   </trkpt>
   <trkpt lat="49.6265800" lon="18.6652840">
    <ele>488.8</ele>
    <time>2026-05-23T09:29:16Z</time>
   </trkpt>
   <trkpt lat="49.6265660" lon="18.6652890">
    <ele>489.0</ele>
    <time>2026-05-23T09:29:17Z</time>
   </trkpt>
   <trkpt lat="49.6265500" lon="18.6652890">
    <ele>489.2</ele>
    <time>2026-05-23T09:29:18Z</time>
   </trkpt>
   <trkpt lat="49.6265340" lon="18.6652960">
    <ele>489.6</ele>
    <time>2026-05-23T09:29:19Z</time>
   </trkpt>
   <trkpt lat="49.6265160" lon="18.6653090">
    <ele>490.0</ele>
    <time>2026-05-23T09:29:20Z</time>
   </trkpt>
   <trkpt lat="49.6264980" lon="18.6653220">
    <ele>490.2</ele>
    <time>2026-05-23T09:29:21Z</time>
   </trkpt>
   <trkpt lat="49.6264800" lon="18.6653300">
    <ele>490.4</ele>
    <time>2026-05-23T09:29:22Z</time>
   </trkpt>
   <trkpt lat="49.6264610" lon="18.6653420">
    <ele>490.8</ele>
    <time>2026-05-23T09:29:23Z</time>
   </trkpt>
   <trkpt lat="49.6264480" lon="18.6653490">
    <ele>490.8</ele>
    <time>2026-05-23T09:29:24Z</time>
   </trkpt>
   <trkpt lat="49.6264390" lon="18.6653600">
    <ele>491.2</ele>
    <time>2026-05-23T09:29:25Z</time>
   </trkpt>
   <trkpt lat="49.6264240" lon="18.6653730">
    <ele>491.4</ele>
    <time>2026-05-23T09:29:26Z</time>
   </trkpt>
   <trkpt lat="49.6264120" lon="18.6653820">
    <ele>491.8</ele>
    <time>2026-05-23T09:29:27Z</time>
   </trkpt>
   <trkpt lat="49.6263920" lon="18.6653940">
    <ele>492.0</ele>
    <time>2026-05-23T09:29:28Z</time>
   </trkpt>
   <trkpt lat="49.6263720" lon="18.6654080">
    <ele>492.2</ele>
    <time>2026-05-23T09:29:29Z</time>
   </trkpt>
   <trkpt lat="49.6263580" lon="18.6654190">
    <ele>492.4</ele>
    <time>2026-05-23T09:29:30Z</time>
   </trkpt>
   <trkpt lat="49.6263330" lon="18.6654290">
    <ele>492.8</ele>
    <time>2026-05-23T09:29:31Z</time>
   </trkpt>
   <trkpt lat="49.6263170" lon="18.6654370">
    <ele>493.2</ele>
    <time>2026-05-23T09:29:32Z</time>
   </trkpt>
   <trkpt lat="49.6263000" lon="18.6654440">
    <ele>493.2</ele>
    <time>2026-05-23T09:29:33Z</time>
   </trkpt>
   <trkpt lat="49.6262820" lon="18.6654490">
    <ele>493.6</ele>
    <time>2026-05-23T09:29:34Z</time>
   </trkpt>
   <trkpt lat="49.6262680" lon="18.6654630">
    <ele>493.8</ele>
    <time>2026-05-23T09:29:35Z</time>
   </trkpt>
   <trkpt lat="49.6262550" lon="18.6654780">
    <ele>494.2</ele>
    <time>2026-05-23T09:29:36Z</time>
   </trkpt>
   <trkpt lat="49.6262420" lon="18.6654920">
    <ele>494.4</ele>
    <time>2026-05-23T09:29:37Z</time>
   </trkpt>
   <trkpt lat="49.6262290" lon="18.6655020">
    <ele>494.6</ele>
    <time>2026-05-23T09:29:38Z</time>
   </trkpt>
   <trkpt lat="49.6262130" lon="18.6655130">
    <ele>495.0</ele>
    <time>2026-05-23T09:29:39Z</time>
   </trkpt>
   <trkpt lat="49.6262020" lon="18.6655270">
    <ele>495.2</ele>
    <time>2026-05-23T09:29:40Z</time>
   </trkpt>
   <trkpt lat="49.6261890" lon="18.6655350">
    <ele>495.6</ele>
    <time>2026-05-23T09:29:41Z</time>
   </trkpt>
   <trkpt lat="49.6261750" lon="18.6655430">
    <ele>496.0</ele>
    <time>2026-05-23T09:29:42Z</time>
   </trkpt>
   <trkpt lat="49.6261520" lon="18.6655490">
    <ele>496.2</ele>
    <time>2026-05-23T09:29:43Z</time>
   </trkpt>
   <trkpt lat="49.6261260" lon="18.6655550">
    <ele>496.4</ele>
    <time>2026-05-23T09:29:44Z</time>
   </trkpt>
   <trkpt lat="49.6261030" lon="18.6655690">
    <ele>496.6</ele>
    <time>2026-05-23T09:29:45Z</time>
   </trkpt>
   <trkpt lat="49.6260800" lon="18.6655830">
    <ele>496.8</ele>
    <time>2026-05-23T09:29:46Z</time>
   </trkpt>
   <trkpt lat="49.6260660" lon="18.6655890">
    <ele>497.2</ele>
    <time>2026-05-23T09:29:47Z</time>
   </trkpt>
   <trkpt lat="49.6260580" lon="18.6655920">
    <ele>497.8</ele>
    <time>2026-05-23T09:29:48Z</time>
   </trkpt>
   <trkpt lat="49.6260510" lon="18.6655930">
    <ele>497.8</ele>
    <time>2026-05-23T09:29:49Z</time>
   </trkpt>
   <trkpt lat="49.6260400" lon="18.6655970">
    <ele>497.8</ele>
    <time>2026-05-23T09:29:50Z</time>
   </trkpt>
   <trkpt lat="49.6260290" lon="18.6656010">
    <ele>498.2</ele>
    <time>2026-05-23T09:29:51Z</time>
   </trkpt>
   <trkpt lat="49.6260150" lon="18.6656080">
    <ele>498.4</ele>
    <time>2026-05-23T09:29:52Z</time>
   </trkpt>
   <trkpt lat="49.6259960" lon="18.6656190">
    <ele>498.6</ele>
    <time>2026-05-23T09:29:53Z</time>
   </trkpt>
   <trkpt lat="49.6259830" lon="18.6656320">
    <ele>499.2</ele>
    <time>2026-05-23T09:29:54Z</time>
   </trkpt>
   <trkpt lat="49.6259680" lon="18.6656490">
    <ele>499.6</ele>
    <time>2026-05-23T09:29:55Z</time>
   </trkpt>
   <trkpt lat="49.6259580" lon="18.6656750">
    <ele>500.0</ele>
    <time>2026-05-23T09:29:56Z</time>
   </trkpt>
   <trkpt lat="49.6259360" lon="18.6657030">
    <ele>500.2</ele>
    <time>2026-05-23T09:29:57Z</time>
   </trkpt>
   <trkpt lat="49.6259090" lon="18.6657150">
    <ele>500.4</ele>
    <time>2026-05-23T09:29:58Z</time>
   </trkpt>
   <trkpt lat="49.6258810" lon="18.6657300">
    <ele>500.6</ele>
    <time>2026-05-23T09:29:59Z</time>
   </trkpt>
   <trkpt lat="49.6258480" lon="18.6657300">
    <ele>500.6</ele>
    <time>2026-05-23T09:30:00Z</time>
   </trkpt>
   <trkpt lat="49.6258330" lon="18.6657470">
    <ele>501.0</ele>
    <time>2026-05-23T09:30:01Z</time>
   </trkpt>
   <trkpt lat="49.6258160" lon="18.6657460">
    <ele>501.4</ele>
    <time>2026-05-23T09:30:02Z</time>
   </trkpt>
   <trkpt lat="49.6257980" lon="18.6657470">
    <ele>501.6</ele>
    <time>2026-05-23T09:30:03Z</time>
   </trkpt>
   <trkpt lat="49.6257800" lon="18.6657470">
    <ele>502.0</ele>
    <time>2026-05-23T09:30:04Z</time>
   </trkpt>
   <trkpt lat="49.6257600" lon="18.6657550">
    <ele>502.2</ele>
    <time>2026-05-23T09:30:05Z</time>
   </trkpt>
   <trkpt lat="49.6257390" lon="18.6657620">
    <ele>502.4</ele>
    <time>2026-05-23T09:30:06Z</time>
   </trkpt>
   <trkpt lat="49.6257100" lon="18.6657860">
    <ele>502.8</ele>
    <time>2026-05-23T09:30:07Z</time>
   </trkpt>
   <trkpt lat="49.6257000" lon="18.6657890">
    <ele>503.0</ele>
    <time>2026-05-23T09:30:08Z</time>
   </trkpt>
   <trkpt lat="49.6256920" lon="18.6657850">
    <ele>503.4</ele>
    <time>2026-05-23T09:30:09Z</time>
   </trkpt>
   <trkpt lat="49.6256790" lon="18.6657830">
    <ele>503.6</ele>
    <time>2026-05-23T09:30:10Z</time>
   </trkpt>
   <trkpt lat="49.6256690" lon="18.6657780">
    <ele>504.0</ele>
    <time>2026-05-23T09:30:11Z</time>
   </trkpt>
   <trkpt lat="49.6256610" lon="18.6657710">
    <ele>504.2</ele>
    <time>2026-05-23T09:30:12Z</time>
   </trkpt>
   <trkpt lat="49.6256460" lon="18.6657690">
    <ele>504.6</ele>
    <time>2026-05-23T09:30:13Z</time>
   </trkpt>
   <trkpt lat="49.6256280" lon="18.6657720">
    <ele>505.0</ele>
    <time>2026-05-23T09:30:14Z</time>
   </trkpt>
   <trkpt lat="49.6256080" lon="18.6657750">
    <ele>505.2</ele>
    <time>2026-05-23T09:30:15Z</time>
   </trkpt>
   <trkpt lat="49.6255930" lon="18.6657750">
    <ele>505.6</ele>
    <time>2026-05-23T09:30:16Z</time>
   </trkpt>
   <trkpt lat="49.6255790" lon="18.6657760">
    <ele>506.0</ele>
    <time>2026-05-23T09:30:17Z</time>
   </trkpt>
   <trkpt lat="49.6255640" lon="18.6657810">
    <ele>506.2</ele>
    <time>2026-05-23T09:30:18Z</time>
   </trkpt>
   <trkpt lat="49.6255490" lon="18.6657820">
    <ele>506.6</ele>
    <time>2026-05-23T09:30:19Z</time>
   </trkpt>
   <trkpt lat="49.6255320" lon="18.6657810">
    <ele>506.8</ele>
    <time>2026-05-23T09:30:20Z</time>
   </trkpt>
   <trkpt lat="49.6255190" lon="18.6657770">
    <ele>507.2</ele>
    <time>2026-05-23T09:30:21Z</time>
   </trkpt>
   <trkpt lat="49.6255040" lon="18.6657730">
    <ele>507.6</ele>
    <time>2026-05-23T09:30:22Z</time>
   </trkpt>
   <trkpt lat="49.6254850" lon="18.6657710">
    <ele>508.0</ele>
    <time>2026-05-23T09:30:23Z</time>
   </trkpt>
   <trkpt lat="49.6254710" lon="18.6657690">
    <ele>508.2</ele>
    <time>2026-05-23T09:30:24Z</time>
   </trkpt>
   <trkpt lat="49.6254580" lon="18.6657700">
    <ele>508.6</ele>
    <time>2026-05-23T09:30:25Z</time>
   </trkpt>
   <trkpt lat="49.6254440" lon="18.6657660">
    <ele>508.8</ele>
    <time>2026-05-23T09:30:26Z</time>
   </trkpt>
   <trkpt lat="49.6254310" lon="18.6657530">
    <ele>509.0</ele>
    <time>2026-05-23T09:30:27Z</time>
   </trkpt>
   <trkpt lat="49.6254150" lon="18.6657370">
    <ele>509.4</ele>
    <time>2026-05-23T09:30:28Z</time>
   </trkpt>
   <trkpt lat="49.6254000" lon="18.6657290">
    <ele>509.8</ele>
    <time>2026-05-23T09:30:29Z</time>
   </trkpt>
   <trkpt lat="49.6253870" lon="18.6657300">
    <ele>510.0</ele>
    <time>2026-05-23T09:30:30Z</time>
   </trkpt>
   <trkpt lat="49.6253680" lon="18.6657360">
    <ele>510.2</ele>
    <time>2026-05-23T09:30:31Z</time>
   </trkpt>
   <trkpt lat="49.6253520" lon="18.6657350">
    <ele>510.6</ele>
    <time>2026-05-23T09:30:32Z</time>
   </trkpt>
   <trkpt lat="49.6253310" lon="18.6657400">
    <ele>510.8</ele>
    <time>2026-05-23T09:30:33Z</time>
   </trkpt>
   <trkpt lat="49.6253150" lon="18.6657460">
    <ele>511.0</ele>
    <time>2026-05-23T09:30:34Z</time>
   </trkpt>
   <trkpt lat="49.6252970" lon="18.6657490">
    <ele>511.2</ele>
    <time>2026-05-23T09:30:35Z</time>
   </trkpt>
   <trkpt lat="49.6252790" lon="18.6657460">
    <ele>511.4</ele>
    <time>2026-05-23T09:30:36Z</time>
   </trkpt>
   <trkpt lat="49.6252630" lon="18.6657510">
    <ele>511.8</ele>
    <time>2026-05-23T09:30:37Z</time>
   </trkpt>
   <trkpt lat="49.6252450" lon="18.6657580">
    <ele>512.0</ele>
    <time>2026-05-23T09:30:38Z</time>
   </trkpt>
   <trkpt lat="49.6252330" lon="18.6657640">
    <ele>512.2</ele>
    <time>2026-05-23T09:30:39Z</time>
   </trkpt>
   <trkpt lat="49.6252210" lon="18.6657660">
    <ele>512.4</ele>
    <time>2026-05-23T09:30:40Z</time>
   </trkpt>
   <trkpt lat="49.6251920" lon="18.6657710">
    <ele>512.8</ele>
    <time>2026-05-23T09:30:41Z</time>
   </trkpt>
   <trkpt lat="49.6251760" lon="18.6657830">
    <ele>513.2</ele>
    <time>2026-05-23T09:30:42Z</time>
   </trkpt>
   <trkpt lat="49.6251560" lon="18.6658010">
    <ele>513.2</ele>
    <time>2026-05-23T09:30:43Z</time>
   </trkpt>
   <trkpt lat="49.6251200" lon="18.6658100">
    <ele>513.6</ele>
    <time>2026-05-23T09:30:44Z</time>
   </trkpt>
   <trkpt lat="49.6250990" lon="18.6658240">
    <ele>513.8</ele>
    <time>2026-05-23T09:30:45Z</time>
   </trkpt>
   <trkpt lat="49.6250630" lon="18.6658410">
    <ele>514.2</ele>
    <time>2026-05-23T09:30:46Z</time>
   </trkpt>
   <trkpt lat="49.6250490" lon="18.6658410">
    <ele>514.4</ele>
    <time>2026-05-23T09:30:47Z</time>
   </trkpt>
   <trkpt lat="49.6250450" lon="18.6658460">
    <ele>514.6</ele>
    <time>2026-05-23T09:30:48Z</time>
   </trkpt>
   <trkpt lat="49.6250290" lon="18.6658660">
    <ele>514.8</ele>
    <time>2026-05-23T09:30:49Z</time>
   </trkpt>
   <trkpt lat="49.6250160" lon="18.6659030">
    <ele>515.0</ele>
    <time>2026-05-23T09:30:50Z</time>
   </trkpt>
   <trkpt lat="49.6250000" lon="18.6659080">
    <ele>515.4</ele>
    <time>2026-05-23T09:30:51Z</time>
   </trkpt>
   <trkpt lat="49.6249850" lon="18.6659090">
    <ele>515.6</ele>
    <time>2026-05-23T09:30:52Z</time>
   </trkpt>
   <trkpt lat="49.6249680" lon="18.6659090">
    <ele>515.8</ele>
    <time>2026-05-23T09:30:53Z</time>
   </trkpt>
   <trkpt lat="49.6249540" lon="18.6659130">
    <ele>516.2</ele>
    <time>2026-05-23T09:30:54Z</time>
   </trkpt>
   <trkpt lat="49.6249390" lon="18.6659170">
    <ele>516.4</ele>
    <time>2026-05-23T09:30:55Z</time>
   </trkpt>
   <trkpt lat="49.6249280" lon="18.6659220">
    <ele>516.6</ele>
    <time>2026-05-23T09:30:56Z</time>
   </trkpt>
   <trkpt lat="49.6249180" lon="18.6659300">
    <ele>516.8</ele>
    <time>2026-05-23T09:30:57Z</time>
   </trkpt>
   <trkpt lat="49.6249080" lon="18.6659430">
    <ele>517.0</ele>
    <time>2026-05-23T09:30:58Z</time>
   </trkpt>
   <trkpt lat="49.6248990" lon="18.6659550">
    <ele>517.6</ele>
    <time>2026-05-23T09:30:59Z</time>
   </trkpt>
   <trkpt lat="49.6248830" lon="18.6659630">
    <ele>517.8</ele>
    <time>2026-05-23T09:31:00Z</time>
   </trkpt>
   <trkpt lat="49.6248670" lon="18.6659680">
    <ele>518.0</ele>
    <time>2026-05-23T09:31:01Z</time>
   </trkpt>
   <trkpt lat="49.6248540" lon="18.6659660">
    <ele>518.4</ele>
    <time>2026-05-23T09:31:02Z</time>
   </trkpt>
   <trkpt lat="49.6248420" lon="18.6659700">
    <ele>518.6</ele>
    <time>2026-05-23T09:31:03Z</time>
   </trkpt>
   <trkpt lat="49.6248250" lon="18.6659760">
    <ele>519.0</ele>
    <time>2026-05-23T09:31:04Z</time>
   </trkpt>
   <trkpt lat="49.6248020" lon="18.6659770">
    <ele>519.2</ele>
    <time>2026-05-23T09:31:05Z</time>
   </trkpt>
   <trkpt lat="49.6247820" lon="18.6659740">
    <ele>519.4</ele>
    <time>2026-05-23T09:31:06Z</time>
   </trkpt>
   <trkpt lat="49.6247680" lon="18.6659770">
    <ele>519.6</ele>
    <time>2026-05-23T09:31:07Z</time>
   </trkpt>
   <trkpt lat="49.6247560" lon="18.6659760">
    <ele>520.0</ele>
    <time>2026-05-23T09:31:08Z</time>
   </trkpt>
   <trkpt lat="49.6247420" lon="18.6659740">
    <ele>520.2</ele>
    <time>2026-05-23T09:31:09Z</time>
   </trkpt>
   <trkpt lat="49.6247230" lon="18.6659850">
    <ele>520.6</ele>
    <time>2026-05-23T09:31:10Z</time>
   </trkpt>
   <trkpt lat="49.6247070" lon="18.6660000">
    <ele>521.0</ele>
    <time>2026-05-23T09:31:11Z</time>
   </trkpt>
   <trkpt lat="49.6246920" lon="18.6660030">
    <ele>521.2</ele>
    <time>2026-05-23T09:31:12Z</time>
   </trkpt>
   <trkpt lat="49.6246730" lon="18.6660080">
    <ele>521.4</ele>
    <time>2026-05-23T09:31:13Z</time>
   </trkpt>
   <trkpt lat="49.6246580" lon="18.6660140">
    <ele>521.6</ele>
    <time>2026-05-23T09:31:14Z</time>
   </trkpt>
   <trkpt lat="49.6246480" lon="18.6660220">
    <ele>521.8</ele>
    <time>2026-05-23T09:31:15Z</time>
   </trkpt>
   <trkpt lat="49.6246300" lon="18.6660150">
    <ele>522.0</ele>
    <time>2026-05-23T09:31:16Z</time>
   </trkpt>
   <trkpt lat="49.6246060" lon="18.6660210">
    <ele>522.4</ele>
    <time>2026-05-23T09:31:17Z</time>
   </trkpt>
   <trkpt lat="49.6245820" lon="18.6660000">
    <ele>522.8</ele>
    <time>2026-05-23T09:31:18Z</time>
   </trkpt>
   <trkpt lat="49.6245780" lon="18.6660000">
    <ele>523.0</ele>
    <time>2026-05-23T09:31:19Z</time>
   </trkpt>
   <trkpt lat="49.6245730" lon="18.6659960">
    <ele>523.4</ele>
    <time>2026-05-23T09:31:20Z</time>
   </trkpt>
   <trkpt lat="49.6245670" lon="18.6660000">
    <ele>523.4</ele>
    <time>2026-05-23T09:31:21Z</time>
   </trkpt>
   <trkpt lat="49.6245520" lon="18.6660010">
    <ele>523.6</ele>
    <time>2026-05-23T09:31:22Z</time>
   </trkpt>
   <trkpt lat="49.6245420" lon="18.6659990">
    <ele>524.0</ele>
    <time>2026-05-23T09:31:23Z</time>
   </trkpt>
   <trkpt lat="49.6245320" lon="18.6659990">
    <ele>524.2</ele>
    <time>2026-05-23T09:31:24Z</time>
   </trkpt>
   <trkpt lat="49.6245210" lon="18.6659990">
    <ele>524.4</ele>
    <time>2026-05-23T09:31:25Z</time>
   </trkpt>
   <trkpt lat="49.6245050" lon="18.6660000">
    <ele>524.6</ele>
    <time>2026-05-23T09:31:26Z</time>
   </trkpt>
   <trkpt lat="49.6244910" lon="18.6660000">
    <ele>524.8</ele>
    <time>2026-05-23T09:31:27Z</time>
   </trkpt>
   <trkpt lat="49.6244770" lon="18.6660010">
    <ele>525.2</ele>
    <time>2026-05-23T09:31:28Z</time>
   </trkpt>
   <trkpt lat="49.6244650" lon="18.6660050">
    <ele>525.4</ele>
    <time>2026-05-23T09:31:29Z</time>
   </trkpt>
   <trkpt lat="49.6244520" lon="18.6660100">
    <ele>525.6</ele>
    <time>2026-05-23T09:31:30Z</time>
   </trkpt>
   <trkpt lat="49.6244410" lon="18.6660170">
    <ele>526.0</ele>
    <time>2026-05-23T09:31:31Z</time>
   </trkpt>
   <trkpt lat="49.6244280" lon="18.6660140">
    <ele>526.2</ele>
    <time>2026-05-23T09:31:32Z</time>
   </trkpt>
   <trkpt lat="49.6244170" lon="18.6660140">
    <ele>526.4</ele>
    <time>2026-05-23T09:31:33Z</time>
   </trkpt>
   <trkpt lat="49.6243990" lon="18.6660130">
    <ele>526.8</ele>
    <time>2026-05-23T09:31:34Z</time>
   </trkpt>
   <trkpt lat="49.6243840" lon="18.6660030">
    <ele>527.0</ele>
    <time>2026-05-23T09:31:35Z</time>
   </trkpt>
   <trkpt lat="49.6243700" lon="18.6659960">
    <ele>527.2</ele>
    <time>2026-05-23T09:31:36Z</time>
   </trkpt>
   <trkpt lat="49.6243600" lon="18.6659930">
    <ele>527.4</ele>
    <time>2026-05-23T09:31:37Z</time>
   </trkpt>
   <trkpt lat="49.6243480" lon="18.6659940">
    <ele>527.6</ele>
    <time>2026-05-23T09:31:38Z</time>
   </trkpt>
   <trkpt lat="49.6243350" lon="18.6659980">
    <ele>527.8</ele>
    <time>2026-05-23T09:31:39Z</time>
   </trkpt>
   <trkpt lat="49.6243240" lon="18.6660030">
    <ele>528.2</ele>
    <time>2026-05-23T09:31:40Z</time>
   </trkpt>
   <trkpt lat="49.6243110" lon="18.6660090">
    <ele>528.4</ele>
    <time>2026-05-23T09:31:41Z</time>
   </trkpt>
   <trkpt lat="49.6242950" lon="18.6660160">
    <ele>528.8</ele>
    <time>2026-05-23T09:31:42Z</time>
   </trkpt>
   <trkpt lat="49.6242820" lon="18.6660250">
    <ele>529.0</ele>
    <time>2026-05-23T09:31:43Z</time>
   </trkpt>
   <trkpt lat="49.6242730" lon="18.6660400">
    <ele>529.2</ele>
    <time>2026-05-23T09:31:44Z</time>
   </trkpt>
   <trkpt lat="49.6242670" lon="18.6660670">
    <ele>529.2</ele>
    <time>2026-05-23T09:31:45Z</time>
   </trkpt>
   <trkpt lat="49.6242590" lon="18.6660940">
    <ele>529.6</ele>
    <time>2026-05-23T09:31:46Z</time>
   </trkpt>
   <trkpt lat="49.6242560" lon="18.6661210">
    <ele>530.0</ele>
    <time>2026-05-23T09:31:47Z</time>
   </trkpt>
   <trkpt lat="49.6242590" lon="18.6661420">
    <ele>530.0</ele>
    <time>2026-05-23T09:31:48Z</time>
   </trkpt>
   <trkpt lat="49.6242640" lon="18.6661600">
    <ele>530.2</ele>
    <time>2026-05-23T09:31:49Z</time>
   </trkpt>
   <trkpt lat="49.6242700" lon="18.6661750">
    <ele>530.4</ele>
    <time>2026-05-23T09:31:50Z</time>
   </trkpt>
   <trkpt lat="49.6242770" lon="18.6661890">
    <ele>530.6</ele>
    <time>2026-05-23T09:31:51Z</time>
   </trkpt>
   <trkpt lat="49.6242860" lon="18.6662040">
    <ele>531.0</ele>
    <time>2026-05-23T09:31:52Z</time>
   </trkpt>
   <trkpt lat="49.6242960" lon="18.6662200">
    <ele>531.2</ele>
    <time>2026-05-23T09:31:53Z</time>
   </trkpt>
   <trkpt lat="49.6243020" lon="18.6662370">
    <ele>531.4</ele>
    <time>2026-05-23T09:31:54Z</time>
   </trkpt>
   <trkpt lat="49.6243090" lon="18.6662620">
    <ele>531.6</ele>
    <time>2026-05-23T09:31:55Z</time>
   </trkpt>
   <trkpt lat="49.6243200" lon="18.6662820">
    <ele>531.8</ele>
    <time>2026-05-23T09:31:56Z</time>
   </trkpt>
   <trkpt lat="49.6243360" lon="18.6663140">
    <ele>532.0</ele>
    <time>2026-05-23T09:31:57Z</time>
   </trkpt>
   <trkpt lat="49.6243650" lon="18.6663350">
    <ele>532.2</ele>
    <time>2026-05-23T09:31:58Z</time>
   </trkpt>
   <trkpt lat="49.6243780" lon="18.6663540">
    <ele>532.6</ele>
    <time>2026-05-23T09:31:59Z</time>
   </trkpt>
   <trkpt lat="49.6243930" lon="18.6663800">
    <ele>532.6</ele>
    <time>2026-05-23T09:32:00Z</time>
   </trkpt>
   <trkpt lat="49.6244120" lon="18.6664190">
    <ele>532.8</ele>
    <time>2026-05-23T09:32:01Z</time>
   </trkpt>
   <trkpt lat="49.6244290" lon="18.6664430">
    <ele>533.0</ele>
    <time>2026-05-23T09:32:02Z</time>
   </trkpt>
   <trkpt lat="49.6244500" lon="18.6664580">
    <ele>533.4</ele>
    <time>2026-05-23T09:32:03Z</time>
   </trkpt>
   <trkpt lat="49.6244650" lon="18.6664630">
    <ele>533.8</ele>
    <time>2026-05-23T09:32:04Z</time>
   </trkpt>
   <trkpt lat="49.6244810" lon="18.6664680">
    <ele>534.0</ele>
    <time>2026-05-23T09:32:05Z</time>
   </trkpt>
   <trkpt lat="49.6245030" lon="18.6664620">
    <ele>534.2</ele>
    <time>2026-05-23T09:32:06Z</time>
   </trkpt>
   <trkpt lat="49.6245250" lon="18.6664630">
    <ele>534.4</ele>
    <time>2026-05-23T09:32:07Z</time>
   </trkpt>
   <trkpt lat="49.6245460" lon="18.6664860">
    <ele>534.6</ele>
    <time>2026-05-23T09:32:08Z</time>
   </trkpt>
   <trkpt lat="49.6245360" lon="18.6665600">
    <ele>534.8</ele>
    <time>2026-05-23T09:32:09Z</time>
   </trkpt>
   <trkpt lat="49.6245570" lon="18.6666490">
    <ele>535.2</ele>
    <time>2026-05-23T09:32:10Z</time>
   </trkpt>
   <trkpt lat="49.6245830" lon="18.6666940">
    <ele>535.4</ele>
    <time>2026-05-23T09:32:11Z</time>
   </trkpt>
   <trkpt lat="49.6246200" lon="18.6667400">
    <ele>535.4</ele>
    <time>2026-05-23T09:32:12Z</time>
   </trkpt>
   <trkpt lat="49.6246340" lon="18.6667720">
    <ele>536.0</ele>
    <time>2026-05-23T09:32:13Z</time>
   </trkpt>
   <trkpt lat="49.6246360" lon="18.6668090">
    <ele>536.2</ele>
    <time>2026-05-23T09:32:14Z</time>
   </trkpt>
   <trkpt lat="49.6246500" lon="18.6668340">
    <ele>536.4</ele>
    <time>2026-05-23T09:32:15Z</time>
   </trkpt>
   <trkpt lat="49.6246840" lon="18.6668680">
    <ele>537.0</ele>
    <time>2026-05-23T09:32:16Z</time>
   </trkpt>
   <trkpt lat="49.6247180" lon="18.6668950">
    <ele>537.2</ele>
    <time>2026-05-23T09:32:17Z</time>
   </trkpt>
   <trkpt lat="49.6247290" lon="18.6669080">
    <ele>537.6</ele>
    <time>2026-05-23T09:32:18Z</time>
   </trkpt>
   <trkpt lat="49.6247370" lon="18.6669040">
    <ele>537.6</ele>
    <time>2026-05-23T09:32:19Z</time>
   </trkpt>
   <trkpt lat="49.6247410" lon="18.6669300">
    <ele>537.8</ele>
    <time>2026-05-23T09:32:20Z</time>
   </trkpt>
   <trkpt lat="49.6247480" lon="18.6669580">
    <ele>538.4</ele>
    <time>2026-05-23T09:32:21Z</time>
   </trkpt>
   <trkpt lat="49.6247690" lon="18.6669940">
    <ele>538.6</ele>
    <time>2026-05-23T09:32:22Z</time>
   </trkpt>
   <trkpt lat="49.6248050" lon="18.6670320">
    <ele>538.8</ele>
    <time>2026-05-23T09:32:23Z</time>
   </trkpt>
   <trkpt lat="49.6248360" lon="18.6670720">
    <ele>539.0</ele>
    <time>2026-05-23T09:32:24Z</time>
   </trkpt>
   <trkpt lat="49.6248460" lon="18.6671180">
    <ele>539.4</ele>
    <time>2026-05-23T09:32:25Z</time>
   </trkpt>
   <trkpt lat="49.6248480" lon="18.6671510">
    <ele>539.6</ele>
    <time>2026-05-23T09:32:26Z</time>
   </trkpt>
   <trkpt lat="49.6248520" lon="18.6671750">
    <ele>540.0</ele>
    <time>2026-05-23T09:32:27Z</time>
   </trkpt>
   <trkpt lat="49.6248440" lon="18.6672060">
    <ele>540.2</ele>
    <time>2026-05-23T09:32:28Z</time>
   </trkpt>
   <trkpt lat="49.6248420" lon="18.6672300">
    <ele>540.8</ele>
    <time>2026-05-23T09:32:29Z</time>
   </trkpt>
   <trkpt lat="49.6248110" lon="18.6672630">
    <ele>541.0</ele>
    <time>2026-05-23T09:32:30Z</time>
   </trkpt>
   <trkpt lat="49.6248120" lon="18.6672970">
    <ele>541.4</ele>
    <time>2026-05-23T09:32:31Z</time>
   </trkpt>
   <trkpt lat="49.6248200" lon="18.6673260">
    <ele>541.6</ele>
    <time>2026-05-23T09:32:32Z</time>
   </trkpt>
   <trkpt lat="49.6248290" lon="18.6673630">
    <ele>542.0</ele>
    <time>2026-05-23T09:32:33Z</time>
   </trkpt>
   <trkpt lat="49.6248330" lon="18.6673940">
    <ele>542.2</ele>
    <time>2026-05-23T09:32:34Z</time>
   </trkpt>
   <trkpt lat="49.6248320" lon="18.6674230">
    <ele>542.8</ele>
    <time>2026-05-23T09:32:35Z</time>
   </trkpt>
   <trkpt lat="49.6248300" lon="18.6674510">
    <ele>543.0</ele>
    <time>2026-05-23T09:32:36Z</time>
   </trkpt>
   <trkpt lat="49.6248220" lon="18.6674780">
    <ele>543.6</ele>
    <time>2026-05-23T09:32:37Z</time>
   </trkpt>
   <trkpt lat="49.6248120" lon="18.6675070">
    <ele>543.8</ele>
    <time>2026-05-23T09:32:38Z</time>
   </trkpt>
   <trkpt lat="49.6248110" lon="18.6675360">
    <ele>544.2</ele>
    <time>2026-05-23T09:32:39Z</time>
   </trkpt>
   <trkpt lat="49.6248090" lon="18.6675670">
    <ele>544.2</ele>
    <time>2026-05-23T09:32:40Z</time>
   </trkpt>
   <trkpt lat="49.6248050" lon="18.6675970">
    <ele>544.8</ele>
    <time>2026-05-23T09:32:41Z</time>
   </trkpt>
   <trkpt lat="49.6248000" lon="18.6676220">
    <ele>545.0</ele>
    <time>2026-05-23T09:32:42Z</time>
   </trkpt>
   <trkpt lat="49.6248020" lon="18.6676500">
    <ele>545.6</ele>
    <time>2026-05-23T09:32:43Z</time>
   </trkpt>
   <trkpt lat="49.6248020" lon="18.6676770">
    <ele>545.8</ele>
    <time>2026-05-23T09:32:44Z</time>
   </trkpt>
   <trkpt lat="49.6247990" lon="18.6677040">
    <ele>546.2</ele>
    <time>2026-05-23T09:32:45Z</time>
   </trkpt>
   <trkpt lat="49.6247940" lon="18.6677310">
    <ele>546.6</ele>
    <time>2026-05-23T09:32:46Z</time>
   </trkpt>
   <trkpt lat="49.6247900" lon="18.6677550">
    <ele>547.0</ele>
    <time>2026-05-23T09:32:47Z</time>
   </trkpt>
   <trkpt lat="49.6247820" lon="18.6677770">
    <ele>547.4</ele>
    <time>2026-05-23T09:32:48Z</time>
   </trkpt>
   <trkpt lat="49.6247720" lon="18.6678000">
    <ele>547.6</ele>
    <time>2026-05-23T09:32:49Z</time>
   </trkpt>
   <trkpt lat="49.6247600" lon="18.6678290">
    <ele>548.2</ele>
    <time>2026-05-23T09:32:50Z</time>
   </trkpt>
   <trkpt lat="49.6247470" lon="18.6678540">
    <ele>548.4</ele>
    <time>2026-05-23T09:32:51Z</time>
   </trkpt>
   <trkpt lat="49.6247320" lon="18.6678760">
    <ele>548.6</ele>
    <time>2026-05-23T09:32:52Z</time>
   </trkpt>
   <trkpt lat="49.6247190" lon="18.6678970">
    <ele>549.0</ele>
    <time>2026-05-23T09:32:53Z</time>
   </trkpt>
   <trkpt lat="49.6247050" lon="18.6679210">
    <ele>549.2</ele>
    <time>2026-05-23T09:32:54Z</time>
   </trkpt>
   <trkpt lat="49.6246950" lon="18.6679480">
    <ele>549.4</ele>
    <time>2026-05-23T09:32:55Z</time>
   </trkpt>
   <trkpt lat="49.6246940" lon="18.6679760">
    <ele>549.8</ele>
    <time>2026-05-23T09:32:56Z</time>
   </trkpt>
   <trkpt lat="49.6246890" lon="18.6680010">
    <ele>550.2</ele>
    <time>2026-05-23T09:32:57Z</time>
   </trkpt>
   <trkpt lat="49.6246790" lon="18.6680250">
    <ele>550.6</ele>
    <time>2026-05-23T09:32:58Z</time>
   </trkpt>
   <trkpt lat="49.6246670" lon="18.6680460">
    <ele>551.0</ele>
    <time>2026-05-23T09:32:59Z</time>
   </trkpt>
   <trkpt lat="49.6246570" lon="18.6680720">
    <ele>551.4</ele>
    <time>2026-05-23T09:33:00Z</time>
   </trkpt>
   <trkpt lat="49.6246450" lon="18.6680950">
    <ele>551.6</ele>
    <time>2026-05-23T09:33:01Z</time>
   </trkpt>
   <trkpt lat="49.6246360" lon="18.6681180">
    <ele>552.0</ele>
    <time>2026-05-23T09:33:02Z</time>
   </trkpt>
   <trkpt lat="49.6246310" lon="18.6681420">
    <ele>552.2</ele>
    <time>2026-05-23T09:33:03Z</time>
   </trkpt>
   <trkpt lat="49.6246290" lon="18.6681720">
    <ele>552.2</ele>
    <time>2026-05-23T09:33:04Z</time>
   </trkpt>
   <trkpt lat="49.6246290" lon="18.6682000">
    <ele>552.6</ele>
    <time>2026-05-23T09:33:05Z</time>
   </trkpt>
   <trkpt lat="49.6246200" lon="18.6682280">
    <ele>552.8</ele>
    <time>2026-05-23T09:33:06Z</time>
   </trkpt>
   <trkpt lat="49.6246130" lon="18.6682550">
    <ele>553.2</ele>
    <time>2026-05-23T09:33:07Z</time>
   </trkpt>
   <trkpt lat="49.6246020" lon="18.6682810">
    <ele>553.4</ele>
    <time>2026-05-23T09:33:08Z</time>
   </trkpt>
   <trkpt lat="49.6245910" lon="18.6683080">
    <ele>553.6</ele>
    <time>2026-05-23T09:33:09Z</time>
   </trkpt>
   <trkpt lat="49.6245820" lon="18.6683380">
    <ele>554.0</ele>
    <time>2026-05-23T09:33:10Z</time>
   </trkpt>
   <trkpt lat="49.6245700" lon="18.6683660">
    <ele>554.2</ele>
    <time>2026-05-23T09:33:11Z</time>
   </trkpt>
   <trkpt lat="49.6245600" lon="18.6683930">
    <ele>554.6</ele>
    <time>2026-05-23T09:33:12Z</time>
   </trkpt>
   <trkpt lat="49.6245490" lon="18.6684180">
    <ele>554.8</ele>
    <time>2026-05-23T09:33:13Z</time>
   </trkpt>
   <trkpt lat="49.6245370" lon="18.6684430">
    <ele>555.0</ele>
    <time>2026-05-23T09:33:14Z</time>
   </trkpt>
   <trkpt lat="49.6245270" lon="18.6684680">
    <ele>555.4</ele>
    <time>2026-05-23T09:33:15Z</time>
   </trkpt>
   <trkpt lat="49.6245170" lon="18.6684940">
    <ele>555.6</ele>
    <time>2026-05-23T09:33:16Z</time>
   </trkpt>
   <trkpt lat="49.6245080" lon="18.6685200">
    <ele>555.8</ele>
    <time>2026-05-23T09:33:17Z</time>
   </trkpt>
   <trkpt lat="49.6245010" lon="18.6685410">
    <ele>556.2</ele>
    <time>2026-05-23T09:33:18Z</time>
   </trkpt>
   <trkpt lat="49.6244910" lon="18.6685630">
    <ele>556.4</ele>
    <time>2026-05-23T09:33:19Z</time>
   </trkpt>
   <trkpt lat="49.6244800" lon="18.6685830">
    <ele>556.8</ele>
    <time>2026-05-23T09:33:20Z</time>
   </trkpt>
   <trkpt lat="49.6244690" lon="18.6686050">
    <ele>557.2</ele>
    <time>2026-05-23T09:33:21Z</time>
   </trkpt>
   <trkpt lat="49.6244580" lon="18.6686300">
    <ele>557.4</ele>
    <time>2026-05-23T09:33:22Z</time>
   </trkpt>
   <trkpt lat="49.6244500" lon="18.6686570">
    <ele>558.0</ele>
    <time>2026-05-23T09:33:23Z</time>
   </trkpt>
   <trkpt lat="49.6244440" lon="18.6686820">
    <ele>558.0</ele>
    <time>2026-05-23T09:33:24Z</time>
   </trkpt>
   <trkpt lat="49.6244370" lon="18.6687090">
    <ele>558.0</ele>
    <time>2026-05-23T09:33:25Z</time>
   </trkpt>
   <trkpt lat="49.6244290" lon="18.6687350">
    <ele>558.6</ele>
    <time>2026-05-23T09:33:26Z</time>
   </trkpt>
   <trkpt lat="49.6244200" lon="18.6687630">
    <ele>559.0</ele>
    <time>2026-05-23T09:33:27Z</time>
   </trkpt>
   <trkpt lat="49.6244120" lon="18.6687900">
    <ele>559.4</ele>
    <time>2026-05-23T09:33:28Z</time>
   </trkpt>
   <trkpt lat="49.6244070" lon="18.6688150">
    <ele>559.6</ele>
    <time>2026-05-23T09:33:29Z</time>
   </trkpt>
   <trkpt lat="49.6243970" lon="18.6688420">
    <ele>559.8</ele>
    <time>2026-05-23T09:33:30Z</time>
   </trkpt>
   <trkpt lat="49.6243860" lon="18.6688670">
    <ele>560.2</ele>
    <time>2026-05-23T09:33:31Z</time>
   </trkpt>
   <trkpt lat="49.6243740" lon="18.6688920">
    <ele>560.6</ele>
    <time>2026-05-23T09:33:32Z</time>
   </trkpt>
   <trkpt lat="49.6243630" lon="18.6689170">
    <ele>560.8</ele>
    <time>2026-05-23T09:33:33Z</time>
   </trkpt>
   <trkpt lat="49.6243500" lon="18.6689400">
    <ele>561.0</ele>
    <time>2026-05-23T09:33:34Z</time>
   </trkpt>
   <trkpt lat="49.6243400" lon="18.6689610">
    <ele>561.2</ele>
    <time>2026-05-23T09:33:35Z</time>
   </trkpt>
   <trkpt lat="49.6243320" lon="18.6689870">
    <ele>561.4</ele>
    <time>2026-05-23T09:33:36Z</time>
   </trkpt>
   <trkpt lat="49.6243190" lon="18.6690160">
    <ele>561.8</ele>
    <time>2026-05-23T09:33:37Z</time>
   </trkpt>
   <trkpt lat="49.6243110" lon="18.6690410">
    <ele>562.0</ele>
    <time>2026-05-23T09:33:38Z</time>
   </trkpt>
   <trkpt lat="49.6243040" lon="18.6690630">
    <ele>562.4</ele>
    <time>2026-05-23T09:33:39Z</time>
   </trkpt>
   <trkpt lat="49.6242950" lon="18.6690830">
    <ele>562.8</ele>
    <time>2026-05-23T09:33:40Z</time>
   </trkpt>
   <trkpt lat="49.6242860" lon="18.6691050">
    <ele>563.0</ele>
    <time>2026-05-23T09:33:41Z</time>
   </trkpt>
   <trkpt lat="49.6242750" lon="18.6691300">
    <ele>563.4</ele>
    <time>2026-05-23T09:33:42Z</time>
   </trkpt>
   <trkpt lat="49.6242660" lon="18.6691560">
    <ele>563.6</ele>
    <time>2026-05-23T09:33:43Z</time>
   </trkpt>
   <trkpt lat="49.6242570" lon="18.6691790">
    <ele>563.8</ele>
    <time>2026-05-23T09:33:44Z</time>
   </trkpt>
   <trkpt lat="49.6242470" lon="18.6691990">
    <ele>564.0</ele>
    <time>2026-05-23T09:33:45Z</time>
   </trkpt>
   <trkpt lat="49.6242380" lon="18.6692250">
    <ele>564.6</ele>
    <time>2026-05-23T09:33:46Z</time>
   </trkpt>
   <trkpt lat="49.6242260" lon="18.6692490">
    <ele>564.8</ele>
    <time>2026-05-23T09:33:47Z</time>
   </trkpt>
   <trkpt lat="49.6242160" lon="18.6692720">
    <ele>565.0</ele>
    <time>2026-05-23T09:33:48Z</time>
   </trkpt>
   <trkpt lat="49.6242080" lon="18.6692940">
    <ele>565.4</ele>
    <time>2026-05-23T09:33:49Z</time>
   </trkpt>
   <trkpt lat="49.6242020" lon="18.6693180">
    <ele>565.6</ele>
    <time>2026-05-23T09:33:50Z</time>
   </trkpt>
   <trkpt lat="49.6241980" lon="18.6693450">
    <ele>565.8</ele>
    <time>2026-05-23T09:33:51Z</time>
   </trkpt>
   <trkpt lat="49.6241960" lon="18.6693720">
    <ele>566.0</ele>
    <time>2026-05-23T09:33:52Z</time>
   </trkpt>
   <trkpt lat="49.6241930" lon="18.6693980">
    <ele>566.4</ele>
    <time>2026-05-23T09:33:53Z</time>
   </trkpt>
   <trkpt lat="49.6241860" lon="18.6694230">
    <ele>566.6</ele>
    <time>2026-05-23T09:33:54Z</time>
   </trkpt>
   <trkpt lat="49.6241790" lon="18.6694430">
    <ele>567.0</ele>
    <time>2026-05-23T09:33:55Z</time>
   </trkpt>
   <trkpt lat="49.6241670" lon="18.6694640">
    <ele>567.0</ele>
    <time>2026-05-23T09:33:56Z</time>
   </trkpt>
   <trkpt lat="49.6241590" lon="18.6694870">
    <ele>567.4</ele>
    <time>2026-05-23T09:33:57Z</time>
   </trkpt>
   <trkpt lat="49.6241540" lon="18.6695120">
    <ele>567.6</ele>
    <time>2026-05-23T09:33:58Z</time>
   </trkpt>
   <trkpt lat="49.6241460" lon="18.6695380">
    <ele>567.8</ele>
    <time>2026-05-23T09:33:59Z</time>
   </trkpt>
   <trkpt lat="49.6241330" lon="18.6695630">
    <ele>568.2</ele>
    <time>2026-05-23T09:34:00Z</time>
   </trkpt>
   <trkpt lat="49.6241230" lon="18.6695820">
    <ele>568.2</ele>
    <time>2026-05-23T09:34:01Z</time>
   </trkpt>
   <trkpt lat="49.6241110" lon="18.6695950">
    <ele>568.4</ele>
    <time>2026-05-23T09:34:02Z</time>
   </trkpt>
   <trkpt lat="49.6241020" lon="18.6696100">
    <ele>568.6</ele>
    <time>2026-05-23T09:34:03Z</time>
   </trkpt>
   <trkpt lat="49.6240940" lon="18.6696300">
    <ele>568.8</ele>
    <time>2026-05-23T09:34:04Z</time>
   </trkpt>
   <trkpt lat="49.6240850" lon="18.6696560">
    <ele>569.0</ele>
    <time>2026-05-23T09:34:05Z</time>
   </trkpt>
   <trkpt lat="49.6240780" lon="18.6696750">
    <ele>569.4</ele>
    <time>2026-05-23T09:34:06Z</time>
   </trkpt>
   <trkpt lat="49.6240650" lon="18.6696920">
    <ele>569.6</ele>
    <time>2026-05-23T09:34:07Z</time>
   </trkpt>
   <trkpt lat="49.6240510" lon="18.6697120">
    <ele>569.8</ele>
    <time>2026-05-23T09:34:08Z</time>
   </trkpt>
   <trkpt lat="49.6240390" lon="18.6697330">
    <ele>570.0</ele>
    <time>2026-05-23T09:34:09Z</time>
   </trkpt>
   <trkpt lat="49.6240340" lon="18.6697590">
    <ele>570.4</ele>
    <time>2026-05-23T09:34:10Z</time>
   </trkpt>
   <trkpt lat="49.6240240" lon="18.6697870">
    <ele>570.6</ele>
    <time>2026-05-23T09:34:11Z</time>
   </trkpt>
   <trkpt lat="49.6240140" lon="18.6698160">
    <ele>570.8</ele>
    <time>2026-05-23T09:34:12Z</time>
   </trkpt>
   <trkpt lat="49.6240040" lon="18.6698440">
    <ele>571.2</ele>
    <time>2026-05-23T09:34:13Z</time>
   </trkpt>
   <trkpt lat="49.6239990" lon="18.6698770">
    <ele>571.4</ele>
    <time>2026-05-23T09:34:14Z</time>
   </trkpt>
   <trkpt lat="49.6239930" lon="18.6699080">
    <ele>571.6</ele>
    <time>2026-05-23T09:34:15Z</time>
   </trkpt>
   <trkpt lat="49.6239860" lon="18.6699330">
    <ele>572.0</ele>
    <time>2026-05-23T09:34:16Z</time>
   </trkpt>
   <trkpt lat="49.6239800" lon="18.6699570">
    <ele>572.2</ele>
    <time>2026-05-23T09:34:17Z</time>
   </trkpt>
   <trkpt lat="49.6239730" lon="18.6699810">
    <ele>572.4</ele>
    <time>2026-05-23T09:34:18Z</time>
   </trkpt>
   <trkpt lat="49.6239640" lon="18.6700130">
    <ele>572.6</ele>
    <time>2026-05-23T09:34:19Z</time>
   </trkpt>
   <trkpt lat="49.6239540" lon="18.6700410">
    <ele>573.2</ele>
    <time>2026-05-23T09:34:20Z</time>
   </trkpt>
   <trkpt lat="49.6239490" lon="18.6700650">
    <ele>573.2</ele>
    <time>2026-05-23T09:34:21Z</time>
   </trkpt>
   <trkpt lat="49.6239460" lon="18.6700900">
    <ele>573.6</ele>
    <time>2026-05-23T09:34:22Z</time>
   </trkpt>
   <trkpt lat="49.6239410" lon="18.6701140">
    <ele>573.8</ele>
    <time>2026-05-23T09:34:23Z</time>
   </trkpt>
   <trkpt lat="49.6239330" lon="18.6701410">
    <ele>574.0</ele>
    <time>2026-05-23T09:34:24Z</time>
   </trkpt>
   <trkpt lat="49.6239280" lon="18.6701640">
    <ele>574.2</ele>
    <time>2026-05-23T09:34:25Z</time>
   </trkpt>
   <trkpt lat="49.6239230" lon="18.6701860">
    <ele>574.6</ele>
    <time>2026-05-23T09:34:26Z</time>
   </trkpt>
   <trkpt lat="49.6239190" lon="18.6702070">
    <ele>574.8</ele>
    <time>2026-05-23T09:34:27Z</time>
   </trkpt>
   <trkpt lat="49.6239130" lon="18.6702240">
    <ele>575.2</ele>
    <time>2026-05-23T09:34:28Z</time>
   </trkpt>
   <trkpt lat="49.6239090" lon="18.6702410">
    <ele>575.2</ele>
    <time>2026-05-23T09:34:29Z</time>
   </trkpt>
   <trkpt lat="49.6239030" lon="18.6702610">
    <ele>575.4</ele>
    <time>2026-05-23T09:34:30Z</time>
   </trkpt>
   <trkpt lat="49.6238950" lon="18.6702880">
    <ele>575.6</ele>
    <time>2026-05-23T09:34:31Z</time>
   </trkpt>
   <trkpt lat="49.6238860" lon="18.6703170">
    <ele>576.2</ele>
    <time>2026-05-23T09:34:32Z</time>
   </trkpt>
   <trkpt lat="49.6238820" lon="18.6703400">
    <ele>576.4</ele>
    <time>2026-05-23T09:34:33Z</time>
   </trkpt>
   <trkpt lat="49.6238770" lon="18.6703640">
    <ele>576.6</ele>
    <time>2026-05-23T09:34:34Z</time>
   </trkpt>
   <trkpt lat="49.6238670" lon="18.6703860">
    <ele>576.8</ele>
    <time>2026-05-23T09:34:35Z</time>
   </trkpt>
   <trkpt lat="49.6238520" lon="18.6704100">
    <ele>577.2</ele>
    <time>2026-05-23T09:34:36Z</time>
   </trkpt>
   <trkpt lat="49.6238450" lon="18.6704370">
    <ele>577.4</ele>
    <time>2026-05-23T09:34:37Z</time>
   </trkpt>
   <trkpt lat="49.6238390" lon="18.6704610">
    <ele>577.8</ele>
    <time>2026-05-23T09:34:38Z</time>
   </trkpt>
   <trkpt lat="49.6238320" lon="18.6704820">
    <ele>578.0</ele>
    <time>2026-05-23T09:34:39Z</time>
   </trkpt>
   <trkpt lat="49.6238180" lon="18.6705000">
    <ele>578.2</ele>
    <time>2026-05-23T09:34:40Z</time>
   </trkpt>
   <trkpt lat="49.6237980" lon="18.6705200">
    <ele>578.4</ele>
    <time>2026-05-23T09:34:41Z</time>
   </trkpt>
   <trkpt lat="49.6237730" lon="18.6705430">
    <ele>578.6</ele>
    <time>2026-05-23T09:34:42Z</time>
   </trkpt>
   <trkpt lat="49.6237570" lon="18.6705590">
    <ele>578.8</ele>
    <time>2026-05-23T09:34:43Z</time>
   </trkpt>
   <trkpt lat="49.6237450" lon="18.6705700">
    <ele>579.0</ele>
    <time>2026-05-23T09:34:44Z</time>
   </trkpt>
   <trkpt lat="49.6237320" lon="18.6705800">
    <ele>579.2</ele>
    <time>2026-05-23T09:34:45Z</time>
   </trkpt>
   <trkpt lat="49.6237150" lon="18.6705920">
    <ele>579.6</ele>
    <time>2026-05-23T09:34:46Z</time>
   </trkpt>
   <trkpt lat="49.6237000" lon="18.6706030">
    <ele>579.8</ele>
    <time>2026-05-23T09:34:47Z</time>
   </trkpt>
   <trkpt lat="49.6236830" lon="18.6706150">
    <ele>580.0</ele>
    <time>2026-05-23T09:34:48Z</time>
   </trkpt>
   <trkpt lat="49.6236650" lon="18.6706280">
    <ele>580.2</ele>
    <time>2026-05-23T09:34:49Z</time>
   </trkpt>
   <trkpt lat="49.6236490" lon="18.6706380">
    <ele>580.4</ele>
    <time>2026-05-23T09:34:50Z</time>
   </trkpt>
   <trkpt lat="49.6236310" lon="18.6706500">
    <ele>580.6</ele>
    <time>2026-05-23T09:34:51Z</time>
   </trkpt>
   <trkpt lat="49.6236130" lon="18.6706570">
    <ele>580.8</ele>
    <time>2026-05-23T09:34:52Z</time>
   </trkpt>
   <trkpt lat="49.6235920" lon="18.6706590">
    <ele>581.2</ele>
    <time>2026-05-23T09:34:53Z</time>
   </trkpt>
   <trkpt lat="49.6235700" lon="18.6706620">
    <ele>581.4</ele>
    <time>2026-05-23T09:34:54Z</time>
   </trkpt>
   <trkpt lat="49.6235480" lon="18.6706680">
    <ele>581.6</ele>
    <time>2026-05-23T09:34:55Z</time>
   </trkpt>
   <trkpt lat="49.6235310" lon="18.6706760">
    <ele>581.8</ele>
    <time>2026-05-23T09:34:56Z</time>
   </trkpt>
   <trkpt lat="49.6235130" lon="18.6706850">
    <ele>582.0</ele>
    <time>2026-05-23T09:34:57Z</time>
   </trkpt>
   <trkpt lat="49.6234940" lon="18.6706920">
    <ele>582.4</ele>
    <time>2026-05-23T09:34:58Z</time>
   </trkpt>
   <trkpt lat="49.6234780" lon="18.6706920">
    <ele>582.4</ele>
    <time>2026-05-23T09:34:59Z</time>
   </trkpt>
   <trkpt lat="49.6234590" lon="18.6706930">
    <ele>582.8</ele>
    <time>2026-05-23T09:35:00Z</time>
   </trkpt>
   <trkpt lat="49.6234420" lon="18.6706940">
    <ele>583.2</ele>
    <time>2026-05-23T09:35:01Z</time>
   </trkpt>
   <trkpt lat="49.6234250" lon="18.6706990">
    <ele>583.4</ele>
    <time>2026-05-23T09:35:02Z</time>
   </trkpt>
   <trkpt lat="49.6234080" lon="18.6706910">
    <ele>583.6</ele>
    <time>2026-05-23T09:35:03Z</time>
   </trkpt>
   <trkpt lat="49.6233940" lon="18.6706860">
    <ele>583.8</ele>
    <time>2026-05-23T09:35:04Z</time>
   </trkpt>
   <trkpt lat="49.6233790" lon="18.6706790">
    <ele>584.2</ele>
    <time>2026-05-23T09:35:05Z</time>
   </trkpt>
   <trkpt lat="49.6233620" lon="18.6706700">
    <ele>584.4</ele>
    <time>2026-05-23T09:35:06Z</time>
   </trkpt>
   <trkpt lat="49.6233440" lon="18.6706620">
    <ele>584.4</ele>
    <time>2026-05-23T09:35:07Z</time>
   </trkpt>
   <trkpt lat="49.6233260" lon="18.6706550">
    <ele>584.8</ele>
    <time>2026-05-23T09:35:08Z</time>
   </trkpt>
   <trkpt lat="49.6233080" lon="18.6706510">
    <ele>585.0</ele>
    <time>2026-05-23T09:35:09Z</time>
   </trkpt>
   <trkpt lat="49.6232910" lon="18.6706430">
    <ele>585.2</ele>
    <time>2026-05-23T09:35:10Z</time>
   </trkpt>
   <trkpt lat="49.6232750" lon="18.6706300">
    <ele>585.4</ele>
    <time>2026-05-23T09:35:11Z</time>
   </trkpt>
   <trkpt lat="49.6232600" lon="18.6706160">
    <ele>585.6</ele>
    <time>2026-05-23T09:35:12Z</time>
   </trkpt>
   <trkpt lat="49.6232440" lon="18.6706020">
    <ele>585.8</ele>
    <time>2026-05-23T09:35:13Z</time>
   </trkpt>
   <trkpt lat="49.6232300" lon="18.6705860">
    <ele>586.0</ele>
    <time>2026-05-23T09:35:14Z</time>
   </trkpt>
   <trkpt lat="49.6232150" lon="18.6705680">
    <ele>586.0</ele>
    <time>2026-05-23T09:35:15Z</time>
   </trkpt>
   <trkpt lat="49.6231990" lon="18.6705510">
    <ele>586.2</ele>
    <time>2026-05-23T09:35:16Z</time>
   </trkpt>
   <trkpt lat="49.6231830" lon="18.6705350">
    <ele>586.4</ele>
    <time>2026-05-23T09:35:17Z</time>
   </trkpt>
   <trkpt lat="49.6231670" lon="18.6705210">
    <ele>586.8</ele>
    <time>2026-05-23T09:35:18Z</time>
   </trkpt>
   <trkpt lat="49.6231520" lon="18.6704980">
    <ele>587.0</ele>
    <time>2026-05-23T09:35:19Z</time>
   </trkpt>
   <trkpt lat="49.6231380" lon="18.6704790">
    <ele>587.0</ele>
    <time>2026-05-23T09:35:20Z</time>
   </trkpt>
   <trkpt lat="49.6231250" lon="18.6704590">
    <ele>587.2</ele>
    <time>2026-05-23T09:35:21Z</time>
   </trkpt>
   <trkpt lat="49.6231100" lon="18.6704410">
    <ele>587.4</ele>
    <time>2026-05-23T09:35:22Z</time>
   </trkpt>
   <trkpt lat="49.6231020" lon="18.6704250">
    <ele>587.4</ele>
    <time>2026-05-23T09:35:23Z</time>
   </trkpt>
   <trkpt lat="49.6230920" lon="18.6703910">
    <ele>587.6</ele>
    <time>2026-05-23T09:35:24Z</time>
   </trkpt>
   <trkpt lat="49.6230810" lon="18.6703700">
    <ele>587.6</ele>
    <time>2026-05-23T09:35:25Z</time>
   </trkpt>
   <trkpt lat="49.6230710" lon="18.6703480">
    <ele>588.0</ele>
    <time>2026-05-23T09:35:26Z</time>
   </trkpt>
   <trkpt lat="49.6230620" lon="18.6703240">
    <ele>588.0</ele>
    <time>2026-05-23T09:35:27Z</time>
   </trkpt>
   <trkpt lat="49.6230500" lon="18.6703020">
    <ele>588.0</ele>
    <time>2026-05-23T09:35:28Z</time>
   </trkpt>
   <trkpt lat="49.6230380" lon="18.6702780">
    <ele>588.2</ele>
    <time>2026-05-23T09:35:29Z</time>
   </trkpt>
   <trkpt lat="49.6230260" lon="18.6702490">
    <ele>588.4</ele>
    <time>2026-05-23T09:35:30Z</time>
   </trkpt>
   <trkpt lat="49.6230150" lon="18.6702240">
    <ele>588.4</ele>
    <time>2026-05-23T09:35:31Z</time>
   </trkpt>
   <trkpt lat="49.6230060" lon="18.6702010">
    <ele>588.4</ele>
    <time>2026-05-23T09:35:32Z</time>
   </trkpt>
   <trkpt lat="49.6229980" lon="18.6701770">
    <ele>588.8</ele>
    <time>2026-05-23T09:35:33Z</time>
   </trkpt>
   <trkpt lat="49.6229880" lon="18.6701560">
    <ele>589.0</ele>
    <time>2026-05-23T09:35:34Z</time>
   </trkpt>
   <trkpt lat="49.6229790" lon="18.6701330">
    <ele>589.2</ele>
    <time>2026-05-23T09:35:35Z</time>
   </trkpt>
   <trkpt lat="49.6229670" lon="18.6701110">
    <ele>589.2</ele>
    <time>2026-05-23T09:35:36Z</time>
   </trkpt>
   <trkpt lat="49.6229550" lon="18.6700900">
    <ele>589.2</ele>
    <time>2026-05-23T09:35:37Z</time>
   </trkpt>
   <trkpt lat="49.6229450" lon="18.6700680">
    <ele>589.4</ele>
    <time>2026-05-23T09:35:38Z</time>
   </trkpt>
   <trkpt lat="49.6229350" lon="18.6700440">
    <ele>589.6</ele>
    <time>2026-05-23T09:35:39Z</time>
   </trkpt>
   <trkpt lat="49.6229260" lon="18.6700180">
    <ele>590.0</ele>
    <time>2026-05-23T09:35:40Z</time>
   </trkpt>
   <trkpt lat="49.6229190" lon="18.6699890">
    <ele>590.2</ele>
    <time>2026-05-23T09:35:41Z</time>
   </trkpt>
   <trkpt lat="49.6229090" lon="18.6699630">
    <ele>590.4</ele>
    <time>2026-05-23T09:35:42Z</time>
   </trkpt>
   <trkpt lat="49.6228990" lon="18.6699390">
    <ele>590.4</ele>
    <time>2026-05-23T09:35:43Z</time>
   </trkpt>
   <trkpt lat="49.6228860" lon="18.6699160">
    <ele>590.8</ele>
    <time>2026-05-23T09:35:44Z</time>
   </trkpt>
   <trkpt lat="49.6228730" lon="18.6698940">
    <ele>591.0</ele>
    <time>2026-05-23T09:35:45Z</time>
   </trkpt>
   <trkpt lat="49.6228650" lon="18.6698720">
    <ele>591.0</ele>
    <time>2026-05-23T09:35:46Z</time>
   </trkpt>
   <trkpt lat="49.6228590" lon="18.6698470">
    <ele>591.2</ele>
    <time>2026-05-23T09:35:47Z</time>
   </trkpt>
   <trkpt lat="49.6228520" lon="18.6698210">
    <ele>591.2</ele>
    <time>2026-05-23T09:35:48Z</time>
   </trkpt>
   <trkpt lat="49.6228410" lon="18.6697970">
    <ele>591.2</ele>
    <time>2026-05-23T09:35:49Z</time>
   </trkpt>
   <trkpt lat="49.6228310" lon="18.6697750">
    <ele>591.4</ele>
    <time>2026-05-23T09:35:50Z</time>
   </trkpt>
   <trkpt lat="49.6228240" lon="18.6697510">
    <ele>591.4</ele>
    <time>2026-05-23T09:35:51Z</time>
   </trkpt>
   <trkpt lat="49.6228190" lon="18.6697260">
    <ele>591.6</ele>
    <time>2026-05-23T09:35:52Z</time>
   </trkpt>
   <trkpt lat="49.6228150" lon="18.6697030">
    <ele>591.8</ele>
    <time>2026-05-23T09:35:53Z</time>
   </trkpt>
   <trkpt lat="49.6228070" lon="18.6696760">
    <ele>592.0</ele>
    <time>2026-05-23T09:35:54Z</time>
   </trkpt>
   <trkpt lat="49.6227990" lon="18.6696490">
    <ele>592.2</ele>
    <time>2026-05-23T09:35:55Z</time>
   </trkpt>
   <trkpt lat="49.6227870" lon="18.6696240">
    <ele>592.4</ele>
    <time>2026-05-23T09:35:56Z</time>
   </trkpt>
   <trkpt lat="49.6227750" lon="18.6695950">
    <ele>592.8</ele>
    <time>2026-05-23T09:35:57Z</time>
   </trkpt>
   <trkpt lat="49.6227640" lon="18.6695640">
    <ele>592.8</ele>
    <time>2026-05-23T09:35:58Z</time>
   </trkpt>
   <trkpt lat="49.6227520" lon="18.6695340">
    <ele>593.0</ele>
    <time>2026-05-23T09:35:59Z</time>
   </trkpt>
   <trkpt lat="49.6227420" lon="18.6695000">
    <ele>593.0</ele>
    <time>2026-05-23T09:36:00Z</time>
   </trkpt>
   <trkpt lat="49.6227300" lon="18.6694680">
    <ele>593.2</ele>
    <time>2026-05-23T09:36:01Z</time>
   </trkpt>
   <trkpt lat="49.6227140" lon="18.6694370">
    <ele>593.2</ele>
    <time>2026-05-23T09:36:02Z</time>
   </trkpt>
   <trkpt lat="49.6227000" lon="18.6694070">
    <ele>593.4</ele>
    <time>2026-05-23T09:36:03Z</time>
   </trkpt>
   <trkpt lat="49.6226880" lon="18.6693770">
    <ele>593.4</ele>
    <time>2026-05-23T09:36:04Z</time>
   </trkpt>
   <trkpt lat="49.6226750" lon="18.6693530">
    <ele>593.6</ele>
    <time>2026-05-23T09:36:05Z</time>
   </trkpt>
   <trkpt lat="49.6226660" lon="18.6693330">
    <ele>593.8</ele>
    <time>2026-05-23T09:36:06Z</time>
   </trkpt>
   <trkpt lat="49.6226520" lon="18.6693060">
    <ele>593.8</ele>
    <time>2026-05-23T09:36:07Z</time>
   </trkpt>
   <trkpt lat="49.6226380" lon="18.6692780">
    <ele>594.2</ele>
    <time>2026-05-23T09:36:08Z</time>
   </trkpt>
   <trkpt lat="49.6226340" lon="18.6692560">
    <ele>594.4</ele>
    <time>2026-05-23T09:36:09Z</time>
   </trkpt>
   <trkpt lat="49.6226260" lon="18.6692340">
    <ele>594.6</ele>
    <time>2026-05-23T09:36:10Z</time>
   </trkpt>
   <trkpt lat="49.6226180" lon="18.6692100">
    <ele>594.8</ele>
    <time>2026-05-23T09:36:11Z</time>
   </trkpt>
   <trkpt lat="49.6226080" lon="18.6691880">
    <ele>595.0</ele>
    <time>2026-05-23T09:36:12Z</time>
   </trkpt>
   <trkpt lat="49.6226010" lon="18.6691630">
    <ele>595.0</ele>
    <time>2026-05-23T09:36:13Z</time>
   </trkpt>
   <trkpt lat="49.6225910" lon="18.6691390">
    <ele>595.4</ele>
    <time>2026-05-23T09:36:14Z</time>
   </trkpt>
   <trkpt lat="49.6225820" lon="18.6691120">
    <ele>595.6</ele>
    <time>2026-05-23T09:36:15Z</time>
   </trkpt>
   <trkpt lat="49.6225710" lon="18.6690860">
    <ele>595.8</ele>
    <time>2026-05-23T09:36:16Z</time>
   </trkpt>
   <trkpt lat="49.6225610" lon="18.6690610">
    <ele>595.8</ele>
    <time>2026-05-23T09:36:17Z</time>
   </trkpt>
   <trkpt lat="49.6225520" lon="18.6690350">
    <ele>596.0</ele>
    <time>2026-05-23T09:36:18Z</time>
   </trkpt>
   <trkpt lat="49.6225430" lon="18.6690110">
    <ele>596.4</ele>
    <time>2026-05-23T09:36:19Z</time>
   </trkpt>
   <trkpt lat="49.6225320" lon="18.6689890">
    <ele>596.6</ele>
    <time>2026-05-23T09:36:20Z</time>
   </trkpt>
   <trkpt lat="49.6225220" lon="18.6689680">
    <ele>596.8</ele>
    <time>2026-05-23T09:36:21Z</time>
   </trkpt>
   <trkpt lat="49.6225130" lon="18.6689440">
    <ele>597.0</ele>
    <time>2026-05-23T09:36:22Z</time>
   </trkpt>
   <trkpt lat="49.6225030" lon="18.6689210">
    <ele>597.2</ele>
    <time>2026-05-23T09:36:23Z</time>
   </trkpt>
   <trkpt lat="49.6224990" lon="18.6689050">
    <ele>597.4</ele>
    <time>2026-05-23T09:36:24Z</time>
   </trkpt>
   <trkpt lat="49.6224880" lon="18.6688820">
    <ele>597.6</ele>
    <time>2026-05-23T09:36:25Z</time>
   </trkpt>
   <trkpt lat="49.6224740" lon="18.6688600">
    <ele>597.6</ele>
    <time>2026-05-23T09:36:26Z</time>
   </trkpt>
   <trkpt lat="49.6224580" lon="18.6688350">
    <ele>597.8</ele>
    <time>2026-05-23T09:36:27Z</time>
   </trkpt>
   <trkpt lat="49.6224440" lon="18.6688090">
    <ele>598.2</ele>
    <time>2026-05-23T09:36:28Z</time>
   </trkpt>
   <trkpt lat="49.6224340" lon="18.6687790">
    <ele>598.4</ele>
    <time>2026-05-23T09:36:29Z</time>
   </trkpt>
   <trkpt lat="49.6224260" lon="18.6687530">
    <ele>598.6</ele>
    <time>2026-05-23T09:36:30Z</time>
   </trkpt>
   <trkpt lat="49.6224180" lon="18.6687260">
    <ele>598.8</ele>
    <time>2026-05-23T09:36:31Z</time>
   </trkpt>
   <trkpt lat="49.6224130" lon="18.6686990">
    <ele>599.0</ele>
    <time>2026-05-23T09:36:32Z</time>
   </trkpt>
   <trkpt lat="49.6224130" lon="18.6686780">
    <ele>599.2</ele>
    <time>2026-05-23T09:36:33Z</time>
   </trkpt>
   <trkpt lat="49.6224090" lon="18.6686570">
    <ele>599.6</ele>
    <time>2026-05-23T09:36:34Z</time>
   </trkpt>
   <trkpt lat="49.6224020" lon="18.6686430">
    <ele>599.8</ele>
    <time>2026-05-23T09:36:35Z</time>
   </trkpt>
   <trkpt lat="49.6223930" lon="18.6686220">
    <ele>600.0</ele>
    <time>2026-05-23T09:36:36Z</time>
   </trkpt>
   <trkpt lat="49.6223830" lon="18.6685990">
    <ele>600.2</ele>
    <time>2026-05-23T09:36:37Z</time>
   </trkpt>
   <trkpt lat="49.6223740" lon="18.6685700">
    <ele>600.6</ele>
    <time>2026-05-23T09:36:38Z</time>
   </trkpt>
   <trkpt lat="49.6223670" lon="18.6685410">
    <ele>601.0</ele>
    <time>2026-05-23T09:36:39Z</time>
   </trkpt>
   <trkpt lat="49.6223610" lon="18.6685200">
    <ele>601.2</ele>
    <time>2026-05-23T09:36:40Z</time>
   </trkpt>
   <trkpt lat="49.6223510" lon="18.6684980">
    <ele>601.6</ele>
    <time>2026-05-23T09:36:41Z</time>
   </trkpt>
   <trkpt lat="49.6223460" lon="18.6684770">
    <ele>601.8</ele>
    <time>2026-05-23T09:36:42Z</time>
   </trkpt>
   <trkpt lat="49.6223440" lon="18.6684500">
    <ele>602.0</ele>
    <time>2026-05-23T09:36:43Z</time>
   </trkpt>
   <trkpt lat="49.6223320" lon="18.6684310">
    <ele>602.2</ele>
    <time>2026-05-23T09:36:44Z</time>
   </trkpt>
   <trkpt lat="49.6223190" lon="18.6684000">
    <ele>602.4</ele>
    <time>2026-05-23T09:36:45Z</time>
   </trkpt>
   <trkpt lat="49.6223130" lon="18.6683700">
    <ele>602.6</ele>
    <time>2026-05-23T09:36:46Z</time>
   </trkpt>
   <trkpt lat="49.6223100" lon="18.6683460">
    <ele>602.8</ele>
    <time>2026-05-23T09:36:47Z</time>
   </trkpt>
   <trkpt lat="49.6223070" lon="18.6683240">
    <ele>603.0</ele>
    <time>2026-05-23T09:36:48Z</time>
   </trkpt>
   <trkpt lat="49.6223010" lon="18.6683040">
    <ele>603.4</ele>
    <time>2026-05-23T09:36:49Z</time>
   </trkpt>
   <trkpt lat="49.6222940" lon="18.6682770">
    <ele>603.8</ele>
    <time>2026-05-23T09:36:50Z</time>
   </trkpt>
   <trkpt lat="49.6222850" lon="18.6682510">
    <ele>604.0</ele>
    <time>2026-05-23T09:36:51Z</time>
   </trkpt>
   <trkpt lat="49.6222760" lon="18.6682270">
    <ele>604.2</ele>
    <time>2026-05-23T09:36:52Z</time>
   </trkpt>
   <trkpt lat="49.6222690" lon="18.6682100">
    <ele>604.6</ele>
    <time>2026-05-23T09:36:53Z</time>
   </trkpt>
   <trkpt lat="49.6222630" lon="18.6681910">
    <ele>604.8</ele>
    <time>2026-05-23T09:36:54Z</time>
   </trkpt>
   <trkpt lat="49.6222580" lon="18.6681640">
    <ele>604.8</ele>
    <time>2026-05-23T09:36:55Z</time>
   </trkpt>
   <trkpt lat="49.6222510" lon="18.6681400">
    <ele>605.2</ele>
    <time>2026-05-23T09:36:56Z</time>
   </trkpt>
   <trkpt lat="49.6222440" lon="18.6681170">
    <ele>605.4</ele>
    <time>2026-05-23T09:36:57Z</time>
   </trkpt>
   <trkpt lat="49.6222370" lon="18.6680920">
    <ele>605.6</ele>
    <time>2026-05-23T09:36:58Z</time>
   </trkpt>
   <trkpt lat="49.6222300" lon="18.6680690">
    <ele>605.8</ele>
    <time>2026-05-23T09:36:59Z</time>
   </trkpt>
   <trkpt lat="49.6222220" lon="18.6680480">
    <ele>606.0</ele>
    <time>2026-05-23T09:37:00Z</time>
   </trkpt>
   <trkpt lat="49.6222170" lon="18.6680260">
    <ele>606.4</ele>
    <time>2026-05-23T09:37:01Z</time>
   </trkpt>
   <trkpt lat="49.6222080" lon="18.6680030">
    <ele>606.6</ele>
    <time>2026-05-23T09:37:02Z</time>
   </trkpt>
   <trkpt lat="49.6222020" lon="18.6679770">
    <ele>606.8</ele>
    <time>2026-05-23T09:37:03Z</time>
   </trkpt>
   <trkpt lat="49.6221970" lon="18.6679540">
    <ele>607.0</ele>
    <time>2026-05-23T09:37:04Z</time>
   </trkpt>
   <trkpt lat="49.6221940" lon="18.6679310">
    <ele>607.2</ele>
    <time>2026-05-23T09:37:05Z</time>
   </trkpt>
   <trkpt lat="49.6221900" lon="18.6679080">
    <ele>607.4</ele>
    <time>2026-05-23T09:37:06Z</time>
   </trkpt>
   <trkpt lat="49.6221760" lon="18.6678830">
    <ele>607.6</ele>
    <time>2026-05-23T09:37:07Z</time>
   </trkpt>
   <trkpt lat="49.6221660" lon="18.6678580">
    <ele>608.0</ele>
    <time>2026-05-23T09:37:08Z</time>
   </trkpt>
   <trkpt lat="49.6221550" lon="18.6678310">
    <ele>608.2</ele>
    <time>2026-05-23T09:37:09Z</time>
   </trkpt>
   <trkpt lat="49.6221460" lon="18.6678040">
    <ele>608.2</ele>
    <time>2026-05-23T09:37:10Z</time>
   </trkpt>
   <trkpt lat="49.6221400" lon="18.6677800">
    <ele>608.6</ele>
    <time>2026-05-23T09:37:11Z</time>
   </trkpt>
   <trkpt lat="49.6221330" lon="18.6677580">
    <ele>608.8</ele>
    <time>2026-05-23T09:37:12Z</time>
   </trkpt>
   <trkpt lat="49.6221270" lon="18.6677380">
    <ele>609.0</ele>
    <time>2026-05-23T09:37:13Z</time>
   </trkpt>
   <trkpt lat="49.6221090" lon="18.6677080">
    <ele>609.2</ele>
    <time>2026-05-23T09:37:14Z</time>
   </trkpt>
   <trkpt lat="49.6220970" lon="18.6676850">
    <ele>609.6</ele>
    <time>2026-05-23T09:37:15Z</time>
   </trkpt>
   <trkpt lat="49.6220860" lon="18.6676590">
    <ele>609.8</ele>
    <time>2026-05-23T09:37:16Z</time>
   </trkpt>
   <trkpt lat="49.6220740" lon="18.6676340">
    <ele>610.2</ele>
    <time>2026-05-23T09:37:17Z</time>
   </trkpt>
   <trkpt lat="49.6220650" lon="18.6676100">
    <ele>610.4</ele>
    <time>2026-05-23T09:37:18Z</time>
   </trkpt>
   <trkpt lat="49.6220550" lon="18.6675900">
    <ele>610.6</ele>
    <time>2026-05-23T09:37:19Z</time>
   </trkpt>
   <trkpt lat="49.6220490" lon="18.6675680">
    <ele>610.8</ele>
    <time>2026-05-23T09:37:20Z</time>
   </trkpt>
   <trkpt lat="49.6220390" lon="18.6675480">
    <ele>611.2</ele>
    <time>2026-05-23T09:37:21Z</time>
   </trkpt>
   <trkpt lat="49.6220220" lon="18.6675310">
    <ele>611.2</ele>
    <time>2026-05-23T09:37:22Z</time>
   </trkpt>
   <trkpt lat="49.6219990" lon="18.6675180">
    <ele>611.8</ele>
    <time>2026-05-23T09:37:23Z</time>
   </trkpt>
   <trkpt lat="49.6219780" lon="18.6675160">
    <ele>611.8</ele>
    <time>2026-05-23T09:37:24Z</time>
   </trkpt>
   <trkpt lat="49.6219610" lon="18.6675210">
    <ele>612.0</ele>
    <time>2026-05-23T09:37:25Z</time>
   </trkpt>
   <trkpt lat="49.6219420" lon="18.6675230">
    <ele>612.2</ele>
    <time>2026-05-23T09:37:26Z</time>
   </trkpt>
   <trkpt lat="49.6219250" lon="18.6675300">
    <ele>612.6</ele>
    <time>2026-05-23T09:37:27Z</time>
   </trkpt>
   <trkpt lat="49.6219080" lon="18.6675350">
    <ele>612.6</ele>
    <time>2026-05-23T09:37:28Z</time>
   </trkpt>
   <trkpt lat="49.6218900" lon="18.6675390">
    <ele>612.8</ele>
    <time>2026-05-23T09:37:29Z</time>
   </trkpt>
   <trkpt lat="49.6218670" lon="18.6675530">
    <ele>613.2</ele>
    <time>2026-05-23T09:37:30Z</time>
   </trkpt>
   <trkpt lat="49.6218400" lon="18.6675600">
    <ele>613.4</ele>
    <time>2026-05-23T09:37:31Z</time>
   </trkpt>
   <trkpt lat="49.6218250" lon="18.6675710">
    <ele>613.6</ele>
    <time>2026-05-23T09:37:32Z</time>
   </trkpt>
   <trkpt lat="49.6218110" lon="18.6675840">
    <ele>613.8</ele>
    <time>2026-05-23T09:37:33Z</time>
   </trkpt>
   <trkpt lat="49.6217950" lon="18.6676000">
    <ele>614.0</ele>
    <time>2026-05-23T09:37:34Z</time>
   </trkpt>
   <trkpt lat="49.6217780" lon="18.6676120">
    <ele>614.2</ele>
    <time>2026-05-23T09:37:35Z</time>
   </trkpt>
   <trkpt lat="49.6217650" lon="18.6676220">
    <ele>614.4</ele>
    <time>2026-05-23T09:37:36Z</time>
   </trkpt>
   <trkpt lat="49.6217490" lon="18.6676380">
    <ele>614.8</ele>
    <time>2026-05-23T09:37:37Z</time>
   </trkpt>
   <trkpt lat="49.6217330" lon="18.6676600">
    <ele>614.8</ele>
    <time>2026-05-23T09:37:38Z</time>
   </trkpt>
   <trkpt lat="49.6217170" lon="18.6676740">
    <ele>615.0</ele>
    <time>2026-05-23T09:37:39Z</time>
   </trkpt>
   <trkpt lat="49.6216980" lon="18.6676920">
    <ele>615.4</ele>
    <time>2026-05-23T09:37:40Z</time>
   </trkpt>
   <trkpt lat="49.6216870" lon="18.6677070">
    <ele>615.6</ele>
    <time>2026-05-23T09:37:41Z</time>
   </trkpt>
   <trkpt lat="49.6216710" lon="18.6677200">
    <ele>616.0</ele>
    <time>2026-05-23T09:37:42Z</time>
   </trkpt>
   <trkpt lat="49.6216580" lon="18.6677300">
    <ele>616.4</ele>
    <time>2026-05-23T09:37:43Z</time>
   </trkpt>
   <trkpt lat="49.6216450" lon="18.6677360">
    <ele>616.6</ele>
    <time>2026-05-23T09:37:44Z</time>
   </trkpt>
   <trkpt lat="49.6216280" lon="18.6677380">
    <ele>616.6</ele>
    <time>2026-05-23T09:37:45Z</time>
   </trkpt>
   <trkpt lat="49.6216090" lon="18.6677420">
    <ele>616.8</ele>
    <time>2026-05-23T09:37:46Z</time>
   </trkpt>
   <trkpt lat="49.6215880" lon="18.6677440">
    <ele>617.0</ele>
    <time>2026-05-23T09:37:47Z</time>
   </trkpt>
   <trkpt lat="49.6215660" lon="18.6677490">
    <ele>617.2</ele>
    <time>2026-05-23T09:37:48Z</time>
   </trkpt>
   <trkpt lat="49.6215450" lon="18.6677580">
    <ele>617.4</ele>
    <time>2026-05-23T09:37:49Z</time>
   </trkpt>
   <trkpt lat="49.6215250" lon="18.6677630">
    <ele>617.8</ele>
    <time>2026-05-23T09:37:50Z</time>
   </trkpt>
   <trkpt lat="49.6215040" lon="18.6677700">
    <ele>618.0</ele>
    <time>2026-05-23T09:37:51Z</time>
   </trkpt>
   <trkpt lat="49.6214820" lon="18.6677710">
    <ele>618.0</ele>
    <time>2026-05-23T09:37:52Z</time>
   </trkpt>
   <trkpt lat="49.6214550" lon="18.6677790">
    <ele>618.2</ele>
    <time>2026-05-23T09:37:53Z</time>
   </trkpt>
   <trkpt lat="49.6214290" lon="18.6677770">
    <ele>618.4</ele>
    <time>2026-05-23T09:37:54Z</time>
   </trkpt>
   <trkpt lat="49.6214130" lon="18.6677800">
    <ele>618.6</ele>
    <time>2026-05-23T09:37:55Z</time>
   </trkpt>
   <trkpt lat="49.6213960" lon="18.6677860">
    <ele>618.8</ele>
    <time>2026-05-23T09:37:56Z</time>
   </trkpt>
   <trkpt lat="49.6213700" lon="18.6677920">
    <ele>619.2</ele>
    <time>2026-05-23T09:37:57Z</time>
   </trkpt>
   <trkpt lat="49.6213420" lon="18.6677840">
    <ele>619.4</ele>
    <time>2026-05-23T09:37:58Z</time>
   </trkpt>
   <trkpt lat="49.6213190" lon="18.6677660">
    <ele>619.8</ele>
    <time>2026-05-23T09:37:59Z</time>
   </trkpt>
   <trkpt lat="49.6213010" lon="18.6677540">
    <ele>620.2</ele>
    <time>2026-05-23T09:38:00Z</time>
   </trkpt>
   <trkpt lat="49.6212830" lon="18.6677420">
    <ele>620.4</ele>
    <time>2026-05-23T09:38:01Z</time>
   </trkpt>
   <trkpt lat="49.6212610" lon="18.6677230">
    <ele>620.8</ele>
    <time>2026-05-23T09:38:02Z</time>
   </trkpt>
   <trkpt lat="49.6212420" lon="18.6677120">
    <ele>621.0</ele>
    <time>2026-05-23T09:38:03Z</time>
   </trkpt>
   <trkpt lat="49.6212200" lon="18.6677030">
    <ele>621.2</ele>
    <time>2026-05-23T09:38:04Z</time>
   </trkpt>
   <trkpt lat="49.6211990" lon="18.6676940">
    <ele>621.2</ele>
    <time>2026-05-23T09:38:05Z</time>
   </trkpt>
   <trkpt lat="49.6211790" lon="18.6676770">
    <ele>621.8</ele>
    <time>2026-05-23T09:38:06Z</time>
   </trkpt>
   <trkpt lat="49.6211620" lon="18.6676620">
    <ele>622.2</ele>
    <time>2026-05-23T09:38:07Z</time>
   </trkpt>
   <trkpt lat="49.6211440" lon="18.6676490">
    <ele>622.2</ele>
    <time>2026-05-23T09:38:08Z</time>
   </trkpt>
   <trkpt lat="49.6211220" lon="18.6676370">
    <ele>622.4</ele>
    <time>2026-05-23T09:38:09Z</time>
   </trkpt>
   <trkpt lat="49.6211010" lon="18.6676270">
    <ele>622.6</ele>
    <time>2026-05-23T09:38:10Z</time>
   </trkpt>
   <trkpt lat="49.6210830" lon="18.6676170">
    <ele>622.8</ele>
    <time>2026-05-23T09:38:11Z</time>
   </trkpt>
   <trkpt lat="49.6210680" lon="18.6676140">
    <ele>623.0</ele>
    <time>2026-05-23T09:38:12Z</time>
   </trkpt>
   <trkpt lat="49.6210550" lon="18.6676060">
    <ele>623.4</ele>
    <time>2026-05-23T09:38:13Z</time>
   </trkpt>
   <trkpt lat="49.6210380" lon="18.6675900">
    <ele>623.8</ele>
    <time>2026-05-23T09:38:14Z</time>
   </trkpt>
   <trkpt lat="49.6210200" lon="18.6675700">
    <ele>623.8</ele>
    <time>2026-05-23T09:38:15Z</time>
   </trkpt>
   <trkpt lat="49.6209960" lon="18.6675620">
    <ele>624.0</ele>
    <time>2026-05-23T09:38:16Z</time>
   </trkpt>
   <trkpt lat="49.6209770" lon="18.6675550">
    <ele>624.0</ele>
    <time>2026-05-23T09:38:17Z</time>
   </trkpt>
   <trkpt lat="49.6209570" lon="18.6675450">
    <ele>624.2</ele>
    <time>2026-05-23T09:38:18Z</time>
   </trkpt>
   <trkpt lat="49.6209210" lon="18.6675340">
    <ele>624.4</ele>
    <time>2026-05-23T09:38:19Z</time>
   </trkpt>
   <trkpt lat="49.6209040" lon="18.6675240">
    <ele>624.6</ele>
    <time>2026-05-23T09:38:20Z</time>
   </trkpt>
   <trkpt lat="49.6208870" lon="18.6675060">
    <ele>624.8</ele>
    <time>2026-05-23T09:38:21Z</time>
   </trkpt>
   <trkpt lat="49.6208690" lon="18.6674910">
    <ele>625.0</ele>
    <time>2026-05-23T09:38:22Z</time>
   </trkpt>
   <trkpt lat="49.6208530" lon="18.6674750">
    <ele>625.2</ele>
    <time>2026-05-23T09:38:23Z</time>
   </trkpt>
   <trkpt lat="49.6208300" lon="18.6674610">
    <ele>625.4</ele>
    <time>2026-05-23T09:38:24Z</time>
   </trkpt>
   <trkpt lat="49.6208080" lon="18.6674580">
    <ele>625.6</ele>
    <time>2026-05-23T09:38:25Z</time>
   </trkpt>
   <trkpt lat="49.6207870" lon="18.6674550">
    <ele>625.8</ele>
    <time>2026-05-23T09:38:26Z</time>
   </trkpt>
   <trkpt lat="49.6207670" lon="18.6674380">
    <ele>626.0</ele>
    <time>2026-05-23T09:38:27Z</time>
   </trkpt>
   <trkpt lat="49.6207410" lon="18.6674230">
    <ele>626.4</ele>
    <time>2026-05-23T09:38:28Z</time>
   </trkpt>
   <trkpt lat="49.6207150" lon="18.6674160">
    <ele>626.6</ele>
    <time>2026-05-23T09:38:29Z</time>
   </trkpt>
   <trkpt lat="49.6206950" lon="18.6673970">
    <ele>626.6</ele>
    <time>2026-05-23T09:38:30Z</time>
   </trkpt>
   <trkpt lat="49.6206770" lon="18.6673800">
    <ele>626.8</ele>
    <time>2026-05-23T09:38:31Z</time>
   </trkpt>
   <trkpt lat="49.6206570" lon="18.6673690">
    <ele>627.0</ele>
    <time>2026-05-23T09:38:32Z</time>
   </trkpt>
   <trkpt lat="49.6206440" lon="18.6673430">
    <ele>627.4</ele>
    <time>2026-05-23T09:38:33Z</time>
   </trkpt>
   <trkpt lat="49.6206300" lon="18.6673330">
    <ele>627.8</ele>
    <time>2026-05-23T09:38:34Z</time>
   </trkpt>
   <trkpt lat="49.6206080" lon="18.6673210">
    <ele>627.8</ele>
    <time>2026-05-23T09:38:35Z</time>
   </trkpt>
   <trkpt lat="49.6205870" lon="18.6673110">
    <ele>628.2</ele>
    <time>2026-05-23T09:38:36Z</time>
   </trkpt>
   <trkpt lat="49.6205690" lon="18.6672990">
    <ele>628.2</ele>
    <time>2026-05-23T09:38:37Z</time>
   </trkpt>
   <trkpt lat="49.6205540" lon="18.6672840">
    <ele>628.4</ele>
    <time>2026-05-23T09:38:38Z</time>
   </trkpt>
   <trkpt lat="49.6205360" lon="18.6672700">
    <ele>628.8</ele>
    <time>2026-05-23T09:38:39Z</time>
   </trkpt>
   <trkpt lat="49.6205180" lon="18.6672590">
    <ele>629.0</ele>
    <time>2026-05-23T09:38:40Z</time>
   </trkpt>
   <trkpt lat="49.6205010" lon="18.6672510">
    <ele>629.4</ele>
    <time>2026-05-23T09:38:41Z</time>
   </trkpt>
   <trkpt lat="49.6204840" lon="18.6672410">
    <ele>629.4</ele>
    <time>2026-05-23T09:38:42Z</time>
   </trkpt>
   <trkpt lat="49.6204680" lon="18.6672200">
    <ele>629.6</ele>
    <time>2026-05-23T09:38:43Z</time>
   </trkpt>
   <trkpt lat="49.6204500" lon="18.6672020">
    <ele>629.8</ele>
    <time>2026-05-23T09:38:44Z</time>
   </trkpt>
   <trkpt lat="49.6204330" lon="18.6671880">
    <ele>630.0</ele>
    <time>2026-05-23T09:38:45Z</time>
   </trkpt>
   <trkpt lat="49.6204140" lon="18.6671710">
    <ele>630.2</ele>
    <time>2026-05-23T09:38:46Z</time>
   </trkpt>
   <trkpt lat="49.6203980" lon="18.6671560">
    <ele>630.4</ele>
    <time>2026-05-23T09:38:47Z</time>
   </trkpt>
   <trkpt lat="49.6203810" lon="18.6671430">
    <ele>630.6</ele>
    <time>2026-05-23T09:38:48Z</time>
   </trkpt>
   <trkpt lat="49.6203660" lon="18.6671290">
    <ele>630.8</ele>
    <time>2026-05-23T09:38:49Z</time>
   </trkpt>
   <trkpt lat="49.6203480" lon="18.6671180">
    <ele>631.2</ele>
    <time>2026-05-23T09:38:50Z</time>
   </trkpt>
   <trkpt lat="49.6203290" lon="18.6671090">
    <ele>631.2</ele>
    <time>2026-05-23T09:38:51Z</time>
   </trkpt>
   <trkpt lat="49.6203130" lon="18.6670900">
    <ele>631.6</ele>
    <time>2026-05-23T09:38:52Z</time>
   </trkpt>
   <trkpt lat="49.6202990" lon="18.6670680">
    <ele>631.6</ele>
    <time>2026-05-23T09:38:53Z</time>
   </trkpt>
   <trkpt lat="49.6202870" lon="18.6670510">
    <ele>631.8</ele>
    <time>2026-05-23T09:38:54Z</time>
   </trkpt>
   <trkpt lat="49.6202720" lon="18.6670340">
    <ele>632.2</ele>
    <time>2026-05-23T09:38:55Z</time>
   </trkpt>
   <trkpt lat="49.6202590" lon="18.6670150">
    <ele>632.4</ele>
    <time>2026-05-23T09:38:56Z</time>
   </trkpt>
   <trkpt lat="49.6202430" lon="18.6669960">
    <ele>632.4</ele>
    <time>2026-05-23T09:38:57Z</time>
   </trkpt>
   <trkpt lat="49.6202270" lon="18.6669820">
    <ele>632.6</ele>
    <time>2026-05-23T09:38:58Z</time>
   </trkpt>
   <trkpt lat="49.6202100" lon="18.6669680">
    <ele>632.8</ele>
    <time>2026-05-23T09:38:59Z</time>
   </trkpt>
   <trkpt lat="49.6201930" lon="18.6669560">
    <ele>633.0</ele>
    <time>2026-05-23T09:39:00Z</time>
   </trkpt>
   <trkpt lat="49.6201750" lon="18.6669400">
    <ele>633.2</ele>
    <time>2026-05-23T09:39:01Z</time>
   </trkpt>
   <trkpt lat="49.6201560" lon="18.6669140">
    <ele>633.4</ele>
    <time>2026-05-23T09:39:02Z</time>
   </trkpt>
   <trkpt lat="49.6201390" lon="18.6668920">
    <ele>633.8</ele>
    <time>2026-05-23T09:39:03Z</time>
   </trkpt>
   <trkpt lat="49.6201210" lon="18.6668730">
    <ele>634.0</ele>
    <time>2026-05-23T09:39:04Z</time>
   </trkpt>
   <trkpt lat="49.6201060" lon="18.6668570">
    <ele>634.0</ele>
    <time>2026-05-23T09:39:05Z</time>
   </trkpt>
   <trkpt lat="49.6200910" lon="18.6668380">
    <ele>634.2</ele>
    <time>2026-05-23T09:39:06Z</time>
   </trkpt>
   <trkpt lat="49.6200740" lon="18.6668180">
    <ele>634.4</ele>
    <time>2026-05-23T09:39:07Z</time>
   </trkpt>
   <trkpt lat="49.6200590" lon="18.6667960">
    <ele>634.4</ele>
    <time>2026-05-23T09:39:08Z</time>
   </trkpt>
   <trkpt lat="49.6200400" lon="18.6667780">
    <ele>634.6</ele>
    <time>2026-05-23T09:39:09Z</time>
   </trkpt>
   <trkpt lat="49.6200170" lon="18.6667610">
    <ele>635.0</ele>
    <time>2026-05-23T09:39:10Z</time>
   </trkpt>
   <trkpt lat="49.6199940" lon="18.6667380">
    <ele>635.0</ele>
    <time>2026-05-23T09:39:11Z</time>
   </trkpt>
   <trkpt lat="49.6199700" lon="18.6667070">
    <ele>635.2</ele>
    <time>2026-05-23T09:39:12Z</time>
   </trkpt>
   <trkpt lat="49.6199520" lon="18.6666780">
    <ele>635.4</ele>
    <time>2026-05-23T09:39:13Z</time>
   </trkpt>
   <trkpt lat="49.6199370" lon="18.6666550">
    <ele>635.6</ele>
    <time>2026-05-23T09:39:14Z</time>
   </trkpt>
   <trkpt lat="49.6199170" lon="18.6666320">
    <ele>635.8</ele>
    <time>2026-05-23T09:39:15Z</time>
   </trkpt>
   <trkpt lat="49.6199030" lon="18.6666120">
    <ele>636.0</ele>
    <time>2026-05-23T09:39:16Z</time>
   </trkpt>
   <trkpt lat="49.6198820" lon="18.6665950">
    <ele>636.2</ele>
    <time>2026-05-23T09:39:17Z</time>
   </trkpt>
   <trkpt lat="49.6198560" lon="18.6665760">
    <ele>636.2</ele>
    <time>2026-05-23T09:39:18Z</time>
   </trkpt>
   <trkpt lat="49.6198370" lon="18.6665520">
    <ele>636.4</ele>
    <time>2026-05-23T09:39:19Z</time>
   </trkpt>
   <trkpt lat="49.6198190" lon="18.6665300">
    <ele>636.8</ele>
    <time>2026-05-23T09:39:20Z</time>
   </trkpt>
   <trkpt lat="49.6198030" lon="18.6665110">
    <ele>637.0</ele>
    <time>2026-05-23T09:39:21Z</time>
   </trkpt>
   <trkpt lat="49.6197850" lon="18.6665030">
    <ele>637.2</ele>
    <time>2026-05-23T09:39:22Z</time>
   </trkpt>
   <trkpt lat="49.6197650" lon="18.6664900">
    <ele>637.4</ele>
    <time>2026-05-23T09:39:23Z</time>
   </trkpt>
   <trkpt lat="49.6197430" lon="18.6665040">
    <ele>637.6</ele>
    <time>2026-05-23T09:39:24Z</time>
   </trkpt>
   <trkpt lat="49.6197180" lon="18.6664980">
    <ele>637.8</ele>
    <time>2026-05-23T09:39:25Z</time>
   </trkpt>
   <trkpt lat="49.6196930" lon="18.6664710">
    <ele>638.0</ele>
    <time>2026-05-23T09:39:26Z</time>
   </trkpt>
   <trkpt lat="49.6196690" lon="18.6664300">
    <ele>638.2</ele>
    <time>2026-05-23T09:39:27Z</time>
   </trkpt>
   <trkpt lat="49.6196640" lon="18.6663730">
    <ele>638.4</ele>
    <time>2026-05-23T09:39:28Z</time>
   </trkpt>
   <trkpt lat="49.6196470" lon="18.6663360">
    <ele>638.6</ele>
    <time>2026-05-23T09:39:29Z</time>
   </trkpt>
   <trkpt lat="49.6196310" lon="18.6663010">
    <ele>638.8</ele>
    <time>2026-05-23T09:39:30Z</time>
   </trkpt>
   <trkpt lat="49.6196160" lon="18.6662750">
    <ele>639.0</ele>
    <time>2026-05-23T09:39:31Z</time>
   </trkpt>
   <trkpt lat="49.6196000" lon="18.6662520">
    <ele>639.2</ele>
    <time>2026-05-23T09:39:32Z</time>
   </trkpt>
   <trkpt lat="49.6195800" lon="18.6662290">
    <ele>639.4</ele>
    <time>2026-05-23T09:39:33Z</time>
   </trkpt>
   <trkpt lat="49.6195640" lon="18.6662110">
    <ele>639.6</ele>
    <time>2026-05-23T09:39:34Z</time>
   </trkpt>
   <trkpt lat="49.6195510" lon="18.6661940">
    <ele>639.8</ele>
    <time>2026-05-23T09:39:35Z</time>
   </trkpt>
   <trkpt lat="49.6195350" lon="18.6661740">
    <ele>640.0</ele>
    <time>2026-05-23T09:39:36Z</time>
   </trkpt>
   <trkpt lat="49.6195170" lon="18.6661600">
    <ele>640.4</ele>
    <time>2026-05-23T09:39:37Z</time>
   </trkpt>
   <trkpt lat="49.6195010" lon="18.6661440">
    <ele>640.6</ele>
    <time>2026-05-23T09:39:38Z</time>
   </trkpt>
   <trkpt lat="49.6194840" lon="18.6661310">
    <ele>640.8</ele>
    <time>2026-05-23T09:39:39Z</time>
   </trkpt>
   <trkpt lat="49.6194670" lon="18.6661140">
    <ele>641.2</ele>
    <time>2026-05-23T09:39:40Z</time>
   </trkpt>
   <trkpt lat="49.6194480" lon="18.6660980">
    <ele>641.2</ele>
    <time>2026-05-23T09:39:41Z</time>
   </trkpt>
   <trkpt lat="49.6194310" lon="18.6660780">
    <ele>641.4</ele>
    <time>2026-05-23T09:39:42Z</time>
   </trkpt>
   <trkpt lat="49.6194130" lon="18.6660650">
    <ele>641.6</ele>
    <time>2026-05-23T09:39:43Z</time>
   </trkpt>
   <trkpt lat="49.6193960" lon="18.6660530">
    <ele>641.8</ele>
    <time>2026-05-23T09:39:44Z</time>
   </trkpt>
   <trkpt lat="49.6193770" lon="18.6660410">
    <ele>642.2</ele>
    <time>2026-05-23T09:39:45Z</time>
   </trkpt>
   <trkpt lat="49.6193590" lon="18.6660230">
    <ele>642.4</ele>
    <time>2026-05-23T09:39:46Z</time>
   </trkpt>
   <trkpt lat="49.6193390" lon="18.6660070">
    <ele>642.6</ele>
    <time>2026-05-23T09:39:47Z</time>
   </trkpt>
   <trkpt lat="49.6193220" lon="18.6659970">
    <ele>642.8</ele>
    <time>2026-05-23T09:39:48Z</time>
   </trkpt>
   <trkpt lat="49.6193050" lon="18.6659860">
    <ele>643.2</ele>
    <time>2026-05-23T09:39:49Z</time>
   </trkpt>
   <trkpt lat="49.6192850" lon="18.6659680">
    <ele>643.4</ele>
    <time>2026-05-23T09:39:50Z</time>
   </trkpt>
   <trkpt lat="49.6192670" lon="18.6659510">
    <ele>643.6</ele>
    <time>2026-05-23T09:39:51Z</time>
   </trkpt>
   <trkpt lat="49.6192500" lon="18.6659340">
    <ele>644.0</ele>
    <time>2026-05-23T09:39:52Z</time>
   </trkpt>
   <trkpt lat="49.6192310" lon="18.6659160">
    <ele>644.2</ele>
    <time>2026-05-23T09:39:53Z</time>
   </trkpt>
   <trkpt lat="49.6192130" lon="18.6658910">
    <ele>644.4</ele>
    <time>2026-05-23T09:39:54Z</time>
   </trkpt>
   <trkpt lat="49.6191970" lon="18.6658710">
    <ele>644.6</ele>
    <time>2026-05-23T09:39:55Z</time>
   </trkpt>
   <trkpt lat="49.6191770" lon="18.6658510">
    <ele>645.0</ele>
    <time>2026-05-23T09:39:56Z</time>
   </trkpt>
   <trkpt lat="49.6191560" lon="18.6658390">
    <ele>645.2</ele>
    <time>2026-05-23T09:39:57Z</time>
   </trkpt>
   <trkpt lat="49.6191390" lon="18.6658270">
    <ele>645.4</ele>
    <time>2026-05-23T09:39:58Z</time>
   </trkpt>
   <trkpt lat="49.6191220" lon="18.6658140">
    <ele>645.6</ele>
    <time>2026-05-23T09:39:59Z</time>
   </trkpt>
   <trkpt lat="49.6191090" lon="18.6658000">
    <ele>646.0</ele>
    <time>2026-05-23T09:40:00Z</time>
   </trkpt>
   <trkpt lat="49.6190910" lon="18.6657860">
    <ele>646.2</ele>
    <time>2026-05-23T09:40:01Z</time>
   </trkpt>
   <trkpt lat="49.6190680" lon="18.6657710">
    <ele>646.4</ele>
    <time>2026-05-23T09:40:02Z</time>
   </trkpt>
   <trkpt lat="49.6190530" lon="18.6657530">
    <ele>646.6</ele>
    <time>2026-05-23T09:40:03Z</time>
   </trkpt>
   <trkpt lat="49.6190340" lon="18.6657390">
    <ele>647.0</ele>
    <time>2026-05-23T09:40:04Z</time>
   </trkpt>
   <trkpt lat="49.6190190" lon="18.6657240">
    <ele>647.2</ele>
    <time>2026-05-23T09:40:05Z</time>
   </trkpt>
   <trkpt lat="49.6190010" lon="18.6657120">
    <ele>647.4</ele>
    <time>2026-05-23T09:40:06Z</time>
   </trkpt>
   <trkpt lat="49.6189840" lon="18.6656980">
    <ele>647.6</ele>
    <time>2026-05-23T09:40:07Z</time>
   </trkpt>
   <trkpt lat="49.6189660" lon="18.6656830">
    <ele>647.8</ele>
    <time>2026-05-23T09:40:08Z</time>
   </trkpt>
   <trkpt lat="49.6189510" lon="18.6656690">
    <ele>648.2</ele>
    <time>2026-05-23T09:40:09Z</time>
   </trkpt>
   <trkpt lat="49.6189360" lon="18.6656540">
    <ele>648.4</ele>
    <time>2026-05-23T09:40:10Z</time>
   </trkpt>
   <trkpt lat="49.6189230" lon="18.6656400">
    <ele>648.6</ele>
    <time>2026-05-23T09:40:11Z</time>
   </trkpt>
   <trkpt lat="49.6189100" lon="18.6656260">
    <ele>648.8</ele>
    <time>2026-05-23T09:40:12Z</time>
   </trkpt>
   <trkpt lat="49.6188960" lon="18.6656130">
    <ele>649.2</ele>
    <time>2026-05-23T09:40:13Z</time>
   </trkpt>
   <trkpt lat="49.6188810" lon="18.6655990">
    <ele>649.2</ele>
    <time>2026-05-23T09:40:14Z</time>
   </trkpt>
   <trkpt lat="49.6188640" lon="18.6655890">
    <ele>649.6</ele>
    <time>2026-05-23T09:40:15Z</time>
   </trkpt>
   <trkpt lat="49.6188470" lon="18.6655790">
    <ele>649.8</ele>
    <time>2026-05-23T09:40:16Z</time>
   </trkpt>
   <trkpt lat="49.6188320" lon="18.6655630">
    <ele>650.2</ele>
    <time>2026-05-23T09:40:17Z</time>
   </trkpt>
   <trkpt lat="49.6188140" lon="18.6655510">
    <ele>650.4</ele>
    <time>2026-05-23T09:40:18Z</time>
   </trkpt>
   <trkpt lat="49.6188000" lon="18.6655370">
    <ele>650.6</ele>
    <time>2026-05-23T09:40:19Z</time>
   </trkpt>
   <trkpt lat="49.6187850" lon="18.6655260">
    <ele>650.8</ele>
    <time>2026-05-23T09:40:20Z</time>
   </trkpt>
   <trkpt lat="49.6187640" lon="18.6655200">
    <ele>651.0</ele>
    <time>2026-05-23T09:40:21Z</time>
   </trkpt>
   <trkpt lat="49.6187450" lon="18.6655140">
    <ele>651.2</ele>
    <time>2026-05-23T09:40:22Z</time>
   </trkpt>
   <trkpt lat="49.6187320" lon="18.6655000">
    <ele>651.4</ele>
    <time>2026-05-23T09:40:23Z</time>
   </trkpt>
   <trkpt lat="49.6187190" lon="18.6654840">
    <ele>651.6</ele>
    <time>2026-05-23T09:40:24Z</time>
   </trkpt>
   <trkpt lat="49.6187030" lon="18.6654690">
    <ele>651.8</ele>
    <time>2026-05-23T09:40:25Z</time>
   </trkpt>
   <trkpt lat="49.6186870" lon="18.6654550">
    <ele>652.2</ele>
    <time>2026-05-23T09:40:26Z</time>
   </trkpt>
   <trkpt lat="49.6186700" lon="18.6654350">
    <ele>652.4</ele>
    <time>2026-05-23T09:40:27Z</time>
   </trkpt>
   <trkpt lat="49.6186560" lon="18.6654150">
    <ele>652.6</ele>
    <time>2026-05-23T09:40:28Z</time>
   </trkpt>
   <trkpt lat="49.6186440" lon="18.6654000">
    <ele>652.8</ele>
    <time>2026-05-23T09:40:29Z</time>
   </trkpt>
   <trkpt lat="49.6186310" lon="18.6653810">
    <ele>653.0</ele>
    <time>2026-05-23T09:40:30Z</time>
   </trkpt>
   <trkpt lat="49.6186200" lon="18.6653540">
    <ele>653.0</ele>
    <time>2026-05-23T09:40:31Z</time>
   </trkpt>
   <trkpt lat="49.6186060" lon="18.6653280">
    <ele>653.2</ele>
    <time>2026-05-23T09:40:32Z</time>
   </trkpt>
   <trkpt lat="49.6185920" lon="18.6653040">
    <ele>653.4</ele>
    <time>2026-05-23T09:40:33Z</time>
   </trkpt>
   <trkpt lat="49.6185840" lon="18.6652760">
    <ele>653.6</ele>
    <time>2026-05-23T09:40:34Z</time>
   </trkpt>
   <trkpt lat="49.6185730" lon="18.6652510">
    <ele>653.8</ele>
    <time>2026-05-23T09:40:35Z</time>
   </trkpt>
   <trkpt lat="49.6185650" lon="18.6652180">
    <ele>654.0</ele>
    <time>2026-05-23T09:40:36Z</time>
   </trkpt>
   <trkpt lat="49.6185620" lon="18.6651990">
    <ele>654.2</ele>
    <time>2026-05-23T09:40:37Z</time>
   </trkpt>
   <trkpt lat="49.6185590" lon="18.6651750">
    <ele>654.4</ele>
    <time>2026-05-23T09:40:38Z</time>
   </trkpt>
   <trkpt lat="49.6185520" lon="18.6651450">
    <ele>654.6</ele>
    <time>2026-05-23T09:40:39Z</time>
   </trkpt>
   <trkpt lat="49.6185400" lon="18.6651030">
    <ele>655.0</ele>
    <time>2026-05-23T09:40:40Z</time>
   </trkpt>
   <trkpt lat="49.6185280" lon="18.6650830">
    <ele>655.2</ele>
    <time>2026-05-23T09:40:41Z</time>
   </trkpt>
   <trkpt lat="49.6185140" lon="18.6650520">
    <ele>655.4</ele>
    <time>2026-05-23T09:40:42Z</time>
   </trkpt>
   <trkpt lat="49.6185050" lon="18.6650080">
    <ele>655.6</ele>
    <time>2026-05-23T09:40:43Z</time>
   </trkpt>
   <trkpt lat="49.6184940" lon="18.6649880">
    <ele>655.8</ele>
    <time>2026-05-23T09:40:44Z</time>
   </trkpt>
   <trkpt lat="49.6184750" lon="18.6649680">
    <ele>656.2</ele>
    <time>2026-05-23T09:40:45Z</time>
   </trkpt>
   <trkpt lat="49.6184490" lon="18.6649420">
    <ele>656.4</ele>
    <time>2026-05-23T09:40:46Z</time>
   </trkpt>
   <trkpt lat="49.6184310" lon="18.6649190">
    <ele>656.4</ele>
    <time>2026-05-23T09:40:47Z</time>
   </trkpt>
   <trkpt lat="49.6184120" lon="18.6648930">
    <ele>656.6</ele>
    <time>2026-05-23T09:40:48Z</time>
   </trkpt>
   <trkpt lat="49.6183950" lon="18.6648710">
    <ele>656.8</ele>
    <time>2026-05-23T09:40:49Z</time>
   </trkpt>
   <trkpt lat="49.6183790" lon="18.6648450">
    <ele>657.0</ele>
    <time>2026-05-23T09:40:50Z</time>
   </trkpt>
   <trkpt lat="49.6183640" lon="18.6648180">
    <ele>657.4</ele>
    <time>2026-05-23T09:40:51Z</time>
   </trkpt>
   <trkpt lat="49.6183470" lon="18.6647890">
    <ele>657.4</ele>
    <time>2026-05-23T09:40:52Z</time>
   </trkpt>
   <trkpt lat="49.6183280" lon="18.6647710">
    <ele>657.6</ele>
    <time>2026-05-23T09:40:53Z</time>
   </trkpt>
   <trkpt lat="49.6183160" lon="18.6647560">
    <ele>657.8</ele>
    <time>2026-05-23T09:40:54Z</time>
   </trkpt>
   <trkpt lat="49.6182990" lon="18.6647260">
    <ele>658.2</ele>
    <time>2026-05-23T09:40:55Z</time>
   </trkpt>
   <trkpt lat="49.6182830" lon="18.6647020">
    <ele>658.4</ele>
    <time>2026-05-23T09:40:56Z</time>
   </trkpt>
   <trkpt lat="49.6182680" lon="18.6646780">
    <ele>658.6</ele>
    <time>2026-05-23T09:40:57Z</time>
   </trkpt>
   <trkpt lat="49.6182560" lon="18.6646530">
    <ele>658.8</ele>
    <time>2026-05-23T09:40:58Z</time>
   </trkpt>
   <trkpt lat="49.6182440" lon="18.6646230">
    <ele>659.0</ele>
    <time>2026-05-23T09:40:59Z</time>
   </trkpt>
   <trkpt lat="49.6182310" lon="18.6646000">
    <ele>659.2</ele>
    <time>2026-05-23T09:41:00Z</time>
   </trkpt>
   <trkpt lat="49.6182140" lon="18.6645720">
    <ele>659.6</ele>
    <time>2026-05-23T09:41:01Z</time>
   </trkpt>
   <trkpt lat="49.6181960" lon="18.6645490">
    <ele>660.0</ele>
    <time>2026-05-23T09:41:02Z</time>
   </trkpt>
   <trkpt lat="49.6181810" lon="18.6645270">
    <ele>660.2</ele>
    <time>2026-05-23T09:41:03Z</time>
   </trkpt>
   <trkpt lat="49.6181650" lon="18.6645090">
    <ele>660.2</ele>
    <time>2026-05-23T09:41:04Z</time>
   </trkpt>
   <trkpt lat="49.6181520" lon="18.6644900">
    <ele>660.6</ele>
    <time>2026-05-23T09:41:05Z</time>
   </trkpt>
   <trkpt lat="49.6181350" lon="18.6644660">
    <ele>660.6</ele>
    <time>2026-05-23T09:41:06Z</time>
   </trkpt>
   <trkpt lat="49.6181170" lon="18.6644450">
    <ele>660.8</ele>
    <time>2026-05-23T09:41:07Z</time>
   </trkpt>
   <trkpt lat="49.6181020" lon="18.6644280">
    <ele>661.0</ele>
    <time>2026-05-23T09:41:08Z</time>
   </trkpt>
   <trkpt lat="49.6180830" lon="18.6644140">
    <ele>661.2</ele>
    <time>2026-05-23T09:41:09Z</time>
   </trkpt>
   <trkpt lat="49.6180670" lon="18.6643980">
    <ele>661.4</ele>
    <time>2026-05-23T09:41:10Z</time>
   </trkpt>
   <trkpt lat="49.6180510" lon="18.6643800">
    <ele>661.6</ele>
    <time>2026-05-23T09:41:11Z</time>
   </trkpt>
   <trkpt lat="49.6180390" lon="18.6643630">
    <ele>661.8</ele>
    <time>2026-05-23T09:41:12Z</time>
   </trkpt>
   <trkpt lat="49.6180260" lon="18.6643530">
    <ele>662.0</ele>
    <time>2026-05-23T09:41:13Z</time>
   </trkpt>
   <trkpt lat="49.6180110" lon="18.6643480">
    <ele>662.2</ele>
    <time>2026-05-23T09:41:14Z</time>
   </trkpt>
   <trkpt lat="49.6179940" lon="18.6643550">
    <ele>662.4</ele>
    <time>2026-05-23T09:41:15Z</time>
   </trkpt>
   <trkpt lat="49.6179740" lon="18.6643600">
    <ele>662.6</ele>
    <time>2026-05-23T09:41:16Z</time>
   </trkpt>
   <trkpt lat="49.6179620" lon="18.6643590">
    <ele>663.0</ele>
    <time>2026-05-23T09:41:17Z</time>
   </trkpt>
   <trkpt lat="49.6179490" lon="18.6643520">
    <ele>663.2</ele>
    <time>2026-05-23T09:41:18Z</time>
   </trkpt>
   <trkpt lat="49.6179290" lon="18.6643410">
    <ele>663.4</ele>
    <time>2026-05-23T09:41:19Z</time>
   </trkpt>
   <trkpt lat="49.6179080" lon="18.6643410">
    <ele>663.8</ele>
    <time>2026-05-23T09:41:20Z</time>
   </trkpt>
   <trkpt lat="49.6178850" lon="18.6643400">
    <ele>664.0</ele>
    <time>2026-05-23T09:41:21Z</time>
   </trkpt>
   <trkpt lat="49.6178570" lon="18.6643360">
    <ele>664.2</ele>
    <time>2026-05-23T09:41:22Z</time>
   </trkpt>
   <trkpt lat="49.6178380" lon="18.6643310">
    <ele>664.4</ele>
    <time>2026-05-23T09:41:23Z</time>
   </trkpt>
   <trkpt lat="49.6178190" lon="18.6643300">
    <ele>664.8</ele>
    <time>2026-05-23T09:41:24Z</time>
   </trkpt>
   <trkpt lat="49.6177970" lon="18.6643300">
    <ele>665.0</ele>
    <time>2026-05-23T09:41:25Z</time>
   </trkpt>
   <trkpt lat="49.6177810" lon="18.6643320">
    <ele>665.4</ele>
    <time>2026-05-23T09:41:26Z</time>
   </trkpt>
   <trkpt lat="49.6177640" lon="18.6643350">
    <ele>665.6</ele>
    <time>2026-05-23T09:41:27Z</time>
   </trkpt>
   <trkpt lat="49.6177450" lon="18.6643340">
    <ele>666.0</ele>
    <time>2026-05-23T09:41:28Z</time>
   </trkpt>
   <trkpt lat="49.6177260" lon="18.6643380">
    <ele>666.2</ele>
    <time>2026-05-23T09:41:29Z</time>
   </trkpt>
   <trkpt lat="49.6177060" lon="18.6643500">
    <ele>666.6</ele>
    <time>2026-05-23T09:41:30Z</time>
   </trkpt>
   <trkpt lat="49.6176830" lon="18.6643630">
    <ele>666.8</ele>
    <time>2026-05-23T09:41:31Z</time>
   </trkpt>
   <trkpt lat="49.6176630" lon="18.6643760">
    <ele>667.2</ele>
    <time>2026-05-23T09:41:32Z</time>
   </trkpt>
   <trkpt lat="49.6176410" lon="18.6643900">
    <ele>667.4</ele>
    <time>2026-05-23T09:41:33Z</time>
   </trkpt>
   <trkpt lat="49.6176170" lon="18.6644050">
    <ele>667.8</ele>
    <time>2026-05-23T09:41:34Z</time>
   </trkpt>
   <trkpt lat="49.6175970" lon="18.6644210">
    <ele>668.0</ele>
    <time>2026-05-23T09:41:35Z</time>
   </trkpt>
   <trkpt lat="49.6175800" lon="18.6644360">
    <ele>668.2</ele>
    <time>2026-05-23T09:41:36Z</time>
   </trkpt>
   <trkpt lat="49.6175610" lon="18.6644550">
    <ele>668.6</ele>
    <time>2026-05-23T09:41:37Z</time>
   </trkpt>
   <trkpt lat="49.6175410" lon="18.6644670">
    <ele>668.8</ele>
    <time>2026-05-23T09:41:38Z</time>
   </trkpt>
   <trkpt lat="49.6175200" lon="18.6644790">
    <ele>669.0</ele>
    <time>2026-05-23T09:41:39Z</time>
   </trkpt>
   <trkpt lat="49.6174980" lon="18.6645040">
    <ele>669.2</ele>
    <time>2026-05-23T09:41:40Z</time>
   </trkpt>
   <trkpt lat="49.6174870" lon="18.6645330">
    <ele>669.4</ele>
    <time>2026-05-23T09:41:41Z</time>
   </trkpt>
   <trkpt lat="49.6174770" lon="18.6645510">
    <ele>669.6</ele>
    <time>2026-05-23T09:41:42Z</time>
   </trkpt>
   <trkpt lat="49.6174650" lon="18.6645770">
    <ele>669.8</ele>
    <time>2026-05-23T09:41:43Z</time>
   </trkpt>
   <trkpt lat="49.6174410" lon="18.6645940">
    <ele>669.8</ele>
    <time>2026-05-23T09:41:44Z</time>
   </trkpt>
   <trkpt lat="49.6174260" lon="18.6646150">
    <ele>670.0</ele>
    <time>2026-05-23T09:41:45Z</time>
   </trkpt>
   <trkpt lat="49.6174120" lon="18.6646400">
    <ele>670.2</ele>
    <time>2026-05-23T09:41:46Z</time>
   </trkpt>
   <trkpt lat="49.6173940" lon="18.6646690">
    <ele>670.2</ele>
    <time>2026-05-23T09:41:47Z</time>
   </trkpt>
   <trkpt lat="49.6173750" lon="18.6646930">
    <ele>670.4</ele>
    <time>2026-05-23T09:41:48Z</time>
   </trkpt>
   <trkpt lat="49.6173550" lon="18.6647230">
    <ele>670.4</ele>
    <time>2026-05-23T09:41:49Z</time>
   </trkpt>
   <trkpt lat="49.6173380" lon="18.6647420">
    <ele>670.4</ele>
    <time>2026-05-23T09:41:50Z</time>
   </trkpt>
   <trkpt lat="49.6173180" lon="18.6647590">
    <ele>670.6</ele>
    <time>2026-05-23T09:41:51Z</time>
   </trkpt>
   <trkpt lat="49.6173040" lon="18.6647790">
    <ele>670.6</ele>
    <time>2026-05-23T09:41:52Z</time>
   </trkpt>
   <trkpt lat="49.6172880" lon="18.6647940">
    <ele>670.6</ele>
    <time>2026-05-23T09:41:53Z</time>
   </trkpt>
   <trkpt lat="49.6172680" lon="18.6648150">
    <ele>670.8</ele>
    <time>2026-05-23T09:41:54Z</time>
   </trkpt>
   <trkpt lat="49.6172480" lon="18.6648360">
    <ele>670.8</ele>
    <time>2026-05-23T09:41:55Z</time>
   </trkpt>
   <trkpt lat="49.6172270" lon="18.6648560">
    <ele>670.8</ele>
    <time>2026-05-23T09:41:56Z</time>
   </trkpt>
   <trkpt lat="49.6172050" lon="18.6648760">
    <ele>670.8</ele>
    <time>2026-05-23T09:41:57Z</time>
   </trkpt>
   <trkpt lat="49.6171810" lon="18.6648870">
    <ele>671.0</ele>
    <time>2026-05-23T09:41:58Z</time>
   </trkpt>
   <trkpt lat="49.6171550" lon="18.6648910">
    <ele>671.2</ele>
    <time>2026-05-23T09:41:59Z</time>
   </trkpt>
   <trkpt lat="49.6171320" lon="18.6648950">
    <ele>671.2</ele>
    <time>2026-05-23T09:42:00Z</time>
   </trkpt>
   <trkpt lat="49.6171040" lon="18.6649080">
    <ele>671.2</ele>
    <time>2026-05-23T09:42:01Z</time>
   </trkpt>
   <trkpt lat="49.6170750" lon="18.6649200">
    <ele>671.2</ele>
    <time>2026-05-23T09:42:02Z</time>
   </trkpt>
   <trkpt lat="49.6170460" lon="18.6649260">
    <ele>671.0</ele>
    <time>2026-05-23T09:42:03Z</time>
   </trkpt>
   <trkpt lat="49.6170160" lon="18.6649250">
    <ele>670.8</ele>
    <time>2026-05-23T09:42:04Z</time>
   </trkpt>
   <trkpt lat="49.6169820" lon="18.6649250">
    <ele>670.6</ele>
    <time>2026-05-23T09:42:05Z</time>
   </trkpt>
   <trkpt lat="49.6169430" lon="18.6649240">
    <ele>670.2</ele>
    <time>2026-05-23T09:42:06Z</time>
   </trkpt>
   <trkpt lat="49.6168990" lon="18.6649200">
    <ele>670.0</ele>
    <time>2026-05-23T09:42:07Z</time>
   </trkpt>
   <trkpt lat="49.6168540" lon="18.6649160">
    <ele>669.6</ele>
    <time>2026-05-23T09:42:08Z</time>
   </trkpt>
   <trkpt lat="49.6168090" lon="18.6649030">
    <ele>669.2</ele>
    <time>2026-05-23T09:42:09Z</time>
   </trkpt>
   <trkpt lat="49.6167120" lon="18.6648600">
    <ele>668.2</ele>
    <time>2026-05-23T09:42:11Z</time>
   </trkpt>
   <trkpt lat="49.6165430" lon="18.6648060">
    <ele>666.4</ele>
    <time>2026-05-23T09:42:14Z</time>
   </trkpt>
   <trkpt lat="49.6164230" lon="18.6647920">
    <ele>665.6</ele>
    <time>2026-05-23T09:42:16Z</time>
   </trkpt>
   <trkpt lat="49.6163580" lon="18.6647910">
    <ele>665.2</ele>
    <time>2026-05-23T09:42:17Z</time>
   </trkpt>
   <trkpt lat="49.6162910" lon="18.6648080">
    <ele>665.0</ele>
    <time>2026-05-23T09:42:18Z</time>
   </trkpt>
   <trkpt lat="49.6162310" lon="18.6648160">
    <ele>665.0</ele>
    <time>2026-05-23T09:42:19Z</time>
   </trkpt>
   <trkpt lat="49.6161620" lon="18.6648250">
    <ele>664.8</ele>
    <time>2026-05-23T09:42:20Z</time>
   </trkpt>
   <trkpt lat="49.6161040" lon="18.6648440">
    <ele>664.8</ele>
    <time>2026-05-23T09:42:21Z</time>
   </trkpt>
   <trkpt lat="49.6160640" lon="18.6648510">
    <ele>664.8</ele>
    <time>2026-05-23T09:42:22Z</time>
   </trkpt>
   <trkpt lat="49.6160140" lon="18.6648330">
    <ele>664.8</ele>
    <time>2026-05-23T09:42:23Z</time>
   </trkpt>
   <trkpt lat="49.6159690" lon="18.6648350">
    <ele>664.8</ele>
    <time>2026-05-23T09:42:24Z</time>
   </trkpt>
   <trkpt lat="49.6159160" lon="18.6648280">
    <ele>664.6</ele>
    <time>2026-05-23T09:42:25Z</time>
   </trkpt>
   <trkpt lat="49.6158650" lon="18.6648280">
    <ele>664.6</ele>
    <time>2026-05-23T09:42:26Z</time>
   </trkpt>
   <trkpt lat="49.6158240" lon="18.6648050">
    <ele>664.6</ele>
    <time>2026-05-23T09:42:27Z</time>
   </trkpt>
   <trkpt lat="49.6157780" lon="18.6648060">
    <ele>664.6</ele>
    <time>2026-05-23T09:42:28Z</time>
   </trkpt>
   <trkpt lat="49.6156310" lon="18.6648230">
    <ele>664.4</ele>
    <time>2026-05-23T09:42:31Z</time>
   </trkpt>
   <trkpt lat="49.6155770" lon="18.6648330">
    <ele>664.2</ele>
    <time>2026-05-23T09:42:32Z</time>
   </trkpt>
   <trkpt lat="49.6155210" lon="18.6648540">
    <ele>664.2</ele>
    <time>2026-05-23T09:42:33Z</time>
   </trkpt>
   <trkpt lat="49.6154710" lon="18.6648730">
    <ele>664.2</ele>
    <time>2026-05-23T09:42:34Z</time>
   </trkpt>
   <trkpt lat="49.6154270" lon="18.6648900">
    <ele>664.2</ele>
    <time>2026-05-23T09:42:35Z</time>
   </trkpt>
   <trkpt lat="49.6153540" lon="18.6649150">
    <ele>663.8</ele>
    <time>2026-05-23T09:42:37Z</time>
   </trkpt>
   <trkpt lat="49.6152960" lon="18.6649470">
    <ele>663.8</ele>
    <time>2026-05-23T09:42:38Z</time>
   </trkpt>
   <trkpt lat="49.6152130" lon="18.6649540">
    <ele>663.4</ele>
    <time>2026-05-23T09:42:40Z</time>
   </trkpt>
   <trkpt lat="49.6151650" lon="18.6649620">
    <ele>663.0</ele>
    <time>2026-05-23T09:42:41Z</time>
   </trkpt>
   <trkpt lat="49.6151140" lon="18.6649660">
    <ele>663.0</ele>
    <time>2026-05-23T09:42:42Z</time>
   </trkpt>
   <trkpt lat="49.6150080" lon="18.6649760">
    <ele>663.0</ele>
    <time>2026-05-23T09:42:44Z</time>
   </trkpt>
   <trkpt lat="49.6149520" lon="18.6649750">
    <ele>663.0</ele>
    <time>2026-05-23T09:42:45Z</time>
   </trkpt>
   <trkpt lat="49.6149060" lon="18.6649650">
    <ele>663.0</ele>
    <time>2026-05-23T09:42:46Z</time>
   </trkpt>
   <trkpt lat="49.6148630" lon="18.6649590">
    <ele>663.2</ele>
    <time>2026-05-23T09:42:47Z</time>
   </trkpt>
   <trkpt lat="49.6148120" lon="18.6649460">
    <ele>664.2</ele>
    <time>2026-05-23T09:42:48Z</time>
   </trkpt>
   <trkpt lat="49.6147820" lon="18.6649350">
    <ele>664.2</ele>
    <time>2026-05-23T09:42:49Z</time>
   </trkpt>
   <trkpt lat="49.6147440" lon="18.6649240">
    <ele>664.6</ele>
    <time>2026-05-23T09:42:50Z</time>
   </trkpt>
   <trkpt lat="49.6147110" lon="18.6649090">
    <ele>664.6</ele>
    <time>2026-05-23T09:42:51Z</time>
   </trkpt>
   <trkpt lat="49.6146810" lon="18.6648960">
    <ele>664.8</ele>
    <time>2026-05-23T09:42:52Z</time>
   </trkpt>
   <trkpt lat="49.6146490" lon="18.6648750">
    <ele>665.2</ele>
    <time>2026-05-23T09:42:53Z</time>
   </trkpt>
   <trkpt lat="49.6146230" lon="18.6648640">
    <ele>665.4</ele>
    <time>2026-05-23T09:42:54Z</time>
   </trkpt>
   <trkpt lat="49.6145970" lon="18.6648540">
    <ele>665.8</ele>
    <time>2026-05-23T09:42:55Z</time>
   </trkpt>
   <trkpt lat="49.6145460" lon="18.6648470">
    <ele>666.2</ele>
    <time>2026-05-23T09:42:57Z</time>
   </trkpt>
   <trkpt lat="49.6144800" lon="18.6648130">
    <ele>667.4</ele>
    <time>2026-05-23T09:43:00Z</time>
   </trkpt>
   <trkpt lat="49.6144390" lon="18.6648120">
    <ele>667.4</ele>
    <time>2026-05-23T09:43:01Z</time>
   </trkpt>
   <trkpt lat="49.6144070" lon="18.6648120">
    <ele>667.4</ele>
    <time>2026-05-23T09:43:02Z</time>
   </trkpt>
   <trkpt lat="49.6143840" lon="18.6648120">
    <ele>667.6</ele>
    <time>2026-05-23T09:43:03Z</time>
   </trkpt>
   <trkpt lat="49.6143600" lon="18.6648170">
    <ele>668.2</ele>
    <time>2026-05-23T09:43:04Z</time>
   </trkpt>
   <trkpt lat="49.6143070" lon="18.6648710">
    <ele>668.6</ele>
    <time>2026-05-23T09:43:05Z</time>
   </trkpt>
   <trkpt lat="49.6142740" lon="18.6648740">
    <ele>668.6</ele>
    <time>2026-05-23T09:43:06Z</time>
   </trkpt>
   <trkpt lat="49.6142340" lon="18.6648610">
    <ele>668.8</ele>
    <time>2026-05-23T09:43:07Z</time>
   </trkpt>
   <trkpt lat="49.6141980" lon="18.6648620">
    <ele>669.0</ele>
    <time>2026-05-23T09:43:08Z</time>
   </trkpt>
   <trkpt lat="49.6141620" lon="18.6648660">
    <ele>669.0</ele>
    <time>2026-05-23T09:43:09Z</time>
   </trkpt>
   <trkpt lat="49.6141320" lon="18.6648810">
    <ele>669.2</ele>
    <time>2026-05-23T09:43:10Z</time>
   </trkpt>
   <trkpt lat="49.6141110" lon="18.6648890">
    <ele>669.4</ele>
    <time>2026-05-23T09:43:11Z</time>
   </trkpt>
   <trkpt lat="49.6140860" lon="18.6649000">
    <ele>669.6</ele>
    <time>2026-05-23T09:43:12Z</time>
   </trkpt>
   <trkpt lat="49.6140600" lon="18.6649080">
    <ele>670.0</ele>
    <time>2026-05-23T09:43:13Z</time>
   </trkpt>
   <trkpt lat="49.6140250" lon="18.6649010">
    <ele>670.2</ele>
    <time>2026-05-23T09:43:14Z</time>
   </trkpt>
   <trkpt lat="49.6139990" lon="18.6648940">
    <ele>670.8</ele>
    <time>2026-05-23T09:43:15Z</time>
   </trkpt>
   <trkpt lat="49.6139730" lon="18.6649210">
    <ele>670.8</ele>
    <time>2026-05-23T09:43:16Z</time>
   </trkpt>
   <trkpt lat="49.6139530" lon="18.6649430">
    <ele>671.0</ele>
    <time>2026-05-23T09:43:17Z</time>
   </trkpt>
   <trkpt lat="49.6139330" lon="18.6649710">
    <ele>671.4</ele>
    <time>2026-05-23T09:43:18Z</time>
   </trkpt>
   <trkpt lat="49.6139110" lon="18.6650040">
    <ele>671.8</ele>
    <time>2026-05-23T09:43:19Z</time>
   </trkpt>
   <trkpt lat="49.6138980" lon="18.6650250">
    <ele>671.8</ele>
    <time>2026-05-23T09:43:20Z</time>
   </trkpt>
   <trkpt lat="49.6138780" lon="18.6650590">
    <ele>672.0</ele>
    <time>2026-05-23T09:43:21Z</time>
   </trkpt>
   <trkpt lat="49.6138660" lon="18.6650930">
    <ele>672.4</ele>
    <time>2026-05-23T09:43:22Z</time>
   </trkpt>
   <trkpt lat="49.6138580" lon="18.6651190">
    <ele>672.4</ele>
    <time>2026-05-23T09:43:23Z</time>
   </trkpt>
   <trkpt lat="49.6138500" lon="18.6651530">
    <ele>672.6</ele>
    <time>2026-05-23T09:43:24Z</time>
   </trkpt>
   <trkpt lat="49.6138430" lon="18.6651890">
    <ele>672.6</ele>
    <time>2026-05-23T09:43:25Z</time>
   </trkpt>
   <trkpt lat="49.6138340" lon="18.6652310">
    <ele>673.0</ele>
    <time>2026-05-23T09:43:26Z</time>
   </trkpt>
   <trkpt lat="49.6138240" lon="18.6652680">
    <ele>673.2</ele>
    <time>2026-05-23T09:43:27Z</time>
   </trkpt>
   <trkpt lat="49.6138180" lon="18.6653070">
    <ele>673.2</ele>
    <time>2026-05-23T09:43:28Z</time>
   </trkpt>
   <trkpt lat="49.6138090" lon="18.6653420">
    <ele>673.4</ele>
    <time>2026-05-23T09:43:29Z</time>
   </trkpt>
   <trkpt lat="49.6138020" lon="18.6653840">
    <ele>673.6</ele>
    <time>2026-05-23T09:43:30Z</time>
   </trkpt>
   <trkpt lat="49.6137940" lon="18.6654230">
    <ele>673.8</ele>
    <time>2026-05-23T09:43:31Z</time>
   </trkpt>
   <trkpt lat="49.6137890" lon="18.6654540">
    <ele>673.8</ele>
    <time>2026-05-23T09:43:32Z</time>
   </trkpt>
   <trkpt lat="49.6137800" lon="18.6654870">
    <ele>674.0</ele>
    <time>2026-05-23T09:43:33Z</time>
   </trkpt>
   <trkpt lat="49.6137620" lon="18.6655300">
    <ele>674.0</ele>
    <time>2026-05-23T09:43:34Z</time>
   </trkpt>
   <trkpt lat="49.6137460" lon="18.6655640">
    <ele>674.2</ele>
    <time>2026-05-23T09:43:35Z</time>
   </trkpt>
   <trkpt lat="49.6137280" lon="18.6656050">
    <ele>674.2</ele>
    <time>2026-05-23T09:43:36Z</time>
   </trkpt>
   <trkpt lat="49.6137120" lon="18.6656490">
    <ele>674.4</ele>
    <time>2026-05-23T09:43:37Z</time>
   </trkpt>
   <trkpt lat="49.6136980" lon="18.6656880">
    <ele>674.4</ele>
    <time>2026-05-23T09:43:38Z</time>
   </trkpt>
   <trkpt lat="49.6136800" lon="18.6657230">
    <ele>674.6</ele>
    <time>2026-05-23T09:43:39Z</time>
   </trkpt>
   <trkpt lat="49.6136580" lon="18.6657570">
    <ele>674.8</ele>
    <time>2026-05-23T09:43:40Z</time>
   </trkpt>
   <trkpt lat="49.6136410" lon="18.6657910">
    <ele>675.0</ele>
    <time>2026-05-23T09:43:41Z</time>
   </trkpt>
   <trkpt lat="49.6136250" lon="18.6658220">
    <ele>675.0</ele>
    <time>2026-05-23T09:43:42Z</time>
   </trkpt>
   <trkpt lat="49.6136050" lon="18.6658450">
    <ele>675.2</ele>
    <time>2026-05-23T09:43:43Z</time>
   </trkpt>
   <trkpt lat="49.6135810" lon="18.6658740">
    <ele>675.4</ele>
    <time>2026-05-23T09:43:44Z</time>
   </trkpt>
   <trkpt lat="49.6135570" lon="18.6659010">
    <ele>675.4</ele>
    <time>2026-05-23T09:43:45Z</time>
   </trkpt>
   <trkpt lat="49.6135300" lon="18.6659330">
    <ele>675.6</ele>
    <time>2026-05-23T09:43:46Z</time>
   </trkpt>
   <trkpt lat="49.6135080" lon="18.6659610">
    <ele>675.8</ele>
    <time>2026-05-23T09:43:47Z</time>
   </trkpt>
   <trkpt lat="49.6134850" lon="18.6659830">
    <ele>675.8</ele>
    <time>2026-05-23T09:43:48Z</time>
   </trkpt>
   <trkpt lat="49.6134630" lon="18.6660070">
    <ele>676.0</ele>
    <time>2026-05-23T09:43:49Z</time>
   </trkpt>
   <trkpt lat="49.6134390" lon="18.6660300">
    <ele>676.2</ele>
    <time>2026-05-23T09:43:50Z</time>
   </trkpt>
   <trkpt lat="49.6134120" lon="18.6660510">
    <ele>676.4</ele>
    <time>2026-05-23T09:43:51Z</time>
   </trkpt>
   <trkpt lat="49.6133900" lon="18.6660710">
    <ele>676.6</ele>
    <time>2026-05-23T09:43:52Z</time>
   </trkpt>
   <trkpt lat="49.6133680" lon="18.6660940">
    <ele>676.6</ele>
    <time>2026-05-23T09:43:53Z</time>
   </trkpt>
   <trkpt lat="49.6133430" lon="18.6661130">
    <ele>676.8</ele>
    <time>2026-05-23T09:43:54Z</time>
   </trkpt>
   <trkpt lat="49.6133170" lon="18.6661290">
    <ele>677.0</ele>
    <time>2026-05-23T09:43:55Z</time>
   </trkpt>
   <trkpt lat="49.6132890" lon="18.6661290">
    <ele>677.2</ele>
    <time>2026-05-23T09:43:56Z</time>
   </trkpt>
   <trkpt lat="49.6132590" lon="18.6661220">
    <ele>677.2</ele>
    <time>2026-05-23T09:43:57Z</time>
   </trkpt>
   <trkpt lat="49.6132300" lon="18.6661050">
    <ele>677.2</ele>
    <time>2026-05-23T09:43:58Z</time>
   </trkpt>
   <trkpt lat="49.6132040" lon="18.6660810">
    <ele>677.2</ele>
    <time>2026-05-23T09:43:59Z</time>
   </trkpt>
   <trkpt lat="49.6131820" lon="18.6660580">
    <ele>677.4</ele>
    <time>2026-05-23T09:44:00Z</time>
   </trkpt>
   <trkpt lat="49.6131560" lon="18.6660380">
    <ele>677.4</ele>
    <time>2026-05-23T09:44:01Z</time>
   </trkpt>
   <trkpt lat="49.6131250" lon="18.6660170">
    <ele>677.4</ele>
    <time>2026-05-23T09:44:02Z</time>
   </trkpt>
   <trkpt lat="49.6131050" lon="18.6660000">
    <ele>677.6</ele>
    <time>2026-05-23T09:44:03Z</time>
   </trkpt>
   <trkpt lat="49.6130810" lon="18.6659810">
    <ele>677.8</ele>
    <time>2026-05-23T09:44:04Z</time>
   </trkpt>
   <trkpt lat="49.6130560" lon="18.6659690">
    <ele>678.2</ele>
    <time>2026-05-23T09:44:05Z</time>
   </trkpt>
   <trkpt lat="49.6130320" lon="18.6659580">
    <ele>678.4</ele>
    <time>2026-05-23T09:44:06Z</time>
   </trkpt>
   <trkpt lat="49.6130090" lon="18.6659450">
    <ele>678.4</ele>
    <time>2026-05-23T09:44:07Z</time>
   </trkpt>
   <trkpt lat="49.6129880" lon="18.6659260">
    <ele>678.6</ele>
    <time>2026-05-23T09:44:08Z</time>
   </trkpt>
   <trkpt lat="49.6129680" lon="18.6659100">
    <ele>679.0</ele>
    <time>2026-05-23T09:44:09Z</time>
   </trkpt>
   <trkpt lat="49.6129510" lon="18.6658890">
    <ele>679.2</ele>
    <time>2026-05-23T09:44:10Z</time>
   </trkpt>
   <trkpt lat="49.6129300" lon="18.6658740">
    <ele>679.4</ele>
    <time>2026-05-23T09:44:11Z</time>
   </trkpt>
   <trkpt lat="49.6129140" lon="18.6658500">
    <ele>679.6</ele>
    <time>2026-05-23T09:44:12Z</time>
   </trkpt>
   <trkpt lat="49.6129000" lon="18.6658200">
    <ele>679.8</ele>
    <time>2026-05-23T09:44:13Z</time>
   </trkpt>
   <trkpt lat="49.6128870" lon="18.6657900">
    <ele>679.8</ele>
    <time>2026-05-23T09:44:14Z</time>
   </trkpt>
   <trkpt lat="49.6128770" lon="18.6657630">
    <ele>680.2</ele>
    <time>2026-05-23T09:44:15Z</time>
   </trkpt>
   <trkpt lat="49.6128620" lon="18.6657370">
    <ele>680.4</ele>
    <time>2026-05-23T09:44:16Z</time>
   </trkpt>
   <trkpt lat="49.6128470" lon="18.6657050">
    <ele>680.4</ele>
    <time>2026-05-23T09:44:17Z</time>
   </trkpt>
   <trkpt lat="49.6128350" lon="18.6656720">
    <ele>680.8</ele>
    <time>2026-05-23T09:44:18Z</time>
   </trkpt>
   <trkpt lat="49.6128240" lon="18.6656440">
    <ele>680.8</ele>
    <time>2026-05-23T09:44:19Z</time>
   </trkpt>
   <trkpt lat="49.6128070" lon="18.6656180">
    <ele>681.2</ele>
    <time>2026-05-23T09:44:20Z</time>
   </trkpt>
   <trkpt lat="49.6127920" lon="18.6655850">
    <ele>681.2</ele>
    <time>2026-05-23T09:44:21Z</time>
   </trkpt>
   <trkpt lat="49.6127760" lon="18.6655490">
    <ele>681.4</ele>
    <time>2026-05-23T09:44:22Z</time>
   </trkpt>
   <trkpt lat="49.6127640" lon="18.6655160">
    <ele>681.6</ele>
    <time>2026-05-23T09:44:23Z</time>
   </trkpt>
   <trkpt lat="49.6127580" lon="18.6654840">
    <ele>682.0</ele>
    <time>2026-05-23T09:44:24Z</time>
   </trkpt>
   <trkpt lat="49.6127520" lon="18.6654480">
    <ele>682.2</ele>
    <time>2026-05-23T09:44:25Z</time>
   </trkpt>
   <trkpt lat="49.6127440" lon="18.6654130">
    <ele>682.4</ele>
    <time>2026-05-23T09:44:26Z</time>
   </trkpt>
   <trkpt lat="49.6127340" lon="18.6653810">
    <ele>682.4</ele>
    <time>2026-05-23T09:44:27Z</time>
   </trkpt>
   <trkpt lat="49.6127230" lon="18.6653460">
    <ele>682.8</ele>
    <time>2026-05-23T09:44:28Z</time>
   </trkpt>
   <trkpt lat="49.6127100" lon="18.6653150">
    <ele>683.0</ele>
    <time>2026-05-23T09:44:29Z</time>
   </trkpt>
   <trkpt lat="49.6126940" lon="18.6652860">
    <ele>683.2</ele>
    <time>2026-05-23T09:44:30Z</time>
   </trkpt>
   <trkpt lat="49.6126820" lon="18.6652520">
    <ele>683.2</ele>
    <time>2026-05-23T09:44:31Z</time>
   </trkpt>
   <trkpt lat="49.6126640" lon="18.6652250">
    <ele>683.6</ele>
    <time>2026-05-23T09:44:32Z</time>
   </trkpt>
   <trkpt lat="49.6126420" lon="18.6651930">
    <ele>683.6</ele>
    <time>2026-05-23T09:44:33Z</time>
   </trkpt>
   <trkpt lat="49.6126210" lon="18.6651630">
    <ele>683.8</ele>
    <time>2026-05-23T09:44:34Z</time>
   </trkpt>
   <trkpt lat="49.6126040" lon="18.6651330">
    <ele>684.0</ele>
    <time>2026-05-23T09:44:35Z</time>
   </trkpt>
   <trkpt lat="49.6125890" lon="18.6651100">
    <ele>684.2</ele>
    <time>2026-05-23T09:44:36Z</time>
   </trkpt>
   <trkpt lat="49.6125700" lon="18.6650790">
    <ele>684.4</ele>
    <time>2026-05-23T09:44:37Z</time>
   </trkpt>
   <trkpt lat="49.6125440" lon="18.6650520">
    <ele>684.6</ele>
    <time>2026-05-23T09:44:38Z</time>
   </trkpt>
   <trkpt lat="49.6125230" lon="18.6650300">
    <ele>684.8</ele>
    <time>2026-05-23T09:44:39Z</time>
   </trkpt>
   <trkpt lat="49.6125030" lon="18.6650040">
    <ele>685.0</ele>
    <time>2026-05-23T09:44:40Z</time>
   </trkpt>
   <trkpt lat="49.6124850" lon="18.6649850">
    <ele>685.2</ele>
    <time>2026-05-23T09:44:41Z</time>
   </trkpt>
   <trkpt lat="49.6124700" lon="18.6649610">
    <ele>685.2</ele>
    <time>2026-05-23T09:44:42Z</time>
   </trkpt>
   <trkpt lat="49.6124510" lon="18.6649400">
    <ele>685.4</ele>
    <time>2026-05-23T09:44:43Z</time>
   </trkpt>
   <trkpt lat="49.6124300" lon="18.6649140">
    <ele>685.4</ele>
    <time>2026-05-23T09:44:44Z</time>
   </trkpt>
   <trkpt lat="49.6124120" lon="18.6648920">
    <ele>685.6</ele>
    <time>2026-05-23T09:44:45Z</time>
   </trkpt>
   <trkpt lat="49.6123960" lon="18.6648770">
    <ele>685.8</ele>
    <time>2026-05-23T09:44:46Z</time>
   </trkpt>
   <trkpt lat="49.6123760" lon="18.6648560">
    <ele>686.0</ele>
    <time>2026-05-23T09:44:47Z</time>
   </trkpt>
   <trkpt lat="49.6123560" lon="18.6648340">
    <ele>686.0</ele>
    <time>2026-05-23T09:44:48Z</time>
   </trkpt>
   <trkpt lat="49.6123390" lon="18.6648160">
    <ele>686.0</ele>
    <time>2026-05-23T09:44:49Z</time>
   </trkpt>
   <trkpt lat="49.6123220" lon="18.6647960">
    <ele>686.2</ele>
    <time>2026-05-23T09:44:50Z</time>
   </trkpt>
   <trkpt lat="49.6123050" lon="18.6647720">
    <ele>686.4</ele>
    <time>2026-05-23T09:44:51Z</time>
   </trkpt>
   <trkpt lat="49.6122850" lon="18.6647520">
    <ele>686.4</ele>
    <time>2026-05-23T09:44:52Z</time>
   </trkpt>
   <trkpt lat="49.6122680" lon="18.6647330">
    <ele>686.6</ele>
    <time>2026-05-23T09:44:53Z</time>
   </trkpt>
   <trkpt lat="49.6122520" lon="18.6647150">
    <ele>686.8</ele>
    <time>2026-05-23T09:44:54Z</time>
   </trkpt>
   <trkpt lat="49.6122340" lon="18.6647030">
    <ele>686.8</ele>
    <time>2026-05-23T09:44:55Z</time>
   </trkpt>
   <trkpt lat="49.6122110" lon="18.6646940">
    <ele>687.0</ele>
    <time>2026-05-23T09:44:56Z</time>
   </trkpt>
   <trkpt lat="49.6121900" lon="18.6646810">
    <ele>687.0</ele>
    <time>2026-05-23T09:44:57Z</time>
   </trkpt>
   <trkpt lat="49.6121680" lon="18.6646650">
    <ele>687.0</ele>
    <time>2026-05-23T09:44:58Z</time>
   </trkpt>
   <trkpt lat="49.6121420" lon="18.6646570">
    <ele>687.2</ele>
    <time>2026-05-23T09:44:59Z</time>
   </trkpt>
   <trkpt lat="49.6121090" lon="18.6646600">
    <ele>687.2</ele>
    <time>2026-05-23T09:45:00Z</time>
   </trkpt>
   <trkpt lat="49.6120830" lon="18.6646670">
    <ele>687.2</ele>
    <time>2026-05-23T09:45:01Z</time>
   </trkpt>
   <trkpt lat="49.6120530" lon="18.6646680">
    <ele>687.2</ele>
    <time>2026-05-23T09:45:02Z</time>
   </trkpt>
   <trkpt lat="49.6120170" lon="18.6646710">
    <ele>687.4</ele>
    <time>2026-05-23T09:45:03Z</time>
   </trkpt>
   <trkpt lat="49.6119970" lon="18.6646660">
    <ele>687.4</ele>
    <time>2026-05-23T09:45:04Z</time>
   </trkpt>
   <trkpt lat="49.6119740" lon="18.6646600">
    <ele>687.4</ele>
    <time>2026-05-23T09:45:05Z</time>
   </trkpt>
   <trkpt lat="49.6119430" lon="18.6646700">
    <ele>687.4</ele>
    <time>2026-05-23T09:45:06Z</time>
   </trkpt>
   <trkpt lat="49.6119140" lon="18.6646730">
    <ele>687.6</ele>
    <time>2026-05-23T09:45:07Z</time>
   </trkpt>
   <trkpt lat="49.6118710" lon="18.6646950">
    <ele>687.6</ele>
    <time>2026-05-23T09:45:08Z</time>
   </trkpt>
   <trkpt lat="49.6118460" lon="18.6646740">
    <ele>687.6</ele>
    <time>2026-05-23T09:45:09Z</time>
   </trkpt>
   <trkpt lat="49.6118230" lon="18.6646720">
    <ele>687.8</ele>
    <time>2026-05-23T09:45:10Z</time>
   </trkpt>
   <trkpt lat="49.6117930" lon="18.6647040">
    <ele>687.8</ele>
    <time>2026-05-23T09:45:11Z</time>
   </trkpt>
   <trkpt lat="49.6117030" lon="18.6646860">
    <ele>687.8</ele>
    <time>2026-05-23T09:45:15Z</time>
   </trkpt>
   <trkpt lat="49.6116750" lon="18.6647000">
    <ele>687.8</ele>
    <time>2026-05-23T09:45:16Z</time>
   </trkpt>
   <trkpt lat="49.6116140" lon="18.6647060">
    <ele>688.0</ele>
    <time>2026-05-23T09:45:19Z</time>
   </trkpt>
   <trkpt lat="49.6115920" lon="18.6647160">
    <ele>688.0</ele>
    <time>2026-05-23T09:45:20Z</time>
   </trkpt>
   <trkpt lat="49.6115650" lon="18.6647340">
    <ele>688.2</ele>
    <time>2026-05-23T09:45:21Z</time>
   </trkpt>
   <trkpt lat="49.6115490" lon="18.6647400">
    <ele>688.4</ele>
    <time>2026-05-23T09:45:22Z</time>
   </trkpt>
   <trkpt lat="49.6115260" lon="18.6647450">
    <ele>688.4</ele>
    <time>2026-05-23T09:45:23Z</time>
   </trkpt>
   <trkpt lat="49.6114190" lon="18.6647680">
    <ele>689.4</ele>
    <time>2026-05-23T09:45:27Z</time>
   </trkpt>
   <trkpt lat="49.6113560" lon="18.6647840">
    <ele>689.4</ele>
    <time>2026-05-23T09:45:29Z</time>
   </trkpt>
   <trkpt lat="49.6113290" lon="18.6647870">
    <ele>689.4</ele>
    <time>2026-05-23T09:45:30Z</time>
   </trkpt>
   <trkpt lat="49.6113040" lon="18.6647850">
    <ele>689.4</ele>
    <time>2026-05-23T09:45:31Z</time>
   </trkpt>
   <trkpt lat="49.6112330" lon="18.6647920">
    <ele>689.6</ele>
    <time>2026-05-23T09:45:34Z</time>
   </trkpt>
   <trkpt lat="49.6112100" lon="18.6647910">
    <ele>689.6</ele>
    <time>2026-05-23T09:45:35Z</time>
   </trkpt>
   <trkpt lat="49.6111890" lon="18.6647880">
    <ele>689.6</ele>
    <time>2026-05-23T09:45:36Z</time>
   </trkpt>
   <trkpt lat="49.6111400" lon="18.6647750">
    <ele>690.0</ele>
    <time>2026-05-23T09:45:38Z</time>
   </trkpt>
   <trkpt lat="49.6110320" lon="18.6647710">
    <ele>690.2</ele>
    <time>2026-05-23T09:45:42Z</time>
   </trkpt>
   <trkpt lat="49.6109040" lon="18.6647440">
    <ele>690.4</ele>
    <time>2026-05-23T09:45:46Z</time>
   </trkpt>
   <trkpt lat="49.6108750" lon="18.6647490">
    <ele>690.6</ele>
    <time>2026-05-23T09:45:47Z</time>
   </trkpt>
   <trkpt lat="49.6108520" lon="18.6647520">
    <ele>690.8</ele>
    <time>2026-05-23T09:45:48Z</time>
   </trkpt>
   <trkpt lat="49.6108290" lon="18.6647500">
    <ele>690.8</ele>
    <time>2026-05-23T09:45:49Z</time>
   </trkpt>
   <trkpt lat="49.6107260" lon="18.6647340">
    <ele>691.4</ele>
    <time>2026-05-23T09:45:52Z</time>
   </trkpt>
   <trkpt lat="49.6106860" lon="18.6647470">
    <ele>691.6</ele>
    <time>2026-05-23T09:45:53Z</time>
   </trkpt>
   <trkpt lat="49.6105580" lon="18.6647680">
    <ele>692.8</ele>
    <time>2026-05-23T09:45:56Z</time>
   </trkpt>
   <trkpt lat="49.6105220" lon="18.6647870">
    <ele>693.2</ele>
    <time>2026-05-23T09:45:57Z</time>
   </trkpt>
   <trkpt lat="49.6104750" lon="18.6648100">
    <ele>693.6</ele>
    <time>2026-05-23T09:45:58Z</time>
   </trkpt>
   <trkpt lat="49.6104240" lon="18.6648320">
    <ele>693.8</ele>
    <time>2026-05-23T09:45:59Z</time>
   </trkpt>
   <trkpt lat="49.6103830" lon="18.6648230">
    <ele>693.8</ele>
    <time>2026-05-23T09:46:00Z</time>
   </trkpt>
   <trkpt lat="49.6103690" lon="18.6647850">
    <ele>693.8</ele>
    <time>2026-05-23T09:46:01Z</time>
   </trkpt>
   <trkpt lat="49.6103550" lon="18.6647580">
    <ele>693.8</ele>
    <time>2026-05-23T09:46:02Z</time>
   </trkpt>
   <trkpt lat="49.6103360" lon="18.6647400">
    <ele>693.8</ele>
    <time>2026-05-23T09:46:03Z</time>
   </trkpt>
   <trkpt lat="49.6103050" lon="18.6647380">
    <ele>694.0</ele>
    <time>2026-05-23T09:46:04Z</time>
   </trkpt>
   <trkpt lat="49.6102720" lon="18.6647370">
    <ele>693.8</ele>
    <time>2026-05-23T09:46:05Z</time>
   </trkpt>
   <trkpt lat="49.6102360" lon="18.6647290">
    <ele>694.0</ele>
    <time>2026-05-23T09:46:06Z</time>
   </trkpt>
   <trkpt lat="49.6102130" lon="18.6647190">
    <ele>694.2</ele>
    <time>2026-05-23T09:46:07Z</time>
   </trkpt>
   <trkpt lat="49.6101770" lon="18.6647110">
    <ele>694.4</ele>
    <time>2026-05-23T09:46:08Z</time>
   </trkpt>
   <trkpt lat="49.6101400" lon="18.6647070">
    <ele>694.4</ele>
    <time>2026-05-23T09:46:09Z</time>
   </trkpt>
   <trkpt lat="49.6101100" lon="18.6647000">
    <ele>694.4</ele>
    <time>2026-05-23T09:46:10Z</time>
   </trkpt>
   <trkpt lat="49.6100810" lon="18.6646940">
    <ele>694.4</ele>
    <time>2026-05-23T09:46:11Z</time>
   </trkpt>
   <trkpt lat="49.6100460" lon="18.6646930">
    <ele>694.6</ele>
    <time>2026-05-23T09:46:12Z</time>
   </trkpt>
   <trkpt lat="49.6100080" lon="18.6646940">
    <ele>694.8</ele>
    <time>2026-05-23T09:46:13Z</time>
   </trkpt>
   <trkpt lat="49.6099770" lon="18.6646810">
    <ele>695.0</ele>
    <time>2026-05-23T09:46:14Z</time>
   </trkpt>
   <trkpt lat="49.6099420" lon="18.6646670">
    <ele>695.4</ele>
    <time>2026-05-23T09:46:15Z</time>
   </trkpt>
   <trkpt lat="49.6099110" lon="18.6646580">
    <ele>695.8</ele>
    <time>2026-05-23T09:46:16Z</time>
   </trkpt>
   <trkpt lat="49.6098820" lon="18.6646440">
    <ele>696.2</ele>
    <time>2026-05-23T09:46:17Z</time>
   </trkpt>
   <trkpt lat="49.6098500" lon="18.6646280">
    <ele>696.2</ele>
    <time>2026-05-23T09:46:18Z</time>
   </trkpt>
   <trkpt lat="49.6098230" lon="18.6646000">
    <ele>696.4</ele>
    <time>2026-05-23T09:46:19Z</time>
   </trkpt>
   <trkpt lat="49.6097950" lon="18.6645820">
    <ele>696.6</ele>
    <time>2026-05-23T09:46:20Z</time>
   </trkpt>
   <trkpt lat="49.6097640" lon="18.6645630">
    <ele>696.8</ele>
    <time>2026-05-23T09:46:21Z</time>
   </trkpt>
   <trkpt lat="49.6097300" lon="18.6645460">
    <ele>697.2</ele>
    <time>2026-05-23T09:46:22Z</time>
   </trkpt>
   <trkpt lat="49.6096970" lon="18.6645150">
    <ele>697.4</ele>
    <time>2026-05-23T09:46:23Z</time>
   </trkpt>
   <trkpt lat="49.6096630" lon="18.6644830">
    <ele>697.6</ele>
    <time>2026-05-23T09:46:24Z</time>
   </trkpt>
   <trkpt lat="49.6096300" lon="18.6644510">
    <ele>698.0</ele>
    <time>2026-05-23T09:46:25Z</time>
   </trkpt>
   <trkpt lat="49.6096080" lon="18.6644280">
    <ele>698.0</ele>
    <time>2026-05-23T09:46:26Z</time>
   </trkpt>
   <trkpt lat="49.6095830" lon="18.6643870">
    <ele>698.2</ele>
    <time>2026-05-23T09:46:27Z</time>
   </trkpt>
   <trkpt lat="49.6095630" lon="18.6643520">
    <ele>698.6</ele>
    <time>2026-05-23T09:46:28Z</time>
   </trkpt>
   <trkpt lat="49.6095380" lon="18.6643180">
    <ele>698.8</ele>
    <time>2026-05-23T09:46:29Z</time>
   </trkpt>
   <trkpt lat="49.6095150" lon="18.6642810">
    <ele>699.0</ele>
    <time>2026-05-23T09:46:30Z</time>
   </trkpt>
   <trkpt lat="49.6094940" lon="18.6642430">
    <ele>699.2</ele>
    <time>2026-05-23T09:46:31Z</time>
   </trkpt>
   <trkpt lat="49.6094720" lon="18.6642110">
    <ele>699.2</ele>
    <time>2026-05-23T09:46:32Z</time>
   </trkpt>
   <trkpt lat="49.6094520" lon="18.6641800">
    <ele>699.2</ele>
    <time>2026-05-23T09:46:33Z</time>
   </trkpt>
   <trkpt lat="49.6094330" lon="18.6641550">
    <ele>699.4</ele>
    <time>2026-05-23T09:46:34Z</time>
   </trkpt>
   <trkpt lat="49.6094060" lon="18.6641160">
    <ele>699.8</ele>
    <time>2026-05-23T09:46:35Z</time>
   </trkpt>
   <trkpt lat="49.6093870" lon="18.6640870">
    <ele>700.0</ele>
    <time>2026-05-23T09:46:36Z</time>
   </trkpt>
   <trkpt lat="49.6093690" lon="18.6640540">
    <ele>700.4</ele>
    <time>2026-05-23T09:46:37Z</time>
   </trkpt>
   <trkpt lat="49.6093540" lon="18.6640310">
    <ele>700.6</ele>
    <time>2026-05-23T09:46:38Z</time>
   </trkpt>
   <trkpt lat="49.6093320" lon="18.6639920">
    <ele>701.0</ele>
    <time>2026-05-23T09:46:39Z</time>
   </trkpt>
   <trkpt lat="49.6093130" lon="18.6639590">
    <ele>701.2</ele>
    <time>2026-05-23T09:46:40Z</time>
   </trkpt>
   <trkpt lat="49.6093020" lon="18.6639300">
    <ele>701.4</ele>
    <time>2026-05-23T09:46:41Z</time>
   </trkpt>
   <trkpt lat="49.6092820" lon="18.6638950">
    <ele>701.6</ele>
    <time>2026-05-23T09:46:42Z</time>
   </trkpt>
   <trkpt lat="49.6092660" lon="18.6638760">
    <ele>702.0</ele>
    <time>2026-05-23T09:46:43Z</time>
   </trkpt>
   <trkpt lat="49.6092450" lon="18.6638420">
    <ele>702.4</ele>
    <time>2026-05-23T09:46:44Z</time>
   </trkpt>
   <trkpt lat="49.6092320" lon="18.6638090">
    <ele>702.6</ele>
    <time>2026-05-23T09:46:45Z</time>
   </trkpt>
   <trkpt lat="49.6092140" lon="18.6637840">
    <ele>703.0</ele>
    <time>2026-05-23T09:46:46Z</time>
   </trkpt>
   <trkpt lat="49.6092030" lon="18.6637630">
    <ele>703.4</ele>
    <time>2026-05-23T09:46:47Z</time>
   </trkpt>
   <trkpt lat="49.6091870" lon="18.6637290">
    <ele>703.8</ele>
    <time>2026-05-23T09:46:48Z</time>
   </trkpt>
   <trkpt lat="49.6091740" lon="18.6636990">
    <ele>704.0</ele>
    <time>2026-05-23T09:46:49Z</time>
   </trkpt>
   <trkpt lat="49.6091640" lon="18.6636650">
    <ele>704.2</ele>
    <time>2026-05-23T09:46:50Z</time>
   </trkpt>
   <trkpt lat="49.6091540" lon="18.6636340">
    <ele>704.6</ele>
    <time>2026-05-23T09:46:51Z</time>
   </trkpt>
   <trkpt lat="49.6091470" lon="18.6636030">
    <ele>705.0</ele>
    <time>2026-05-23T09:46:52Z</time>
   </trkpt>
   <trkpt lat="49.6091370" lon="18.6635680">
    <ele>705.2</ele>
    <time>2026-05-23T09:46:53Z</time>
   </trkpt>
   <trkpt lat="49.6091270" lon="18.6635410">
    <ele>705.4</ele>
    <time>2026-05-23T09:46:54Z</time>
   </trkpt>
   <trkpt lat="49.6091160" lon="18.6635050">
    <ele>705.8</ele>
    <time>2026-05-23T09:46:55Z</time>
   </trkpt>
   <trkpt lat="49.6091080" lon="18.6634710">
    <ele>706.0</ele>
    <time>2026-05-23T09:46:56Z</time>
   </trkpt>
   <trkpt lat="49.6090980" lon="18.6634370">
    <ele>706.2</ele>
    <time>2026-05-23T09:46:57Z</time>
   </trkpt>
   <trkpt lat="49.6090900" lon="18.6634020">
    <ele>706.4</ele>
    <time>2026-05-23T09:46:58Z</time>
   </trkpt>
   <trkpt lat="49.6090850" lon="18.6633710">
    <ele>706.8</ele>
    <time>2026-05-23T09:46:59Z</time>
   </trkpt>
   <trkpt lat="49.6090790" lon="18.6633400">
    <ele>706.8</ele>
    <time>2026-05-23T09:47:00Z</time>
   </trkpt>
   <trkpt lat="49.6090720" lon="18.6633140">
    <ele>707.2</ele>
    <time>2026-05-23T09:47:01Z</time>
   </trkpt>
   <trkpt lat="49.6090670" lon="18.6632920">
    <ele>707.4</ele>
    <time>2026-05-23T09:47:02Z</time>
   </trkpt>
   <trkpt lat="49.6090530" lon="18.6632580">
    <ele>707.6</ele>
    <time>2026-05-23T09:47:03Z</time>
   </trkpt>
   <trkpt lat="49.6090420" lon="18.6632380">
    <ele>707.8</ele>
    <time>2026-05-23T09:47:04Z</time>
   </trkpt>
   <trkpt lat="49.6090330" lon="18.6632220">
    <ele>708.0</ele>
    <time>2026-05-23T09:47:05Z</time>
   </trkpt>
   <trkpt lat="49.6090170" lon="18.6632050">
    <ele>708.2</ele>
    <time>2026-05-23T09:47:06Z</time>
   </trkpt>
   <trkpt lat="49.6089970" lon="18.6631870">
    <ele>708.4</ele>
    <time>2026-05-23T09:47:07Z</time>
   </trkpt>
   <trkpt lat="49.6089810" lon="18.6631740">
    <ele>708.6</ele>
    <time>2026-05-23T09:47:08Z</time>
   </trkpt>
   <trkpt lat="49.6089620" lon="18.6631430">
    <ele>708.8</ele>
    <time>2026-05-23T09:47:09Z</time>
   </trkpt>
   <trkpt lat="49.6089440" lon="18.6631200">
    <ele>709.0</ele>
    <time>2026-05-23T09:47:10Z</time>
   </trkpt>
   <trkpt lat="49.6089200" lon="18.6631060">
    <ele>709.0</ele>
    <time>2026-05-23T09:47:11Z</time>
   </trkpt>
   <trkpt lat="49.6089030" lon="18.6631010">
    <ele>709.0</ele>
    <time>2026-05-23T09:47:12Z</time>
   </trkpt>
   <trkpt lat="49.6088850" lon="18.6631040">
    <ele>709.2</ele>
    <time>2026-05-23T09:47:13Z</time>
   </trkpt>
   <trkpt lat="49.6088670" lon="18.6631090">
    <ele>709.4</ele>
    <time>2026-05-23T09:47:14Z</time>
   </trkpt>
   <trkpt lat="49.6088440" lon="18.6631180">
    <ele>709.4</ele>
    <time>2026-05-23T09:47:15Z</time>
   </trkpt>
   <trkpt lat="49.6088210" lon="18.6631250">
    <ele>709.6</ele>
    <time>2026-05-23T09:47:16Z</time>
   </trkpt>
   <trkpt lat="49.6088020" lon="18.6631400">
    <ele>709.8</ele>
    <time>2026-05-23T09:47:17Z</time>
   </trkpt>
   <trkpt lat="49.6087870" lon="18.6631490">
    <ele>709.8</ele>
    <time>2026-05-23T09:47:18Z</time>
   </trkpt>
   <trkpt lat="49.6087680" lon="18.6631600">
    <ele>710.0</ele>
    <time>2026-05-23T09:47:19Z</time>
   </trkpt>
   <trkpt lat="49.6087450" lon="18.6631760">
    <ele>710.0</ele>
    <time>2026-05-23T09:47:20Z</time>
   </trkpt>
   <trkpt lat="49.6087280" lon="18.6631950">
    <ele>710.2</ele>
    <time>2026-05-23T09:47:21Z</time>
   </trkpt>
   <trkpt lat="49.6087100" lon="18.6631910">
    <ele>710.4</ele>
    <time>2026-05-23T09:47:22Z</time>
   </trkpt>
   <trkpt lat="49.6086950" lon="18.6632010">
    <ele>710.4</ele>
    <time>2026-05-23T09:47:23Z</time>
   </trkpt>
   <trkpt lat="49.6086730" lon="18.6632200">
    <ele>710.6</ele>
    <time>2026-05-23T09:47:24Z</time>
   </trkpt>
   <trkpt lat="49.6086550" lon="18.6632340">
    <ele>710.8</ele>
    <time>2026-05-23T09:47:25Z</time>
   </trkpt>
   <trkpt lat="49.6086310" lon="18.6632590">
    <ele>711.0</ele>
    <time>2026-05-23T09:47:26Z</time>
   </trkpt>
   <trkpt lat="49.6086060" lon="18.6632810">
    <ele>711.2</ele>
    <time>2026-05-23T09:47:27Z</time>
   </trkpt>
   <trkpt lat="49.6085860" lon="18.6632960">
    <ele>711.4</ele>
    <time>2026-05-23T09:47:28Z</time>
   </trkpt>
   <trkpt lat="49.6085620" lon="18.6633110">
    <ele>711.6</ele>
    <time>2026-05-23T09:47:29Z</time>
   </trkpt>
   <trkpt lat="49.6085380" lon="18.6633320">
    <ele>711.8</ele>
    <time>2026-05-23T09:47:30Z</time>
   </trkpt>
   <trkpt lat="49.6085170" lon="18.6633480">
    <ele>712.0</ele>
    <time>2026-05-23T09:47:31Z</time>
   </trkpt>
   <trkpt lat="49.6085030" lon="18.6633540">
    <ele>712.2</ele>
    <time>2026-05-23T09:47:32Z</time>
   </trkpt>
   <trkpt lat="49.6084870" lon="18.6633780">
    <ele>712.4</ele>
    <time>2026-05-23T09:47:33Z</time>
   </trkpt>
   <trkpt lat="49.6084680" lon="18.6633890">
    <ele>712.6</ele>
    <time>2026-05-23T09:47:34Z</time>
   </trkpt>
   <trkpt lat="49.6084500" lon="18.6634090">
    <ele>713.0</ele>
    <time>2026-05-23T09:47:35Z</time>
   </trkpt>
   <trkpt lat="49.6084340" lon="18.6634230">
    <ele>713.2</ele>
    <time>2026-05-23T09:47:36Z</time>
   </trkpt>
   <trkpt lat="49.6084180" lon="18.6634420">
    <ele>713.4</ele>
    <time>2026-05-23T09:47:37Z</time>
   </trkpt>
   <trkpt lat="49.6083920" lon="18.6634800">
    <ele>713.6</ele>
    <time>2026-05-23T09:47:38Z</time>
   </trkpt>
   <trkpt lat="49.6083720" lon="18.6635130">
    <ele>713.8</ele>
    <time>2026-05-23T09:47:39Z</time>
   </trkpt>
   <trkpt lat="49.6083630" lon="18.6635320">
    <ele>714.0</ele>
    <time>2026-05-23T09:47:40Z</time>
   </trkpt>
   <trkpt lat="49.6083460" lon="18.6635610">
    <ele>714.4</ele>
    <time>2026-05-23T09:47:41Z</time>
   </trkpt>
   <trkpt lat="49.6083160" lon="18.6636040">
    <ele>714.6</ele>
    <time>2026-05-23T09:47:42Z</time>
   </trkpt>
   <trkpt lat="49.6083010" lon="18.6636360">
    <ele>715.0</ele>
    <time>2026-05-23T09:47:43Z</time>
   </trkpt>
   <trkpt lat="49.6082800" lon="18.6636700">
    <ele>715.4</ele>
    <time>2026-05-23T09:47:44Z</time>
   </trkpt>
   <trkpt lat="49.6082700" lon="18.6637010">
    <ele>715.6</ele>
    <time>2026-05-23T09:47:45Z</time>
   </trkpt>
   <trkpt lat="49.6082540" lon="18.6637260">
    <ele>715.8</ele>
    <time>2026-05-23T09:47:46Z</time>
   </trkpt>
   <trkpt lat="49.6082600" lon="18.6637650">
    <ele>716.0</ele>
    <time>2026-05-23T09:47:47Z</time>
   </trkpt>
   <trkpt lat="49.6082260" lon="18.6638130">
    <ele>716.4</ele>
    <time>2026-05-23T09:47:48Z</time>
   </trkpt>
   <trkpt lat="49.6082180" lon="18.6638210">
    <ele>716.6</ele>
    <time>2026-05-23T09:47:49Z</time>
   </trkpt>
   <trkpt lat="49.6081980" lon="18.6638620">
    <ele>717.2</ele>
    <time>2026-05-23T09:47:50Z</time>
   </trkpt>
   <trkpt lat="49.6081890" lon="18.6638980">
    <ele>717.4</ele>
    <time>2026-05-23T09:47:51Z</time>
   </trkpt>
   <trkpt lat="49.6081780" lon="18.6639170">
    <ele>717.6</ele>
    <time>2026-05-23T09:47:52Z</time>
   </trkpt>
   <trkpt lat="49.6081600" lon="18.6639510">
    <ele>717.8</ele>
    <time>2026-05-23T09:47:53Z</time>
   </trkpt>
   <trkpt lat="49.6081490" lon="18.6639770">
    <ele>718.0</ele>
    <time>2026-05-23T09:47:54Z</time>
   </trkpt>
   <trkpt lat="49.6081380" lon="18.6639970">
    <ele>718.2</ele>
    <time>2026-05-23T09:47:55Z</time>
   </trkpt>
   <trkpt lat="49.6081270" lon="18.6640250">
    <ele>718.4</ele>
    <time>2026-05-23T09:47:56Z</time>
   </trkpt>
   <trkpt lat="49.6081230" lon="18.6640460">
    <ele>718.6</ele>
    <time>2026-05-23T09:47:57Z</time>
   </trkpt>
   <trkpt lat="49.6081100" lon="18.6640760">
    <ele>718.8</ele>
    <time>2026-05-23T09:47:58Z</time>
   </trkpt>
   <trkpt lat="49.6080940" lon="18.6641020">
    <ele>719.2</ele>
    <time>2026-05-23T09:47:59Z</time>
   </trkpt>
   <trkpt lat="49.6080830" lon="18.6641210">
    <ele>719.4</ele>
    <time>2026-05-23T09:48:00Z</time>
   </trkpt>
   <trkpt lat="49.6080710" lon="18.6641400">
    <ele>719.6</ele>
    <time>2026-05-23T09:48:01Z</time>
   </trkpt>
   <trkpt lat="49.6080520" lon="18.6641640">
    <ele>720.0</ele>
    <time>2026-05-23T09:48:02Z</time>
   </trkpt>
   <trkpt lat="49.6080370" lon="18.6641820">
    <ele>720.0</ele>
    <time>2026-05-23T09:48:03Z</time>
   </trkpt>
   <trkpt lat="49.6080210" lon="18.6642040">
    <ele>720.4</ele>
    <time>2026-05-23T09:48:04Z</time>
   </trkpt>
   <trkpt lat="49.6080070" lon="18.6642240">
    <ele>720.6</ele>
    <time>2026-05-23T09:48:05Z</time>
   </trkpt>
   <trkpt lat="49.6079960" lon="18.6642410">
    <ele>721.2</ele>
    <time>2026-05-23T09:48:06Z</time>
   </trkpt>
   <trkpt lat="49.6079840" lon="18.6642630">
    <ele>721.6</ele>
    <time>2026-05-23T09:48:07Z</time>
   </trkpt>
   <trkpt lat="49.6079670" lon="18.6642910">
    <ele>721.8</ele>
    <time>2026-05-23T09:48:08Z</time>
   </trkpt>
   <trkpt lat="49.6079510" lon="18.6643140">
    <ele>722.0</ele>
    <time>2026-05-23T09:48:09Z</time>
   </trkpt>
   <trkpt lat="49.6079370" lon="18.6643340">
    <ele>722.4</ele>
    <time>2026-05-23T09:48:10Z</time>
   </trkpt>
   <trkpt lat="49.6079250" lon="18.6643520">
    <ele>722.4</ele>
    <time>2026-05-23T09:48:11Z</time>
   </trkpt>
   <trkpt lat="49.6079120" lon="18.6643740">
    <ele>722.6</ele>
    <time>2026-05-23T09:48:12Z</time>
   </trkpt>
   <trkpt lat="49.6078950" lon="18.6643950">
    <ele>723.0</ele>
    <time>2026-05-23T09:48:13Z</time>
   </trkpt>
   <trkpt lat="49.6078800" lon="18.6644140">
    <ele>723.2</ele>
    <time>2026-05-23T09:48:14Z</time>
   </trkpt>
   <trkpt lat="49.6078610" lon="18.6644420">
    <ele>723.8</ele>
    <time>2026-05-23T09:48:15Z</time>
   </trkpt>
   <trkpt lat="49.6078480" lon="18.6644600">
    <ele>723.8</ele>
    <time>2026-05-23T09:48:16Z</time>
   </trkpt>
   <trkpt lat="49.6078280" lon="18.6644860">
    <ele>724.0</ele>
    <time>2026-05-23T09:48:17Z</time>
   </trkpt>
   <trkpt lat="49.6078060" lon="18.6645040">
    <ele>724.2</ele>
    <time>2026-05-23T09:48:18Z</time>
   </trkpt>
   <trkpt lat="49.6077910" lon="18.6645140">
    <ele>724.6</ele>
    <time>2026-05-23T09:48:19Z</time>
   </trkpt>
   <trkpt lat="49.6077700" lon="18.6645330">
    <ele>724.8</ele>
    <time>2026-05-23T09:48:20Z</time>
   </trkpt>
   <trkpt lat="49.6077530" lon="18.6645560">
    <ele>725.0</ele>
    <time>2026-05-23T09:48:21Z</time>
   </trkpt>
   <trkpt lat="49.6077350" lon="18.6645760">
    <ele>725.4</ele>
    <time>2026-05-23T09:48:22Z</time>
   </trkpt>
   <trkpt lat="49.6077160" lon="18.6645880">
    <ele>725.6</ele>
    <time>2026-05-23T09:48:23Z</time>
   </trkpt>
   <trkpt lat="49.6077030" lon="18.6645990">
    <ele>726.0</ele>
    <time>2026-05-23T09:48:24Z</time>
   </trkpt>
   <trkpt lat="49.6076840" lon="18.6646250">
    <ele>726.2</ele>
    <time>2026-05-23T09:48:25Z</time>
   </trkpt>
   <trkpt lat="49.6076620" lon="18.6646410">
    <ele>726.8</ele>
    <time>2026-05-23T09:48:26Z</time>
   </trkpt>
   <trkpt lat="49.6076440" lon="18.6646480">
    <ele>727.0</ele>
    <time>2026-05-23T09:48:27Z</time>
   </trkpt>
   <trkpt lat="49.6076240" lon="18.6646590">
    <ele>727.2</ele>
    <time>2026-05-23T09:48:28Z</time>
   </trkpt>
   <trkpt lat="49.6076110" lon="18.6646730">
    <ele>727.6</ele>
    <time>2026-05-23T09:48:29Z</time>
   </trkpt>
   <trkpt lat="49.6075960" lon="18.6646860">
    <ele>727.8</ele>
    <time>2026-05-23T09:48:30Z</time>
   </trkpt>
   <trkpt lat="49.6075770" lon="18.6646910">
    <ele>728.0</ele>
    <time>2026-05-23T09:48:31Z</time>
   </trkpt>
   <trkpt lat="49.6075520" lon="18.6646940">
    <ele>728.2</ele>
    <time>2026-05-23T09:48:32Z</time>
   </trkpt>
   <trkpt lat="49.6075270" lon="18.6646980">
    <ele>728.8</ele>
    <time>2026-05-23T09:48:33Z</time>
   </trkpt>
   <trkpt lat="49.6075020" lon="18.6646980">
    <ele>728.8</ele>
    <time>2026-05-23T09:48:34Z</time>
   </trkpt>
   <trkpt lat="49.6074790" lon="18.6647030">
    <ele>729.2</ele>
    <time>2026-05-23T09:48:35Z</time>
   </trkpt>
   <trkpt lat="49.6074660" lon="18.6647050">
    <ele>729.4</ele>
    <time>2026-05-23T09:48:36Z</time>
   </trkpt>
   <trkpt lat="49.6074570" lon="18.6647040">
    <ele>729.6</ele>
    <time>2026-05-23T09:48:37Z</time>
   </trkpt>
   <trkpt lat="49.6074570" lon="18.6647040">
    <ele>730.0</ele>
    <time>2026-05-23T09:48:38Z</time>
   </trkpt>
   <trkpt lat="49.6074570" lon="18.6647040">
    <ele>730.0</ele>
    <time>2026-05-23T09:48:39Z</time>
   </trkpt>
   <trkpt lat="49.6074570" lon="18.6647040">
    <ele>729.8</ele>
    <time>2026-05-23T09:48:44Z</time>
   </trkpt>
   <trkpt lat="49.6074600" lon="18.6647130">
    <ele>729.8</ele>
    <time>2026-05-23T09:48:48Z</time>
   </trkpt>
   <trkpt lat="49.6074610" lon="18.6647160">
    <ele>730.2</ele>
    <time>2026-05-23T09:48:56Z</time>
   </trkpt>
   <trkpt lat="49.6074610" lon="18.6647160">
    <ele>730.4</ele>
    <time>2026-05-23T09:48:57Z</time>
   </trkpt>
   <trkpt lat="49.6074610" lon="18.6647160">
    <ele>730.6</ele>
    <time>2026-05-23T09:48:58Z</time>
   </trkpt>
   <trkpt lat="49.6074610" lon="18.6647160">
    <ele>730.6</ele>
    <time>2026-05-23T09:49:01Z</time>
   </trkpt>
   <trkpt lat="49.6074470" lon="18.6647040">
    <ele>729.4</ele>
    <time>2026-05-23T09:51:13Z</time>
   </trkpt>
   <trkpt lat="49.6074470" lon="18.6647040">
    <ele>729.4</ele>
    <time>2026-05-23T09:51:14Z</time>
   </trkpt>
   <trkpt lat="49.6074470" lon="18.6647040">
    <ele>729.2</ele>
    <time>2026-05-23T09:51:17Z</time>
   </trkpt>
   <trkpt lat="49.6073900" lon="18.6646990">
    <ele>729.2</ele>
    <time>2026-05-23T09:51:24Z</time>
   </trkpt>
   <trkpt lat="49.6073690" lon="18.6647030">
    <ele>729.2</ele>
    <time>2026-05-23T09:51:25Z</time>
   </trkpt>
   <trkpt lat="49.6073100" lon="18.6646960">
    <ele>730.4</ele>
    <time>2026-05-23T09:51:28Z</time>
   </trkpt>
   <trkpt lat="49.6072480" lon="18.6647040">
    <ele>731.4</ele>
    <time>2026-05-23T09:51:31Z</time>
   </trkpt>
   <trkpt lat="49.6072290" lon="18.6647060">
    <ele>731.8</ele>
    <time>2026-05-23T09:51:32Z</time>
   </trkpt>
   <trkpt lat="49.6071850" lon="18.6647140">
    <ele>732.4</ele>
    <time>2026-05-23T09:51:34Z</time>
   </trkpt>
   <trkpt lat="49.6071630" lon="18.6647150">
    <ele>732.8</ele>
    <time>2026-05-23T09:51:35Z</time>
   </trkpt>
   <trkpt lat="49.6071150" lon="18.6647160">
    <ele>733.4</ele>
    <time>2026-05-23T09:51:37Z</time>
   </trkpt>
   <trkpt lat="49.6070860" lon="18.6647050">
    <ele>733.6</ele>
    <time>2026-05-23T09:51:38Z</time>
   </trkpt>
   <trkpt lat="49.6070540" lon="18.6646920">
    <ele>734.0</ele>
    <time>2026-05-23T09:51:39Z</time>
   </trkpt>
   <trkpt lat="49.6070310" lon="18.6646870">
    <ele>734.2</ele>
    <time>2026-05-23T09:51:40Z</time>
   </trkpt>
   <trkpt lat="49.6070100" lon="18.6646860">
    <ele>734.6</ele>
    <time>2026-05-23T09:51:41Z</time>
   </trkpt>
   <trkpt lat="49.6069880" lon="18.6646800">
    <ele>735.0</ele>
    <time>2026-05-23T09:51:42Z</time>
   </trkpt>
   <trkpt lat="49.6069650" lon="18.6646760">
    <ele>735.2</ele>
    <time>2026-05-23T09:51:43Z</time>
   </trkpt>
   <trkpt lat="49.6069430" lon="18.6646730">
    <ele>735.4</ele>
    <time>2026-05-23T09:51:44Z</time>
   </trkpt>
   <trkpt lat="49.6069210" lon="18.6646690">
    <ele>735.8</ele>
    <time>2026-05-23T09:51:45Z</time>
   </trkpt>
   <trkpt lat="49.6068980" lon="18.6646570">
    <ele>736.2</ele>
    <time>2026-05-23T09:51:46Z</time>
   </trkpt>
   <trkpt lat="49.6068770" lon="18.6646510">
    <ele>736.4</ele>
    <time>2026-05-23T09:51:47Z</time>
   </trkpt>
   <trkpt lat="49.6068540" lon="18.6646440">
    <ele>736.8</ele>
    <time>2026-05-23T09:51:48Z</time>
   </trkpt>
   <trkpt lat="49.6068300" lon="18.6646290">
    <ele>737.4</ele>
    <time>2026-05-23T09:51:49Z</time>
   </trkpt>
   <trkpt lat="49.6068070" lon="18.6646140">
    <ele>737.4</ele>
    <time>2026-05-23T09:51:50Z</time>
   </trkpt>
   <trkpt lat="49.6067830" lon="18.6646070">
    <ele>737.6</ele>
    <time>2026-05-23T09:51:51Z</time>
   </trkpt>
   <trkpt lat="49.6067570" lon="18.6645950">
    <ele>737.8</ele>
    <time>2026-05-23T09:51:52Z</time>
   </trkpt>
   <trkpt lat="49.6067340" lon="18.6645890">
    <ele>738.2</ele>
    <time>2026-05-23T09:51:53Z</time>
   </trkpt>
   <trkpt lat="49.6067110" lon="18.6645740">
    <ele>738.2</ele>
    <time>2026-05-23T09:51:54Z</time>
   </trkpt>
   <trkpt lat="49.6066880" lon="18.6645640">
    <ele>738.4</ele>
    <time>2026-05-23T09:51:55Z</time>
   </trkpt>
   <trkpt lat="49.6066630" lon="18.6645490">
    <ele>738.6</ele>
    <time>2026-05-23T09:51:56Z</time>
   </trkpt>
   <trkpt lat="49.6066430" lon="18.6645350">
    <ele>739.0</ele>
    <time>2026-05-23T09:51:57Z</time>
   </trkpt>
   <trkpt lat="49.6066250" lon="18.6645250">
    <ele>739.2</ele>
    <time>2026-05-23T09:51:58Z</time>
   </trkpt>
   <trkpt lat="49.6065950" lon="18.6645080">
    <ele>739.6</ele>
    <time>2026-05-23T09:51:59Z</time>
   </trkpt>
   <trkpt lat="49.6065750" lon="18.6645040">
    <ele>739.6</ele>
    <time>2026-05-23T09:52:00Z</time>
   </trkpt>
   <trkpt lat="49.6065500" lon="18.6644950">
    <ele>740.0</ele>
    <time>2026-05-23T09:52:01Z</time>
   </trkpt>
   <trkpt lat="49.6065230" lon="18.6644850">
    <ele>740.2</ele>
    <time>2026-05-23T09:52:02Z</time>
   </trkpt>
   <trkpt lat="49.6065050" lon="18.6644730">
    <ele>740.4</ele>
    <time>2026-05-23T09:52:03Z</time>
   </trkpt>
   <trkpt lat="49.6064850" lon="18.6644580">
    <ele>740.6</ele>
    <time>2026-05-23T09:52:04Z</time>
   </trkpt>
   <trkpt lat="49.6064670" lon="18.6644400">
    <ele>741.0</ele>
    <time>2026-05-23T09:52:05Z</time>
   </trkpt>
   <trkpt lat="49.6064470" lon="18.6644270">
    <ele>741.4</ele>
    <time>2026-05-23T09:52:06Z</time>
   </trkpt>
   <trkpt lat="49.6064260" lon="18.6644140">
    <ele>741.8</ele>
    <time>2026-05-23T09:52:07Z</time>
   </trkpt>
   <trkpt lat="49.6064070" lon="18.6644050">
    <ele>742.0</ele>
    <time>2026-05-23T09:52:08Z</time>
   </trkpt>
   <trkpt lat="49.6063920" lon="18.6644020">
    <ele>742.4</ele>
    <time>2026-05-23T09:52:09Z</time>
   </trkpt>
   <trkpt lat="49.6063680" lon="18.6644020">
    <ele>742.8</ele>
    <time>2026-05-23T09:52:10Z</time>
   </trkpt>
   <trkpt lat="49.6063440" lon="18.6643940">
    <ele>743.0</ele>
    <time>2026-05-23T09:52:11Z</time>
   </trkpt>
   <trkpt lat="49.6063260" lon="18.6643770">
    <ele>743.0</ele>
    <time>2026-05-23T09:52:12Z</time>
   </trkpt>
   <trkpt lat="49.6063080" lon="18.6643610">
    <ele>743.4</ele>
    <time>2026-05-23T09:52:13Z</time>
   </trkpt>
   <trkpt lat="49.6062880" lon="18.6643550">
    <ele>743.8</ele>
    <time>2026-05-23T09:52:14Z</time>
   </trkpt>
   <trkpt lat="49.6062700" lon="18.6643450">
    <ele>744.0</ele>
    <time>2026-05-23T09:52:15Z</time>
   </trkpt>
   <trkpt lat="49.6062550" lon="18.6643290">
    <ele>744.2</ele>
    <time>2026-05-23T09:52:16Z</time>
   </trkpt>
   <trkpt lat="49.6062390" lon="18.6643160">
    <ele>744.4</ele>
    <time>2026-05-23T09:52:17Z</time>
   </trkpt>
   <trkpt lat="49.6062180" lon="18.6643080">
    <ele>744.8</ele>
    <time>2026-05-23T09:52:18Z</time>
   </trkpt>
   <trkpt lat="49.6061960" lon="18.6642980">
    <ele>745.0</ele>
    <time>2026-05-23T09:52:19Z</time>
   </trkpt>
   <trkpt lat="49.6061760" lon="18.6642860">
    <ele>745.4</ele>
    <time>2026-05-23T09:52:20Z</time>
   </trkpt>
   <trkpt lat="49.6061570" lon="18.6642700">
    <ele>745.6</ele>
    <time>2026-05-23T09:52:21Z</time>
   </trkpt>
   <trkpt lat="49.6061370" lon="18.6642570">
    <ele>745.8</ele>
    <time>2026-05-23T09:52:22Z</time>
   </trkpt>
   <trkpt lat="49.6061190" lon="18.6642400">
    <ele>746.2</ele>
    <time>2026-05-23T09:52:23Z</time>
   </trkpt>
   <trkpt lat="49.6060980" lon="18.6642280">
    <ele>746.6</ele>
    <time>2026-05-23T09:52:24Z</time>
   </trkpt>
   <trkpt lat="49.6060790" lon="18.6642170">
    <ele>746.8</ele>
    <time>2026-05-23T09:52:25Z</time>
   </trkpt>
   <trkpt lat="49.6060600" lon="18.6642080">
    <ele>747.0</ele>
    <time>2026-05-23T09:52:26Z</time>
   </trkpt>
   <trkpt lat="49.6060390" lon="18.6641990">
    <ele>747.2</ele>
    <time>2026-05-23T09:52:27Z</time>
   </trkpt>
   <trkpt lat="49.6060200" lon="18.6641850">
    <ele>747.4</ele>
    <time>2026-05-23T09:52:28Z</time>
   </trkpt>
   <trkpt lat="49.6060050" lon="18.6641680">
    <ele>747.8</ele>
    <time>2026-05-23T09:52:29Z</time>
   </trkpt>
   <trkpt lat="49.6059900" lon="18.6641560">
    <ele>748.2</ele>
    <time>2026-05-23T09:52:30Z</time>
   </trkpt>
   <trkpt lat="49.6059700" lon="18.6641460">
    <ele>748.6</ele>
    <time>2026-05-23T09:52:31Z</time>
   </trkpt>
   <trkpt lat="49.6059490" lon="18.6641360">
    <ele>749.0</ele>
    <time>2026-05-23T09:52:32Z</time>
   </trkpt>
   <trkpt lat="49.6059260" lon="18.6641220">
    <ele>749.2</ele>
    <time>2026-05-23T09:52:33Z</time>
   </trkpt>
   <trkpt lat="49.6059070" lon="18.6641070">
    <ele>749.4</ele>
    <time>2026-05-23T09:52:34Z</time>
   </trkpt>
   <trkpt lat="49.6058860" lon="18.6640960">
    <ele>749.8</ele>
    <time>2026-05-23T09:52:35Z</time>
   </trkpt>
   <trkpt lat="49.6058690" lon="18.6640790">
    <ele>750.2</ele>
    <time>2026-05-23T09:52:36Z</time>
   </trkpt>
   <trkpt lat="49.6058560" lon="18.6640640">
    <ele>750.4</ele>
    <time>2026-05-23T09:52:37Z</time>
   </trkpt>
   <trkpt lat="49.6058420" lon="18.6640480">
    <ele>750.8</ele>
    <time>2026-05-23T09:52:38Z</time>
   </trkpt>
   <trkpt lat="49.6058270" lon="18.6640290">
    <ele>751.2</ele>
    <time>2026-05-23T09:52:39Z</time>
   </trkpt>
   <trkpt lat="49.6058100" lon="18.6640080">
    <ele>751.4</ele>
    <time>2026-05-23T09:52:40Z</time>
   </trkpt>
   <trkpt lat="49.6057940" lon="18.6639900">
    <ele>751.8</ele>
    <time>2026-05-23T09:52:41Z</time>
   </trkpt>
   <trkpt lat="49.6057770" lon="18.6639780">
    <ele>752.2</ele>
    <time>2026-05-23T09:52:42Z</time>
   </trkpt>
   <trkpt lat="49.6057610" lon="18.6639630">
    <ele>752.4</ele>
    <time>2026-05-23T09:52:43Z</time>
   </trkpt>
   <trkpt lat="49.6057470" lon="18.6639440">
    <ele>752.8</ele>
    <time>2026-05-23T09:52:44Z</time>
   </trkpt>
   <trkpt lat="49.6057330" lon="18.6639290">
    <ele>753.0</ele>
    <time>2026-05-23T09:52:45Z</time>
   </trkpt>
   <trkpt lat="49.6057190" lon="18.6639150">
    <ele>753.4</ele>
    <time>2026-05-23T09:52:46Z</time>
   </trkpt>
   <trkpt lat="49.6057040" lon="18.6639010">
    <ele>753.6</ele>
    <time>2026-05-23T09:52:47Z</time>
   </trkpt>
   <trkpt lat="49.6056880" lon="18.6638890">
    <ele>754.0</ele>
    <time>2026-05-23T09:52:48Z</time>
   </trkpt>
   <trkpt lat="49.6056710" lon="18.6638750">
    <ele>754.4</ele>
    <time>2026-05-23T09:52:49Z</time>
   </trkpt>
   <trkpt lat="49.6056560" lon="18.6638570">
    <ele>754.6</ele>
    <time>2026-05-23T09:52:50Z</time>
   </trkpt>
   <trkpt lat="49.6056390" lon="18.6638390">
    <ele>754.8</ele>
    <time>2026-05-23T09:52:51Z</time>
   </trkpt>
   <trkpt lat="49.6056220" lon="18.6638240">
    <ele>755.0</ele>
    <time>2026-05-23T09:52:52Z</time>
   </trkpt>
   <trkpt lat="49.6056040" lon="18.6638100">
    <ele>755.4</ele>
    <time>2026-05-23T09:52:53Z</time>
   </trkpt>
   <trkpt lat="49.6055910" lon="18.6637960">
    <ele>755.8</ele>
    <time>2026-05-23T09:52:54Z</time>
   </trkpt>
   <trkpt lat="49.6055780" lon="18.6637810">
    <ele>756.2</ele>
    <time>2026-05-23T09:52:55Z</time>
   </trkpt>
   <trkpt lat="49.6055640" lon="18.6637640">
    <ele>756.4</ele>
    <time>2026-05-23T09:52:56Z</time>
   </trkpt>
   <trkpt lat="49.6055480" lon="18.6637500">
    <ele>756.6</ele>
    <time>2026-05-23T09:52:57Z</time>
   </trkpt>
   <trkpt lat="49.6055300" lon="18.6637350">
    <ele>757.0</ele>
    <time>2026-05-23T09:52:58Z</time>
   </trkpt>
   <trkpt lat="49.6055150" lon="18.6637180">
    <ele>757.4</ele>
    <time>2026-05-23T09:52:59Z</time>
   </trkpt>
   <trkpt lat="49.6055040" lon="18.6637010">
    <ele>757.6</ele>
    <time>2026-05-23T09:53:00Z</time>
   </trkpt>
   <trkpt lat="49.6054950" lon="18.6636820">
    <ele>757.8</ele>
    <time>2026-05-23T09:53:01Z</time>
   </trkpt>
   <trkpt lat="49.6054830" lon="18.6636570">
    <ele>758.0</ele>
    <time>2026-05-23T09:53:02Z</time>
   </trkpt>
   <trkpt lat="49.6054730" lon="18.6636440">
    <ele>758.4</ele>
    <time>2026-05-23T09:53:03Z</time>
   </trkpt>
   <trkpt lat="49.6054550" lon="18.6636220">
    <ele>758.8</ele>
    <time>2026-05-23T09:53:04Z</time>
   </trkpt>
   <trkpt lat="49.6054410" lon="18.6636070">
    <ele>759.0</ele>
    <time>2026-05-23T09:53:05Z</time>
   </trkpt>
   <trkpt lat="49.6054190" lon="18.6635930">
    <ele>759.4</ele>
    <time>2026-05-23T09:53:06Z</time>
   </trkpt>
   <trkpt lat="49.6054040" lon="18.6635680">
    <ele>759.4</ele>
    <time>2026-05-23T09:53:07Z</time>
   </trkpt>
   <trkpt lat="49.6053860" lon="18.6635470">
    <ele>759.8</ele>
    <time>2026-05-23T09:53:08Z</time>
   </trkpt>
   <trkpt lat="49.6053670" lon="18.6635240">
    <ele>760.0</ele>
    <time>2026-05-23T09:53:09Z</time>
   </trkpt>
   <trkpt lat="49.6053440" lon="18.6635020">
    <ele>760.4</ele>
    <time>2026-05-23T09:53:10Z</time>
   </trkpt>
   <trkpt lat="49.6053250" lon="18.6634800">
    <ele>761.0</ele>
    <time>2026-05-23T09:53:11Z</time>
   </trkpt>
   <trkpt lat="49.6053080" lon="18.6634510">
    <ele>761.2</ele>
    <time>2026-05-23T09:53:12Z</time>
   </trkpt>
   <trkpt lat="49.6052920" lon="18.6634340">
    <ele>761.4</ele>
    <time>2026-05-23T09:53:13Z</time>
   </trkpt>
   <trkpt lat="49.6052730" lon="18.6634140">
    <ele>761.6</ele>
    <time>2026-05-23T09:53:14Z</time>
   </trkpt>
   <trkpt lat="49.6052570" lon="18.6634040">
    <ele>762.0</ele>
    <time>2026-05-23T09:53:15Z</time>
   </trkpt>
   <trkpt lat="49.6052400" lon="18.6633840">
    <ele>762.2</ele>
    <time>2026-05-23T09:53:16Z</time>
   </trkpt>
   <trkpt lat="49.6052260" lon="18.6633620">
    <ele>762.6</ele>
    <time>2026-05-23T09:53:17Z</time>
   </trkpt>
   <trkpt lat="49.6052100" lon="18.6633450">
    <ele>762.8</ele>
    <time>2026-05-23T09:53:18Z</time>
   </trkpt>
   <trkpt lat="49.6051960" lon="18.6633260">
    <ele>763.4</ele>
    <time>2026-05-23T09:53:19Z</time>
   </trkpt>
   <trkpt lat="49.6051720" lon="18.6633120">
    <ele>764.0</ele>
    <time>2026-05-23T09:53:20Z</time>
   </trkpt>
   <trkpt lat="49.6051510" lon="18.6632970">
    <ele>764.2</ele>
    <time>2026-05-23T09:53:21Z</time>
   </trkpt>
   <trkpt lat="49.6051380" lon="18.6632730">
    <ele>764.4</ele>
    <time>2026-05-23T09:53:22Z</time>
   </trkpt>
   <trkpt lat="49.6051170" lon="18.6632530">
    <ele>764.6</ele>
    <time>2026-05-23T09:53:23Z</time>
   </trkpt>
   <trkpt lat="49.6050980" lon="18.6632370">
    <ele>765.0</ele>
    <time>2026-05-23T09:53:24Z</time>
   </trkpt>
   <trkpt lat="49.6050820" lon="18.6632320">
    <ele>765.4</ele>
    <time>2026-05-23T09:53:25Z</time>
   </trkpt>
   <trkpt lat="49.6050630" lon="18.6632220">
    <ele>765.8</ele>
    <time>2026-05-23T09:53:26Z</time>
   </trkpt>
   <trkpt lat="49.6050330" lon="18.6632050">
    <ele>766.2</ele>
    <time>2026-05-23T09:53:27Z</time>
   </trkpt>
   <trkpt lat="49.6050190" lon="18.6631950">
    <ele>766.4</ele>
    <time>2026-05-23T09:53:28Z</time>
   </trkpt>
   <trkpt lat="49.6049950" lon="18.6631820">
    <ele>766.8</ele>
    <time>2026-05-23T09:53:29Z</time>
   </trkpt>
   <trkpt lat="49.6049820" lon="18.6631690">
    <ele>767.2</ele>
    <time>2026-05-23T09:53:30Z</time>
   </trkpt>
   <trkpt lat="49.6049700" lon="18.6631500">
    <ele>767.4</ele>
    <time>2026-05-23T09:53:31Z</time>
   </trkpt>
   <trkpt lat="49.6049500" lon="18.6631260">
    <ele>767.8</ele>
    <time>2026-05-23T09:53:32Z</time>
   </trkpt>
   <trkpt lat="49.6049380" lon="18.6631230">
    <ele>768.0</ele>
    <time>2026-05-23T09:53:33Z</time>
   </trkpt>
   <trkpt lat="49.6049290" lon="18.6631110">
    <ele>768.4</ele>
    <time>2026-05-23T09:53:34Z</time>
   </trkpt>
   <trkpt lat="49.6049160" lon="18.6630920">
    <ele>768.8</ele>
    <time>2026-05-23T09:53:35Z</time>
   </trkpt>
   <trkpt lat="49.6049040" lon="18.6630860">
    <ele>769.2</ele>
    <time>2026-05-23T09:53:36Z</time>
   </trkpt>
   <trkpt lat="49.6048900" lon="18.6630770">
    <ele>769.6</ele>
    <time>2026-05-23T09:53:37Z</time>
   </trkpt>
   <trkpt lat="49.6048740" lon="18.6630630">
    <ele>770.0</ele>
    <time>2026-05-23T09:53:38Z</time>
   </trkpt>
   <trkpt lat="49.6048630" lon="18.6630540">
    <ele>770.4</ele>
    <time>2026-05-23T09:53:39Z</time>
   </trkpt>
   <trkpt lat="49.6048520" lon="18.6630500">
    <ele>770.6</ele>
    <time>2026-05-23T09:53:40Z</time>
   </trkpt>
   <trkpt lat="49.6048370" lon="18.6630360">
    <ele>771.0</ele>
    <time>2026-05-23T09:53:41Z</time>
   </trkpt>
   <trkpt lat="49.6048240" lon="18.6630160">
    <ele>771.2</ele>
    <time>2026-05-23T09:53:42Z</time>
   </trkpt>
   <trkpt lat="49.6048120" lon="18.6630070">
    <ele>771.4</ele>
    <time>2026-05-23T09:53:43Z</time>
   </trkpt>
   <trkpt lat="49.6048000" lon="18.6629990">
    <ele>771.6</ele>
    <time>2026-05-23T09:53:44Z</time>
   </trkpt>
   <trkpt lat="49.6047810" lon="18.6629860">
    <ele>771.8</ele>
    <time>2026-05-23T09:53:45Z</time>
   </trkpt>
   <trkpt lat="49.6047650" lon="18.6629730">
    <ele>772.0</ele>
    <time>2026-05-23T09:53:46Z</time>
   </trkpt>
   <trkpt lat="49.6047480" lon="18.6629560">
    <ele>772.6</ele>
    <time>2026-05-23T09:53:47Z</time>
   </trkpt>
   <trkpt lat="49.6047330" lon="18.6629390">
    <ele>772.8</ele>
    <time>2026-05-23T09:53:48Z</time>
   </trkpt>
   <trkpt lat="49.6047090" lon="18.6629210">
    <ele>773.0</ele>
    <time>2026-05-23T09:53:49Z</time>
   </trkpt>
   <trkpt lat="49.6046930" lon="18.6629070">
    <ele>773.4</ele>
    <time>2026-05-23T09:53:50Z</time>
   </trkpt>
   <trkpt lat="49.6046720" lon="18.6628920">
    <ele>773.6</ele>
    <time>2026-05-23T09:53:51Z</time>
   </trkpt>
   <trkpt lat="49.6046490" lon="18.6628750">
    <ele>774.2</ele>
    <time>2026-05-23T09:53:52Z</time>
   </trkpt>
   <trkpt lat="49.6046320" lon="18.6628520">
    <ele>774.4</ele>
    <time>2026-05-23T09:53:53Z</time>
   </trkpt>
   <trkpt lat="49.6046150" lon="18.6628440">
    <ele>774.6</ele>
    <time>2026-05-23T09:53:54Z</time>
   </trkpt>
   <trkpt lat="49.6045930" lon="18.6628330">
    <ele>774.6</ele>
    <time>2026-05-23T09:53:55Z</time>
   </trkpt>
   <trkpt lat="49.6045670" lon="18.6628360">
    <ele>775.0</ele>
    <time>2026-05-23T09:53:56Z</time>
   </trkpt>
   <trkpt lat="49.6045410" lon="18.6628330">
    <ele>775.2</ele>
    <time>2026-05-23T09:53:57Z</time>
   </trkpt>
   <trkpt lat="49.6045210" lon="18.6628360">
    <ele>775.4</ele>
    <time>2026-05-23T09:53:58Z</time>
   </trkpt>
   <trkpt lat="49.6044940" lon="18.6628430">
    <ele>775.4</ele>
    <time>2026-05-23T09:53:59Z</time>
   </trkpt>
   <trkpt lat="49.6044790" lon="18.6628540">
    <ele>775.6</ele>
    <time>2026-05-23T09:54:00Z</time>
   </trkpt>
   <trkpt lat="49.6044600" lon="18.6628700">
    <ele>775.6</ele>
    <time>2026-05-23T09:54:01Z</time>
   </trkpt>
   <trkpt lat="49.6044390" lon="18.6628890">
    <ele>775.8</ele>
    <time>2026-05-23T09:54:02Z</time>
   </trkpt>
   <trkpt lat="49.6044180" lon="18.6629160">
    <ele>775.8</ele>
    <time>2026-05-23T09:54:03Z</time>
   </trkpt>
   <trkpt lat="49.6044080" lon="18.6629450">
    <ele>776.0</ele>
    <time>2026-05-23T09:54:04Z</time>
   </trkpt>
   <trkpt lat="49.6044010" lon="18.6629780">
    <ele>776.2</ele>
    <time>2026-05-23T09:54:05Z</time>
   </trkpt>
   <trkpt lat="49.6043920" lon="18.6630180">
    <ele>776.6</ele>
    <time>2026-05-23T09:54:06Z</time>
   </trkpt>
   <trkpt lat="49.6043810" lon="18.6630530">
    <ele>776.8</ele>
    <time>2026-05-23T09:54:07Z</time>
   </trkpt>
   <trkpt lat="49.6043680" lon="18.6630800">
    <ele>777.0</ele>
    <time>2026-05-23T09:54:08Z</time>
   </trkpt>
   <trkpt lat="49.6043540" lon="18.6631100">
    <ele>777.4</ele>
    <time>2026-05-23T09:54:09Z</time>
   </trkpt>
   <trkpt lat="49.6043430" lon="18.6631570">
    <ele>777.6</ele>
    <time>2026-05-23T09:54:10Z</time>
   </trkpt>
   <trkpt lat="49.6043280" lon="18.6631920">
    <ele>777.6</ele>
    <time>2026-05-23T09:54:11Z</time>
   </trkpt>
   <trkpt lat="49.6043180" lon="18.6632220">
    <ele>778.0</ele>
    <time>2026-05-23T09:54:12Z</time>
   </trkpt>
   <trkpt lat="49.6043070" lon="18.6632550">
    <ele>778.0</ele>
    <time>2026-05-23T09:54:13Z</time>
   </trkpt>
   <trkpt lat="49.6042900" lon="18.6632900">
    <ele>778.2</ele>
    <time>2026-05-23T09:54:14Z</time>
   </trkpt>
   <trkpt lat="49.6042780" lon="18.6633130">
    <ele>778.2</ele>
    <time>2026-05-23T09:54:15Z</time>
   </trkpt>
   <trkpt lat="49.6042620" lon="18.6633440">
    <ele>778.4</ele>
    <time>2026-05-23T09:54:16Z</time>
   </trkpt>
   <trkpt lat="49.6042480" lon="18.6633750">
    <ele>778.4</ele>
    <time>2026-05-23T09:54:17Z</time>
   </trkpt>
   <trkpt lat="49.6042250" lon="18.6634110">
    <ele>778.6</ele>
    <time>2026-05-23T09:54:18Z</time>
   </trkpt>
   <trkpt lat="49.6042040" lon="18.6634350">
    <ele>778.8</ele>
    <time>2026-05-23T09:54:19Z</time>
   </trkpt>
   <trkpt lat="49.6041850" lon="18.6634580">
    <ele>778.8</ele>
    <time>2026-05-23T09:54:20Z</time>
   </trkpt>
   <trkpt lat="49.6041600" lon="18.6634820">
    <ele>778.8</ele>
    <time>2026-05-23T09:54:21Z</time>
   </trkpt>
   <trkpt lat="49.6041280" lon="18.6635050">
    <ele>779.0</ele>
    <time>2026-05-23T09:54:22Z</time>
   </trkpt>
   <trkpt lat="49.6041080" lon="18.6635200">
    <ele>779.0</ele>
    <time>2026-05-23T09:54:23Z</time>
   </trkpt>
   <trkpt lat="49.6040850" lon="18.6635390">
    <ele>779.2</ele>
    <time>2026-05-23T09:54:24Z</time>
   </trkpt>
   <trkpt lat="49.6040600" lon="18.6635540">
    <ele>779.2</ele>
    <time>2026-05-23T09:54:25Z</time>
   </trkpt>
   <trkpt lat="49.6040340" lon="18.6635700">
    <ele>779.2</ele>
    <time>2026-05-23T09:54:26Z</time>
   </trkpt>
   <trkpt lat="49.6040130" lon="18.6635900">
    <ele>779.4</ele>
    <time>2026-05-23T09:54:27Z</time>
   </trkpt>
   <trkpt lat="49.6039950" lon="18.6636060">
    <ele>779.6</ele>
    <time>2026-05-23T09:54:28Z</time>
   </trkpt>
   <trkpt lat="49.6039730" lon="18.6636200">
    <ele>779.8</ele>
    <time>2026-05-23T09:54:29Z</time>
   </trkpt>
   <trkpt lat="49.6039510" lon="18.6636340">
    <ele>779.8</ele>
    <time>2026-05-23T09:54:30Z</time>
   </trkpt>
   <trkpt lat="49.6039270" lon="18.6636460">
    <ele>780.0</ele>
    <time>2026-05-23T09:54:31Z</time>
   </trkpt>
   <trkpt lat="49.6039090" lon="18.6636540">
    <ele>780.2</ele>
    <time>2026-05-23T09:54:32Z</time>
   </trkpt>
   <trkpt lat="49.6038780" lon="18.6636640">
    <ele>780.4</ele>
    <time>2026-05-23T09:54:33Z</time>
   </trkpt>
   <trkpt lat="49.6038480" lon="18.6636830">
    <ele>780.4</ele>
    <time>2026-05-23T09:54:34Z</time>
   </trkpt>
   <trkpt lat="49.6038130" lon="18.6636950">
    <ele>780.4</ele>
    <time>2026-05-23T09:54:35Z</time>
   </trkpt>
   <trkpt lat="49.6037870" lon="18.6637010">
    <ele>780.6</ele>
    <time>2026-05-23T09:54:36Z</time>
   </trkpt>
   <trkpt lat="49.6037590" lon="18.6637150">
    <ele>781.0</ele>
    <time>2026-05-23T09:54:37Z</time>
   </trkpt>
   <trkpt lat="49.6037280" lon="18.6637340">
    <ele>781.2</ele>
    <time>2026-05-23T09:54:38Z</time>
   </trkpt>
   <trkpt lat="49.6037030" lon="18.6637450">
    <ele>781.2</ele>
    <time>2026-05-23T09:54:39Z</time>
   </trkpt>
   <trkpt lat="49.6036880" lon="18.6637630">
    <ele>781.4</ele>
    <time>2026-05-23T09:54:40Z</time>
   </trkpt>
   <trkpt lat="49.6036570" lon="18.6637910">
    <ele>781.4</ele>
    <time>2026-05-23T09:54:41Z</time>
   </trkpt>
   <trkpt lat="49.6036350" lon="18.6638050">
    <ele>781.6</ele>
    <time>2026-05-23T09:54:42Z</time>
   </trkpt>
   <trkpt lat="49.6036190" lon="18.6638110">
    <ele>781.8</ele>
    <time>2026-05-23T09:54:43Z</time>
   </trkpt>
   <trkpt lat="49.6035870" lon="18.6638400">
    <ele>782.0</ele>
    <time>2026-05-23T09:54:44Z</time>
   </trkpt>
   <trkpt lat="49.6035610" lon="18.6638610">
    <ele>782.0</ele>
    <time>2026-05-23T09:54:45Z</time>
   </trkpt>
   <trkpt lat="49.6035400" lon="18.6638860">
    <ele>782.0</ele>
    <time>2026-05-23T09:54:46Z</time>
   </trkpt>
   <trkpt lat="49.6035210" lon="18.6639160">
    <ele>782.2</ele>
    <time>2026-05-23T09:54:47Z</time>
   </trkpt>
   <trkpt lat="49.6034970" lon="18.6639460">
    <ele>782.2</ele>
    <time>2026-05-23T09:54:48Z</time>
   </trkpt>
   <trkpt lat="49.6034700" lon="18.6639600">
    <ele>782.4</ele>
    <time>2026-05-23T09:54:49Z</time>
   </trkpt>
   <trkpt lat="49.6034440" lon="18.6639880">
    <ele>782.6</ele>
    <time>2026-05-23T09:54:50Z</time>
   </trkpt>
   <trkpt lat="49.6034320" lon="18.6639880">
    <ele>782.8</ele>
    <time>2026-05-23T09:54:51Z</time>
   </trkpt>
   <trkpt lat="49.6034090" lon="18.6640130">
    <ele>782.8</ele>
    <time>2026-05-23T09:54:52Z</time>
   </trkpt>
   <trkpt lat="49.6033620" lon="18.6640480">
    <ele>783.0</ele>
    <time>2026-05-23T09:54:53Z</time>
   </trkpt>
   <trkpt lat="49.6033250" lon="18.6640790">
    <ele>783.8</ele>
    <time>2026-05-23T09:54:54Z</time>
   </trkpt>
   <trkpt lat="49.6032950" lon="18.6641020">
    <ele>784.0</ele>
    <time>2026-05-23T09:54:55Z</time>
   </trkpt>
   <trkpt lat="49.6032580" lon="18.6641320">
    <ele>784.2</ele>
    <time>2026-05-23T09:54:56Z</time>
   </trkpt>
   <trkpt lat="49.6032040" lon="18.6641990">
    <ele>784.2</ele>
    <time>2026-05-23T09:54:57Z</time>
   </trkpt>
   <trkpt lat="49.6031740" lon="18.6642440">
    <ele>784.2</ele>
    <time>2026-05-23T09:54:58Z</time>
   </trkpt>
   <trkpt lat="49.6031390" lon="18.6642510">
    <ele>784.2</ele>
    <time>2026-05-23T09:54:59Z</time>
   </trkpt>
   <trkpt lat="49.6031130" lon="18.6642630">
    <ele>784.4</ele>
    <time>2026-05-23T09:55:00Z</time>
   </trkpt>
   <trkpt lat="49.6030760" lon="18.6642880">
    <ele>784.4</ele>
    <time>2026-05-23T09:55:01Z</time>
   </trkpt>
   <trkpt lat="49.6030410" lon="18.6643100">
    <ele>784.4</ele>
    <time>2026-05-23T09:55:02Z</time>
   </trkpt>
   <trkpt lat="49.6030170" lon="18.6643260">
    <ele>784.6</ele>
    <time>2026-05-23T09:55:03Z</time>
   </trkpt>
   <trkpt lat="49.6029930" lon="18.6643460">
    <ele>784.8</ele>
    <time>2026-05-23T09:55:04Z</time>
   </trkpt>
   <trkpt lat="49.6029660" lon="18.6643580">
    <ele>785.0</ele>
    <time>2026-05-23T09:55:05Z</time>
   </trkpt>
   <trkpt lat="49.6029340" lon="18.6643770">
    <ele>785.0</ele>
    <time>2026-05-23T09:55:06Z</time>
   </trkpt>
   <trkpt lat="49.6029020" lon="18.6644020">
    <ele>785.2</ele>
    <time>2026-05-23T09:55:07Z</time>
   </trkpt>
   <trkpt lat="49.6028670" lon="18.6644320">
    <ele>785.4</ele>
    <time>2026-05-23T09:55:08Z</time>
   </trkpt>
   <trkpt lat="49.6028330" lon="18.6644590">
    <ele>785.6</ele>
    <time>2026-05-23T09:55:09Z</time>
   </trkpt>
   <trkpt lat="49.6028010" lon="18.6644890">
    <ele>785.8</ele>
    <time>2026-05-23T09:55:10Z</time>
   </trkpt>
   <trkpt lat="49.6027690" lon="18.6645150">
    <ele>785.8</ele>
    <time>2026-05-23T09:55:11Z</time>
   </trkpt>
   <trkpt lat="49.6027360" lon="18.6645300">
    <ele>786.0</ele>
    <time>2026-05-23T09:55:12Z</time>
   </trkpt>
   <trkpt lat="49.6027000" lon="18.6645540">
    <ele>786.0</ele>
    <time>2026-05-23T09:55:13Z</time>
   </trkpt>
   <trkpt lat="49.6026610" lon="18.6645770">
    <ele>786.2</ele>
    <time>2026-05-23T09:55:14Z</time>
   </trkpt>
   <trkpt lat="49.6026260" lon="18.6645860">
    <ele>786.4</ele>
    <time>2026-05-23T09:55:15Z</time>
   </trkpt>
   <trkpt lat="49.6025930" lon="18.6645960">
    <ele>786.4</ele>
    <time>2026-05-23T09:55:16Z</time>
   </trkpt>
   <trkpt lat="49.6025540" lon="18.6646170">
    <ele>786.6</ele>
    <time>2026-05-23T09:55:17Z</time>
   </trkpt>
   <trkpt lat="49.6025150" lon="18.6646240">
    <ele>786.8</ele>
    <time>2026-05-23T09:55:18Z</time>
   </trkpt>
   <trkpt lat="49.6024790" lon="18.6646290">
    <ele>787.2</ele>
    <time>2026-05-23T09:55:19Z</time>
   </trkpt>
   <trkpt lat="49.6024420" lon="18.6646400">
    <ele>787.2</ele>
    <time>2026-05-23T09:55:20Z</time>
   </trkpt>
   <trkpt lat="49.6024060" lon="18.6646500">
    <ele>787.4</ele>
    <time>2026-05-23T09:55:21Z</time>
   </trkpt>
   <trkpt lat="49.6023740" lon="18.6646550">
    <ele>787.6</ele>
    <time>2026-05-23T09:55:22Z</time>
   </trkpt>
   <trkpt lat="49.6023420" lon="18.6646570">
    <ele>787.8</ele>
    <time>2026-05-23T09:55:23Z</time>
   </trkpt>
   <trkpt lat="49.6023030" lon="18.6646680">
    <ele>788.0</ele>
    <time>2026-05-23T09:55:24Z</time>
   </trkpt>
   <trkpt lat="49.6022720" lon="18.6646840">
    <ele>788.2</ele>
    <time>2026-05-23T09:55:25Z</time>
   </trkpt>
   <trkpt lat="49.6022400" lon="18.6646960">
    <ele>788.4</ele>
    <time>2026-05-23T09:55:26Z</time>
   </trkpt>
   <trkpt lat="49.6022050" lon="18.6647090">
    <ele>788.6</ele>
    <time>2026-05-23T09:55:27Z</time>
   </trkpt>
   <trkpt lat="49.6021660" lon="18.6647290">
    <ele>788.6</ele>
    <time>2026-05-23T09:55:28Z</time>
   </trkpt>
   <trkpt lat="49.6021410" lon="18.6647500">
    <ele>788.8</ele>
    <time>2026-05-23T09:55:29Z</time>
   </trkpt>
   <trkpt lat="49.6021110" lon="18.6647830">
    <ele>789.0</ele>
    <time>2026-05-23T09:55:30Z</time>
   </trkpt>
   <trkpt lat="49.6020760" lon="18.6648070">
    <ele>789.4</ele>
    <time>2026-05-23T09:55:31Z</time>
   </trkpt>
   <trkpt lat="49.6020470" lon="18.6648270">
    <ele>789.6</ele>
    <time>2026-05-23T09:55:32Z</time>
   </trkpt>
   <trkpt lat="49.6020130" lon="18.6648520">
    <ele>789.8</ele>
    <time>2026-05-23T09:55:33Z</time>
   </trkpt>
   <trkpt lat="49.6019740" lon="18.6648870">
    <ele>789.8</ele>
    <time>2026-05-23T09:55:34Z</time>
   </trkpt>
   <trkpt lat="49.6019470" lon="18.6649100">
    <ele>790.0</ele>
    <time>2026-05-23T09:55:35Z</time>
   </trkpt>
   <trkpt lat="49.6019100" lon="18.6649360">
    <ele>790.4</ele>
    <time>2026-05-23T09:55:36Z</time>
   </trkpt>
   <trkpt lat="49.6018870" lon="18.6649550">
    <ele>790.4</ele>
    <time>2026-05-23T09:55:37Z</time>
   </trkpt>
   <trkpt lat="49.6018550" lon="18.6649790">
    <ele>790.8</ele>
    <time>2026-05-23T09:55:38Z</time>
   </trkpt>
   <trkpt lat="49.6018240" lon="18.6649970">
    <ele>790.8</ele>
    <time>2026-05-23T09:55:39Z</time>
   </trkpt>
   <trkpt lat="49.6017990" lon="18.6650150">
    <ele>791.4</ele>
    <time>2026-05-23T09:55:40Z</time>
   </trkpt>
   <trkpt lat="49.6017670" lon="18.6650440">
    <ele>791.4</ele>
    <time>2026-05-23T09:55:41Z</time>
   </trkpt>
   <trkpt lat="49.6017360" lon="18.6650710">
    <ele>791.6</ele>
    <time>2026-05-23T09:55:42Z</time>
   </trkpt>
   <trkpt lat="49.6017040" lon="18.6650880">
    <ele>791.8</ele>
    <time>2026-05-23T09:55:43Z</time>
   </trkpt>
   <trkpt lat="49.6016710" lon="18.6651000">
    <ele>792.0</ele>
    <time>2026-05-23T09:55:44Z</time>
   </trkpt>
   <trkpt lat="49.6016310" lon="18.6651190">
    <ele>792.2</ele>
    <time>2026-05-23T09:55:45Z</time>
   </trkpt>
   <trkpt lat="49.6016010" lon="18.6651260">
    <ele>792.6</ele>
    <time>2026-05-23T09:55:46Z</time>
   </trkpt>
   <trkpt lat="49.6015850" lon="18.6651350">
    <ele>792.6</ele>
    <time>2026-05-23T09:55:47Z</time>
   </trkpt>
   <trkpt lat="49.6015650" lon="18.6651400">
    <ele>793.0</ele>
    <time>2026-05-23T09:55:48Z</time>
   </trkpt>
   <trkpt lat="49.6015460" lon="18.6651470">
    <ele>793.2</ele>
    <time>2026-05-23T09:55:49Z</time>
   </trkpt>
   <trkpt lat="49.6015090" lon="18.6651520">
    <ele>793.6</ele>
    <time>2026-05-23T09:55:50Z</time>
   </trkpt>
   <trkpt lat="49.6014640" lon="18.6651810">
    <ele>793.8</ele>
    <time>2026-05-23T09:55:51Z</time>
   </trkpt>
   <trkpt lat="49.6014220" lon="18.6652080">
    <ele>793.8</ele>
    <time>2026-05-23T09:55:52Z</time>
   </trkpt>
   <trkpt lat="49.6013940" lon="18.6652070">
    <ele>794.0</ele>
    <time>2026-05-23T09:55:53Z</time>
   </trkpt>
   <trkpt lat="49.6013690" lon="18.6652280">
    <ele>794.0</ele>
    <time>2026-05-23T09:55:54Z</time>
   </trkpt>
   <trkpt lat="49.6013310" lon="18.6652590">
    <ele>794.0</ele>
    <time>2026-05-23T09:55:55Z</time>
   </trkpt>
   <trkpt lat="49.6013010" lon="18.6652660">
    <ele>794.4</ele>
    <time>2026-05-23T09:55:56Z</time>
   </trkpt>
   <trkpt lat="49.6012590" lon="18.6652800">
    <ele>794.4</ele>
    <time>2026-05-23T09:55:57Z</time>
   </trkpt>
   <trkpt lat="49.6012340" lon="18.6652930">
    <ele>794.6</ele>
    <time>2026-05-23T09:55:58Z</time>
   </trkpt>
   <trkpt lat="49.6011950" lon="18.6653160">
    <ele>794.8</ele>
    <time>2026-05-23T09:55:59Z</time>
   </trkpt>
   <trkpt lat="49.6011520" lon="18.6653370">
    <ele>795.0</ele>
    <time>2026-05-23T09:56:00Z</time>
   </trkpt>
   <trkpt lat="49.6011190" lon="18.6653490">
    <ele>795.2</ele>
    <time>2026-05-23T09:56:01Z</time>
   </trkpt>
   <trkpt lat="49.6010660" lon="18.6653720">
    <ele>795.2</ele>
    <time>2026-05-23T09:56:02Z</time>
   </trkpt>
   <trkpt lat="49.6010170" lon="18.6654000">
    <ele>795.4</ele>
    <time>2026-05-23T09:56:03Z</time>
   </trkpt>
   <trkpt lat="49.6009640" lon="18.6654350">
    <ele>795.6</ele>
    <time>2026-05-23T09:56:04Z</time>
   </trkpt>
   <trkpt lat="49.6009130" lon="18.6654570">
    <ele>795.8</ele>
    <time>2026-05-23T09:56:05Z</time>
   </trkpt>
   <trkpt lat="49.6008910" lon="18.6654590">
    <ele>795.8</ele>
    <time>2026-05-23T09:56:06Z</time>
   </trkpt>
   <trkpt lat="49.6008540" lon="18.6654610">
    <ele>796.2</ele>
    <time>2026-05-23T09:56:07Z</time>
   </trkpt>
   <trkpt lat="49.6008240" lon="18.6654820">
    <ele>796.4</ele>
    <time>2026-05-23T09:56:08Z</time>
   </trkpt>
   <trkpt lat="49.6008010" lon="18.6655000">
    <ele>796.6</ele>
    <time>2026-05-23T09:56:09Z</time>
   </trkpt>
   <trkpt lat="49.6007690" lon="18.6655240">
    <ele>796.6</ele>
    <time>2026-05-23T09:56:10Z</time>
   </trkpt>
   <trkpt lat="49.6007400" lon="18.6655200">
    <ele>796.8</ele>
    <time>2026-05-23T09:56:11Z</time>
   </trkpt>
   <trkpt lat="49.6006970" lon="18.6655490">
    <ele>797.0</ele>
    <time>2026-05-23T09:56:12Z</time>
   </trkpt>
   <trkpt lat="49.6006620" lon="18.6655620">
    <ele>797.2</ele>
    <time>2026-05-23T09:56:13Z</time>
   </trkpt>
   <trkpt lat="49.6006230" lon="18.6655750">
    <ele>797.2</ele>
    <time>2026-05-23T09:56:14Z</time>
   </trkpt>
   <trkpt lat="49.6005900" lon="18.6655840">
    <ele>797.4</ele>
    <time>2026-05-23T09:56:15Z</time>
   </trkpt>
   <trkpt lat="49.6005630" lon="18.6655900">
    <ele>797.6</ele>
    <time>2026-05-23T09:56:16Z</time>
   </trkpt>
   <trkpt lat="49.6005290" lon="18.6656030">
    <ele>797.8</ele>
    <time>2026-05-23T09:56:17Z</time>
   </trkpt>
   <trkpt lat="49.6004930" lon="18.6656190">
    <ele>798.0</ele>
    <time>2026-05-23T09:56:18Z</time>
   </trkpt>
   <trkpt lat="49.6004590" lon="18.6656370">
    <ele>798.0</ele>
    <time>2026-05-23T09:56:19Z</time>
   </trkpt>
   <trkpt lat="49.6004280" lon="18.6656530">
    <ele>798.2</ele>
    <time>2026-05-23T09:56:20Z</time>
   </trkpt>
   <trkpt lat="49.6004010" lon="18.6656610">
    <ele>798.2</ele>
    <time>2026-05-23T09:56:21Z</time>
   </trkpt>
   <trkpt lat="49.6003730" lon="18.6656540">
    <ele>798.4</ele>
    <time>2026-05-23T09:56:22Z</time>
   </trkpt>
   <trkpt lat="49.6003280" lon="18.6656540">
    <ele>798.6</ele>
    <time>2026-05-23T09:56:23Z</time>
   </trkpt>
   <trkpt lat="49.6002950" lon="18.6656590">
    <ele>798.8</ele>
    <time>2026-05-23T09:56:24Z</time>
   </trkpt>
   <trkpt lat="49.6002670" lon="18.6656750">
    <ele>799.0</ele>
    <time>2026-05-23T09:56:25Z</time>
   </trkpt>
   <trkpt lat="49.6002310" lon="18.6656940">
    <ele>799.2</ele>
    <time>2026-05-23T09:56:26Z</time>
   </trkpt>
   <trkpt lat="49.6002090" lon="18.6657070">
    <ele>799.2</ele>
    <time>2026-05-23T09:56:27Z</time>
   </trkpt>
   <trkpt lat="49.6001830" lon="18.6657250">
    <ele>799.4</ele>
    <time>2026-05-23T09:56:28Z</time>
   </trkpt>
   <trkpt lat="49.6001530" lon="18.6657380">
    <ele>799.6</ele>
    <time>2026-05-23T09:56:29Z</time>
   </trkpt>
   <trkpt lat="49.6001120" lon="18.6657510">
    <ele>800.0</ele>
    <time>2026-05-23T09:56:30Z</time>
   </trkpt>
   <trkpt lat="49.6000880" lon="18.6657710">
    <ele>800.0</ele>
    <time>2026-05-23T09:56:31Z</time>
   </trkpt>
   <trkpt lat="49.6000490" lon="18.6657880">
    <ele>800.2</ele>
    <time>2026-05-23T09:56:32Z</time>
   </trkpt>
   <trkpt lat="49.6000110" lon="18.6657990">
    <ele>800.4</ele>
    <time>2026-05-23T09:56:33Z</time>
   </trkpt>
   <trkpt lat="49.5999790" lon="18.6657960">
    <ele>800.8</ele>
    <time>2026-05-23T09:56:34Z</time>
   </trkpt>
   <trkpt lat="49.5999360" lon="18.6657940">
    <ele>801.0</ele>
    <time>2026-05-23T09:56:35Z</time>
   </trkpt>
   <trkpt lat="49.5999090" lon="18.6657980">
    <ele>801.4</ele>
    <time>2026-05-23T09:56:36Z</time>
   </trkpt>
   <trkpt lat="49.5998880" lon="18.6658050">
    <ele>802.0</ele>
    <time>2026-05-23T09:56:37Z</time>
   </trkpt>
   <trkpt lat="49.5998350" lon="18.6658280">
    <ele>802.2</ele>
    <time>2026-05-23T09:56:38Z</time>
   </trkpt>
   <trkpt lat="49.5997960" lon="18.6658460">
    <ele>802.4</ele>
    <time>2026-05-23T09:56:39Z</time>
   </trkpt>
   <trkpt lat="49.5997470" lon="18.6658760">
    <ele>802.8</ele>
    <time>2026-05-23T09:56:40Z</time>
   </trkpt>
   <trkpt lat="49.5997120" lon="18.6658910">
    <ele>802.8</ele>
    <time>2026-05-23T09:56:41Z</time>
   </trkpt>
   <trkpt lat="49.5996840" lon="18.6658690">
    <ele>803.0</ele>
    <time>2026-05-23T09:56:42Z</time>
   </trkpt>
   <trkpt lat="49.5996410" lon="18.6658810">
    <ele>803.0</ele>
    <time>2026-05-23T09:56:43Z</time>
   </trkpt>
   <trkpt lat="49.5995910" lon="18.6658910">
    <ele>803.2</ele>
    <time>2026-05-23T09:56:44Z</time>
   </trkpt>
   <trkpt lat="49.5995310" lon="18.6658960">
    <ele>803.4</ele>
    <time>2026-05-23T09:56:45Z</time>
   </trkpt>
   <trkpt lat="49.5994630" lon="18.6659520">
    <ele>803.6</ele>
    <time>2026-05-23T09:56:46Z</time>
   </trkpt>
   <trkpt lat="49.5994460" lon="18.6659650">
    <ele>804.0</ele>
    <time>2026-05-23T09:56:47Z</time>
   </trkpt>
   <trkpt lat="49.5994220" lon="18.6659520">
    <ele>804.2</ele>
    <time>2026-05-23T09:56:48Z</time>
   </trkpt>
   <trkpt lat="49.5993920" lon="18.6659580">
    <ele>804.4</ele>
    <time>2026-05-23T09:56:49Z</time>
   </trkpt>
   <trkpt lat="49.5993620" lon="18.6659700">
    <ele>804.4</ele>
    <time>2026-05-23T09:56:50Z</time>
   </trkpt>
   <trkpt lat="49.5993330" lon="18.6659690">
    <ele>804.8</ele>
    <time>2026-05-23T09:56:51Z</time>
   </trkpt>
   <trkpt lat="49.5993160" lon="18.6659440">
    <ele>805.0</ele>
    <time>2026-05-23T09:56:52Z</time>
   </trkpt>
   <trkpt lat="49.5992940" lon="18.6659360">
    <ele>805.4</ele>
    <time>2026-05-23T09:56:53Z</time>
   </trkpt>
   <trkpt lat="49.5992660" lon="18.6659450">
    <ele>805.8</ele>
    <time>2026-05-23T09:56:54Z</time>
   </trkpt>
   <trkpt lat="49.5992440" lon="18.6659440">
    <ele>806.0</ele>
    <time>2026-05-23T09:56:55Z</time>
   </trkpt>
   <trkpt lat="49.5992180" lon="18.6659500">
    <ele>806.2</ele>
    <time>2026-05-23T09:56:56Z</time>
   </trkpt>
   <trkpt lat="49.5991960" lon="18.6659560">
    <ele>806.4</ele>
    <time>2026-05-23T09:56:57Z</time>
   </trkpt>
   <trkpt lat="49.5991750" lon="18.6659630">
    <ele>806.6</ele>
    <time>2026-05-23T09:56:58Z</time>
   </trkpt>
   <trkpt lat="49.5991540" lon="18.6659710">
    <ele>806.6</ele>
    <time>2026-05-23T09:56:59Z</time>
   </trkpt>
   <trkpt lat="49.5991320" lon="18.6659780">
    <ele>807.0</ele>
    <time>2026-05-23T09:57:00Z</time>
   </trkpt>
   <trkpt lat="49.5991090" lon="18.6659790">
    <ele>807.4</ele>
    <time>2026-05-23T09:57:01Z</time>
   </trkpt>
   <trkpt lat="49.5990880" lon="18.6659800">
    <ele>807.6</ele>
    <time>2026-05-23T09:57:02Z</time>
   </trkpt>
   <trkpt lat="49.5990680" lon="18.6659760">
    <ele>807.8</ele>
    <time>2026-05-23T09:57:03Z</time>
   </trkpt>
   <trkpt lat="49.5990490" lon="18.6659770">
    <ele>808.0</ele>
    <time>2026-05-23T09:57:04Z</time>
   </trkpt>
   <trkpt lat="49.5990230" lon="18.6659740">
    <ele>808.2</ele>
    <time>2026-05-23T09:57:05Z</time>
   </trkpt>
   <trkpt lat="49.5989880" lon="18.6659710">
    <ele>808.4</ele>
    <time>2026-05-23T09:57:06Z</time>
   </trkpt>
   <trkpt lat="49.5989620" lon="18.6659720">
    <ele>808.8</ele>
    <time>2026-05-23T09:57:07Z</time>
   </trkpt>
   <trkpt lat="49.5989420" lon="18.6659700">
    <ele>809.0</ele>
    <time>2026-05-23T09:57:08Z</time>
   </trkpt>
   <trkpt lat="49.5989210" lon="18.6659720">
    <ele>809.4</ele>
    <time>2026-05-23T09:57:09Z</time>
   </trkpt>
   <trkpt lat="49.5989020" lon="18.6659690">
    <ele>809.4</ele>
    <time>2026-05-23T09:57:10Z</time>
   </trkpt>
   <trkpt lat="49.5988800" lon="18.6659680">
    <ele>809.8</ele>
    <time>2026-05-23T09:57:11Z</time>
   </trkpt>
   <trkpt lat="49.5988590" lon="18.6659620">
    <ele>809.8</ele>
    <time>2026-05-23T09:57:12Z</time>
   </trkpt>
   <trkpt lat="49.5988410" lon="18.6659650">
    <ele>810.0</ele>
    <time>2026-05-23T09:57:13Z</time>
   </trkpt>
   <trkpt lat="49.5988280" lon="18.6659650">
    <ele>810.4</ele>
    <time>2026-05-23T09:57:14Z</time>
   </trkpt>
   <trkpt lat="49.5988010" lon="18.6659710">
    <ele>810.4</ele>
    <time>2026-05-23T09:57:15Z</time>
   </trkpt>
   <trkpt lat="49.5987640" lon="18.6659750">
    <ele>810.6</ele>
    <time>2026-05-23T09:57:16Z</time>
   </trkpt>
   <trkpt lat="49.5987400" lon="18.6659760">
    <ele>810.8</ele>
    <time>2026-05-23T09:57:17Z</time>
   </trkpt>
   <trkpt lat="49.5987190" lon="18.6659730">
    <ele>811.0</ele>
    <time>2026-05-23T09:57:18Z</time>
   </trkpt>
   <trkpt lat="49.5986980" lon="18.6659680">
    <ele>811.4</ele>
    <time>2026-05-23T09:57:19Z</time>
   </trkpt>
   <trkpt lat="49.5986670" lon="18.6659640">
    <ele>811.8</ele>
    <time>2026-05-23T09:57:20Z</time>
   </trkpt>
   <trkpt lat="49.5986490" lon="18.6659630">
    <ele>812.0</ele>
    <time>2026-05-23T09:57:21Z</time>
   </trkpt>
   <trkpt lat="49.5986250" lon="18.6659700">
    <ele>812.0</ele>
    <time>2026-05-23T09:57:22Z</time>
   </trkpt>
   <trkpt lat="49.5985990" lon="18.6659740">
    <ele>812.2</ele>
    <time>2026-05-23T09:57:23Z</time>
   </trkpt>
   <trkpt lat="49.5985790" lon="18.6659780">
    <ele>812.4</ele>
    <time>2026-05-23T09:57:24Z</time>
   </trkpt>
   <trkpt lat="49.5985600" lon="18.6659880">
    <ele>812.8</ele>
    <time>2026-05-23T09:57:25Z</time>
   </trkpt>
   <trkpt lat="49.5985310" lon="18.6659980">
    <ele>812.8</ele>
    <time>2026-05-23T09:57:26Z</time>
   </trkpt>
   <trkpt lat="49.5985030" lon="18.6659990">
    <ele>813.4</ele>
    <time>2026-05-23T09:57:27Z</time>
   </trkpt>
   <trkpt lat="49.5984790" lon="18.6659890">
    <ele>813.6</ele>
    <time>2026-05-23T09:57:28Z</time>
   </trkpt>
   <trkpt lat="49.5984470" lon="18.6660000">
    <ele>814.0</ele>
    <time>2026-05-23T09:57:29Z</time>
   </trkpt>
   <trkpt lat="49.5984240" lon="18.6660040">
    <ele>814.2</ele>
    <time>2026-05-23T09:57:30Z</time>
   </trkpt>
   <trkpt lat="49.5983950" lon="18.6660120">
    <ele>814.2</ele>
    <time>2026-05-23T09:57:31Z</time>
   </trkpt>
   <trkpt lat="49.5983650" lon="18.6660230">
    <ele>814.6</ele>
    <time>2026-05-23T09:57:32Z</time>
   </trkpt>
   <trkpt lat="49.5983320" lon="18.6660330">
    <ele>814.8</ele>
    <time>2026-05-23T09:57:33Z</time>
   </trkpt>
   <trkpt lat="49.5983040" lon="18.6660440">
    <ele>815.0</ele>
    <time>2026-05-23T09:57:34Z</time>
   </trkpt>
   <trkpt lat="49.5982890" lon="18.6660450">
    <ele>815.4</ele>
    <time>2026-05-23T09:57:35Z</time>
   </trkpt>
   <trkpt lat="49.5982510" lon="18.6660400">
    <ele>815.6</ele>
    <time>2026-05-23T09:57:36Z</time>
   </trkpt>
   <trkpt lat="49.5982250" lon="18.6660480">
    <ele>815.8</ele>
    <time>2026-05-23T09:57:37Z</time>
   </trkpt>
   <trkpt lat="49.5982010" lon="18.6660520">
    <ele>816.4</ele>
    <time>2026-05-23T09:57:38Z</time>
   </trkpt>
   <trkpt lat="49.5981840" lon="18.6660530">
    <ele>816.8</ele>
    <time>2026-05-23T09:57:39Z</time>
   </trkpt>
   <trkpt lat="49.5981650" lon="18.6660570">
    <ele>817.0</ele>
    <time>2026-05-23T09:57:40Z</time>
   </trkpt>
   <trkpt lat="49.5981260" lon="18.6660740">
    <ele>817.2</ele>
    <time>2026-05-23T09:57:41Z</time>
   </trkpt>
   <trkpt lat="49.5980930" lon="18.6660710">
    <ele>817.4</ele>
    <time>2026-05-23T09:57:42Z</time>
   </trkpt>
   <trkpt lat="49.5980680" lon="18.6660680">
    <ele>817.8</ele>
    <time>2026-05-23T09:57:43Z</time>
   </trkpt>
   <trkpt lat="49.5980620" lon="18.6660540">
    <ele>818.0</ele>
    <time>2026-05-23T09:57:44Z</time>
   </trkpt>
   <trkpt lat="49.5980400" lon="18.6660460">
    <ele>818.2</ele>
    <time>2026-05-23T09:57:45Z</time>
   </trkpt>
   <trkpt lat="49.5980120" lon="18.6660350">
    <ele>818.4</ele>
    <time>2026-05-23T09:57:46Z</time>
   </trkpt>
   <trkpt lat="49.5979840" lon="18.6660420">
    <ele>818.8</ele>
    <time>2026-05-23T09:57:47Z</time>
   </trkpt>
   <trkpt lat="49.5979550" lon="18.6660530">
    <ele>819.0</ele>
    <time>2026-05-23T09:57:48Z</time>
   </trkpt>
   <trkpt lat="49.5979260" lon="18.6660670">
    <ele>819.2</ele>
    <time>2026-05-23T09:57:49Z</time>
   </trkpt>
   <trkpt lat="49.5978970" lon="18.6660670">
    <ele>819.6</ele>
    <time>2026-05-23T09:57:50Z</time>
   </trkpt>
   <trkpt lat="49.5978660" lon="18.6660590">
    <ele>820.0</ele>
    <time>2026-05-23T09:57:51Z</time>
   </trkpt>
   <trkpt lat="49.5978410" lon="18.6660720">
    <ele>820.2</ele>
    <time>2026-05-23T09:57:52Z</time>
   </trkpt>
   <trkpt lat="49.5978260" lon="18.6660640">
    <ele>820.2</ele>
    <time>2026-05-23T09:57:53Z</time>
   </trkpt>
   <trkpt lat="49.5978100" lon="18.6660710">
    <ele>820.4</ele>
    <time>2026-05-23T09:57:54Z</time>
   </trkpt>
   <trkpt lat="49.5978010" lon="18.6660680">
    <ele>820.6</ele>
    <time>2026-05-23T09:57:55Z</time>
   </trkpt>
   <trkpt lat="49.5977830" lon="18.6660600">
    <ele>820.8</ele>
    <time>2026-05-23T09:57:56Z</time>
   </trkpt>
   <trkpt lat="49.5977610" lon="18.6660600">
    <ele>821.2</ele>
    <time>2026-05-23T09:57:57Z</time>
   </trkpt>
   <trkpt lat="49.5977380" lon="18.6660610">
    <ele>821.8</ele>
    <time>2026-05-23T09:57:58Z</time>
   </trkpt>
   <trkpt lat="49.5977080" lon="18.6660730">
    <ele>821.8</ele>
    <time>2026-05-23T09:57:59Z</time>
   </trkpt>
   <trkpt lat="49.5976830" lon="18.6660860">
    <ele>822.0</ele>
    <time>2026-05-23T09:58:00Z</time>
   </trkpt>
   <trkpt lat="49.5976670" lon="18.6660890">
    <ele>822.0</ele>
    <time>2026-05-23T09:58:01Z</time>
   </trkpt>
   <trkpt lat="49.5976490" lon="18.6660860">
    <ele>822.6</ele>
    <time>2026-05-23T09:58:02Z</time>
   </trkpt>
   <trkpt lat="49.5976200" lon="18.6660830">
    <ele>823.0</ele>
    <time>2026-05-23T09:58:03Z</time>
   </trkpt>
   <trkpt lat="49.5975950" lon="18.6660810">
    <ele>823.2</ele>
    <time>2026-05-23T09:58:04Z</time>
   </trkpt>
   <trkpt lat="49.5975690" lon="18.6660910">
    <ele>823.4</ele>
    <time>2026-05-23T09:58:05Z</time>
   </trkpt>
   <trkpt lat="49.5975420" lon="18.6661010">
    <ele>823.6</ele>
    <time>2026-05-23T09:58:06Z</time>
   </trkpt>
   <trkpt lat="49.5975170" lon="18.6661010">
    <ele>823.8</ele>
    <time>2026-05-23T09:58:07Z</time>
   </trkpt>
   <trkpt lat="49.5974930" lon="18.6661010">
    <ele>824.2</ele>
    <time>2026-05-23T09:58:08Z</time>
   </trkpt>
   <trkpt lat="49.5974640" lon="18.6661070">
    <ele>824.6</ele>
    <time>2026-05-23T09:58:09Z</time>
   </trkpt>
   <trkpt lat="49.5974330" lon="18.6661120">
    <ele>825.0</ele>
    <time>2026-05-23T09:58:10Z</time>
   </trkpt>
   <trkpt lat="49.5974040" lon="18.6661150">
    <ele>825.2</ele>
    <time>2026-05-23T09:58:11Z</time>
   </trkpt>
   <trkpt lat="49.5973780" lon="18.6661090">
    <ele>825.4</ele>
    <time>2026-05-23T09:58:12Z</time>
   </trkpt>
   <trkpt lat="49.5973520" lon="18.6661070">
    <ele>825.6</ele>
    <time>2026-05-23T09:58:13Z</time>
   </trkpt>
   <trkpt lat="49.5973250" lon="18.6661100">
    <ele>825.8</ele>
    <time>2026-05-23T09:58:14Z</time>
   </trkpt>
   <trkpt lat="49.5972990" lon="18.6661070">
    <ele>826.2</ele>
    <time>2026-05-23T09:58:15Z</time>
   </trkpt>
   <trkpt lat="49.5972740" lon="18.6660990">
    <ele>826.4</ele>
    <time>2026-05-23T09:58:16Z</time>
   </trkpt>
   <trkpt lat="49.5972530" lon="18.6660870">
    <ele>826.6</ele>
    <time>2026-05-23T09:58:17Z</time>
   </trkpt>
   <trkpt lat="49.5972300" lon="18.6660750">
    <ele>826.8</ele>
    <time>2026-05-23T09:58:18Z</time>
   </trkpt>
   <trkpt lat="49.5972140" lon="18.6660660">
    <ele>827.0</ele>
    <time>2026-05-23T09:58:19Z</time>
   </trkpt>
   <trkpt lat="49.5971930" lon="18.6660580">
    <ele>827.2</ele>
    <time>2026-05-23T09:58:20Z</time>
   </trkpt>
   <trkpt lat="49.5971730" lon="18.6660540">
    <ele>827.2</ele>
    <time>2026-05-23T09:58:21Z</time>
   </trkpt>
   <trkpt lat="49.5971540" lon="18.6660510">
    <ele>827.2</ele>
    <time>2026-05-23T09:58:22Z</time>
   </trkpt>
   <trkpt lat="49.5971480" lon="18.6660500">
    <ele>827.4</ele>
    <time>2026-05-23T09:58:23Z</time>
   </trkpt>
   <trkpt lat="49.5971480" lon="18.6660500">
    <ele>827.6</ele>
    <time>2026-05-23T09:58:24Z</time>
   </trkpt>
   <trkpt lat="49.5971480" lon="18.6660520">
    <ele>827.6</ele>
    <time>2026-05-23T09:58:25Z</time>
   </trkpt>
   <trkpt lat="49.5971410" lon="18.6660740">
    <ele>827.8</ele>
    <time>2026-05-23T10:00:28Z</time>
   </trkpt>
   <trkpt lat="49.5971410" lon="18.6660740">
    <ele>827.8</ele>
    <time>2026-05-23T10:00:29Z</time>
   </trkpt>
   <trkpt lat="49.5971190" lon="18.6660570">
    <ele>827.8</ele>
    <time>2026-05-23T10:00:33Z</time>
   </trkpt>
   <trkpt lat="49.5970960" lon="18.6660460">
    <ele>827.8</ele>
    <time>2026-05-23T10:00:34Z</time>
   </trkpt>
   <trkpt lat="49.5970760" lon="18.6660210">
    <ele>827.2</ele>
    <time>2026-05-23T10:00:35Z</time>
   </trkpt>
   <trkpt lat="49.5970590" lon="18.6659900">
    <ele>827.4</ele>
    <time>2026-05-23T10:00:36Z</time>
   </trkpt>
   <trkpt lat="49.5970370" lon="18.6659660">
    <ele>827.6</ele>
    <time>2026-05-23T10:00:37Z</time>
   </trkpt>
   <trkpt lat="49.5970170" lon="18.6659470">
    <ele>827.8</ele>
    <time>2026-05-23T10:00:38Z</time>
   </trkpt>
   <trkpt lat="49.5969980" lon="18.6659300">
    <ele>827.8</ele>
    <time>2026-05-23T10:00:39Z</time>
   </trkpt>
   <trkpt lat="49.5969750" lon="18.6659180">
    <ele>827.8</ele>
    <time>2026-05-23T10:00:40Z</time>
   </trkpt>
   <trkpt lat="49.5969540" lon="18.6659080">
    <ele>827.8</ele>
    <time>2026-05-23T10:00:41Z</time>
   </trkpt>
   <trkpt lat="49.5969310" lon="18.6659010">
    <ele>827.8</ele>
    <time>2026-05-23T10:00:42Z</time>
   </trkpt>
   <trkpt lat="49.5969100" lon="18.6658850">
    <ele>828.0</ele>
    <time>2026-05-23T10:00:43Z</time>
   </trkpt>
   <trkpt lat="49.5968900" lon="18.6658700">
    <ele>828.0</ele>
    <time>2026-05-23T10:00:44Z</time>
   </trkpt>
   <trkpt lat="49.5968720" lon="18.6658560">
    <ele>828.4</ele>
    <time>2026-05-23T10:00:45Z</time>
   </trkpt>
   <trkpt lat="49.5968540" lon="18.6658410">
    <ele>828.6</ele>
    <time>2026-05-23T10:00:46Z</time>
   </trkpt>
   <trkpt lat="49.5968180" lon="18.6658080">
    <ele>829.0</ele>
    <time>2026-05-23T10:00:48Z</time>
   </trkpt>
   <trkpt lat="49.5968010" lon="18.6657920">
    <ele>829.2</ele>
    <time>2026-05-23T10:00:49Z</time>
   </trkpt>
   <trkpt lat="49.5967860" lon="18.6657760">
    <ele>829.2</ele>
    <time>2026-05-23T10:00:50Z</time>
   </trkpt>
   <trkpt lat="49.5967720" lon="18.6657630">
    <ele>829.4</ele>
    <time>2026-05-23T10:00:51Z</time>
   </trkpt>
   <trkpt lat="49.5967560" lon="18.6657470">
    <ele>829.4</ele>
    <time>2026-05-23T10:00:52Z</time>
   </trkpt>
   <trkpt lat="49.5967430" lon="18.6657230">
    <ele>829.8</ele>
    <time>2026-05-23T10:00:53Z</time>
   </trkpt>
   <trkpt lat="49.5967340" lon="18.6656990">
    <ele>829.8</ele>
    <time>2026-05-23T10:00:54Z</time>
   </trkpt>
   <trkpt lat="49.5967220" lon="18.6656770">
    <ele>829.8</ele>
    <time>2026-05-23T10:00:55Z</time>
   </trkpt>
   <trkpt lat="49.5967060" lon="18.6656510">
    <ele>829.8</ele>
    <time>2026-05-23T10:00:56Z</time>
   </trkpt>
   <trkpt lat="49.5966950" lon="18.6656260">
    <ele>830.0</ele>
    <time>2026-05-23T10:00:57Z</time>
   </trkpt>
   <trkpt lat="49.5966830" lon="18.6655980">
    <ele>830.2</ele>
    <time>2026-05-23T10:00:58Z</time>
   </trkpt>
   <trkpt lat="49.5966670" lon="18.6655770">
    <ele>830.4</ele>
    <time>2026-05-23T10:00:59Z</time>
   </trkpt>
   <trkpt lat="49.5966490" lon="18.6655590">
    <ele>830.6</ele>
    <time>2026-05-23T10:01:00Z</time>
   </trkpt>
   <trkpt lat="49.5966320" lon="18.6655400">
    <ele>830.8</ele>
    <time>2026-05-23T10:01:01Z</time>
   </trkpt>
   <trkpt lat="49.5966140" lon="18.6655200">
    <ele>830.8</ele>
    <time>2026-05-23T10:01:02Z</time>
   </trkpt>
   <trkpt lat="49.5965980" lon="18.6654990">
    <ele>831.0</ele>
    <time>2026-05-23T10:01:03Z</time>
   </trkpt>
   <trkpt lat="49.5965860" lon="18.6654760">
    <ele>831.4</ele>
    <time>2026-05-23T10:01:04Z</time>
   </trkpt>
   <trkpt lat="49.5965720" lon="18.6654530">
    <ele>831.6</ele>
    <time>2026-05-23T10:01:05Z</time>
   </trkpt>
   <trkpt lat="49.5965560" lon="18.6654320">
    <ele>831.6</ele>
    <time>2026-05-23T10:01:06Z</time>
   </trkpt>
   <trkpt lat="49.5965420" lon="18.6654090">
    <ele>831.8</ele>
    <time>2026-05-23T10:01:07Z</time>
   </trkpt>
   <trkpt lat="49.5965230" lon="18.6653790">
    <ele>831.8</ele>
    <time>2026-05-23T10:01:08Z</time>
   </trkpt>
   <trkpt lat="49.5965100" lon="18.6653580">
    <ele>831.8</ele>
    <time>2026-05-23T10:01:09Z</time>
   </trkpt>
   <trkpt lat="49.5964950" lon="18.6653360">
    <ele>832.0</ele>
    <time>2026-05-23T10:01:10Z</time>
   </trkpt>
   <trkpt lat="49.5964780" lon="18.6653140">
    <ele>832.0</ele>
    <time>2026-05-23T10:01:11Z</time>
   </trkpt>
   <trkpt lat="49.5964610" lon="18.6652800">
    <ele>832.2</ele>
    <time>2026-05-23T10:01:12Z</time>
   </trkpt>
   <trkpt lat="49.5964470" lon="18.6652590">
    <ele>832.2</ele>
    <time>2026-05-23T10:01:13Z</time>
   </trkpt>
   <trkpt lat="49.5964310" lon="18.6652360">
    <ele>832.4</ele>
    <time>2026-05-23T10:01:14Z</time>
   </trkpt>
   <trkpt lat="49.5964120" lon="18.6652120">
    <ele>832.4</ele>
    <time>2026-05-23T10:01:15Z</time>
   </trkpt>
   <trkpt lat="49.5963970" lon="18.6651840">
    <ele>832.6</ele>
    <time>2026-05-23T10:01:16Z</time>
   </trkpt>
   <trkpt lat="49.5963830" lon="18.6651580">
    <ele>832.6</ele>
    <time>2026-05-23T10:01:17Z</time>
   </trkpt>
   <trkpt lat="49.5963690" lon="18.6651320">
    <ele>833.0</ele>
    <time>2026-05-23T10:01:18Z</time>
   </trkpt>
   <trkpt lat="49.5963550" lon="18.6651070">
    <ele>833.2</ele>
    <time>2026-05-23T10:01:19Z</time>
   </trkpt>
   <trkpt lat="49.5963420" lon="18.6650800">
    <ele>833.4</ele>
    <time>2026-05-23T10:01:20Z</time>
   </trkpt>
   <trkpt lat="49.5963310" lon="18.6650520">
    <ele>833.4</ele>
    <time>2026-05-23T10:01:21Z</time>
   </trkpt>
   <trkpt lat="49.5963170" lon="18.6650250">
    <ele>833.4</ele>
    <time>2026-05-23T10:01:22Z</time>
   </trkpt>
   <trkpt lat="49.5963020" lon="18.6650020">
    <ele>833.6</ele>
    <time>2026-05-23T10:01:23Z</time>
   </trkpt>
   <trkpt lat="49.5962930" lon="18.6649770">
    <ele>833.8</ele>
    <time>2026-05-23T10:01:24Z</time>
   </trkpt>
   <trkpt lat="49.5962860" lon="18.6649480">
    <ele>834.0</ele>
    <time>2026-05-23T10:01:25Z</time>
   </trkpt>
   <trkpt lat="49.5962690" lon="18.6649200">
    <ele>834.2</ele>
    <time>2026-05-23T10:01:26Z</time>
   </trkpt>
   <trkpt lat="49.5962520" lon="18.6648980">
    <ele>834.4</ele>
    <time>2026-05-23T10:01:27Z</time>
   </trkpt>
   <trkpt lat="49.5962350" lon="18.6648660">
    <ele>834.8</ele>
    <time>2026-05-23T10:01:28Z</time>
   </trkpt>
   <trkpt lat="49.5962230" lon="18.6648340">
    <ele>835.0</ele>
    <time>2026-05-23T10:01:29Z</time>
   </trkpt>
   <trkpt lat="49.5962130" lon="18.6648020">
    <ele>835.2</ele>
    <time>2026-05-23T10:01:30Z</time>
   </trkpt>
   <trkpt lat="49.5962000" lon="18.6647810">
    <ele>835.4</ele>
    <time>2026-05-23T10:01:31Z</time>
   </trkpt>
   <trkpt lat="49.5961870" lon="18.6647600">
    <ele>835.8</ele>
    <time>2026-05-23T10:01:32Z</time>
   </trkpt>
   <trkpt lat="49.5961710" lon="18.6647370">
    <ele>836.0</ele>
    <time>2026-05-23T10:01:33Z</time>
   </trkpt>
   <trkpt lat="49.5961590" lon="18.6647170">
    <ele>836.0</ele>
    <time>2026-05-23T10:01:34Z</time>
   </trkpt>
   <trkpt lat="49.5961490" lon="18.6646900">
    <ele>836.4</ele>
    <time>2026-05-23T10:01:35Z</time>
   </trkpt>
   <trkpt lat="49.5961430" lon="18.6646560">
    <ele>836.6</ele>
    <time>2026-05-23T10:01:36Z</time>
   </trkpt>
   <trkpt lat="49.5961340" lon="18.6646300">
    <ele>836.8</ele>
    <time>2026-05-23T10:01:37Z</time>
   </trkpt>
   <trkpt lat="49.5961200" lon="18.6646050">
    <ele>837.2</ele>
    <time>2026-05-23T10:01:38Z</time>
   </trkpt>
   <trkpt lat="49.5961070" lon="18.6645780">
    <ele>837.2</ele>
    <time>2026-05-23T10:01:39Z</time>
   </trkpt>
   <trkpt lat="49.5960900" lon="18.6645480">
    <ele>837.4</ele>
    <time>2026-05-23T10:01:40Z</time>
   </trkpt>
   <trkpt lat="49.5960770" lon="18.6645230">
    <ele>837.4</ele>
    <time>2026-05-23T10:01:41Z</time>
   </trkpt>
   <trkpt lat="49.5960660" lon="18.6644980">
    <ele>837.8</ele>
    <time>2026-05-23T10:01:42Z</time>
   </trkpt>
   <trkpt lat="49.5960530" lon="18.6644730">
    <ele>837.8</ele>
    <time>2026-05-23T10:01:43Z</time>
   </trkpt>
   <trkpt lat="49.5960390" lon="18.6644490">
    <ele>837.8</ele>
    <time>2026-05-23T10:01:44Z</time>
   </trkpt>
   <trkpt lat="49.5960240" lon="18.6644270">
    <ele>838.0</ele>
    <time>2026-05-23T10:01:45Z</time>
   </trkpt>
   <trkpt lat="49.5960120" lon="18.6644000">
    <ele>838.2</ele>
    <time>2026-05-23T10:01:46Z</time>
   </trkpt>
   <trkpt lat="49.5959930" lon="18.6643730">
    <ele>838.4</ele>
    <time>2026-05-23T10:01:47Z</time>
   </trkpt>
   <trkpt lat="49.5959780" lon="18.6643470">
    <ele>838.8</ele>
    <time>2026-05-23T10:01:48Z</time>
   </trkpt>
   <trkpt lat="49.5959630" lon="18.6643190">
    <ele>839.0</ele>
    <time>2026-05-23T10:01:49Z</time>
   </trkpt>
   <trkpt lat="49.5959440" lon="18.6643010">
    <ele>839.0</ele>
    <time>2026-05-23T10:01:50Z</time>
   </trkpt>
   <trkpt lat="49.5959230" lon="18.6642850">
    <ele>839.4</ele>
    <time>2026-05-23T10:01:51Z</time>
   </trkpt>
   <trkpt lat="49.5959030" lon="18.6642640">
    <ele>839.4</ele>
    <time>2026-05-23T10:01:52Z</time>
   </trkpt>
   <trkpt lat="49.5958860" lon="18.6642390">
    <ele>839.6</ele>
    <time>2026-05-23T10:01:53Z</time>
   </trkpt>
   <trkpt lat="49.5958740" lon="18.6642070">
    <ele>839.8</ele>
    <time>2026-05-23T10:01:54Z</time>
   </trkpt>
   <trkpt lat="49.5958620" lon="18.6641810">
    <ele>840.0</ele>
    <time>2026-05-23T10:01:55Z</time>
   </trkpt>
   <trkpt lat="49.5958500" lon="18.6641540">
    <ele>840.4</ele>
    <time>2026-05-23T10:01:56Z</time>
   </trkpt>
   <trkpt lat="49.5958340" lon="18.6641220">
    <ele>840.4</ele>
    <time>2026-05-23T10:01:57Z</time>
   </trkpt>
   <trkpt lat="49.5958180" lon="18.6640960">
    <ele>840.4</ele>
    <time>2026-05-23T10:01:58Z</time>
   </trkpt>
   <trkpt lat="49.5958040" lon="18.6640640">
    <ele>840.6</ele>
    <time>2026-05-23T10:01:59Z</time>
   </trkpt>
   <trkpt lat="49.5957900" lon="18.6640370">
    <ele>840.6</ele>
    <time>2026-05-23T10:02:00Z</time>
   </trkpt>
   <trkpt lat="49.5957760" lon="18.6640100">
    <ele>840.8</ele>
    <time>2026-05-23T10:02:01Z</time>
   </trkpt>
   <trkpt lat="49.5957690" lon="18.6639810">
    <ele>841.0</ele>
    <time>2026-05-23T10:02:02Z</time>
   </trkpt>
   <trkpt lat="49.5957610" lon="18.6639440">
    <ele>841.0</ele>
    <time>2026-05-23T10:02:03Z</time>
   </trkpt>
   <trkpt lat="49.5957540" lon="18.6639060">
    <ele>841.0</ele>
    <time>2026-05-23T10:02:04Z</time>
   </trkpt>
   <trkpt lat="49.5957450" lon="18.6638670">
    <ele>841.2</ele>
    <time>2026-05-23T10:02:05Z</time>
   </trkpt>
   <trkpt lat="49.5957370" lon="18.6638290">
    <ele>841.6</ele>
    <time>2026-05-23T10:02:06Z</time>
   </trkpt>
   <trkpt lat="49.5957290" lon="18.6637970">
    <ele>841.6</ele>
    <time>2026-05-23T10:02:07Z</time>
   </trkpt>
   <trkpt lat="49.5957250" lon="18.6637640">
    <ele>841.8</ele>
    <time>2026-05-23T10:02:08Z</time>
   </trkpt>
   <trkpt lat="49.5957200" lon="18.6637300">
    <ele>842.0</ele>
    <time>2026-05-23T10:02:09Z</time>
   </trkpt>
   <trkpt lat="49.5957140" lon="18.6636910">
    <ele>842.0</ele>
    <time>2026-05-23T10:02:10Z</time>
   </trkpt>
   <trkpt lat="49.5957100" lon="18.6636520">
    <ele>842.2</ele>
    <time>2026-05-23T10:02:11Z</time>
   </trkpt>
   <trkpt lat="49.5957110" lon="18.6636200">
    <ele>842.4</ele>
    <time>2026-05-23T10:02:12Z</time>
   </trkpt>
   <trkpt lat="49.5957150" lon="18.6635880">
    <ele>842.6</ele>
    <time>2026-05-23T10:02:13Z</time>
   </trkpt>
   <trkpt lat="49.5957190" lon="18.6635580">
    <ele>842.6</ele>
    <time>2026-05-23T10:02:14Z</time>
   </trkpt>
   <trkpt lat="49.5957190" lon="18.6635260">
    <ele>842.8</ele>
    <time>2026-05-23T10:02:15Z</time>
   </trkpt>
   <trkpt lat="49.5957140" lon="18.6634930">
    <ele>842.8</ele>
    <time>2026-05-23T10:02:16Z</time>
   </trkpt>
   <trkpt lat="49.5957100" lon="18.6634610">
    <ele>843.0</ele>
    <time>2026-05-23T10:02:17Z</time>
   </trkpt>
   <trkpt lat="49.5957050" lon="18.6634240">
    <ele>843.4</ele>
    <time>2026-05-23T10:02:18Z</time>
   </trkpt>
   <trkpt lat="49.5957070" lon="18.6633840">
    <ele>843.6</ele>
    <time>2026-05-23T10:02:19Z</time>
   </trkpt>
   <trkpt lat="49.5957090" lon="18.6633430">
    <ele>844.2</ele>
    <time>2026-05-23T10:02:20Z</time>
   </trkpt>
   <trkpt lat="49.5957110" lon="18.6633030">
    <ele>844.4</ele>
    <time>2026-05-23T10:02:21Z</time>
   </trkpt>
   <trkpt lat="49.5957140" lon="18.6632690">
    <ele>844.6</ele>
    <time>2026-05-23T10:02:22Z</time>
   </trkpt>
   <trkpt lat="49.5957180" lon="18.6632340">
    <ele>844.8</ele>
    <time>2026-05-23T10:02:23Z</time>
   </trkpt>
   <trkpt lat="49.5957220" lon="18.6631990">
    <ele>845.0</ele>
    <time>2026-05-23T10:02:24Z</time>
   </trkpt>
   <trkpt lat="49.5957240" lon="18.6631630">
    <ele>845.0</ele>
    <time>2026-05-23T10:02:25Z</time>
   </trkpt>
   <trkpt lat="49.5957280" lon="18.6631280">
    <ele>845.0</ele>
    <time>2026-05-23T10:02:26Z</time>
   </trkpt>
   <trkpt lat="49.5957320" lon="18.6630930">
    <ele>845.2</ele>
    <time>2026-05-23T10:02:27Z</time>
   </trkpt>
   <trkpt lat="49.5957380" lon="18.6630600">
    <ele>845.6</ele>
    <time>2026-05-23T10:02:28Z</time>
   </trkpt>
   <trkpt lat="49.5957430" lon="18.6630250">
    <ele>846.0</ele>
    <time>2026-05-23T10:02:29Z</time>
   </trkpt>
   <trkpt lat="49.5957480" lon="18.6629910">
    <ele>846.2</ele>
    <time>2026-05-23T10:02:30Z</time>
   </trkpt>
   <trkpt lat="49.5957510" lon="18.6629530">
    <ele>846.4</ele>
    <time>2026-05-23T10:02:31Z</time>
   </trkpt>
   <trkpt lat="49.5957600" lon="18.6629170">
    <ele>846.6</ele>
    <time>2026-05-23T10:02:32Z</time>
   </trkpt>
   <trkpt lat="49.5957700" lon="18.6628870">
    <ele>846.6</ele>
    <time>2026-05-23T10:02:33Z</time>
   </trkpt>
   <trkpt lat="49.5957790" lon="18.6628570">
    <ele>846.6</ele>
    <time>2026-05-23T10:02:34Z</time>
   </trkpt>
   <trkpt lat="49.5957900" lon="18.6628280">
    <ele>846.6</ele>
    <time>2026-05-23T10:02:35Z</time>
   </trkpt>
   <trkpt lat="49.5957960" lon="18.6627930">
    <ele>846.8</ele>
    <time>2026-05-23T10:02:36Z</time>
   </trkpt>
   <trkpt lat="49.5958060" lon="18.6627630">
    <ele>847.0</ele>
    <time>2026-05-23T10:02:37Z</time>
   </trkpt>
   <trkpt lat="49.5958090" lon="18.6627290">
    <ele>847.2</ele>
    <time>2026-05-23T10:02:38Z</time>
   </trkpt>
   <trkpt lat="49.5958070" lon="18.6626960">
    <ele>847.4</ele>
    <time>2026-05-23T10:02:39Z</time>
   </trkpt>
   <trkpt lat="49.5958030" lon="18.6626640">
    <ele>847.4</ele>
    <time>2026-05-23T10:02:40Z</time>
   </trkpt>
   <trkpt lat="49.5958080" lon="18.6626280">
    <ele>847.4</ele>
    <time>2026-05-23T10:02:41Z</time>
   </trkpt>
   <trkpt lat="49.5958090" lon="18.6625900">
    <ele>847.6</ele>
    <time>2026-05-23T10:02:42Z</time>
   </trkpt>
   <trkpt lat="49.5958130" lon="18.6625610">
    <ele>847.6</ele>
    <time>2026-05-23T10:02:43Z</time>
   </trkpt>
   <trkpt lat="49.5958180" lon="18.6625330">
    <ele>847.8</ele>
    <time>2026-05-23T10:02:44Z</time>
   </trkpt>
   <trkpt lat="49.5958160" lon="18.6624990">
    <ele>847.8</ele>
    <time>2026-05-23T10:02:45Z</time>
   </trkpt>
   <trkpt lat="49.5958110" lon="18.6624670">
    <ele>848.0</ele>
    <time>2026-05-23T10:02:46Z</time>
   </trkpt>
   <trkpt lat="49.5958080" lon="18.6624350">
    <ele>848.0</ele>
    <time>2026-05-23T10:02:47Z</time>
   </trkpt>
   <trkpt lat="49.5958010" lon="18.6623940">
    <ele>848.0</ele>
    <time>2026-05-23T10:02:48Z</time>
   </trkpt>
   <trkpt lat="49.5957950" lon="18.6623630">
    <ele>848.2</ele>
    <time>2026-05-23T10:02:49Z</time>
   </trkpt>
   <trkpt lat="49.5957830" lon="18.6623300">
    <ele>848.4</ele>
    <time>2026-05-23T10:02:50Z</time>
   </trkpt>
   <trkpt lat="49.5957740" lon="18.6622900">
    <ele>848.4</ele>
    <time>2026-05-23T10:02:51Z</time>
   </trkpt>
   <trkpt lat="49.5957630" lon="18.6622460">
    <ele>848.4</ele>
    <time>2026-05-23T10:02:52Z</time>
   </trkpt>
   <trkpt lat="49.5957610" lon="18.6622080">
    <ele>848.6</ele>
    <time>2026-05-23T10:02:53Z</time>
   </trkpt>
   <trkpt lat="49.5957540" lon="18.6621730">
    <ele>848.6</ele>
    <time>2026-05-23T10:02:54Z</time>
   </trkpt>
   <trkpt lat="49.5957490" lon="18.6621410">
    <ele>848.8</ele>
    <time>2026-05-23T10:02:55Z</time>
   </trkpt>
   <trkpt lat="49.5957430" lon="18.6621120">
    <ele>848.8</ele>
    <time>2026-05-23T10:02:56Z</time>
   </trkpt>
   <trkpt lat="49.5957340" lon="18.6620830">
    <ele>849.2</ele>
    <time>2026-05-23T10:02:57Z</time>
   </trkpt>
   <trkpt lat="49.5957180" lon="18.6620540">
    <ele>849.2</ele>
    <time>2026-05-23T10:02:58Z</time>
   </trkpt>
   <trkpt lat="49.5957160" lon="18.6620310">
    <ele>849.4</ele>
    <time>2026-05-23T10:02:59Z</time>
   </trkpt>
   <trkpt lat="49.5957120" lon="18.6620050">
    <ele>849.4</ele>
    <time>2026-05-23T10:03:00Z</time>
   </trkpt>
   <trkpt lat="49.5957120" lon="18.6619840">
    <ele>849.4</ele>
    <time>2026-05-23T10:03:01Z</time>
   </trkpt>
   <trkpt lat="49.5956950" lon="18.6619550">
    <ele>849.6</ele>
    <time>2026-05-23T10:03:02Z</time>
   </trkpt>
   <trkpt lat="49.5956860" lon="18.6619290">
    <ele>850.2</ele>
    <time>2026-05-23T10:03:03Z</time>
   </trkpt>
   <trkpt lat="49.5956860" lon="18.6619110">
    <ele>850.6</ele>
    <time>2026-05-23T10:03:04Z</time>
   </trkpt>
   <trkpt lat="49.5956730" lon="18.6618810">
    <ele>850.8</ele>
    <time>2026-05-23T10:03:05Z</time>
   </trkpt>
   <trkpt lat="49.5956480" lon="18.6618550">
    <ele>850.8</ele>
    <time>2026-05-23T10:03:06Z</time>
   </trkpt>
   <trkpt lat="49.5956440" lon="18.6618290">
    <ele>850.8</ele>
    <time>2026-05-23T10:03:07Z</time>
   </trkpt>
   <trkpt lat="49.5956370" lon="18.6618040">
    <ele>851.0</ele>
    <time>2026-05-23T10:03:08Z</time>
   </trkpt>
   <trkpt lat="49.5956090" lon="18.6617750">
    <ele>851.2</ele>
    <time>2026-05-23T10:03:09Z</time>
   </trkpt>
   <trkpt lat="49.5956110" lon="18.6617260">
    <ele>851.6</ele>
    <time>2026-05-23T10:03:10Z</time>
   </trkpt>
   <trkpt lat="49.5956200" lon="18.6616690">
    <ele>851.8</ele>
    <time>2026-05-23T10:03:11Z</time>
   </trkpt>
   <trkpt lat="49.5956030" lon="18.6616300">
    <ele>852.2</ele>
    <time>2026-05-23T10:03:12Z</time>
   </trkpt>
   <trkpt lat="49.5955980" lon="18.6615840">
    <ele>852.2</ele>
    <time>2026-05-23T10:03:13Z</time>
   </trkpt>
   <trkpt lat="49.5955870" lon="18.6615330">
    <ele>852.2</ele>
    <time>2026-05-23T10:03:14Z</time>
   </trkpt>
   <trkpt lat="49.5955780" lon="18.6615020">
    <ele>852.4</ele>
    <time>2026-05-23T10:03:15Z</time>
   </trkpt>
   <trkpt lat="49.5955690" lon="18.6614680">
    <ele>852.6</ele>
    <time>2026-05-23T10:03:16Z</time>
   </trkpt>
   <trkpt lat="49.5955590" lon="18.6614330">
    <ele>852.6</ele>
    <time>2026-05-23T10:03:17Z</time>
   </trkpt>
   <trkpt lat="49.5955460" lon="18.6614000">
    <ele>852.8</ele>
    <time>2026-05-23T10:03:18Z</time>
   </trkpt>
   <trkpt lat="49.5955320" lon="18.6613680">
    <ele>853.0</ele>
    <time>2026-05-23T10:03:19Z</time>
   </trkpt>
   <trkpt lat="49.5955230" lon="18.6613320">
    <ele>853.0</ele>
    <time>2026-05-23T10:03:20Z</time>
   </trkpt>
   <trkpt lat="49.5955150" lon="18.6612920">
    <ele>853.0</ele>
    <time>2026-05-23T10:03:21Z</time>
   </trkpt>
   <trkpt lat="49.5955080" lon="18.6612480">
    <ele>853.2</ele>
    <time>2026-05-23T10:03:22Z</time>
   </trkpt>
   <trkpt lat="49.5955020" lon="18.6611960">
    <ele>853.4</ele>
    <time>2026-05-23T10:03:23Z</time>
   </trkpt>
   <trkpt lat="49.5954970" lon="18.6611560">
    <ele>853.4</ele>
    <time>2026-05-23T10:03:24Z</time>
   </trkpt>
   <trkpt lat="49.5954920" lon="18.6611240">
    <ele>853.4</ele>
    <time>2026-05-23T10:03:25Z</time>
   </trkpt>
   <trkpt lat="49.5954840" lon="18.6610920">
    <ele>853.6</ele>
    <time>2026-05-23T10:03:26Z</time>
   </trkpt>
   <trkpt lat="49.5954730" lon="18.6610580">
    <ele>853.8</ele>
    <time>2026-05-23T10:03:27Z</time>
   </trkpt>
   <trkpt lat="49.5954620" lon="18.6610240">
    <ele>853.8</ele>
    <time>2026-05-23T10:03:28Z</time>
   </trkpt>
   <trkpt lat="49.5954530" lon="18.6609900">
    <ele>854.2</ele>
    <time>2026-05-23T10:03:29Z</time>
   </trkpt>
   <trkpt lat="49.5954440" lon="18.6609570">
    <ele>854.4</ele>
    <time>2026-05-23T10:03:30Z</time>
   </trkpt>
   <trkpt lat="49.5954410" lon="18.6609200">
    <ele>854.6</ele>
    <time>2026-05-23T10:03:31Z</time>
   </trkpt>
   <trkpt lat="49.5954310" lon="18.6608870">
    <ele>854.8</ele>
    <time>2026-05-23T10:03:32Z</time>
   </trkpt>
   <trkpt lat="49.5954150" lon="18.6608490">
    <ele>854.8</ele>
    <time>2026-05-23T10:03:33Z</time>
   </trkpt>
   <trkpt lat="49.5954030" lon="18.6608110">
    <ele>855.0</ele>
    <time>2026-05-23T10:03:34Z</time>
   </trkpt>
   <trkpt lat="49.5953920" lon="18.6607760">
    <ele>855.2</ele>
    <time>2026-05-23T10:03:35Z</time>
   </trkpt>
   <trkpt lat="49.5953800" lon="18.6607450">
    <ele>855.4</ele>
    <time>2026-05-23T10:03:36Z</time>
   </trkpt>
   <trkpt lat="49.5953680" lon="18.6607170">
    <ele>855.6</ele>
    <time>2026-05-23T10:03:37Z</time>
   </trkpt>
   <trkpt lat="49.5953560" lon="18.6606890">
    <ele>855.8</ele>
    <time>2026-05-23T10:03:38Z</time>
   </trkpt>
   <trkpt lat="49.5953380" lon="18.6606580">
    <ele>855.8</ele>
    <time>2026-05-23T10:03:39Z</time>
   </trkpt>
   <trkpt lat="49.5953230" lon="18.6606310">
    <ele>856.0</ele>
    <time>2026-05-23T10:03:40Z</time>
   </trkpt>
   <trkpt lat="49.5953050" lon="18.6606030">
    <ele>856.2</ele>
    <time>2026-05-23T10:03:41Z</time>
   </trkpt>
   <trkpt lat="49.5952860" lon="18.6605760">
    <ele>856.4</ele>
    <time>2026-05-23T10:03:42Z</time>
   </trkpt>
   <trkpt lat="49.5952710" lon="18.6605530">
    <ele>856.6</ele>
    <time>2026-05-23T10:03:43Z</time>
   </trkpt>
   <trkpt lat="49.5952530" lon="18.6605310">
    <ele>856.6</ele>
    <time>2026-05-23T10:03:44Z</time>
   </trkpt>
   <trkpt lat="49.5952320" lon="18.6605090">
    <ele>857.0</ele>
    <time>2026-05-23T10:03:45Z</time>
   </trkpt>
   <trkpt lat="49.5952100" lon="18.6604870">
    <ele>857.2</ele>
    <time>2026-05-23T10:03:46Z</time>
   </trkpt>
   <trkpt lat="49.5951900" lon="18.6604610">
    <ele>857.4</ele>
    <time>2026-05-23T10:03:47Z</time>
   </trkpt>
   <trkpt lat="49.5951710" lon="18.6604350">
    <ele>857.6</ele>
    <time>2026-05-23T10:03:48Z</time>
   </trkpt>
   <trkpt lat="49.5951510" lon="18.6604130">
    <ele>857.6</ele>
    <time>2026-05-23T10:03:49Z</time>
   </trkpt>
   <trkpt lat="49.5951300" lon="18.6603880">
    <ele>857.8</ele>
    <time>2026-05-23T10:03:50Z</time>
   </trkpt>
   <trkpt lat="49.5951140" lon="18.6603580">
    <ele>858.0</ele>
    <time>2026-05-23T10:03:51Z</time>
   </trkpt>
   <trkpt lat="49.5950970" lon="18.6603300">
    <ele>858.2</ele>
    <time>2026-05-23T10:03:52Z</time>
   </trkpt>
   <trkpt lat="49.5950760" lon="18.6603030">
    <ele>858.4</ele>
    <time>2026-05-23T10:03:53Z</time>
   </trkpt>
   <trkpt lat="49.5950550" lon="18.6602710">
    <ele>858.6</ele>
    <time>2026-05-23T10:03:54Z</time>
   </trkpt>
   <trkpt lat="49.5950380" lon="18.6602430">
    <ele>858.8</ele>
    <time>2026-05-23T10:03:55Z</time>
   </trkpt>
   <trkpt lat="49.5950200" lon="18.6602150">
    <ele>858.8</ele>
    <time>2026-05-23T10:03:56Z</time>
   </trkpt>
   <trkpt lat="49.5950040" lon="18.6601890">
    <ele>859.0</ele>
    <time>2026-05-23T10:03:57Z</time>
   </trkpt>
   <trkpt lat="49.5949900" lon="18.6601650">
    <ele>859.2</ele>
    <time>2026-05-23T10:03:58Z</time>
   </trkpt>
   <trkpt lat="49.5949760" lon="18.6601420">
    <ele>859.4</ele>
    <time>2026-05-23T10:03:59Z</time>
   </trkpt>
   <trkpt lat="49.5949620" lon="18.6601100">
    <ele>859.4</ele>
    <time>2026-05-23T10:04:00Z</time>
   </trkpt>
   <trkpt lat="49.5949500" lon="18.6600750">
    <ele>859.6</ele>
    <time>2026-05-23T10:04:01Z</time>
   </trkpt>
   <trkpt lat="49.5949380" lon="18.6600410">
    <ele>859.8</ele>
    <time>2026-05-23T10:04:02Z</time>
   </trkpt>
   <trkpt lat="49.5949280" lon="18.6600080">
    <ele>860.0</ele>
    <time>2026-05-23T10:04:03Z</time>
   </trkpt>
   <trkpt lat="49.5949180" lon="18.6599750">
    <ele>860.2</ele>
    <time>2026-05-23T10:04:04Z</time>
   </trkpt>
   <trkpt lat="49.5949070" lon="18.6599370">
    <ele>860.2</ele>
    <time>2026-05-23T10:04:05Z</time>
   </trkpt>
   <trkpt lat="49.5948970" lon="18.6599030">
    <ele>860.4</ele>
    <time>2026-05-23T10:04:06Z</time>
   </trkpt>
   <trkpt lat="49.5948900" lon="18.6598620">
    <ele>860.6</ele>
    <time>2026-05-23T10:04:07Z</time>
   </trkpt>
   <trkpt lat="49.5948810" lon="18.6598290">
    <ele>860.8</ele>
    <time>2026-05-23T10:04:08Z</time>
   </trkpt>
   <trkpt lat="49.5948740" lon="18.6597960">
    <ele>860.8</ele>
    <time>2026-05-23T10:04:09Z</time>
   </trkpt>
   <trkpt lat="49.5948660" lon="18.6597630">
    <ele>861.0</ele>
    <time>2026-05-23T10:04:10Z</time>
   </trkpt>
   <trkpt lat="49.5948580" lon="18.6597310">
    <ele>861.2</ele>
    <time>2026-05-23T10:04:11Z</time>
   </trkpt>
   <trkpt lat="49.5948500" lon="18.6596990">
    <ele>861.4</ele>
    <time>2026-05-23T10:04:12Z</time>
   </trkpt>
   <trkpt lat="49.5948460" lon="18.6596610">
    <ele>861.4</ele>
    <time>2026-05-23T10:04:13Z</time>
   </trkpt>
   <trkpt lat="49.5948400" lon="18.6596180">
    <ele>861.8</ele>
    <time>2026-05-23T10:04:14Z</time>
   </trkpt>
   <trkpt lat="49.5948340" lon="18.6595840">
    <ele>861.8</ele>
    <time>2026-05-23T10:04:15Z</time>
   </trkpt>
   <trkpt lat="49.5948250" lon="18.6595500">
    <ele>862.0</ele>
    <time>2026-05-23T10:04:16Z</time>
   </trkpt>
   <trkpt lat="49.5948200" lon="18.6595120">
    <ele>862.2</ele>
    <time>2026-05-23T10:04:17Z</time>
   </trkpt>
   <trkpt lat="49.5948140" lon="18.6594760">
    <ele>862.4</ele>
    <time>2026-05-23T10:04:18Z</time>
   </trkpt>
   <trkpt lat="49.5948100" lon="18.6594380">
    <ele>862.6</ele>
    <time>2026-05-23T10:04:19Z</time>
   </trkpt>
   <trkpt lat="49.5948020" lon="18.6593970">
    <ele>862.8</ele>
    <time>2026-05-23T10:04:20Z</time>
   </trkpt>
   <trkpt lat="49.5947960" lon="18.6593600">
    <ele>862.8</ele>
    <time>2026-05-23T10:04:21Z</time>
   </trkpt>
   <trkpt lat="49.5947900" lon="18.6593200">
    <ele>863.0</ele>
    <time>2026-05-23T10:04:22Z</time>
   </trkpt>
   <trkpt lat="49.5947830" lon="18.6592790">
    <ele>863.2</ele>
    <time>2026-05-23T10:04:23Z</time>
   </trkpt>
   <trkpt lat="49.5947790" lon="18.6592330">
    <ele>863.2</ele>
    <time>2026-05-23T10:04:24Z</time>
   </trkpt>
   <trkpt lat="49.5947750" lon="18.6591780">
    <ele>863.4</ele>
    <time>2026-05-23T10:04:25Z</time>
   </trkpt>
   <trkpt lat="49.5947750" lon="18.6591250">
    <ele>863.4</ele>
    <time>2026-05-23T10:04:26Z</time>
   </trkpt>
   <trkpt lat="49.5947750" lon="18.6590730">
    <ele>863.6</ele>
    <time>2026-05-23T10:04:27Z</time>
   </trkpt>
   <trkpt lat="49.5947740" lon="18.6590210">
    <ele>863.6</ele>
    <time>2026-05-23T10:04:28Z</time>
   </trkpt>
   <trkpt lat="49.5947750" lon="18.6589690">
    <ele>863.8</ele>
    <time>2026-05-23T10:04:29Z</time>
   </trkpt>
   <trkpt lat="49.5947770" lon="18.6589150">
    <ele>864.4</ele>
    <time>2026-05-23T10:04:30Z</time>
   </trkpt>
   <trkpt lat="49.5947800" lon="18.6588580">
    <ele>865.2</ele>
    <time>2026-05-23T10:04:31Z</time>
   </trkpt>
   <trkpt lat="49.5947770" lon="18.6588020">
    <ele>865.6</ele>
    <time>2026-05-23T10:04:32Z</time>
   </trkpt>
   <trkpt lat="49.5947790" lon="18.6587440">
    <ele>865.6</ele>
    <time>2026-05-23T10:04:33Z</time>
   </trkpt>
   <trkpt lat="49.5947820" lon="18.6586880">
    <ele>865.8</ele>
    <time>2026-05-23T10:04:34Z</time>
   </trkpt>
   <trkpt lat="49.5947880" lon="18.6586390">
    <ele>865.8</ele>
    <time>2026-05-23T10:04:35Z</time>
   </trkpt>
   <trkpt lat="49.5947970" lon="18.6585920">
    <ele>866.2</ele>
    <time>2026-05-23T10:04:36Z</time>
   </trkpt>
   <trkpt lat="49.5948100" lon="18.6585510">
    <ele>866.6</ele>
    <time>2026-05-23T10:04:37Z</time>
   </trkpt>
   <trkpt lat="49.5948180" lon="18.6585070">
    <ele>867.0</ele>
    <time>2026-05-23T10:04:38Z</time>
   </trkpt>
   <trkpt lat="49.5948250" lon="18.6584610">
    <ele>867.2</ele>
    <time>2026-05-23T10:04:39Z</time>
   </trkpt>
   <trkpt lat="49.5948350" lon="18.6584220">
    <ele>867.4</ele>
    <time>2026-05-23T10:04:40Z</time>
   </trkpt>
   <trkpt lat="49.5948420" lon="18.6583820">
    <ele>867.8</ele>
    <time>2026-05-23T10:04:41Z</time>
   </trkpt>
   <trkpt lat="49.5948440" lon="18.6583360">
    <ele>868.4</ele>
    <time>2026-05-23T10:04:42Z</time>
   </trkpt>
   <trkpt lat="49.5948480" lon="18.6582890">
    <ele>868.6</ele>
    <time>2026-05-23T10:04:43Z</time>
   </trkpt>
   <trkpt lat="49.5948520" lon="18.6582450">
    <ele>868.6</ele>
    <time>2026-05-23T10:04:44Z</time>
   </trkpt>
   <trkpt lat="49.5948600" lon="18.6582050">
    <ele>869.2</ele>
    <time>2026-05-23T10:04:45Z</time>
   </trkpt>
   <trkpt lat="49.5948660" lon="18.6581650">
    <ele>869.4</ele>
    <time>2026-05-23T10:04:46Z</time>
   </trkpt>
   <trkpt lat="49.5948730" lon="18.6581240">
    <ele>869.6</ele>
    <time>2026-05-23T10:04:47Z</time>
   </trkpt>
   <trkpt lat="49.5948820" lon="18.6580810">
    <ele>870.0</ele>
    <time>2026-05-23T10:04:48Z</time>
   </trkpt>
   <trkpt lat="49.5948920" lon="18.6580380">
    <ele>870.4</ele>
    <time>2026-05-23T10:04:49Z</time>
   </trkpt>
   <trkpt lat="49.5948970" lon="18.6579950">
    <ele>870.6</ele>
    <time>2026-05-23T10:04:50Z</time>
   </trkpt>
   <trkpt lat="49.5949050" lon="18.6579520">
    <ele>870.8</ele>
    <time>2026-05-23T10:04:51Z</time>
   </trkpt>
   <trkpt lat="49.5949150" lon="18.6579100">
    <ele>871.0</ele>
    <time>2026-05-23T10:04:52Z</time>
   </trkpt>
   <trkpt lat="49.5949260" lon="18.6578700">
    <ele>871.4</ele>
    <time>2026-05-23T10:04:53Z</time>
   </trkpt>
   <trkpt lat="49.5949350" lon="18.6578320">
    <ele>871.6</ele>
    <time>2026-05-23T10:04:54Z</time>
   </trkpt>
   <trkpt lat="49.5949430" lon="18.6577910">
    <ele>871.8</ele>
    <time>2026-05-23T10:04:55Z</time>
   </trkpt>
   <trkpt lat="49.5949500" lon="18.6577490">
    <ele>872.0</ele>
    <time>2026-05-23T10:04:56Z</time>
   </trkpt>
   <trkpt lat="49.5949560" lon="18.6577090">
    <ele>872.4</ele>
    <time>2026-05-23T10:04:57Z</time>
   </trkpt>
   <trkpt lat="49.5949600" lon="18.6576680">
    <ele>872.6</ele>
    <time>2026-05-23T10:04:58Z</time>
   </trkpt>
   <trkpt lat="49.5949620" lon="18.6576230">
    <ele>872.8</ele>
    <time>2026-05-23T10:04:59Z</time>
   </trkpt>
   <trkpt lat="49.5949660" lon="18.6575800">
    <ele>873.0</ele>
    <time>2026-05-23T10:05:00Z</time>
   </trkpt>
   <trkpt lat="49.5949730" lon="18.6575380">
    <ele>873.4</ele>
    <time>2026-05-23T10:05:01Z</time>
   </trkpt>
   <trkpt lat="49.5949810" lon="18.6575000">
    <ele>873.6</ele>
    <time>2026-05-23T10:05:02Z</time>
   </trkpt>
   <trkpt lat="49.5949850" lon="18.6574600">
    <ele>874.0</ele>
    <time>2026-05-23T10:05:03Z</time>
   </trkpt>
   <trkpt lat="49.5949880" lon="18.6574180">
    <ele>874.2</ele>
    <time>2026-05-23T10:05:04Z</time>
   </trkpt>
   <trkpt lat="49.5949900" lon="18.6573770">
    <ele>874.4</ele>
    <time>2026-05-23T10:05:05Z</time>
   </trkpt>
   <trkpt lat="49.5949920" lon="18.6573360">
    <ele>874.6</ele>
    <time>2026-05-23T10:05:06Z</time>
   </trkpt>
   <trkpt lat="49.5949910" lon="18.6572930">
    <ele>874.8</ele>
    <time>2026-05-23T10:05:07Z</time>
   </trkpt>
   <trkpt lat="49.5949890" lon="18.6572510">
    <ele>875.0</ele>
    <time>2026-05-23T10:05:08Z</time>
   </trkpt>
   <trkpt lat="49.5949840" lon="18.6572070">
    <ele>875.0</ele>
    <time>2026-05-23T10:05:09Z</time>
   </trkpt>
   <trkpt lat="49.5949760" lon="18.6571630">
    <ele>875.4</ele>
    <time>2026-05-23T10:05:10Z</time>
   </trkpt>
   <trkpt lat="49.5949740" lon="18.6571210">
    <ele>875.6</ele>
    <time>2026-05-23T10:05:11Z</time>
   </trkpt>
   <trkpt lat="49.5949760" lon="18.6570830">
    <ele>875.8</ele>
    <time>2026-05-23T10:05:12Z</time>
   </trkpt>
   <trkpt lat="49.5949730" lon="18.6570410">
    <ele>876.0</ele>
    <time>2026-05-23T10:05:13Z</time>
   </trkpt>
   <trkpt lat="49.5949680" lon="18.6570010">
    <ele>876.2</ele>
    <time>2026-05-23T10:05:14Z</time>
   </trkpt>
   <trkpt lat="49.5949640" lon="18.6569600">
    <ele>876.2</ele>
    <time>2026-05-23T10:05:15Z</time>
   </trkpt>
   <trkpt lat="49.5949610" lon="18.6569230">
    <ele>876.4</ele>
    <time>2026-05-23T10:05:16Z</time>
   </trkpt>
   <trkpt lat="49.5949640" lon="18.6568860">
    <ele>876.8</ele>
    <time>2026-05-23T10:05:17Z</time>
   </trkpt>
   <trkpt lat="49.5949680" lon="18.6568510">
    <ele>877.0</ele>
    <time>2026-05-23T10:05:18Z</time>
   </trkpt>
   <trkpt lat="49.5949680" lon="18.6568180">
    <ele>877.4</ele>
    <time>2026-05-23T10:05:19Z</time>
   </trkpt>
   <trkpt lat="49.5949660" lon="18.6567870">
    <ele>877.6</ele>
    <time>2026-05-23T10:05:20Z</time>
   </trkpt>
   <trkpt lat="49.5949600" lon="18.6567510">
    <ele>877.6</ele>
    <time>2026-05-23T10:05:21Z</time>
   </trkpt>
   <trkpt lat="49.5949500" lon="18.6567150">
    <ele>878.0</ele>
    <time>2026-05-23T10:05:22Z</time>
   </trkpt>
   <trkpt lat="49.5949410" lon="18.6566820">
    <ele>878.0</ele>
    <time>2026-05-23T10:05:23Z</time>
   </trkpt>
   <trkpt lat="49.5949390" lon="18.6566440">
    <ele>878.2</ele>
    <time>2026-05-23T10:05:24Z</time>
   </trkpt>
   <trkpt lat="49.5949430" lon="18.6566070">
    <ele>878.2</ele>
    <time>2026-05-23T10:05:25Z</time>
   </trkpt>
   <trkpt lat="49.5949460" lon="18.6565720">
    <ele>878.6</ele>
    <time>2026-05-23T10:05:26Z</time>
   </trkpt>
   <trkpt lat="49.5949460" lon="18.6565370">
    <ele>879.2</ele>
    <time>2026-05-23T10:05:27Z</time>
   </trkpt>
   <trkpt lat="49.5949440" lon="18.6565020">
    <ele>879.4</ele>
    <time>2026-05-23T10:05:28Z</time>
   </trkpt>
   <trkpt lat="49.5949410" lon="18.6564690">
    <ele>879.4</ele>
    <time>2026-05-23T10:05:29Z</time>
   </trkpt>
   <trkpt lat="49.5949340" lon="18.6564310">
    <ele>879.6</ele>
    <time>2026-05-23T10:05:30Z</time>
   </trkpt>
   <trkpt lat="49.5949220" lon="18.6563830">
    <ele>879.8</ele>
    <time>2026-05-23T10:05:31Z</time>
   </trkpt>
   <trkpt lat="49.5949160" lon="18.6563450">
    <ele>880.0</ele>
    <time>2026-05-23T10:05:32Z</time>
   </trkpt>
   <trkpt lat="49.5949120" lon="18.6563110">
    <ele>880.4</ele>
    <time>2026-05-23T10:05:33Z</time>
   </trkpt>
   <trkpt lat="49.5949040" lon="18.6562730">
    <ele>880.6</ele>
    <time>2026-05-23T10:05:34Z</time>
   </trkpt>
   <trkpt lat="49.5948980" lon="18.6562380">
    <ele>880.6</ele>
    <time>2026-05-23T10:05:35Z</time>
   </trkpt>
   <trkpt lat="49.5948930" lon="18.6561940">
    <ele>881.0</ele>
    <time>2026-05-23T10:05:36Z</time>
   </trkpt>
   <trkpt lat="49.5948920" lon="18.6561580">
    <ele>881.4</ele>
    <time>2026-05-23T10:05:37Z</time>
   </trkpt>
   <trkpt lat="49.5949020" lon="18.6561190">
    <ele>881.8</ele>
    <time>2026-05-23T10:05:38Z</time>
   </trkpt>
   <trkpt lat="49.5949020" lon="18.6560850">
    <ele>882.4</ele>
    <time>2026-05-23T10:05:39Z</time>
   </trkpt>
   <trkpt lat="49.5949000" lon="18.6560480">
    <ele>882.8</ele>
    <time>2026-05-23T10:05:40Z</time>
   </trkpt>
   <trkpt lat="49.5948990" lon="18.6560110">
    <ele>883.0</ele>
    <time>2026-05-23T10:05:41Z</time>
   </trkpt>
   <trkpt lat="49.5948960" lon="18.6559830">
    <ele>883.2</ele>
    <time>2026-05-23T10:05:42Z</time>
   </trkpt>
   <trkpt lat="49.5948890" lon="18.6559360">
    <ele>883.2</ele>
    <time>2026-05-23T10:05:43Z</time>
   </trkpt>
   <trkpt lat="49.5948890" lon="18.6558920">
    <ele>883.6</ele>
    <time>2026-05-23T10:05:44Z</time>
   </trkpt>
   <trkpt lat="49.5948890" lon="18.6558530">
    <ele>883.8</ele>
    <time>2026-05-23T10:05:45Z</time>
   </trkpt>
   <trkpt lat="49.5948880" lon="18.6558130">
    <ele>884.0</ele>
    <time>2026-05-23T10:05:46Z</time>
   </trkpt>
   <trkpt lat="49.5948830" lon="18.6557720">
    <ele>884.2</ele>
    <time>2026-05-23T10:05:47Z</time>
   </trkpt>
   <trkpt lat="49.5948860" lon="18.6557360">
    <ele>884.4</ele>
    <time>2026-05-23T10:05:48Z</time>
   </trkpt>
   <trkpt lat="49.5948860" lon="18.6556970">
    <ele>884.8</ele>
    <time>2026-05-23T10:05:49Z</time>
   </trkpt>
   <trkpt lat="49.5948900" lon="18.6556660">
    <ele>885.0</ele>
    <time>2026-05-23T10:05:50Z</time>
   </trkpt>
   <trkpt lat="49.5948900" lon="18.6556300">
    <ele>885.4</ele>
    <time>2026-05-23T10:05:51Z</time>
   </trkpt>
   <trkpt lat="49.5948890" lon="18.6555890">
    <ele>885.6</ele>
    <time>2026-05-23T10:05:52Z</time>
   </trkpt>
   <trkpt lat="49.5948900" lon="18.6555480">
    <ele>885.8</ele>
    <time>2026-05-23T10:05:53Z</time>
   </trkpt>
   <trkpt lat="49.5948910" lon="18.6555140">
    <ele>886.0</ele>
    <time>2026-05-23T10:05:54Z</time>
   </trkpt>
   <trkpt lat="49.5948980" lon="18.6554850">
    <ele>886.4</ele>
    <time>2026-05-23T10:05:55Z</time>
   </trkpt>
   <trkpt lat="49.5949020" lon="18.6554590">
    <ele>886.4</ele>
    <time>2026-05-23T10:05:56Z</time>
   </trkpt>
   <trkpt lat="49.5949000" lon="18.6554200">
    <ele>886.8</ele>
    <time>2026-05-23T10:05:57Z</time>
   </trkpt>
   <trkpt lat="49.5948990" lon="18.6553840">
    <ele>887.2</ele>
    <time>2026-05-23T10:05:58Z</time>
   </trkpt>
   <trkpt lat="49.5948950" lon="18.6553470">
    <ele>887.6</ele>
    <time>2026-05-23T10:05:59Z</time>
   </trkpt>
   <trkpt lat="49.5948930" lon="18.6553120">
    <ele>887.8</ele>
    <time>2026-05-23T10:06:00Z</time>
   </trkpt>
   <trkpt lat="49.5948850" lon="18.6552670">
    <ele>888.0</ele>
    <time>2026-05-23T10:06:01Z</time>
   </trkpt>
   <trkpt lat="49.5948650" lon="18.6552180">
    <ele>888.4</ele>
    <time>2026-05-23T10:06:02Z</time>
   </trkpt>
   <trkpt lat="49.5948490" lon="18.6551860">
    <ele>888.8</ele>
    <time>2026-05-23T10:06:03Z</time>
   </trkpt>
   <trkpt lat="49.5948310" lon="18.6551530">
    <ele>889.0</ele>
    <time>2026-05-23T10:06:04Z</time>
   </trkpt>
   <trkpt lat="49.5948190" lon="18.6551130">
    <ele>889.2</ele>
    <time>2026-05-23T10:06:05Z</time>
   </trkpt>
   <trkpt lat="49.5948040" lon="18.6550730">
    <ele>889.4</ele>
    <time>2026-05-23T10:06:06Z</time>
   </trkpt>
   <trkpt lat="49.5947910" lon="18.6550310">
    <ele>889.6</ele>
    <time>2026-05-23T10:06:07Z</time>
   </trkpt>
   <trkpt lat="49.5947930" lon="18.6549960">
    <ele>889.6</ele>
    <time>2026-05-23T10:06:08Z</time>
   </trkpt>
   <trkpt lat="49.5947980" lon="18.6549570">
    <ele>890.0</ele>
    <time>2026-05-23T10:06:09Z</time>
   </trkpt>
   <trkpt lat="49.5947970" lon="18.6549010">
    <ele>890.4</ele>
    <time>2026-05-23T10:06:10Z</time>
   </trkpt>
   <trkpt lat="49.5948020" lon="18.6548650">
    <ele>890.8</ele>
    <time>2026-05-23T10:06:11Z</time>
   </trkpt>
   <trkpt lat="49.5948100" lon="18.6548290">
    <ele>891.0</ele>
    <time>2026-05-23T10:06:12Z</time>
   </trkpt>
   <trkpt lat="49.5948200" lon="18.6547950">
    <ele>891.2</ele>
    <time>2026-05-23T10:06:13Z</time>
   </trkpt>
   <trkpt lat="49.5948270" lon="18.6547540">
    <ele>891.2</ele>
    <time>2026-05-23T10:06:14Z</time>
   </trkpt>
   <trkpt lat="49.5948360" lon="18.6547240">
    <ele>891.4</ele>
    <time>2026-05-23T10:06:15Z</time>
   </trkpt>
   <trkpt lat="49.5948240" lon="18.6546710">
    <ele>891.6</ele>
    <time>2026-05-23T10:06:16Z</time>
   </trkpt>
   <trkpt lat="49.5948270" lon="18.6546290">
    <ele>891.8</ele>
    <time>2026-05-23T10:06:17Z</time>
   </trkpt>
   <trkpt lat="49.5948410" lon="18.6546040">
    <ele>892.0</ele>
    <time>2026-05-23T10:06:18Z</time>
   </trkpt>
   <trkpt lat="49.5948570" lon="18.6545700">
    <ele>892.0</ele>
    <time>2026-05-23T10:06:19Z</time>
   </trkpt>
   <trkpt lat="49.5948720" lon="18.6545390">
    <ele>892.2</ele>
    <time>2026-05-23T10:06:20Z</time>
   </trkpt>
   <trkpt lat="49.5948750" lon="18.6544950">
    <ele>892.6</ele>
    <time>2026-05-23T10:06:21Z</time>
   </trkpt>
   <trkpt lat="49.5948790" lon="18.6544470">
    <ele>892.8</ele>
    <time>2026-05-23T10:06:22Z</time>
   </trkpt>
   <trkpt lat="49.5948840" lon="18.6543900">
    <ele>893.0</ele>
    <time>2026-05-23T10:06:23Z</time>
   </trkpt>
   <trkpt lat="49.5948870" lon="18.6543380">
    <ele>893.0</ele>
    <time>2026-05-23T10:06:24Z</time>
   </trkpt>
   <trkpt lat="49.5948840" lon="18.6542860">
    <ele>893.4</ele>
    <time>2026-05-23T10:06:25Z</time>
   </trkpt>
   <trkpt lat="49.5948820" lon="18.6542270">
    <ele>893.6</ele>
    <time>2026-05-23T10:06:26Z</time>
   </trkpt>
   <trkpt lat="49.5948920" lon="18.6541950">
    <ele>893.8</ele>
    <time>2026-05-23T10:06:27Z</time>
   </trkpt>
   <trkpt lat="49.5949070" lon="18.6541650">
    <ele>894.0</ele>
    <time>2026-05-23T10:06:28Z</time>
   </trkpt>
   <trkpt lat="49.5949260" lon="18.6541430">
    <ele>894.6</ele>
    <time>2026-05-23T10:06:29Z</time>
   </trkpt>
   <trkpt lat="49.5949460" lon="18.6541030">
    <ele>894.8</ele>
    <time>2026-05-23T10:06:30Z</time>
   </trkpt>
   <trkpt lat="49.5949550" lon="18.6540560">
    <ele>895.0</ele>
    <time>2026-05-23T10:06:31Z</time>
   </trkpt>
   <trkpt lat="49.5949700" lon="18.6540300">
    <ele>895.2</ele>
    <time>2026-05-23T10:06:32Z</time>
   </trkpt>
   <trkpt lat="49.5949820" lon="18.6540030">
    <ele>895.4</ele>
    <time>2026-05-23T10:06:33Z</time>
   </trkpt>
   <trkpt lat="49.5949950" lon="18.6539710">
    <ele>895.6</ele>
    <time>2026-05-23T10:06:34Z</time>
   </trkpt>
   <trkpt lat="49.5950020" lon="18.6539310">
    <ele>895.8</ele>
    <time>2026-05-23T10:06:35Z</time>
   </trkpt>
   <trkpt lat="49.5950080" lon="18.6538970">
    <ele>896.0</ele>
    <time>2026-05-23T10:06:36Z</time>
   </trkpt>
   <trkpt lat="49.5950170" lon="18.6538630">
    <ele>896.4</ele>
    <time>2026-05-23T10:06:37Z</time>
   </trkpt>
   <trkpt lat="49.5950250" lon="18.6538260">
    <ele>896.6</ele>
    <time>2026-05-23T10:06:38Z</time>
   </trkpt>
   <trkpt lat="49.5950410" lon="18.6537890">
    <ele>897.0</ele>
    <time>2026-05-23T10:06:39Z</time>
   </trkpt>
   <trkpt lat="49.5950590" lon="18.6537540">
    <ele>897.4</ele>
    <time>2026-05-23T10:06:40Z</time>
   </trkpt>
   <trkpt lat="49.5950730" lon="18.6537180">
    <ele>897.4</ele>
    <time>2026-05-23T10:06:41Z</time>
   </trkpt>
   <trkpt lat="49.5950870" lon="18.6536820">
    <ele>897.8</ele>
    <time>2026-05-23T10:06:42Z</time>
   </trkpt>
   <trkpt lat="49.5950950" lon="18.6536370">
    <ele>898.0</ele>
    <time>2026-05-23T10:06:43Z</time>
   </trkpt>
   <trkpt lat="49.5951080" lon="18.6536010">
    <ele>898.4</ele>
    <time>2026-05-23T10:06:44Z</time>
   </trkpt>
   <trkpt lat="49.5951190" lon="18.6535650">
    <ele>898.4</ele>
    <time>2026-05-23T10:06:45Z</time>
   </trkpt>
   <trkpt lat="49.5951230" lon="18.6535310">
    <ele>898.8</ele>
    <time>2026-05-23T10:06:46Z</time>
   </trkpt>
   <trkpt lat="49.5951370" lon="18.6534880">
    <ele>899.0</ele>
    <time>2026-05-23T10:06:47Z</time>
   </trkpt>
   <trkpt lat="49.5951510" lon="18.6534450">
    <ele>899.4</ele>
    <time>2026-05-23T10:06:48Z</time>
   </trkpt>
   <trkpt lat="49.5951590" lon="18.6534020">
    <ele>899.6</ele>
    <time>2026-05-23T10:06:49Z</time>
   </trkpt>
   <trkpt lat="49.5951640" lon="18.6533760">
    <ele>900.4</ele>
    <time>2026-05-23T10:06:50Z</time>
   </trkpt>
   <trkpt lat="49.5951670" lon="18.6533510">
    <ele>900.4</ele>
    <time>2026-05-23T10:06:51Z</time>
   </trkpt>
   <trkpt lat="49.5951750" lon="18.6533180">
    <ele>900.6</ele>
    <time>2026-05-23T10:06:52Z</time>
   </trkpt>
   <trkpt lat="49.5951800" lon="18.6532790">
    <ele>901.0</ele>
    <time>2026-05-23T10:06:53Z</time>
   </trkpt>
   <trkpt lat="49.5951860" lon="18.6532440">
    <ele>901.4</ele>
    <time>2026-05-23T10:06:54Z</time>
   </trkpt>
   <trkpt lat="49.5951940" lon="18.6532020">
    <ele>901.6</ele>
    <time>2026-05-23T10:06:55Z</time>
   </trkpt>
   <trkpt lat="49.5952000" lon="18.6531540">
    <ele>901.8</ele>
    <time>2026-05-23T10:06:56Z</time>
   </trkpt>
   <trkpt lat="49.5952050" lon="18.6531110">
    <ele>901.8</ele>
    <time>2026-05-23T10:06:57Z</time>
   </trkpt>
   <trkpt lat="49.5952100" lon="18.6530660">
    <ele>902.0</ele>
    <time>2026-05-23T10:06:58Z</time>
   </trkpt>
   <trkpt lat="49.5952090" lon="18.6530170">
    <ele>902.2</ele>
    <time>2026-05-23T10:06:59Z</time>
   </trkpt>
   <trkpt lat="49.5952130" lon="18.6529680">
    <ele>902.4</ele>
    <time>2026-05-23T10:07:00Z</time>
   </trkpt>
   <trkpt lat="49.5952110" lon="18.6529230">
    <ele>902.8</ele>
    <time>2026-05-23T10:07:01Z</time>
   </trkpt>
   <trkpt lat="49.5952070" lon="18.6528760">
    <ele>903.0</ele>
    <time>2026-05-23T10:07:02Z</time>
   </trkpt>
   <trkpt lat="49.5952080" lon="18.6528280">
    <ele>903.4</ele>
    <time>2026-05-23T10:07:03Z</time>
   </trkpt>
   <trkpt lat="49.5952100" lon="18.6527710">
    <ele>903.6</ele>
    <time>2026-05-23T10:07:04Z</time>
   </trkpt>
   <trkpt lat="49.5952070" lon="18.6527180">
    <ele>904.0</ele>
    <time>2026-05-23T10:07:05Z</time>
   </trkpt>
   <trkpt lat="49.5952040" lon="18.6526680">
    <ele>904.2</ele>
    <time>2026-05-23T10:07:06Z</time>
   </trkpt>
   <trkpt lat="49.5951970" lon="18.6526180">
    <ele>904.6</ele>
    <time>2026-05-23T10:07:07Z</time>
   </trkpt>
   <trkpt lat="49.5951910" lon="18.6525680">
    <ele>905.0</ele>
    <time>2026-05-23T10:07:08Z</time>
   </trkpt>
   <trkpt lat="49.5951910" lon="18.6525310">
    <ele>905.2</ele>
    <time>2026-05-23T10:07:09Z</time>
   </trkpt>
   <trkpt lat="49.5951910" lon="18.6524930">
    <ele>905.2</ele>
    <time>2026-05-23T10:07:10Z</time>
   </trkpt>
   <trkpt lat="49.5951840" lon="18.6524560">
    <ele>905.6</ele>
    <time>2026-05-23T10:07:11Z</time>
   </trkpt>
   <trkpt lat="49.5951750" lon="18.6524130">
    <ele>906.0</ele>
    <time>2026-05-23T10:07:12Z</time>
   </trkpt>
   <trkpt lat="49.5951760" lon="18.6523580">
    <ele>906.2</ele>
    <time>2026-05-23T10:07:13Z</time>
   </trkpt>
   <trkpt lat="49.5951820" lon="18.6523150">
    <ele>906.6</ele>
    <time>2026-05-23T10:07:14Z</time>
   </trkpt>
   <trkpt lat="49.5951900" lon="18.6522750">
    <ele>907.0</ele>
    <time>2026-05-23T10:07:15Z</time>
   </trkpt>
   <trkpt lat="49.5951970" lon="18.6522420">
    <ele>907.2</ele>
    <time>2026-05-23T10:07:16Z</time>
   </trkpt>
   <trkpt lat="49.5952000" lon="18.6522000">
    <ele>907.4</ele>
    <time>2026-05-23T10:07:17Z</time>
   </trkpt>
   <trkpt lat="49.5952010" lon="18.6521580">
    <ele>907.6</ele>
    <time>2026-05-23T10:07:18Z</time>
   </trkpt>
   <trkpt lat="49.5952020" lon="18.6521170">
    <ele>908.0</ele>
    <time>2026-05-23T10:07:19Z</time>
   </trkpt>
   <trkpt lat="49.5952030" lon="18.6520730">
    <ele>908.2</ele>
    <time>2026-05-23T10:07:20Z</time>
   </trkpt>
   <trkpt lat="49.5952090" lon="18.6520360">
    <ele>908.4</ele>
    <time>2026-05-23T10:07:21Z</time>
   </trkpt>
   <trkpt lat="49.5952180" lon="18.6519960">
    <ele>908.6</ele>
    <time>2026-05-23T10:07:22Z</time>
   </trkpt>
   <trkpt lat="49.5952250" lon="18.6519550">
    <ele>908.8</ele>
    <time>2026-05-23T10:07:23Z</time>
   </trkpt>
   <trkpt lat="49.5952320" lon="18.6519190">
    <ele>909.2</ele>
    <time>2026-05-23T10:07:24Z</time>
   </trkpt>
   <trkpt lat="49.5952400" lon="18.6518830">
    <ele>909.2</ele>
    <time>2026-05-23T10:07:25Z</time>
   </trkpt>
   <trkpt lat="49.5952460" lon="18.6518410">
    <ele>910.0</ele>
    <time>2026-05-23T10:07:26Z</time>
   </trkpt>
   <trkpt lat="49.5952560" lon="18.6518000">
    <ele>910.0</ele>
    <time>2026-05-23T10:07:27Z</time>
   </trkpt>
   <trkpt lat="49.5952730" lon="18.6517680">
    <ele>910.4</ele>
    <time>2026-05-23T10:07:28Z</time>
   </trkpt>
   <trkpt lat="49.5952930" lon="18.6517420">
    <ele>910.4</ele>
    <time>2026-05-23T10:07:29Z</time>
   </trkpt>
   <trkpt lat="49.5953030" lon="18.6517080">
    <ele>910.8</ele>
    <time>2026-05-23T10:07:30Z</time>
   </trkpt>
   <trkpt lat="49.5953070" lon="18.6516710">
    <ele>911.0</ele>
    <time>2026-05-23T10:07:31Z</time>
   </trkpt>
   <trkpt lat="49.5953120" lon="18.6516320">
    <ele>911.2</ele>
    <time>2026-05-23T10:07:32Z</time>
   </trkpt>
   <trkpt lat="49.5953160" lon="18.6515980">
    <ele>911.4</ele>
    <time>2026-05-23T10:07:33Z</time>
   </trkpt>
   <trkpt lat="49.5953190" lon="18.6515540">
    <ele>911.6</ele>
    <time>2026-05-23T10:07:34Z</time>
   </trkpt>
   <trkpt lat="49.5953240" lon="18.6515010">
    <ele>911.8</ele>
    <time>2026-05-23T10:07:35Z</time>
   </trkpt>
   <trkpt lat="49.5953270" lon="18.6514570">
    <ele>911.8</ele>
    <time>2026-05-23T10:07:36Z</time>
   </trkpt>
   <trkpt lat="49.5953280" lon="18.6514190">
    <ele>912.0</ele>
    <time>2026-05-23T10:07:37Z</time>
   </trkpt>
   <trkpt lat="49.5953330" lon="18.6513610">
    <ele>912.2</ele>
    <time>2026-05-23T10:07:38Z</time>
   </trkpt>
   <trkpt lat="49.5953240" lon="18.6513150">
    <ele>912.4</ele>
    <time>2026-05-23T10:07:39Z</time>
   </trkpt>
   <trkpt lat="49.5953100" lon="18.6512810">
    <ele>912.8</ele>
    <time>2026-05-23T10:07:40Z</time>
   </trkpt>
   <trkpt lat="49.5953010" lon="18.6512400">
    <ele>912.8</ele>
    <time>2026-05-23T10:07:41Z</time>
   </trkpt>
   <trkpt lat="49.5952900" lon="18.6512090">
    <ele>913.0</ele>
    <time>2026-05-23T10:07:42Z</time>
   </trkpt>
   <trkpt lat="49.5952750" lon="18.6511790">
    <ele>913.2</ele>
    <time>2026-05-23T10:07:43Z</time>
   </trkpt>
   <trkpt lat="49.5952550" lon="18.6511260">
    <ele>913.2</ele>
    <time>2026-05-23T10:07:44Z</time>
   </trkpt>
   <trkpt lat="49.5952380" lon="18.6510770">
    <ele>913.4</ele>
    <time>2026-05-23T10:07:45Z</time>
   </trkpt>
   <trkpt lat="49.5952190" lon="18.6510290">
    <ele>913.6</ele>
    <time>2026-05-23T10:07:46Z</time>
   </trkpt>
   <trkpt lat="49.5952010" lon="18.6509900">
    <ele>914.0</ele>
    <time>2026-05-23T10:07:47Z</time>
   </trkpt>
   <trkpt lat="49.5951760" lon="18.6509510">
    <ele>914.4</ele>
    <time>2026-05-23T10:07:48Z</time>
   </trkpt>
   <trkpt lat="49.5951470" lon="18.6509070">
    <ele>914.8</ele>
    <time>2026-05-23T10:07:49Z</time>
   </trkpt>
   <trkpt lat="49.5951330" lon="18.6508630">
    <ele>915.2</ele>
    <time>2026-05-23T10:07:50Z</time>
   </trkpt>
   <trkpt lat="49.5951180" lon="18.6508190">
    <ele>915.4</ele>
    <time>2026-05-23T10:07:51Z</time>
   </trkpt>
   <trkpt lat="49.5951040" lon="18.6507760">
    <ele>915.4</ele>
    <time>2026-05-23T10:07:52Z</time>
   </trkpt>
   <trkpt lat="49.5950850" lon="18.6507450">
    <ele>915.6</ele>
    <time>2026-05-23T10:07:53Z</time>
   </trkpt>
   <trkpt lat="49.5950660" lon="18.6507080">
    <ele>916.0</ele>
    <time>2026-05-23T10:07:54Z</time>
   </trkpt>
   <trkpt lat="49.5950510" lon="18.6506660">
    <ele>916.2</ele>
    <time>2026-05-23T10:07:55Z</time>
   </trkpt>
   <trkpt lat="49.5950390" lon="18.6506260">
    <ele>916.6</ele>
    <time>2026-05-23T10:07:56Z</time>
   </trkpt>
   <trkpt lat="49.5950290" lon="18.6505840">
    <ele>917.2</ele>
    <time>2026-05-23T10:07:57Z</time>
   </trkpt>
   <trkpt lat="49.5950230" lon="18.6505530">
    <ele>917.4</ele>
    <time>2026-05-23T10:07:58Z</time>
   </trkpt>
   <trkpt lat="49.5950130" lon="18.6505100">
    <ele>917.8</ele>
    <time>2026-05-23T10:07:59Z</time>
   </trkpt>
   <trkpt lat="49.5950050" lon="18.6504780">
    <ele>918.0</ele>
    <time>2026-05-23T10:08:00Z</time>
   </trkpt>
   <trkpt lat="49.5949930" lon="18.6504420">
    <ele>918.0</ele>
    <time>2026-05-23T10:08:01Z</time>
   </trkpt>
   <trkpt lat="49.5949830" lon="18.6504040">
    <ele>918.4</ele>
    <time>2026-05-23T10:08:02Z</time>
   </trkpt>
   <trkpt lat="49.5949750" lon="18.6503700">
    <ele>918.8</ele>
    <time>2026-05-23T10:08:03Z</time>
   </trkpt>
   <trkpt lat="49.5949680" lon="18.6503300">
    <ele>919.0</ele>
    <time>2026-05-23T10:08:04Z</time>
   </trkpt>
   <trkpt lat="49.5949630" lon="18.6502820">
    <ele>919.4</ele>
    <time>2026-05-23T10:08:05Z</time>
   </trkpt>
   <trkpt lat="49.5949580" lon="18.6502330">
    <ele>919.6</ele>
    <time>2026-05-23T10:08:06Z</time>
   </trkpt>
   <trkpt lat="49.5949520" lon="18.6501880">
    <ele>920.0</ele>
    <time>2026-05-23T10:08:07Z</time>
   </trkpt>
   <trkpt lat="49.5949490" lon="18.6501430">
    <ele>920.2</ele>
    <time>2026-05-23T10:08:08Z</time>
   </trkpt>
   <trkpt lat="49.5949470" lon="18.6501000">
    <ele>920.4</ele>
    <time>2026-05-23T10:08:09Z</time>
   </trkpt>
   <trkpt lat="49.5949440" lon="18.6500580">
    <ele>920.4</ele>
    <time>2026-05-23T10:08:10Z</time>
   </trkpt>
   <trkpt lat="49.5949390" lon="18.6500090">
    <ele>921.2</ele>
    <time>2026-05-23T10:08:11Z</time>
   </trkpt>
   <trkpt lat="49.5949360" lon="18.6499580">
    <ele>921.4</ele>
    <time>2026-05-23T10:08:12Z</time>
   </trkpt>
   <trkpt lat="49.5949370" lon="18.6499150">
    <ele>921.6</ele>
    <time>2026-05-23T10:08:13Z</time>
   </trkpt>
   <trkpt lat="49.5949400" lon="18.6498770">
    <ele>921.8</ele>
    <time>2026-05-23T10:08:14Z</time>
   </trkpt>
   <trkpt lat="49.5949400" lon="18.6498340">
    <ele>922.2</ele>
    <time>2026-05-23T10:08:15Z</time>
   </trkpt>
   <trkpt lat="49.5949390" lon="18.6497880">
    <ele>922.4</ele>
    <time>2026-05-23T10:08:16Z</time>
   </trkpt>
   <trkpt lat="49.5949360" lon="18.6497430">
    <ele>922.6</ele>
    <time>2026-05-23T10:08:17Z</time>
   </trkpt>
   <trkpt lat="49.5949360" lon="18.6496980">
    <ele>922.8</ele>
    <time>2026-05-23T10:08:18Z</time>
   </trkpt>
   <trkpt lat="49.5949340" lon="18.6496500">
    <ele>923.0</ele>
    <time>2026-05-23T10:08:19Z</time>
   </trkpt>
   <trkpt lat="49.5949280" lon="18.6496050">
    <ele>923.2</ele>
    <time>2026-05-23T10:08:20Z</time>
   </trkpt>
   <trkpt lat="49.5949270" lon="18.6495630">
    <ele>923.6</ele>
    <time>2026-05-23T10:08:21Z</time>
   </trkpt>
   <trkpt lat="49.5949300" lon="18.6495230">
    <ele>923.8</ele>
    <time>2026-05-23T10:08:22Z</time>
   </trkpt>
   <trkpt lat="49.5949340" lon="18.6494850">
    <ele>924.4</ele>
    <time>2026-05-23T10:08:23Z</time>
   </trkpt>
   <trkpt lat="49.5949330" lon="18.6494460">
    <ele>924.6</ele>
    <time>2026-05-23T10:08:24Z</time>
   </trkpt>
   <trkpt lat="49.5949330" lon="18.6494050">
    <ele>924.8</ele>
    <time>2026-05-23T10:08:25Z</time>
   </trkpt>
   <trkpt lat="49.5949350" lon="18.6493650">
    <ele>925.0</ele>
    <time>2026-05-23T10:08:26Z</time>
   </trkpt>
   <trkpt lat="49.5949380" lon="18.6493210">
    <ele>925.4</ele>
    <time>2026-05-23T10:08:27Z</time>
   </trkpt>
   <trkpt lat="49.5949400" lon="18.6492790">
    <ele>925.6</ele>
    <time>2026-05-23T10:08:28Z</time>
   </trkpt>
   <trkpt lat="49.5949460" lon="18.6492410">
    <ele>926.0</ele>
    <time>2026-05-23T10:08:29Z</time>
   </trkpt>
   <trkpt lat="49.5949500" lon="18.6492000">
    <ele>926.6</ele>
    <time>2026-05-23T10:08:30Z</time>
   </trkpt>
   <trkpt lat="49.5949520" lon="18.6491570">
    <ele>926.6</ele>
    <time>2026-05-23T10:08:31Z</time>
   </trkpt>
   <trkpt lat="49.5949580" lon="18.6491180">
    <ele>927.0</ele>
    <time>2026-05-23T10:08:32Z</time>
   </trkpt>
   <trkpt lat="49.5949660" lon="18.6490760">
    <ele>927.2</ele>
    <time>2026-05-23T10:08:33Z</time>
   </trkpt>
   <trkpt lat="49.5949730" lon="18.6490320">
    <ele>927.8</ele>
    <time>2026-05-23T10:08:34Z</time>
   </trkpt>
   <trkpt lat="49.5949830" lon="18.6489900">
    <ele>927.8</ele>
    <time>2026-05-23T10:08:35Z</time>
   </trkpt>
   <trkpt lat="49.5949910" lon="18.6489510">
    <ele>928.0</ele>
    <time>2026-05-23T10:08:36Z</time>
   </trkpt>
   <trkpt lat="49.5950040" lon="18.6489120">
    <ele>928.6</ele>
    <time>2026-05-23T10:08:37Z</time>
   </trkpt>
   <trkpt lat="49.5950150" lon="18.6488760">
    <ele>928.6</ele>
    <time>2026-05-23T10:08:38Z</time>
   </trkpt>
   <trkpt lat="49.5950190" lon="18.6488440">
    <ele>929.0</ele>
    <time>2026-05-23T10:08:39Z</time>
   </trkpt>
   <trkpt lat="49.5950220" lon="18.6488240">
    <ele>929.4</ele>
    <time>2026-05-23T10:08:40Z</time>
   </trkpt>
   <trkpt lat="49.5950240" lon="18.6487870">
    <ele>929.4</ele>
    <time>2026-05-23T10:08:41Z</time>
   </trkpt>
   <trkpt lat="49.5950260" lon="18.6487490">
    <ele>929.6</ele>
    <time>2026-05-23T10:08:42Z</time>
   </trkpt>
   <trkpt lat="49.5950300" lon="18.6487150">
    <ele>929.8</ele>
    <time>2026-05-23T10:08:43Z</time>
   </trkpt>
   <trkpt lat="49.5950360" lon="18.6486820">
    <ele>929.8</ele>
    <time>2026-05-23T10:08:44Z</time>
   </trkpt>
   <trkpt lat="49.5950370" lon="18.6486400">
    <ele>930.0</ele>
    <time>2026-05-23T10:08:45Z</time>
   </trkpt>
   <trkpt lat="49.5950350" lon="18.6486000">
    <ele>930.2</ele>
    <time>2026-05-23T10:08:46Z</time>
   </trkpt>
   <trkpt lat="49.5950250" lon="18.6485590">
    <ele>930.4</ele>
    <time>2026-05-23T10:08:47Z</time>
   </trkpt>
   <trkpt lat="49.5950230" lon="18.6485160">
    <ele>930.6</ele>
    <time>2026-05-23T10:08:48Z</time>
   </trkpt>
   <trkpt lat="49.5950180" lon="18.6484780">
    <ele>930.6</ele>
    <time>2026-05-23T10:08:49Z</time>
   </trkpt>
   <trkpt lat="49.5950130" lon="18.6484400">
    <ele>930.6</ele>
    <time>2026-05-23T10:08:50Z</time>
   </trkpt>
   <trkpt lat="49.5950090" lon="18.6484110">
    <ele>930.8</ele>
    <time>2026-05-23T10:08:51Z</time>
   </trkpt>
   <trkpt lat="49.5950010" lon="18.6483670">
    <ele>931.2</ele>
    <time>2026-05-23T10:08:52Z</time>
   </trkpt>
   <trkpt lat="49.5949920" lon="18.6483320">
    <ele>931.4</ele>
    <time>2026-05-23T10:08:53Z</time>
   </trkpt>
   <trkpt lat="49.5949850" lon="18.6482910">
    <ele>931.6</ele>
    <time>2026-05-23T10:08:54Z</time>
   </trkpt>
   <trkpt lat="49.5949770" lon="18.6482640">
    <ele>931.8</ele>
    <time>2026-05-23T10:08:55Z</time>
   </trkpt>
   <trkpt lat="49.5949670" lon="18.6482190">
    <ele>932.0</ele>
    <time>2026-05-23T10:08:56Z</time>
   </trkpt>
   <trkpt lat="49.5949570" lon="18.6481780">
    <ele>932.4</ele>
    <time>2026-05-23T10:08:57Z</time>
   </trkpt>
   <trkpt lat="49.5949370" lon="18.6481480">
    <ele>932.6</ele>
    <time>2026-05-23T10:08:58Z</time>
   </trkpt>
   <trkpt lat="49.5949220" lon="18.6481290">
    <ele>932.8</ele>
    <time>2026-05-23T10:08:59Z</time>
   </trkpt>
   <trkpt lat="49.5948870" lon="18.6480890">
    <ele>932.8</ele>
    <time>2026-05-23T10:09:00Z</time>
   </trkpt>
   <trkpt lat="49.5948640" lon="18.6480520">
    <ele>933.0</ele>
    <time>2026-05-23T10:09:01Z</time>
   </trkpt>
   <trkpt lat="49.5948520" lon="18.6480220">
    <ele>933.0</ele>
    <time>2026-05-23T10:09:02Z</time>
   </trkpt>
   <trkpt lat="49.5948390" lon="18.6479850">
    <ele>933.2</ele>
    <time>2026-05-23T10:09:03Z</time>
   </trkpt>
   <trkpt lat="49.5948240" lon="18.6479540">
    <ele>933.2</ele>
    <time>2026-05-23T10:09:04Z</time>
   </trkpt>
   <trkpt lat="49.5948070" lon="18.6479230">
    <ele>933.6</ele>
    <time>2026-05-23T10:09:05Z</time>
   </trkpt>
   <trkpt lat="49.5947890" lon="18.6478950">
    <ele>933.8</ele>
    <time>2026-05-23T10:09:06Z</time>
   </trkpt>
   <trkpt lat="49.5947700" lon="18.6478650">
    <ele>934.2</ele>
    <time>2026-05-23T10:09:07Z</time>
   </trkpt>
   <trkpt lat="49.5947510" lon="18.6478340">
    <ele>934.4</ele>
    <time>2026-05-23T10:09:08Z</time>
   </trkpt>
   <trkpt lat="49.5947300" lon="18.6478060">
    <ele>934.4</ele>
    <time>2026-05-23T10:09:09Z</time>
   </trkpt>
   <trkpt lat="49.5947080" lon="18.6477830">
    <ele>934.6</ele>
    <time>2026-05-23T10:09:10Z</time>
   </trkpt>
   <trkpt lat="49.5946990" lon="18.6477490">
    <ele>934.8</ele>
    <time>2026-05-23T10:09:11Z</time>
   </trkpt>
   <trkpt lat="49.5946880" lon="18.6477160">
    <ele>935.0</ele>
    <time>2026-05-23T10:09:12Z</time>
   </trkpt>
   <trkpt lat="49.5946720" lon="18.6476790">
    <ele>935.8</ele>
    <time>2026-05-23T10:09:13Z</time>
   </trkpt>
   <trkpt lat="49.5946530" lon="18.6476460">
    <ele>935.8</ele>
    <time>2026-05-23T10:09:14Z</time>
   </trkpt>
   <trkpt lat="49.5946360" lon="18.6476120">
    <ele>936.0</ele>
    <time>2026-05-23T10:09:15Z</time>
   </trkpt>
   <trkpt lat="49.5946170" lon="18.6475910">
    <ele>936.4</ele>
    <time>2026-05-23T10:09:16Z</time>
   </trkpt>
   <trkpt lat="49.5945930" lon="18.6475670">
    <ele>936.4</ele>
    <time>2026-05-23T10:09:17Z</time>
   </trkpt>
   <trkpt lat="49.5945710" lon="18.6475370">
    <ele>936.6</ele>
    <time>2026-05-23T10:09:18Z</time>
   </trkpt>
   <trkpt lat="49.5945580" lon="18.6475160">
    <ele>937.0</ele>
    <time>2026-05-23T10:09:19Z</time>
   </trkpt>
   <trkpt lat="49.5945460" lon="18.6474920">
    <ele>937.2</ele>
    <time>2026-05-23T10:09:20Z</time>
   </trkpt>
   <trkpt lat="49.5945210" lon="18.6474680">
    <ele>937.4</ele>
    <time>2026-05-23T10:09:21Z</time>
   </trkpt>
   <trkpt lat="49.5944980" lon="18.6474440">
    <ele>937.8</ele>
    <time>2026-05-23T10:09:22Z</time>
   </trkpt>
   <trkpt lat="49.5944730" lon="18.6474260">
    <ele>938.0</ele>
    <time>2026-05-23T10:09:23Z</time>
   </trkpt>
   <trkpt lat="49.5944450" lon="18.6474100">
    <ele>938.4</ele>
    <time>2026-05-23T10:09:24Z</time>
   </trkpt>
   <trkpt lat="49.5944210" lon="18.6473910">
    <ele>938.6</ele>
    <time>2026-05-23T10:09:25Z</time>
   </trkpt>
   <trkpt lat="49.5943980" lon="18.6473700">
    <ele>939.2</ele>
    <time>2026-05-23T10:09:26Z</time>
   </trkpt>
   <trkpt lat="49.5943760" lon="18.6473520">
    <ele>939.4</ele>
    <time>2026-05-23T10:09:27Z</time>
   </trkpt>
   <trkpt lat="49.5943580" lon="18.6473290">
    <ele>939.4</ele>
    <time>2026-05-23T10:09:28Z</time>
   </trkpt>
   <trkpt lat="49.5943400" lon="18.6473020">
    <ele>939.6</ele>
    <time>2026-05-23T10:09:29Z</time>
   </trkpt>
   <trkpt lat="49.5943210" lon="18.6472730">
    <ele>940.2</ele>
    <time>2026-05-23T10:09:30Z</time>
   </trkpt>
   <trkpt lat="49.5943000" lon="18.6472510">
    <ele>940.4</ele>
    <time>2026-05-23T10:09:31Z</time>
   </trkpt>
   <trkpt lat="49.5942730" lon="18.6472340">
    <ele>940.8</ele>
    <time>2026-05-23T10:09:32Z</time>
   </trkpt>
   <trkpt lat="49.5942490" lon="18.6472120">
    <ele>941.0</ele>
    <time>2026-05-23T10:09:33Z</time>
   </trkpt>
   <trkpt lat="49.5942300" lon="18.6471920">
    <ele>941.2</ele>
    <time>2026-05-23T10:09:34Z</time>
   </trkpt>
   <trkpt lat="49.5942130" lon="18.6471720">
    <ele>941.2</ele>
    <time>2026-05-23T10:09:35Z</time>
   </trkpt>
   <trkpt lat="49.5941960" lon="18.6471460">
    <ele>941.6</ele>
    <time>2026-05-23T10:09:36Z</time>
   </trkpt>
   <trkpt lat="49.5941780" lon="18.6471210">
    <ele>941.6</ele>
    <time>2026-05-23T10:09:37Z</time>
   </trkpt>
   <trkpt lat="49.5941610" lon="18.6471030">
    <ele>942.2</ele>
    <time>2026-05-23T10:09:38Z</time>
   </trkpt>
   <trkpt lat="49.5941440" lon="18.6470850">
    <ele>942.6</ele>
    <time>2026-05-23T10:09:39Z</time>
   </trkpt>
   <trkpt lat="49.5941290" lon="18.6470620">
    <ele>942.8</ele>
    <time>2026-05-23T10:09:40Z</time>
   </trkpt>
   <trkpt lat="49.5941180" lon="18.6470440">
    <ele>943.0</ele>
    <time>2026-05-23T10:09:41Z</time>
   </trkpt>
   <trkpt lat="49.5940970" lon="18.6470150">
    <ele>943.2</ele>
    <time>2026-05-23T10:09:42Z</time>
   </trkpt>
   <trkpt lat="49.5940750" lon="18.6469880">
    <ele>943.6</ele>
    <time>2026-05-23T10:09:43Z</time>
   </trkpt>
   <trkpt lat="49.5940550" lon="18.6469640">
    <ele>944.0</ele>
    <time>2026-05-23T10:09:44Z</time>
   </trkpt>
   <trkpt lat="49.5940400" lon="18.6469430">
    <ele>944.0</ele>
    <time>2026-05-23T10:09:45Z</time>
   </trkpt>
   <trkpt lat="49.5940220" lon="18.6469160">
    <ele>944.4</ele>
    <time>2026-05-23T10:09:46Z</time>
   </trkpt>
   <trkpt lat="49.5940000" lon="18.6468960">
    <ele>944.6</ele>
    <time>2026-05-23T10:09:47Z</time>
   </trkpt>
   <trkpt lat="49.5939780" lon="18.6468670">
    <ele>944.8</ele>
    <time>2026-05-23T10:09:48Z</time>
   </trkpt>
   <trkpt lat="49.5939570" lon="18.6468410">
    <ele>945.0</ele>
    <time>2026-05-23T10:09:49Z</time>
   </trkpt>
   <trkpt lat="49.5939390" lon="18.6468190">
    <ele>945.2</ele>
    <time>2026-05-23T10:09:50Z</time>
   </trkpt>
   <trkpt lat="49.5939210" lon="18.6467990">
    <ele>945.4</ele>
    <time>2026-05-23T10:09:51Z</time>
   </trkpt>
   <trkpt lat="49.5939020" lon="18.6467690">
    <ele>945.4</ele>
    <time>2026-05-23T10:09:52Z</time>
   </trkpt>
   <trkpt lat="49.5938790" lon="18.6467390">
    <ele>945.6</ele>
    <time>2026-05-23T10:09:53Z</time>
   </trkpt>
   <trkpt lat="49.5938540" lon="18.6467090">
    <ele>945.8</ele>
    <time>2026-05-23T10:09:54Z</time>
   </trkpt>
   <trkpt lat="49.5938310" lon="18.6466870">
    <ele>945.8</ele>
    <time>2026-05-23T10:09:55Z</time>
   </trkpt>
   <trkpt lat="49.5938120" lon="18.6466600">
    <ele>946.0</ele>
    <time>2026-05-23T10:09:56Z</time>
   </trkpt>
   <trkpt lat="49.5937850" lon="18.6466230">
    <ele>946.6</ele>
    <time>2026-05-23T10:09:57Z</time>
   </trkpt>
   <trkpt lat="49.5937690" lon="18.6465970">
    <ele>946.8</ele>
    <time>2026-05-23T10:09:58Z</time>
   </trkpt>
   <trkpt lat="49.5937470" lon="18.6465770">
    <ele>946.8</ele>
    <time>2026-05-23T10:09:59Z</time>
   </trkpt>
   <trkpt lat="49.5937290" lon="18.6465490">
    <ele>947.0</ele>
    <time>2026-05-23T10:10:00Z</time>
   </trkpt>
   <trkpt lat="49.5937050" lon="18.6465110">
    <ele>947.2</ele>
    <time>2026-05-23T10:10:01Z</time>
   </trkpt>
   <trkpt lat="49.5936840" lon="18.6464830">
    <ele>947.6</ele>
    <time>2026-05-23T10:10:02Z</time>
   </trkpt>
   <trkpt lat="49.5936580" lon="18.6464530">
    <ele>948.0</ele>
    <time>2026-05-23T10:10:03Z</time>
   </trkpt>
   <trkpt lat="49.5936410" lon="18.6464240">
    <ele>948.2</ele>
    <time>2026-05-23T10:10:04Z</time>
   </trkpt>
   <trkpt lat="49.5936250" lon="18.6464000">
    <ele>948.4</ele>
    <time>2026-05-23T10:10:05Z</time>
   </trkpt>
   <trkpt lat="49.5936080" lon="18.6463730">
    <ele>948.6</ele>
    <time>2026-05-23T10:10:06Z</time>
   </trkpt>
   <trkpt lat="49.5935950" lon="18.6463460">
    <ele>949.0</ele>
    <time>2026-05-23T10:10:07Z</time>
   </trkpt>
   <trkpt lat="49.5935830" lon="18.6463170">
    <ele>949.0</ele>
    <time>2026-05-23T10:10:08Z</time>
   </trkpt>
   <trkpt lat="49.5935650" lon="18.6462920">
    <ele>949.2</ele>
    <time>2026-05-23T10:10:09Z</time>
   </trkpt>
   <trkpt lat="49.5935420" lon="18.6462720">
    <ele>949.4</ele>
    <time>2026-05-23T10:10:10Z</time>
   </trkpt>
   <trkpt lat="49.5935260" lon="18.6462500">
    <ele>949.6</ele>
    <time>2026-05-23T10:10:11Z</time>
   </trkpt>
   <trkpt lat="49.5935150" lon="18.6462240">
    <ele>950.0</ele>
    <time>2026-05-23T10:10:12Z</time>
   </trkpt>
   <trkpt lat="49.5935010" lon="18.6461960">
    <ele>950.0</ele>
    <time>2026-05-23T10:10:13Z</time>
   </trkpt>
   <trkpt lat="49.5934830" lon="18.6461700">
    <ele>950.2</ele>
    <time>2026-05-23T10:10:14Z</time>
   </trkpt>
   <trkpt lat="49.5934670" lon="18.6461450">
    <ele>950.4</ele>
    <time>2026-05-23T10:10:15Z</time>
   </trkpt>
   <trkpt lat="49.5934520" lon="18.6461240">
    <ele>950.6</ele>
    <time>2026-05-23T10:10:16Z</time>
   </trkpt>
   <trkpt lat="49.5934360" lon="18.6461020">
    <ele>950.6</ele>
    <time>2026-05-23T10:10:17Z</time>
   </trkpt>
   <trkpt lat="49.5934190" lon="18.6460770">
    <ele>951.0</ele>
    <time>2026-05-23T10:10:18Z</time>
   </trkpt>
   <trkpt lat="49.5934030" lon="18.6460530">
    <ele>951.0</ele>
    <time>2026-05-23T10:10:19Z</time>
   </trkpt>
   <trkpt lat="49.5933860" lon="18.6460360">
    <ele>951.4</ele>
    <time>2026-05-23T10:10:20Z</time>
   </trkpt>
   <trkpt lat="49.5933710" lon="18.6460170">
    <ele>951.6</ele>
    <time>2026-05-23T10:10:21Z</time>
   </trkpt>
   <trkpt lat="49.5933590" lon="18.6459980">
    <ele>951.8</ele>
    <time>2026-05-23T10:10:22Z</time>
   </trkpt>
   <trkpt lat="49.5933420" lon="18.6459880">
    <ele>952.0</ele>
    <time>2026-05-23T10:10:23Z</time>
   </trkpt>
   <trkpt lat="49.5933260" lon="18.6459830">
    <ele>952.0</ele>
    <time>2026-05-23T10:10:24Z</time>
   </trkpt>
   <trkpt lat="49.5933160" lon="18.6459880">
    <ele>952.0</ele>
    <time>2026-05-23T10:10:25Z</time>
   </trkpt>
   <trkpt lat="49.5933060" lon="18.6459960">
    <ele>952.0</ele>
    <time>2026-05-23T10:10:26Z</time>
   </trkpt>
   <trkpt lat="49.5932820" lon="18.6460110">
    <ele>952.0</ele>
    <time>2026-05-23T10:10:27Z</time>
   </trkpt>
   <trkpt lat="49.5932490" lon="18.6460250">
    <ele>951.8</ele>
    <time>2026-05-23T10:10:28Z</time>
   </trkpt>
   <trkpt lat="49.5932140" lon="18.6460200">
    <ele>951.2</ele>
    <time>2026-05-23T10:10:29Z</time>
   </trkpt>
   <trkpt lat="49.5931830" lon="18.6460210">
    <ele>951.0</ele>
    <time>2026-05-23T10:10:30Z</time>
   </trkpt>
   <trkpt lat="49.5931530" lon="18.6460360">
    <ele>950.8</ele>
    <time>2026-05-23T10:10:31Z</time>
   </trkpt>
   <trkpt lat="49.5931310" lon="18.6460500">
    <ele>950.6</ele>
    <time>2026-05-23T10:10:32Z</time>
   </trkpt>
   <trkpt lat="49.5931130" lon="18.6460660">
    <ele>950.2</ele>
    <time>2026-05-23T10:10:33Z</time>
   </trkpt>
   <trkpt lat="49.5930940" lon="18.6460880">
    <ele>950.0</ele>
    <time>2026-05-23T10:10:34Z</time>
   </trkpt>
   <trkpt lat="49.5930750" lon="18.6461140">
    <ele>949.6</ele>
    <time>2026-05-23T10:10:35Z</time>
   </trkpt>
   <trkpt lat="49.5930640" lon="18.6461520">
    <ele>949.0</ele>
    <time>2026-05-23T10:10:36Z</time>
   </trkpt>
   <trkpt lat="49.5930660" lon="18.6461980">
    <ele>948.4</ele>
    <time>2026-05-23T10:10:37Z</time>
   </trkpt>
   <trkpt lat="49.5930760" lon="18.6462310">
    <ele>947.2</ele>
    <time>2026-05-23T10:10:38Z</time>
   </trkpt>
   <trkpt lat="49.5930850" lon="18.6462550">
    <ele>947.0</ele>
    <time>2026-05-23T10:10:39Z</time>
   </trkpt>
   <trkpt lat="49.5930870" lon="18.6462600">
    <ele>947.0</ele>
    <time>2026-05-23T10:10:40Z</time>
   </trkpt>
   <trkpt lat="49.5930870" lon="18.6462600">
    <ele>946.8</ele>
    <time>2026-05-23T10:10:41Z</time>
   </trkpt>
   <trkpt lat="49.5930870" lon="18.6462600">
    <ele>946.8</ele>
    <time>2026-05-23T10:10:42Z</time>
   </trkpt>
   <trkpt lat="49.5930870" lon="18.6462600">
    <ele>946.8</ele>
    <time>2026-05-23T10:10:43Z</time>
   </trkpt>
   <trkpt lat="49.5930870" lon="18.6462600">
    <ele>946.0</ele>
    <time>2026-05-23T10:19:08Z</time>
   </trkpt>
   <trkpt lat="49.5930870" lon="18.6462600">
    <ele>946.0</ele>
    <time>2026-05-23T10:19:09Z</time>
   </trkpt>
   <trkpt lat="49.5924730" lon="18.6456060">
    <ele>946.0</ele>
    <time>2026-05-23T10:19:15Z</time>
   </trkpt>
   <trkpt lat="49.5930030" lon="18.6459990">
    <ele>946.4</ele>
    <time>2026-05-23T10:19:17Z</time>
   </trkpt>
   <trkpt lat="49.5930100" lon="18.6459300">
    <ele>946.8</ele>
    <time>2026-05-23T10:19:19Z</time>
   </trkpt>
   <trkpt lat="49.5930240" lon="18.6459140">
    <ele>946.8</ele>
    <time>2026-05-23T10:19:20Z</time>
   </trkpt>
   <trkpt lat="49.5930380" lon="18.6458930">
    <ele>947.0</ele>
    <time>2026-05-23T10:19:22Z</time>
   </trkpt>
   <trkpt lat="49.5930630" lon="18.6458480">
    <ele>947.4</ele>
    <time>2026-05-23T10:19:24Z</time>
   </trkpt>
   <trkpt lat="49.5930860" lon="18.6457910">
    <ele>948.2</ele>
    <time>2026-05-23T10:19:26Z</time>
   </trkpt>
   <trkpt lat="49.5930880" lon="18.6457690">
    <ele>948.6</ele>
    <time>2026-05-23T10:19:27Z</time>
   </trkpt>
   <trkpt lat="49.5930860" lon="18.6457470">
    <ele>949.2</ele>
    <time>2026-05-23T10:19:28Z</time>
   </trkpt>
   <trkpt lat="49.5930780" lon="18.6457270">
    <ele>949.6</ele>
    <time>2026-05-23T10:19:29Z</time>
   </trkpt>
   <trkpt lat="49.5930810" lon="18.6457130">
    <ele>949.8</ele>
    <time>2026-05-23T10:19:30Z</time>
   </trkpt>
   <trkpt lat="49.5930770" lon="18.6456930">
    <ele>950.0</ele>
    <time>2026-05-23T10:19:31Z</time>
   </trkpt>
   <trkpt lat="49.5930520" lon="18.6456610">
    <ele>950.0</ele>
    <time>2026-05-23T10:19:33Z</time>
   </trkpt>
   <trkpt lat="49.5930390" lon="18.6456440">
    <ele>950.0</ele>
    <time>2026-05-23T10:19:34Z</time>
   </trkpt>
   <trkpt lat="49.5930270" lon="18.6456280">
    <ele>950.2</ele>
    <time>2026-05-23T10:19:35Z</time>
   </trkpt>
   <trkpt lat="49.5930150" lon="18.6456150">
    <ele>950.2</ele>
    <time>2026-05-23T10:19:36Z</time>
   </trkpt>
   <trkpt lat="49.5930030" lon="18.6456040">
    <ele>950.4</ele>
    <time>2026-05-23T10:19:37Z</time>
   </trkpt>
   <trkpt lat="49.5929940" lon="18.6455940">
    <ele>950.4</ele>
    <time>2026-05-23T10:19:38Z</time>
   </trkpt>
   <trkpt lat="49.5929850" lon="18.6455810">
    <ele>950.4</ele>
    <time>2026-05-23T10:19:39Z</time>
   </trkpt>
   <trkpt lat="49.5929530" lon="18.6455350">
    <ele>950.6</ele>
    <time>2026-05-23T10:19:42Z</time>
   </trkpt>
   <trkpt lat="49.5929410" lon="18.6455220">
    <ele>950.8</ele>
    <time>2026-05-23T10:19:43Z</time>
   </trkpt>
   <trkpt lat="49.5929330" lon="18.6455030">
    <ele>950.8</ele>
    <time>2026-05-23T10:19:44Z</time>
   </trkpt>
   <trkpt lat="49.5929230" lon="18.6454720">
    <ele>951.0</ele>
    <time>2026-05-23T10:19:45Z</time>
   </trkpt>
   <trkpt lat="49.5929270" lon="18.6454420">
    <ele>951.0</ele>
    <time>2026-05-23T10:19:46Z</time>
   </trkpt>
   <trkpt lat="49.5929450" lon="18.6454270">
    <ele>951.2</ele>
    <time>2026-05-23T10:19:47Z</time>
   </trkpt>
   <trkpt lat="49.5929630" lon="18.6454230">
    <ele>951.4</ele>
    <time>2026-05-23T10:19:48Z</time>
   </trkpt>
   <trkpt lat="49.5929920" lon="18.6454200">
    <ele>951.6</ele>
    <time>2026-05-23T10:19:49Z</time>
   </trkpt>
   <trkpt lat="49.5930160" lon="18.6454180">
    <ele>951.8</ele>
    <time>2026-05-23T10:19:50Z</time>
   </trkpt>
   <trkpt lat="49.5930370" lon="18.6454140">
    <ele>952.0</ele>
    <time>2026-05-23T10:19:51Z</time>
   </trkpt>
   <trkpt lat="49.5930560" lon="18.6454080">
    <ele>952.2</ele>
    <time>2026-05-23T10:19:52Z</time>
   </trkpt>
   <trkpt lat="49.5930760" lon="18.6454030">
    <ele>952.2</ele>
    <time>2026-05-23T10:19:53Z</time>
   </trkpt>
   <trkpt lat="49.5930990" lon="18.6454010">
    <ele>952.6</ele>
    <time>2026-05-23T10:19:54Z</time>
   </trkpt>
   <trkpt lat="49.5931230" lon="18.6453940">
    <ele>952.6</ele>
    <time>2026-05-23T10:19:55Z</time>
   </trkpt>
   <trkpt lat="49.5931470" lon="18.6453880">
    <ele>952.6</ele>
    <time>2026-05-23T10:19:56Z</time>
   </trkpt>
   <trkpt lat="49.5931730" lon="18.6453770">
    <ele>952.6</ele>
    <time>2026-05-23T10:19:57Z</time>
   </trkpt>
   <trkpt lat="49.5931970" lon="18.6453540">
    <ele>952.6</ele>
    <time>2026-05-23T10:19:58Z</time>
   </trkpt>
   <trkpt lat="49.5932180" lon="18.6453240">
    <ele>952.6</ele>
    <time>2026-05-23T10:19:59Z</time>
   </trkpt>
   <trkpt lat="49.5932340" lon="18.6452900">
    <ele>953.0</ele>
    <time>2026-05-23T10:20:00Z</time>
   </trkpt>
   <trkpt lat="49.5932460" lon="18.6452630">
    <ele>953.2</ele>
    <time>2026-05-23T10:20:01Z</time>
   </trkpt>
   <trkpt lat="49.5932640" lon="18.6452250">
    <ele>953.4</ele>
    <time>2026-05-23T10:20:02Z</time>
   </trkpt>
   <trkpt lat="49.5932750" lon="18.6451980">
    <ele>953.6</ele>
    <time>2026-05-23T10:20:03Z</time>
   </trkpt>
   <trkpt lat="49.5932870" lon="18.6451540">
    <ele>953.8</ele>
    <time>2026-05-23T10:20:04Z</time>
   </trkpt>
   <trkpt lat="49.5932950" lon="18.6451150">
    <ele>954.0</ele>
    <time>2026-05-23T10:20:05Z</time>
   </trkpt>
   <trkpt lat="49.5933000" lon="18.6450740">
    <ele>954.2</ele>
    <time>2026-05-23T10:20:06Z</time>
   </trkpt>
   <trkpt lat="49.5933060" lon="18.6450350">
    <ele>954.4</ele>
    <time>2026-05-23T10:20:07Z</time>
   </trkpt>
   <trkpt lat="49.5933140" lon="18.6450010">
    <ele>955.0</ele>
    <time>2026-05-23T10:20:08Z</time>
   </trkpt>
   <trkpt lat="49.5933210" lon="18.6449680">
    <ele>955.2</ele>
    <time>2026-05-23T10:20:09Z</time>
   </trkpt>
   <trkpt lat="49.5933290" lon="18.6449340">
    <ele>955.4</ele>
    <time>2026-05-23T10:20:10Z</time>
   </trkpt>
   <trkpt lat="49.5933350" lon="18.6448980">
    <ele>955.8</ele>
    <time>2026-05-23T10:20:11Z</time>
   </trkpt>
   <trkpt lat="49.5933420" lon="18.6448630">
    <ele>955.8</ele>
    <time>2026-05-23T10:20:12Z</time>
   </trkpt>
   <trkpt lat="49.5933490" lon="18.6448350">
    <ele>956.0</ele>
    <time>2026-05-23T10:20:13Z</time>
   </trkpt>
   <trkpt lat="49.5933580" lon="18.6448010">
    <ele>956.2</ele>
    <time>2026-05-23T10:20:14Z</time>
   </trkpt>
   <trkpt lat="49.5933690" lon="18.6447630">
    <ele>956.4</ele>
    <time>2026-05-23T10:20:15Z</time>
   </trkpt>
   <trkpt lat="49.5933760" lon="18.6447320">
    <ele>956.6</ele>
    <time>2026-05-23T10:20:16Z</time>
   </trkpt>
   <trkpt lat="49.5933820" lon="18.6446990">
    <ele>956.8</ele>
    <time>2026-05-23T10:20:17Z</time>
   </trkpt>
   <trkpt lat="49.5933860" lon="18.6446750">
    <ele>957.0</ele>
    <time>2026-05-23T10:20:18Z</time>
   </trkpt>
   <trkpt lat="49.5933900" lon="18.6446430">
    <ele>957.0</ele>
    <time>2026-05-23T10:20:19Z</time>
   </trkpt>
   <trkpt lat="49.5933930" lon="18.6446020">
    <ele>957.2</ele>
    <time>2026-05-23T10:20:20Z</time>
   </trkpt>
   <trkpt lat="49.5933950" lon="18.6445740">
    <ele>957.2</ele>
    <time>2026-05-23T10:20:21Z</time>
   </trkpt>
   <trkpt lat="49.5934010" lon="18.6445410">
    <ele>957.2</ele>
    <time>2026-05-23T10:20:22Z</time>
   </trkpt>
   <trkpt lat="49.5934080" lon="18.6445030">
    <ele>957.4</ele>
    <time>2026-05-23T10:20:23Z</time>
   </trkpt>
   <trkpt lat="49.5934120" lon="18.6444760">
    <ele>957.4</ele>
    <time>2026-05-23T10:20:24Z</time>
   </trkpt>
   <trkpt lat="49.5934180" lon="18.6444400">
    <ele>957.4</ele>
    <time>2026-05-23T10:20:25Z</time>
   </trkpt>
   <trkpt lat="49.5934260" lon="18.6444050">
    <ele>957.4</ele>
    <time>2026-05-23T10:20:26Z</time>
   </trkpt>
   <trkpt lat="49.5934330" lon="18.6443720">
    <ele>957.2</ele>
    <time>2026-05-23T10:20:27Z</time>
   </trkpt>
   <trkpt lat="49.5934360" lon="18.6443380">
    <ele>957.2</ele>
    <time>2026-05-23T10:20:28Z</time>
   </trkpt>
   <trkpt lat="49.5934380" lon="18.6443000">
    <ele>957.0</ele>
    <time>2026-05-23T10:20:29Z</time>
   </trkpt>
   <trkpt lat="49.5934430" lon="18.6442650">
    <ele>956.8</ele>
    <time>2026-05-23T10:20:30Z</time>
   </trkpt>
   <trkpt lat="49.5934450" lon="18.6442400">
    <ele>956.8</ele>
    <time>2026-05-23T10:20:31Z</time>
   </trkpt>
   <trkpt lat="49.5934440" lon="18.6442180">
    <ele>956.8</ele>
    <time>2026-05-23T10:20:32Z</time>
   </trkpt>
   <trkpt lat="49.5934440" lon="18.6442080">
    <ele>956.8</ele>
    <time>2026-05-23T10:20:33Z</time>
   </trkpt>
   <trkpt lat="49.5934260" lon="18.6442020">
    <ele>957.2</ele>
    <time>2026-05-23T10:20:37Z</time>
   </trkpt>
   <trkpt lat="49.5934240" lon="18.6442000">
    <ele>957.2</ele>
    <time>2026-05-23T10:20:38Z</time>
   </trkpt>
   <trkpt lat="49.5934280" lon="18.6441990">
    <ele>957.2</ele>
    <time>2026-05-23T10:20:43Z</time>
   </trkpt>
   <trkpt lat="49.5934290" lon="18.6442040">
    <ele>957.0</ele>
    <time>2026-05-23T10:20:55Z</time>
   </trkpt>
   <trkpt lat="49.5934290" lon="18.6442040">
    <ele>957.0</ele>
    <time>2026-05-23T10:20:56Z</time>
   </trkpt>
   <trkpt lat="49.5934290" lon="18.6442040">
    <ele>956.8</ele>
    <time>2026-05-23T10:20:58Z</time>
   </trkpt>
   <trkpt lat="49.5934290" lon="18.6442040">
    <ele>956.8</ele>
    <time>2026-05-23T10:20:59Z</time>
   </trkpt>
   <trkpt lat="49.5934370" lon="18.6442050">
    <ele>957.4</ele>
    <time>2026-05-23T10:21:17Z</time>
   </trkpt>
   <trkpt lat="49.5934370" lon="18.6442050">
    <ele>957.4</ele>
    <time>2026-05-23T10:21:19Z</time>
   </trkpt>
   <trkpt lat="49.5934500" lon="18.6442150">
    <ele>957.6</ele>
    <time>2026-05-23T10:21:35Z</time>
   </trkpt>
   <trkpt lat="49.5934950" lon="18.6441220">
    <ele>957.8</ele>
    <time>2026-05-23T10:21:40Z</time>
   </trkpt>
   <trkpt lat="49.5936420" lon="18.6438150">
    <ele>956.2</ele>
    <time>2026-05-23T10:21:47Z</time>
   </trkpt>
   <trkpt lat="49.5936650" lon="18.6437550">
    <ele>956.0</ele>
    <time>2026-05-23T10:21:48Z</time>
   </trkpt>
   <trkpt lat="49.5937030" lon="18.6436060">
    <ele>955.0</ele>
    <time>2026-05-23T10:21:50Z</time>
   </trkpt>
   <trkpt lat="49.5937510" lon="18.6434360">
    <ele>954.6</ele>
    <time>2026-05-23T10:21:52Z</time>
   </trkpt>
   <trkpt lat="49.5937770" lon="18.6433500">
    <ele>954.0</ele>
    <time>2026-05-23T10:21:53Z</time>
   </trkpt>
   <trkpt lat="49.5938120" lon="18.6432720">
    <ele>952.2</ele>
    <time>2026-05-23T10:21:54Z</time>
   </trkpt>
   <trkpt lat="49.5938490" lon="18.6432040">
    <ele>950.2</ele>
    <time>2026-05-23T10:21:55Z</time>
   </trkpt>
   <trkpt lat="49.5938790" lon="18.6431410">
    <ele>950.0</ele>
    <time>2026-05-23T10:21:56Z</time>
   </trkpt>
   <trkpt lat="49.5939070" lon="18.6430770">
    <ele>949.6</ele>
    <time>2026-05-23T10:21:57Z</time>
   </trkpt>
   <trkpt lat="49.5939290" lon="18.6430180">
    <ele>949.2</ele>
    <time>2026-05-23T10:21:58Z</time>
   </trkpt>
   <trkpt lat="49.5939450" lon="18.6429640">
    <ele>948.6</ele>
    <time>2026-05-23T10:21:59Z</time>
   </trkpt>
   <trkpt lat="49.5939580" lon="18.6429130">
    <ele>948.4</ele>
    <time>2026-05-23T10:22:00Z</time>
   </trkpt>
   <trkpt lat="49.5939700" lon="18.6428700">
    <ele>947.8</ele>
    <time>2026-05-23T10:22:01Z</time>
   </trkpt>
   <trkpt lat="49.5939850" lon="18.6428310">
    <ele>947.6</ele>
    <time>2026-05-23T10:22:02Z</time>
   </trkpt>
   <trkpt lat="49.5940040" lon="18.6427900">
    <ele>947.4</ele>
    <time>2026-05-23T10:22:03Z</time>
   </trkpt>
   <trkpt lat="49.5940190" lon="18.6427450">
    <ele>946.6</ele>
    <time>2026-05-23T10:22:04Z</time>
   </trkpt>
   <trkpt lat="49.5940300" lon="18.6426920">
    <ele>945.8</ele>
    <time>2026-05-23T10:22:05Z</time>
   </trkpt>
   <trkpt lat="49.5940380" lon="18.6426340">
    <ele>944.8</ele>
    <time>2026-05-23T10:22:06Z</time>
   </trkpt>
   <trkpt lat="49.5940500" lon="18.6425730">
    <ele>943.8</ele>
    <time>2026-05-23T10:22:07Z</time>
   </trkpt>
   <trkpt lat="49.5940590" lon="18.6425100">
    <ele>942.8</ele>
    <time>2026-05-23T10:22:08Z</time>
   </trkpt>
   <trkpt lat="49.5940630" lon="18.6424520">
    <ele>942.2</ele>
    <time>2026-05-23T10:22:09Z</time>
   </trkpt>
   <trkpt lat="49.5940770" lon="18.6423980">
    <ele>941.4</ele>
    <time>2026-05-23T10:22:10Z</time>
   </trkpt>
   <trkpt lat="49.5940960" lon="18.6423500">
    <ele>940.6</ele>
    <time>2026-05-23T10:22:11Z</time>
   </trkpt>
   <trkpt lat="49.5941160" lon="18.6423140">
    <ele>940.0</ele>
    <time>2026-05-23T10:22:12Z</time>
   </trkpt>
   <trkpt lat="49.5941300" lon="18.6422830">
    <ele>938.6</ele>
    <time>2026-05-23T10:22:13Z</time>
   </trkpt>
   <trkpt lat="49.5941410" lon="18.6422540">
    <ele>938.4</ele>
    <time>2026-05-23T10:22:14Z</time>
   </trkpt>
   <trkpt lat="49.5941540" lon="18.6422160">
    <ele>938.2</ele>
    <time>2026-05-23T10:22:15Z</time>
   </trkpt>
   <trkpt lat="49.5942010" lon="18.6421250">
    <ele>937.2</ele>
    <time>2026-05-23T10:22:17Z</time>
   </trkpt>
   <trkpt lat="49.5942310" lon="18.6420760">
    <ele>936.2</ele>
    <time>2026-05-23T10:22:18Z</time>
   </trkpt>
   <trkpt lat="49.5942550" lon="18.6420300">
    <ele>935.0</ele>
    <time>2026-05-23T10:22:19Z</time>
   </trkpt>
   <trkpt lat="49.5942700" lon="18.6419990">
    <ele>933.6</ele>
    <time>2026-05-23T10:22:20Z</time>
   </trkpt>
   <trkpt lat="49.5942950" lon="18.6419550">
    <ele>933.0</ele>
    <time>2026-05-23T10:22:21Z</time>
   </trkpt>
   <trkpt lat="49.5943450" lon="18.6418910">
    <ele>931.8</ele>
    <time>2026-05-23T10:22:23Z</time>
   </trkpt>
   <trkpt lat="49.5943900" lon="18.6418290">
    <ele>930.6</ele>
    <time>2026-05-23T10:22:25Z</time>
   </trkpt>
   <trkpt lat="49.5944100" lon="18.6418050">
    <ele>930.2</ele>
    <time>2026-05-23T10:22:26Z</time>
   </trkpt>
   <trkpt lat="49.5944230" lon="18.6417780">
    <ele>929.6</ele>
    <time>2026-05-23T10:22:27Z</time>
   </trkpt>
   <trkpt lat="49.5944390" lon="18.6417410">
    <ele>929.4</ele>
    <time>2026-05-23T10:22:28Z</time>
   </trkpt>
   <trkpt lat="49.5944550" lon="18.6417010">
    <ele>929.0</ele>
    <time>2026-05-23T10:22:29Z</time>
   </trkpt>
   <trkpt lat="49.5945050" lon="18.6416260">
    <ele>927.4</ele>
    <time>2026-05-23T10:22:31Z</time>
   </trkpt>
   <trkpt lat="49.5945260" lon="18.6415830">
    <ele>926.0</ele>
    <time>2026-05-23T10:22:32Z</time>
   </trkpt>
   <trkpt lat="49.5945440" lon="18.6415290">
    <ele>924.6</ele>
    <time>2026-05-23T10:22:33Z</time>
   </trkpt>
   <trkpt lat="49.5945610" lon="18.6414780">
    <ele>923.8</ele>
    <time>2026-05-23T10:22:34Z</time>
   </trkpt>
   <trkpt lat="49.5945740" lon="18.6414420">
    <ele>923.0</ele>
    <time>2026-05-23T10:22:35Z</time>
   </trkpt>
   <trkpt lat="49.5945830" lon="18.6414180">
    <ele>922.6</ele>
    <time>2026-05-23T10:22:36Z</time>
   </trkpt>
   <trkpt lat="49.5945950" lon="18.6413970">
    <ele>922.4</ele>
    <time>2026-05-23T10:22:37Z</time>
   </trkpt>
   <trkpt lat="49.5946020" lon="18.6413690">
    <ele>922.0</ele>
    <time>2026-05-23T10:22:38Z</time>
   </trkpt>
   <trkpt lat="49.5946070" lon="18.6413420">
    <ele>921.2</ele>
    <time>2026-05-23T10:22:39Z</time>
   </trkpt>
   <trkpt lat="49.5946140" lon="18.6413200">
    <ele>920.8</ele>
    <time>2026-05-23T10:22:40Z</time>
   </trkpt>
   <trkpt lat="49.5946200" lon="18.6413040">
    <ele>920.2</ele>
    <time>2026-05-23T10:22:41Z</time>
   </trkpt>
   <trkpt lat="49.5946230" lon="18.6412870">
    <ele>919.6</ele>
    <time>2026-05-23T10:22:42Z</time>
   </trkpt>
   <trkpt lat="49.5946270" lon="18.6412360">
    <ele>918.2</ele>
    <time>2026-05-23T10:22:44Z</time>
   </trkpt>
   <trkpt lat="49.5946380" lon="18.6411660">
    <ele>917.0</ele>
    <time>2026-05-23T10:22:46Z</time>
   </trkpt>
   <trkpt lat="49.5946440" lon="18.6411230">
    <ele>916.0</ele>
    <time>2026-05-23T10:22:47Z</time>
   </trkpt>
   <trkpt lat="49.5946470" lon="18.6410800">
    <ele>914.8</ele>
    <time>2026-05-23T10:22:48Z</time>
   </trkpt>
   <trkpt lat="49.5946480" lon="18.6410310">
    <ele>914.0</ele>
    <time>2026-05-23T10:22:49Z</time>
   </trkpt>
   <trkpt lat="49.5946460" lon="18.6409770">
    <ele>913.2</ele>
    <time>2026-05-23T10:22:50Z</time>
   </trkpt>
   <trkpt lat="49.5946430" lon="18.6409220">
    <ele>912.0</ele>
    <time>2026-05-23T10:22:51Z</time>
   </trkpt>
   <trkpt lat="49.5946490" lon="18.6408700">
    <ele>911.4</ele>
    <time>2026-05-23T10:22:52Z</time>
   </trkpt>
   <trkpt lat="49.5946660" lon="18.6408190">
    <ele>911.0</ele>
    <time>2026-05-23T10:22:53Z</time>
   </trkpt>
   <trkpt lat="49.5946670" lon="18.6407070">
    <ele>908.6</ele>
    <time>2026-05-23T10:22:55Z</time>
   </trkpt>
   <trkpt lat="49.5946560" lon="18.6406580">
    <ele>907.8</ele>
    <time>2026-05-23T10:22:56Z</time>
   </trkpt>
   <trkpt lat="49.5946400" lon="18.6406140">
    <ele>907.0</ele>
    <time>2026-05-23T10:22:57Z</time>
   </trkpt>
   <trkpt lat="49.5946170" lon="18.6405050">
    <ele>905.2</ele>
    <time>2026-05-23T10:22:59Z</time>
   </trkpt>
   <trkpt lat="49.5946160" lon="18.6404440">
    <ele>904.2</ele>
    <time>2026-05-23T10:23:00Z</time>
   </trkpt>
   <trkpt lat="49.5946250" lon="18.6403860">
    <ele>903.4</ele>
    <time>2026-05-23T10:23:01Z</time>
   </trkpt>
   <trkpt lat="49.5946380" lon="18.6403420">
    <ele>901.6</ele>
    <time>2026-05-23T10:23:02Z</time>
   </trkpt>
   <trkpt lat="49.5946600" lon="18.6402910">
    <ele>900.4</ele>
    <time>2026-05-23T10:23:03Z</time>
   </trkpt>
   <trkpt lat="49.5946880" lon="18.6402350">
    <ele>899.4</ele>
    <time>2026-05-23T10:23:04Z</time>
   </trkpt>
   <trkpt lat="49.5947230" lon="18.6401680">
    <ele>898.6</ele>
    <time>2026-05-23T10:23:05Z</time>
   </trkpt>
   <trkpt lat="49.5947590" lon="18.6400830">
    <ele>896.6</ele>
    <time>2026-05-23T10:23:06Z</time>
   </trkpt>
   <trkpt lat="49.5947870" lon="18.6399950">
    <ele>893.8</ele>
    <time>2026-05-23T10:23:07Z</time>
   </trkpt>
   <trkpt lat="49.5948090" lon="18.6399320">
    <ele>892.0</ele>
    <time>2026-05-23T10:23:08Z</time>
   </trkpt>
   <trkpt lat="49.5948270" lon="18.6398720">
    <ele>891.8</ele>
    <time>2026-05-23T10:23:09Z</time>
   </trkpt>
   <trkpt lat="49.5948480" lon="18.6398190">
    <ele>891.2</ele>
    <time>2026-05-23T10:23:10Z</time>
   </trkpt>
   <trkpt lat="49.5948690" lon="18.6397670">
    <ele>890.6</ele>
    <time>2026-05-23T10:23:11Z</time>
   </trkpt>
   <trkpt lat="49.5948870" lon="18.6397390">
    <ele>889.6</ele>
    <time>2026-05-23T10:23:12Z</time>
   </trkpt>
   <trkpt lat="49.5949030" lon="18.6397220">
    <ele>888.6</ele>
    <time>2026-05-23T10:23:13Z</time>
   </trkpt>
   <trkpt lat="49.5949200" lon="18.6397000">
    <ele>888.0</ele>
    <time>2026-05-23T10:23:14Z</time>
   </trkpt>
   <trkpt lat="49.5949310" lon="18.6396760">
    <ele>887.2</ele>
    <time>2026-05-23T10:23:15Z</time>
   </trkpt>
   <trkpt lat="49.5949380" lon="18.6396400">
    <ele>886.6</ele>
    <time>2026-05-23T10:23:16Z</time>
   </trkpt>
   <trkpt lat="49.5949420" lon="18.6396120">
    <ele>886.2</ele>
    <time>2026-05-23T10:23:17Z</time>
   </trkpt>
   <trkpt lat="49.5949460" lon="18.6395940">
    <ele>885.6</ele>
    <time>2026-05-23T10:23:18Z</time>
   </trkpt>
   <trkpt lat="49.5949540" lon="18.6395760">
    <ele>885.0</ele>
    <time>2026-05-23T10:23:19Z</time>
   </trkpt>
   <trkpt lat="49.5949620" lon="18.6395480">
    <ele>884.8</ele>
    <time>2026-05-23T10:23:20Z</time>
   </trkpt>
   <trkpt lat="49.5949780" lon="18.6395170">
    <ele>884.4</ele>
    <time>2026-05-23T10:23:21Z</time>
   </trkpt>
   <trkpt lat="49.5949950" lon="18.6394310">
    <ele>882.8</ele>
    <time>2026-05-23T10:23:23Z</time>
   </trkpt>
   <trkpt lat="49.5950130" lon="18.6393770">
    <ele>882.2</ele>
    <time>2026-05-23T10:23:24Z</time>
   </trkpt>
   <trkpt lat="49.5950420" lon="18.6393110">
    <ele>881.2</ele>
    <time>2026-05-23T10:23:25Z</time>
   </trkpt>
   <trkpt lat="49.5950690" lon="18.6392570">
    <ele>879.6</ele>
    <time>2026-05-23T10:23:26Z</time>
   </trkpt>
   <trkpt lat="49.5950890" lon="18.6392070">
    <ele>877.6</ele>
    <time>2026-05-23T10:23:27Z</time>
   </trkpt>
   <trkpt lat="49.5950980" lon="18.6391420">
    <ele>877.0</ele>
    <time>2026-05-23T10:23:28Z</time>
   </trkpt>
   <trkpt lat="49.5951050" lon="18.6390750">
    <ele>876.0</ele>
    <time>2026-05-23T10:23:29Z</time>
   </trkpt>
   <trkpt lat="49.5951110" lon="18.6390100">
    <ele>875.2</ele>
    <time>2026-05-23T10:23:30Z</time>
   </trkpt>
   <trkpt lat="49.5951260" lon="18.6389630">
    <ele>874.8</ele>
    <time>2026-05-23T10:23:31Z</time>
   </trkpt>
   <trkpt lat="49.5951430" lon="18.6389220">
    <ele>874.2</ele>
    <time>2026-05-23T10:23:32Z</time>
   </trkpt>
   <trkpt lat="49.5951610" lon="18.6388880">
    <ele>873.6</ele>
    <time>2026-05-23T10:23:33Z</time>
   </trkpt>
   <trkpt lat="49.5951710" lon="18.6388610">
    <ele>872.8</ele>
    <time>2026-05-23T10:23:34Z</time>
   </trkpt>
   <trkpt lat="49.5951770" lon="18.6388280">
    <ele>872.4</ele>
    <time>2026-05-23T10:23:35Z</time>
   </trkpt>
   <trkpt lat="49.5952140" lon="18.6387170">
    <ele>871.2</ele>
    <time>2026-05-23T10:23:38Z</time>
   </trkpt>
   <trkpt lat="49.5952490" lon="18.6386140">
    <ele>869.4</ele>
    <time>2026-05-23T10:23:40Z</time>
   </trkpt>
   <trkpt lat="49.5952680" lon="18.6385570">
    <ele>868.8</ele>
    <time>2026-05-23T10:23:41Z</time>
   </trkpt>
   <trkpt lat="49.5952880" lon="18.6385040">
    <ele>868.6</ele>
    <time>2026-05-23T10:23:42Z</time>
   </trkpt>
   <trkpt lat="49.5953150" lon="18.6384560">
    <ele>868.2</ele>
    <time>2026-05-23T10:23:43Z</time>
   </trkpt>
   <trkpt lat="49.5953350" lon="18.6384080">
    <ele>868.0</ele>
    <time>2026-05-23T10:23:44Z</time>
   </trkpt>
   <trkpt lat="49.5953680" lon="18.6383450">
    <ele>868.0</ele>
    <time>2026-05-23T10:23:45Z</time>
   </trkpt>
   <trkpt lat="49.5954020" lon="18.6383070">
    <ele>868.0</ele>
    <time>2026-05-23T10:23:46Z</time>
   </trkpt>
   <trkpt lat="49.5954360" lon="18.6382710">
    <ele>868.0</ele>
    <time>2026-05-23T10:23:47Z</time>
   </trkpt>
   <trkpt lat="49.5955050" lon="18.6382000">
    <ele>867.8</ele>
    <time>2026-05-23T10:23:49Z</time>
   </trkpt>
   <trkpt lat="49.5956040" lon="18.6381000">
    <ele>866.8</ele>
    <time>2026-05-23T10:23:51Z</time>
   </trkpt>
   <trkpt lat="49.5956450" lon="18.6380400">
    <ele>866.0</ele>
    <time>2026-05-23T10:23:52Z</time>
   </trkpt>
   <trkpt lat="49.5956850" lon="18.6379830">
    <ele>865.2</ele>
    <time>2026-05-23T10:23:53Z</time>
   </trkpt>
   <trkpt lat="49.5957430" lon="18.6378440">
    <ele>864.0</ele>
    <time>2026-05-23T10:23:55Z</time>
   </trkpt>
   <trkpt lat="49.5957800" lon="18.6377660">
    <ele>863.4</ele>
    <time>2026-05-23T10:23:56Z</time>
   </trkpt>
   <trkpt lat="49.5958200" lon="18.6376840">
    <ele>862.0</ele>
    <time>2026-05-23T10:23:57Z</time>
   </trkpt>
   <trkpt lat="49.5958440" lon="18.6375760">
    <ele>859.6</ele>
    <time>2026-05-23T10:23:58Z</time>
   </trkpt>
   <trkpt lat="49.5958620" lon="18.6374830">
    <ele>858.8</ele>
    <time>2026-05-23T10:23:59Z</time>
   </trkpt>
   <trkpt lat="49.5958770" lon="18.6374220">
    <ele>858.2</ele>
    <time>2026-05-23T10:24:00Z</time>
   </trkpt>
   <trkpt lat="49.5959010" lon="18.6373880">
    <ele>858.0</ele>
    <time>2026-05-23T10:24:01Z</time>
   </trkpt>
   <trkpt lat="49.5959260" lon="18.6373670">
    <ele>857.8</ele>
    <time>2026-05-23T10:24:02Z</time>
   </trkpt>
   <trkpt lat="49.5959430" lon="18.6373450">
    <ele>857.6</ele>
    <time>2026-05-23T10:24:03Z</time>
   </trkpt>
   <trkpt lat="49.5959600" lon="18.6373250">
    <ele>857.2</ele>
    <time>2026-05-23T10:24:04Z</time>
   </trkpt>
   <trkpt lat="49.5959660" lon="18.6373010">
    <ele>857.0</ele>
    <time>2026-05-23T10:24:05Z</time>
   </trkpt>
   <trkpt lat="49.5959700" lon="18.6372680">
    <ele>856.4</ele>
    <time>2026-05-23T10:24:06Z</time>
   </trkpt>
   <trkpt lat="49.5959750" lon="18.6372330">
    <ele>856.0</ele>
    <time>2026-05-23T10:24:07Z</time>
   </trkpt>
   <trkpt lat="49.5959780" lon="18.6371940">
    <ele>855.4</ele>
    <time>2026-05-23T10:24:08Z</time>
   </trkpt>
   <trkpt lat="49.5959900" lon="18.6371790">
    <ele>854.6</ele>
    <time>2026-05-23T10:24:09Z</time>
   </trkpt>
   <trkpt lat="49.5960060" lon="18.6371670">
    <ele>854.0</ele>
    <time>2026-05-23T10:24:10Z</time>
   </trkpt>
   <trkpt lat="49.5960220" lon="18.6371570">
    <ele>853.4</ele>
    <time>2026-05-23T10:24:11Z</time>
   </trkpt>
   <trkpt lat="49.5960380" lon="18.6371250">
    <ele>852.4</ele>
    <time>2026-05-23T10:24:12Z</time>
   </trkpt>
   <trkpt lat="49.5960680" lon="18.6370850">
    <ele>851.4</ele>
    <time>2026-05-23T10:24:13Z</time>
   </trkpt>
   <trkpt lat="49.5960730" lon="18.6370420">
    <ele>850.6</ele>
    <time>2026-05-23T10:24:14Z</time>
   </trkpt>
   <trkpt lat="49.5960760" lon="18.6370230">
    <ele>850.0</ele>
    <time>2026-05-23T10:24:15Z</time>
   </trkpt>
   <trkpt lat="49.5960770" lon="18.6370110">
    <ele>849.4</ele>
    <time>2026-05-23T10:24:16Z</time>
   </trkpt>
   <trkpt lat="49.5960730" lon="18.6369860">
    <ele>848.8</ele>
    <time>2026-05-23T10:24:17Z</time>
   </trkpt>
   <trkpt lat="49.5960530" lon="18.6369120">
    <ele>847.2</ele>
    <time>2026-05-23T10:24:19Z</time>
   </trkpt>
   <trkpt lat="49.5960440" lon="18.6368640">
    <ele>846.6</ele>
    <time>2026-05-23T10:24:20Z</time>
   </trkpt>
   <trkpt lat="49.5960330" lon="18.6368100">
    <ele>846.0</ele>
    <time>2026-05-23T10:24:21Z</time>
   </trkpt>
   <trkpt lat="49.5960270" lon="18.6367590">
    <ele>845.4</ele>
    <time>2026-05-23T10:24:22Z</time>
   </trkpt>
   <trkpt lat="49.5960110" lon="18.6367100">
    <ele>845.0</ele>
    <time>2026-05-23T10:24:23Z</time>
   </trkpt>
   <trkpt lat="49.5959850" lon="18.6366610">
    <ele>844.0</ele>
    <time>2026-05-23T10:24:24Z</time>
   </trkpt>
   <trkpt lat="49.5959660" lon="18.6366110">
    <ele>843.0</ele>
    <time>2026-05-23T10:24:25Z</time>
   </trkpt>
   <trkpt lat="49.5959610" lon="18.6365690">
    <ele>841.8</ele>
    <time>2026-05-23T10:24:26Z</time>
   </trkpt>
   <trkpt lat="49.5959630" lon="18.6365310">
    <ele>841.4</ele>
    <time>2026-05-23T10:24:27Z</time>
   </trkpt>
   <trkpt lat="49.5959560" lon="18.6364850">
    <ele>841.4</ele>
    <time>2026-05-23T10:24:28Z</time>
   </trkpt>
   <trkpt lat="49.5959310" lon="18.6363820">
    <ele>840.4</ele>
    <time>2026-05-23T10:24:30Z</time>
   </trkpt>
   <trkpt lat="49.5959120" lon="18.6363250">
    <ele>840.0</ele>
    <time>2026-05-23T10:24:31Z</time>
   </trkpt>
   <trkpt lat="49.5958970" lon="18.6362610">
    <ele>838.8</ele>
    <time>2026-05-23T10:24:32Z</time>
   </trkpt>
   <trkpt lat="49.5958930" lon="18.6362030">
    <ele>837.4</ele>
    <time>2026-05-23T10:24:33Z</time>
   </trkpt>
   <trkpt lat="49.5958930" lon="18.6361430">
    <ele>836.8</ele>
    <time>2026-05-23T10:24:34Z</time>
   </trkpt>
   <trkpt lat="49.5959010" lon="18.6360750">
    <ele>835.8</ele>
    <time>2026-05-23T10:24:35Z</time>
   </trkpt>
   <trkpt lat="49.5959060" lon="18.6360170">
    <ele>834.6</ele>
    <time>2026-05-23T10:24:36Z</time>
   </trkpt>
   <trkpt lat="49.5959260" lon="18.6359260">
    <ele>833.2</ele>
    <time>2026-05-23T10:24:38Z</time>
   </trkpt>
   <trkpt lat="49.5959620" lon="18.6358800">
    <ele>832.6</ele>
    <time>2026-05-23T10:24:39Z</time>
   </trkpt>
   <trkpt lat="49.5959780" lon="18.6358430">
    <ele>832.4</ele>
    <time>2026-05-23T10:24:40Z</time>
   </trkpt>
   <trkpt lat="49.5959960" lon="18.6358190">
    <ele>832.2</ele>
    <time>2026-05-23T10:24:41Z</time>
   </trkpt>
   <trkpt lat="49.5960140" lon="18.6357900">
    <ele>831.6</ele>
    <time>2026-05-23T10:24:42Z</time>
   </trkpt>
   <trkpt lat="49.5960680" lon="18.6356180">
    <ele>830.4</ele>
    <time>2026-05-23T10:24:45Z</time>
   </trkpt>
   <trkpt lat="49.5961080" lon="18.6355120">
    <ele>828.8</ele>
    <time>2026-05-23T10:24:46Z</time>
   </trkpt>
   <trkpt lat="49.5961410" lon="18.6354340">
    <ele>826.2</ele>
    <time>2026-05-23T10:24:47Z</time>
   </trkpt>
   <trkpt lat="49.5962450" lon="18.6351970">
    <ele>825.0</ele>
    <time>2026-05-23T10:24:49Z</time>
   </trkpt>
   <trkpt lat="49.5962970" lon="18.6350770">
    <ele>822.6</ele>
    <time>2026-05-23T10:24:50Z</time>
   </trkpt>
   <trkpt lat="49.5963490" lon="18.6349660">
    <ele>820.8</ele>
    <time>2026-05-23T10:24:51Z</time>
   </trkpt>
   <trkpt lat="49.5963890" lon="18.6348780">
    <ele>819.4</ele>
    <time>2026-05-23T10:24:52Z</time>
   </trkpt>
   <trkpt lat="49.5964170" lon="18.6348070">
    <ele>818.8</ele>
    <time>2026-05-23T10:24:53Z</time>
   </trkpt>
   <trkpt lat="49.5964360" lon="18.6347520">
    <ele>818.6</ele>
    <time>2026-05-23T10:24:54Z</time>
   </trkpt>
   <trkpt lat="49.5964560" lon="18.6346650">
    <ele>818.2</ele>
    <time>2026-05-23T10:24:55Z</time>
   </trkpt>
   <trkpt lat="49.5965260" lon="18.6344200">
    <ele>815.8</ele>
    <time>2026-05-23T10:24:58Z</time>
   </trkpt>
   <trkpt lat="49.5965450" lon="18.6343300">
    <ele>815.4</ele>
    <time>2026-05-23T10:24:59Z</time>
   </trkpt>
   <trkpt lat="49.5965630" lon="18.6342550">
    <ele>813.4</ele>
    <time>2026-05-23T10:25:00Z</time>
   </trkpt>
   <trkpt lat="49.5965760" lon="18.6341880">
    <ele>811.6</ele>
    <time>2026-05-23T10:25:01Z</time>
   </trkpt>
   <trkpt lat="49.5965930" lon="18.6341290">
    <ele>810.8</ele>
    <time>2026-05-23T10:25:02Z</time>
   </trkpt>
   <trkpt lat="49.5966170" lon="18.6340670">
    <ele>808.8</ele>
    <time>2026-05-23T10:25:03Z</time>
   </trkpt>
   <trkpt lat="49.5966430" lon="18.6340040">
    <ele>806.6</ele>
    <time>2026-05-23T10:25:04Z</time>
   </trkpt>
   <trkpt lat="49.5966770" lon="18.6339450">
    <ele>805.6</ele>
    <time>2026-05-23T10:25:05Z</time>
   </trkpt>
   <trkpt lat="49.5967170" lon="18.6338760">
    <ele>804.8</ele>
    <time>2026-05-23T10:25:06Z</time>
   </trkpt>
   <trkpt lat="49.5967550" lon="18.6338020">
    <ele>804.4</ele>
    <time>2026-05-23T10:25:07Z</time>
   </trkpt>
   <trkpt lat="49.5967860" lon="18.6337180">
    <ele>803.6</ele>
    <time>2026-05-23T10:25:08Z</time>
   </trkpt>
   <trkpt lat="49.5968130" lon="18.6336180">
    <ele>802.2</ele>
    <time>2026-05-23T10:25:09Z</time>
   </trkpt>
   <trkpt lat="49.5968500" lon="18.6335260">
    <ele>800.6</ele>
    <time>2026-05-23T10:25:10Z</time>
   </trkpt>
   <trkpt lat="49.5968830" lon="18.6334430">
    <ele>799.0</ele>
    <time>2026-05-23T10:25:11Z</time>
   </trkpt>
   <trkpt lat="49.5969130" lon="18.6333770">
    <ele>799.0</ele>
    <time>2026-05-23T10:25:12Z</time>
   </trkpt>
   <trkpt lat="49.5969420" lon="18.6333290">
    <ele>798.6</ele>
    <time>2026-05-23T10:25:13Z</time>
   </trkpt>
   <trkpt lat="49.5970170" lon="18.6332640">
    <ele>797.8</ele>
    <time>2026-05-23T10:25:15Z</time>
   </trkpt>
   <trkpt lat="49.5970550" lon="18.6332200">
    <ele>797.6</ele>
    <time>2026-05-23T10:25:16Z</time>
   </trkpt>
   <trkpt lat="49.5971430" lon="18.6331150">
    <ele>796.0</ele>
    <time>2026-05-23T10:25:18Z</time>
   </trkpt>
   <trkpt lat="49.5971860" lon="18.6330670">
    <ele>795.6</ele>
    <time>2026-05-23T10:25:19Z</time>
   </trkpt>
   <trkpt lat="49.5972300" lon="18.6330170">
    <ele>795.6</ele>
    <time>2026-05-23T10:25:20Z</time>
   </trkpt>
   <trkpt lat="49.5972720" lon="18.6329620">
    <ele>795.2</ele>
    <time>2026-05-23T10:25:21Z</time>
   </trkpt>
   <trkpt lat="49.5973090" lon="18.6329070">
    <ele>794.8</ele>
    <time>2026-05-23T10:25:22Z</time>
   </trkpt>
   <trkpt lat="49.5973680" lon="18.6328220">
    <ele>794.2</ele>
    <time>2026-05-23T10:25:24Z</time>
   </trkpt>
   <trkpt lat="49.5973930" lon="18.6327990">
    <ele>793.8</ele>
    <time>2026-05-23T10:25:25Z</time>
   </trkpt>
   <trkpt lat="49.5974170" lon="18.6327730">
    <ele>793.2</ele>
    <time>2026-05-23T10:25:26Z</time>
   </trkpt>
   <trkpt lat="49.5974430" lon="18.6327390">
    <ele>792.8</ele>
    <time>2026-05-23T10:25:27Z</time>
   </trkpt>
   <trkpt lat="49.5974690" lon="18.6327030">
    <ele>791.8</ele>
    <time>2026-05-23T10:25:28Z</time>
   </trkpt>
   <trkpt lat="49.5974930" lon="18.6326750">
    <ele>791.2</ele>
    <time>2026-05-23T10:25:29Z</time>
   </trkpt>
   <trkpt lat="49.5975270" lon="18.6326490">
    <ele>790.6</ele>
    <time>2026-05-23T10:25:30Z</time>
   </trkpt>
   <trkpt lat="49.5975760" lon="18.6326300">
    <ele>789.6</ele>
    <time>2026-05-23T10:25:31Z</time>
   </trkpt>
   <trkpt lat="49.5976280" lon="18.6326240">
    <ele>788.4</ele>
    <time>2026-05-23T10:25:32Z</time>
   </trkpt>
   <trkpt lat="49.5976770" lon="18.6326300">
    <ele>787.6</ele>
    <time>2026-05-23T10:25:33Z</time>
   </trkpt>
   <trkpt lat="49.5977290" lon="18.6326390">
    <ele>787.0</ele>
    <time>2026-05-23T10:25:34Z</time>
   </trkpt>
   <trkpt lat="49.5977750" lon="18.6326440">
    <ele>786.6</ele>
    <time>2026-05-23T10:25:35Z</time>
   </trkpt>
   <trkpt lat="49.5978200" lon="18.6326560">
    <ele>786.0</ele>
    <time>2026-05-23T10:25:36Z</time>
   </trkpt>
   <trkpt lat="49.5978650" lon="18.6326660">
    <ele>785.4</ele>
    <time>2026-05-23T10:25:37Z</time>
   </trkpt>
   <trkpt lat="49.5979120" lon="18.6326770">
    <ele>784.4</ele>
    <time>2026-05-23T10:25:38Z</time>
   </trkpt>
   <trkpt lat="49.5979620" lon="18.6326920">
    <ele>783.4</ele>
    <time>2026-05-23T10:25:39Z</time>
   </trkpt>
   <trkpt lat="49.5979990" lon="18.6327060">
    <ele>782.2</ele>
    <time>2026-05-23T10:25:40Z</time>
   </trkpt>
   <trkpt lat="49.5980280" lon="18.6327240">
    <ele>781.2</ele>
    <time>2026-05-23T10:25:41Z</time>
   </trkpt>
   <trkpt lat="49.5980530" lon="18.6327470">
    <ele>780.8</ele>
    <time>2026-05-23T10:25:42Z</time>
   </trkpt>
   <trkpt lat="49.5980820" lon="18.6327670">
    <ele>779.8</ele>
    <time>2026-05-23T10:25:43Z</time>
   </trkpt>
   <trkpt lat="49.5981090" lon="18.6327770">
    <ele>779.2</ele>
    <time>2026-05-23T10:25:44Z</time>
   </trkpt>
   <trkpt lat="49.5981380" lon="18.6327810">
    <ele>778.8</ele>
    <time>2026-05-23T10:25:45Z</time>
   </trkpt>
   <trkpt lat="49.5981600" lon="18.6327630">
    <ele>778.6</ele>
    <time>2026-05-23T10:25:46Z</time>
   </trkpt>
   <trkpt lat="49.5981770" lon="18.6327320">
    <ele>777.6</ele>
    <time>2026-05-23T10:25:47Z</time>
   </trkpt>
   <trkpt lat="49.5981900" lon="18.6326900">
    <ele>776.6</ele>
    <time>2026-05-23T10:25:48Z</time>
   </trkpt>
   <trkpt lat="49.5982090" lon="18.6326590">
    <ele>776.2</ele>
    <time>2026-05-23T10:25:49Z</time>
   </trkpt>
   <trkpt lat="49.5982280" lon="18.6326300">
    <ele>775.2</ele>
    <time>2026-05-23T10:25:50Z</time>
   </trkpt>
   <trkpt lat="49.5982400" lon="18.6325940">
    <ele>774.2</ele>
    <time>2026-05-23T10:25:51Z</time>
   </trkpt>
   <trkpt lat="49.5982500" lon="18.6325490">
    <ele>773.0</ele>
    <time>2026-05-23T10:25:52Z</time>
   </trkpt>
   <trkpt lat="49.5982600" lon="18.6325070">
    <ele>772.2</ele>
    <time>2026-05-23T10:25:53Z</time>
   </trkpt>
   <trkpt lat="49.5982760" lon="18.6324730">
    <ele>771.6</ele>
    <time>2026-05-23T10:25:54Z</time>
   </trkpt>
   <trkpt lat="49.5982990" lon="18.6324630">
    <ele>771.4</ele>
    <time>2026-05-23T10:25:55Z</time>
   </trkpt>
   <trkpt lat="49.5983230" lon="18.6324580">
    <ele>770.8</ele>
    <time>2026-05-23T10:25:56Z</time>
   </trkpt>
   <trkpt lat="49.5983490" lon="18.6324440">
    <ele>770.6</ele>
    <time>2026-05-23T10:25:57Z</time>
   </trkpt>
   <trkpt lat="49.5983750" lon="18.6324380">
    <ele>769.4</ele>
    <time>2026-05-23T10:25:58Z</time>
   </trkpt>
   <trkpt lat="49.5983880" lon="18.6324440">
    <ele>768.8</ele>
    <time>2026-05-23T10:25:59Z</time>
   </trkpt>
   <trkpt lat="49.5984000" lon="18.6324640">
    <ele>768.2</ele>
    <time>2026-05-23T10:26:00Z</time>
   </trkpt>
   <trkpt lat="49.5984220" lon="18.6324870">
    <ele>767.8</ele>
    <time>2026-05-23T10:26:01Z</time>
   </trkpt>
   <trkpt lat="49.5984430" lon="18.6325180">
    <ele>767.0</ele>
    <time>2026-05-23T10:26:02Z</time>
   </trkpt>
   <trkpt lat="49.5984810" lon="18.6325900">
    <ele>765.2</ele>
    <time>2026-05-23T10:26:04Z</time>
   </trkpt>
   <trkpt lat="49.5985030" lon="18.6326130">
    <ele>764.0</ele>
    <time>2026-05-23T10:26:05Z</time>
   </trkpt>
   <trkpt lat="49.5985200" lon="18.6326270">
    <ele>763.6</ele>
    <time>2026-05-23T10:26:06Z</time>
   </trkpt>
   <trkpt lat="49.5985340" lon="18.6326170">
    <ele>763.6</ele>
    <time>2026-05-23T10:26:07Z</time>
   </trkpt>
   <trkpt lat="49.5985500" lon="18.6325960">
    <ele>763.0</ele>
    <time>2026-05-23T10:26:08Z</time>
   </trkpt>
   <trkpt lat="49.5985840" lon="18.6325410">
    <ele>761.6</ele>
    <time>2026-05-23T10:26:10Z</time>
   </trkpt>
   <trkpt lat="49.5986020" lon="18.6325210">
    <ele>760.8</ele>
    <time>2026-05-23T10:26:11Z</time>
   </trkpt>
   <trkpt lat="49.5986090" lon="18.6325070">
    <ele>759.8</ele>
    <time>2026-05-23T10:26:12Z</time>
   </trkpt>
   <trkpt lat="49.5986170" lon="18.6324860">
    <ele>758.8</ele>
    <time>2026-05-23T10:26:13Z</time>
   </trkpt>
   <trkpt lat="49.5986190" lon="18.6324500">
    <ele>757.6</ele>
    <time>2026-05-23T10:26:14Z</time>
   </trkpt>
   <trkpt lat="49.5986220" lon="18.6324080">
    <ele>757.0</ele>
    <time>2026-05-23T10:26:15Z</time>
   </trkpt>
   <trkpt lat="49.5986240" lon="18.6323520">
    <ele>756.8</ele>
    <time>2026-05-23T10:26:16Z</time>
   </trkpt>
   <trkpt lat="49.5986250" lon="18.6322950">
    <ele>755.8</ele>
    <time>2026-05-23T10:26:17Z</time>
   </trkpt>
   <trkpt lat="49.5986290" lon="18.6322470">
    <ele>755.4</ele>
    <time>2026-05-23T10:26:18Z</time>
   </trkpt>
   <trkpt lat="49.5986330" lon="18.6321970">
    <ele>755.0</ele>
    <time>2026-05-23T10:26:19Z</time>
   </trkpt>
   <trkpt lat="49.5986420" lon="18.6321450">
    <ele>754.4</ele>
    <time>2026-05-23T10:26:20Z</time>
   </trkpt>
   <trkpt lat="49.5986580" lon="18.6320810">
    <ele>753.6</ele>
    <time>2026-05-23T10:26:21Z</time>
   </trkpt>
   <trkpt lat="49.5986520" lon="18.6320190">
    <ele>752.8</ele>
    <time>2026-05-23T10:26:22Z</time>
   </trkpt>
   <trkpt lat="49.5986730" lon="18.6319560">
    <ele>752.2</ele>
    <time>2026-05-23T10:26:23Z</time>
   </trkpt>
   <trkpt lat="49.5987000" lon="18.6318760">
    <ele>751.2</ele>
    <time>2026-05-23T10:26:24Z</time>
   </trkpt>
   <trkpt lat="49.5987130" lon="18.6317910">
    <ele>750.8</ele>
    <time>2026-05-23T10:26:25Z</time>
   </trkpt>
   <trkpt lat="49.5987150" lon="18.6317040">
    <ele>750.0</ele>
    <time>2026-05-23T10:26:26Z</time>
   </trkpt>
   <trkpt lat="49.5987150" lon="18.6315780">
    <ele>748.4</ele>
    <time>2026-05-23T10:26:27Z</time>
   </trkpt>
   <trkpt lat="49.5987180" lon="18.6315050">
    <ele>747.0</ele>
    <time>2026-05-23T10:26:28Z</time>
   </trkpt>
   <trkpt lat="49.5987230" lon="18.6314650">
    <ele>746.4</ele>
    <time>2026-05-23T10:26:29Z</time>
   </trkpt>
   <trkpt lat="49.5987400" lon="18.6314450">
    <ele>746.2</ele>
    <time>2026-05-23T10:26:30Z</time>
   </trkpt>
   <trkpt lat="49.5987420" lon="18.6314230">
    <ele>746.0</ele>
    <time>2026-05-23T10:26:31Z</time>
   </trkpt>
   <trkpt lat="49.5987610" lon="18.6314000">
    <ele>745.8</ele>
    <time>2026-05-23T10:26:32Z</time>
   </trkpt>
   <trkpt lat="49.5987790" lon="18.6313870">
    <ele>745.6</ele>
    <time>2026-05-23T10:26:33Z</time>
   </trkpt>
   <trkpt lat="49.5987940" lon="18.6313890">
    <ele>745.2</ele>
    <time>2026-05-23T10:26:34Z</time>
   </trkpt>
   <trkpt lat="49.5987850" lon="18.6314090">
    <ele>744.6</ele>
    <time>2026-05-23T10:26:35Z</time>
   </trkpt>
   <trkpt lat="49.5987810" lon="18.6314840">
    <ele>744.0</ele>
    <time>2026-05-23T10:26:37Z</time>
   </trkpt>
   <trkpt lat="49.5987920" lon="18.6315260">
    <ele>743.4</ele>
    <time>2026-05-23T10:26:38Z</time>
   </trkpt>
   <trkpt lat="49.5988070" lon="18.6315720">
    <ele>743.0</ele>
    <time>2026-05-23T10:26:39Z</time>
   </trkpt>
   <trkpt lat="49.5988230" lon="18.6316230">
    <ele>742.0</ele>
    <time>2026-05-23T10:26:40Z</time>
   </trkpt>
   <trkpt lat="49.5988420" lon="18.6316760">
    <ele>740.8</ele>
    <time>2026-05-23T10:26:41Z</time>
   </trkpt>
   <trkpt lat="49.5988560" lon="18.6317240">
    <ele>740.4</ele>
    <time>2026-05-23T10:26:42Z</time>
   </trkpt>
   <trkpt lat="49.5988670" lon="18.6317660">
    <ele>739.8</ele>
    <time>2026-05-23T10:26:43Z</time>
   </trkpt>
   <trkpt lat="49.5988750" lon="18.6318000">
    <ele>739.0</ele>
    <time>2026-05-23T10:26:44Z</time>
   </trkpt>
   <trkpt lat="49.5989110" lon="18.6319500">
    <ele>737.8</ele>
    <time>2026-05-23T10:26:47Z</time>
   </trkpt>
   <trkpt lat="49.5989280" lon="18.6319920">
    <ele>737.0</ele>
    <time>2026-05-23T10:26:48Z</time>
   </trkpt>
   <trkpt lat="49.5989420" lon="18.6320310">
    <ele>736.8</ele>
    <time>2026-05-23T10:26:49Z</time>
   </trkpt>
   <trkpt lat="49.5989550" lon="18.6320680">
    <ele>736.6</ele>
    <time>2026-05-23T10:26:50Z</time>
   </trkpt>
   <trkpt lat="49.5989890" lon="18.6321850">
    <ele>735.6</ele>
    <time>2026-05-23T10:26:53Z</time>
   </trkpt>
   <trkpt lat="49.5989930" lon="18.6322250">
    <ele>735.4</ele>
    <time>2026-05-23T10:26:54Z</time>
   </trkpt>
   <trkpt lat="49.5990140" lon="18.6322710">
    <ele>735.2</ele>
    <time>2026-05-23T10:26:55Z</time>
   </trkpt>
   <trkpt lat="49.5990210" lon="18.6322880">
    <ele>735.2</ele>
    <time>2026-05-23T10:26:56Z</time>
   </trkpt>
   <trkpt lat="49.5990410" lon="18.6323270">
    <ele>735.0</ele>
    <time>2026-05-23T10:26:57Z</time>
   </trkpt>
   <trkpt lat="49.5990520" lon="18.6323610">
    <ele>734.6</ele>
    <time>2026-05-23T10:26:58Z</time>
   </trkpt>
   <trkpt lat="49.5990720" lon="18.6324170">
    <ele>734.2</ele>
    <time>2026-05-23T10:26:59Z</time>
   </trkpt>
   <trkpt lat="49.5991090" lon="18.6325200">
    <ele>732.2</ele>
    <time>2026-05-23T10:27:01Z</time>
   </trkpt>
   <trkpt lat="49.5991250" lon="18.6325600">
    <ele>731.6</ele>
    <time>2026-05-23T10:27:02Z</time>
   </trkpt>
   <trkpt lat="49.5991340" lon="18.6326000">
    <ele>731.4</ele>
    <time>2026-05-23T10:27:03Z</time>
   </trkpt>
   <trkpt lat="49.5991350" lon="18.6326400">
    <ele>731.2</ele>
    <time>2026-05-23T10:27:04Z</time>
   </trkpt>
   <trkpt lat="49.5991420" lon="18.6326780">
    <ele>731.0</ele>
    <time>2026-05-23T10:27:05Z</time>
   </trkpt>
   <trkpt lat="49.5991550" lon="18.6327130">
    <ele>730.8</ele>
    <time>2026-05-23T10:27:06Z</time>
   </trkpt>
   <trkpt lat="49.5991620" lon="18.6327410">
    <ele>730.8</ele>
    <time>2026-05-23T10:27:07Z</time>
   </trkpt>
   <trkpt lat="49.5991720" lon="18.6327670">
    <ele>730.6</ele>
    <time>2026-05-23T10:27:08Z</time>
   </trkpt>
   <trkpt lat="49.5991990" lon="18.6328080">
    <ele>730.6</ele>
    <time>2026-05-23T10:27:09Z</time>
   </trkpt>
   <trkpt lat="49.5992180" lon="18.6328490">
    <ele>730.4</ele>
    <time>2026-05-23T10:27:10Z</time>
   </trkpt>
   <trkpt lat="49.5992400" lon="18.6329020">
    <ele>729.4</ele>
    <time>2026-05-23T10:27:11Z</time>
   </trkpt>
   <trkpt lat="49.5992570" lon="18.6329630">
    <ele>728.4</ele>
    <time>2026-05-23T10:27:12Z</time>
   </trkpt>
   <trkpt lat="49.5992710" lon="18.6330040">
    <ele>728.0</ele>
    <time>2026-05-23T10:27:13Z</time>
   </trkpt>
   <trkpt lat="49.5992840" lon="18.6330360">
    <ele>727.8</ele>
    <time>2026-05-23T10:27:14Z</time>
   </trkpt>
   <trkpt lat="49.5992970" lon="18.6330740">
    <ele>727.8</ele>
    <time>2026-05-23T10:27:15Z</time>
   </trkpt>
   <trkpt lat="49.5993120" lon="18.6331150">
    <ele>727.6</ele>
    <time>2026-05-23T10:27:16Z</time>
   </trkpt>
   <trkpt lat="49.5993300" lon="18.6331540">
    <ele>727.4</ele>
    <time>2026-05-23T10:27:17Z</time>
   </trkpt>
   <trkpt lat="49.5993320" lon="18.6331730">
    <ele>727.2</ele>
    <time>2026-05-23T10:27:18Z</time>
   </trkpt>
   <trkpt lat="49.5993300" lon="18.6331710">
    <ele>727.4</ele>
    <time>2026-05-23T10:27:19Z</time>
   </trkpt>
   <trkpt lat="49.5993310" lon="18.6331680">
    <ele>727.4</ele>
    <time>2026-05-23T10:27:20Z</time>
   </trkpt>
   <trkpt lat="49.5993310" lon="18.6331680">
    <ele>727.4</ele>
    <time>2026-05-23T10:27:25Z</time>
   </trkpt>
   <trkpt lat="49.5993310" lon="18.6331680">
    <ele>727.4</ele>
    <time>2026-05-23T10:27:26Z</time>
   </trkpt>
   <trkpt lat="49.5993310" lon="18.6331680">
    <ele>727.2</ele>
    <time>2026-05-23T10:27:27Z</time>
   </trkpt>
   <trkpt lat="49.5993320" lon="18.6331630">
    <ele>727.0</ele>
    <time>2026-05-23T10:27:28Z</time>
   </trkpt>
   <trkpt lat="49.5993340" lon="18.6331570">
    <ele>726.6</ele>
    <time>2026-05-23T10:27:29Z</time>
   </trkpt>
   <trkpt lat="49.5993310" lon="18.6331610">
    <ele>726.4</ele>
    <time>2026-05-23T10:27:31Z</time>
   </trkpt>
   <trkpt lat="49.5993310" lon="18.6331370">
    <ele>726.6</ele>
    <time>2026-05-23T10:27:38Z</time>
   </trkpt>
   <trkpt lat="49.5993350" lon="18.6330980">
    <ele>726.6</ele>
    <time>2026-05-23T10:27:39Z</time>
   </trkpt>
   <trkpt lat="49.5993370" lon="18.6330400">
    <ele>726.2</ele>
    <time>2026-05-23T10:27:40Z</time>
   </trkpt>
   <trkpt lat="49.5993410" lon="18.6329650">
    <ele>725.2</ele>
    <time>2026-05-23T10:27:41Z</time>
   </trkpt>
   <trkpt lat="49.5993420" lon="18.6328810">
    <ele>724.2</ele>
    <time>2026-05-23T10:27:42Z</time>
   </trkpt>
   <trkpt lat="49.5993450" lon="18.6328000">
    <ele>721.8</ele>
    <time>2026-05-23T10:27:43Z</time>
   </trkpt>
   <trkpt lat="49.5993530" lon="18.6327350">
    <ele>721.2</ele>
    <time>2026-05-23T10:27:44Z</time>
   </trkpt>
   <trkpt lat="49.5993620" lon="18.6326800">
    <ele>720.8</ele>
    <time>2026-05-23T10:27:45Z</time>
   </trkpt>
   <trkpt lat="49.5993670" lon="18.6326310">
    <ele>720.6</ele>
    <time>2026-05-23T10:27:46Z</time>
   </trkpt>
   <trkpt lat="49.5993770" lon="18.6325000">
    <ele>719.0</ele>
    <time>2026-05-23T10:27:48Z</time>
   </trkpt>
   <trkpt lat="49.5993790" lon="18.6324250">
    <ele>718.4</ele>
    <time>2026-05-23T10:27:49Z</time>
   </trkpt>
   <trkpt lat="49.5994080" lon="18.6323780">
    <ele>717.0</ele>
    <time>2026-05-23T10:27:50Z</time>
   </trkpt>
   <trkpt lat="49.5994210" lon="18.6323230">
    <ele>716.6</ele>
    <time>2026-05-23T10:27:51Z</time>
   </trkpt>
   <trkpt lat="49.5994320" lon="18.6322630">
    <ele>715.8</ele>
    <time>2026-05-23T10:27:52Z</time>
   </trkpt>
   <trkpt lat="49.5994390" lon="18.6321690">
    <ele>714.8</ele>
    <time>2026-05-23T10:27:54Z</time>
   </trkpt>
   <trkpt lat="49.5994440" lon="18.6321130">
    <ele>714.4</ele>
    <time>2026-05-23T10:27:55Z</time>
   </trkpt>
   <trkpt lat="49.5994620" lon="18.6320570">
    <ele>713.8</ele>
    <time>2026-05-23T10:27:56Z</time>
   </trkpt>
   <trkpt lat="49.5994660" lon="18.6320060">
    <ele>713.2</ele>
    <time>2026-05-23T10:27:57Z</time>
   </trkpt>
   <trkpt lat="49.5994800" lon="18.6319590">
    <ele>711.2</ele>
    <time>2026-05-23T10:27:58Z</time>
   </trkpt>
   <trkpt lat="49.5994840" lon="18.6319080">
    <ele>711.2</ele>
    <time>2026-05-23T10:27:59Z</time>
   </trkpt>
   <trkpt lat="49.5994900" lon="18.6318700">
    <ele>711.0</ele>
    <time>2026-05-23T10:28:00Z</time>
   </trkpt>
   <trkpt lat="49.5995000" lon="18.6318320">
    <ele>710.8</ele>
    <time>2026-05-23T10:28:01Z</time>
   </trkpt>
   <trkpt lat="49.5995090" lon="18.6317930">
    <ele>710.0</ele>
    <time>2026-05-23T10:28:02Z</time>
   </trkpt>
   <trkpt lat="49.5995390" lon="18.6316970">
    <ele>708.6</ele>
    <time>2026-05-23T10:28:05Z</time>
   </trkpt>
   <trkpt lat="49.5995550" lon="18.6316620">
    <ele>707.6</ele>
    <time>2026-05-23T10:28:06Z</time>
   </trkpt>
   <trkpt lat="49.5995730" lon="18.6316280">
    <ele>706.8</ele>
    <time>2026-05-23T10:28:07Z</time>
   </trkpt>
   <trkpt lat="49.5995860" lon="18.6315850">
    <ele>706.0</ele>
    <time>2026-05-23T10:28:08Z</time>
   </trkpt>
   <trkpt lat="49.5996230" lon="18.6314830">
    <ele>704.6</ele>
    <time>2026-05-23T10:28:10Z</time>
   </trkpt>
   <trkpt lat="49.5996500" lon="18.6314340">
    <ele>703.4</ele>
    <time>2026-05-23T10:28:11Z</time>
   </trkpt>
   <trkpt lat="49.5996760" lon="18.6313840">
    <ele>702.6</ele>
    <time>2026-05-23T10:28:12Z</time>
   </trkpt>
   <trkpt lat="49.5997030" lon="18.6313330">
    <ele>702.4</ele>
    <time>2026-05-23T10:28:13Z</time>
   </trkpt>
   <trkpt lat="49.5997280" lon="18.6312780">
    <ele>701.0</ele>
    <time>2026-05-23T10:28:14Z</time>
   </trkpt>
   <trkpt lat="49.5997540" lon="18.6312330">
    <ele>700.4</ele>
    <time>2026-05-23T10:28:15Z</time>
   </trkpt>
   <trkpt lat="49.5997690" lon="18.6312100">
    <ele>700.0</ele>
    <time>2026-05-23T10:28:16Z</time>
   </trkpt>
   <trkpt lat="49.5997900" lon="18.6311790">
    <ele>698.6</ele>
    <time>2026-05-23T10:28:17Z</time>
   </trkpt>
   <trkpt lat="49.5998420" lon="18.6310970">
    <ele>697.0</ele>
    <time>2026-05-23T10:28:19Z</time>
   </trkpt>
   <trkpt lat="49.5998640" lon="18.6310510">
    <ele>696.2</ele>
    <time>2026-05-23T10:28:20Z</time>
   </trkpt>
   <trkpt lat="49.5998830" lon="18.6310140">
    <ele>694.6</ele>
    <time>2026-05-23T10:28:21Z</time>
   </trkpt>
   <trkpt lat="49.5999490" lon="18.6308760">
    <ele>693.2</ele>
    <time>2026-05-23T10:28:24Z</time>
   </trkpt>
   <trkpt lat="49.5999720" lon="18.6308290">
    <ele>691.6</ele>
    <time>2026-05-23T10:28:25Z</time>
   </trkpt>
   <trkpt lat="49.5999970" lon="18.6307830">
    <ele>690.4</ele>
    <time>2026-05-23T10:28:26Z</time>
   </trkpt>
   <trkpt lat="49.6000370" lon="18.6307150">
    <ele>689.0</ele>
    <time>2026-05-23T10:28:28Z</time>
   </trkpt>
   <trkpt lat="49.6000500" lon="18.6306750">
    <ele>688.2</ele>
    <time>2026-05-23T10:28:29Z</time>
   </trkpt>
   <trkpt lat="49.6000760" lon="18.6306150">
    <ele>687.2</ele>
    <time>2026-05-23T10:28:30Z</time>
   </trkpt>
   <trkpt lat="49.6001380" lon="18.6305440">
    <ele>686.2</ele>
    <time>2026-05-23T10:28:32Z</time>
   </trkpt>
   <trkpt lat="49.6001720" lon="18.6305110">
    <ele>685.4</ele>
    <time>2026-05-23T10:28:33Z</time>
   </trkpt>
   <trkpt lat="49.6001780" lon="18.6304730">
    <ele>685.4</ele>
    <time>2026-05-23T10:28:34Z</time>
   </trkpt>
   <trkpt lat="49.6001850" lon="18.6304240">
    <ele>685.0</ele>
    <time>2026-05-23T10:28:35Z</time>
   </trkpt>
   <trkpt lat="49.6001890" lon="18.6303550">
    <ele>684.4</ele>
    <time>2026-05-23T10:28:36Z</time>
   </trkpt>
   <trkpt lat="49.6001960" lon="18.6303060">
    <ele>683.6</ele>
    <time>2026-05-23T10:28:37Z</time>
   </trkpt>
   <trkpt lat="49.6002060" lon="18.6302440">
    <ele>682.2</ele>
    <time>2026-05-23T10:28:38Z</time>
   </trkpt>
   <trkpt lat="49.6002130" lon="18.6301750">
    <ele>681.6</ele>
    <time>2026-05-23T10:28:39Z</time>
   </trkpt>
   <trkpt lat="49.6002160" lon="18.6301170">
    <ele>680.2</ele>
    <time>2026-05-23T10:28:40Z</time>
   </trkpt>
   <trkpt lat="49.6002140" lon="18.6300670">
    <ele>680.2</ele>
    <time>2026-05-23T10:28:41Z</time>
   </trkpt>
   <trkpt lat="49.6001910" lon="18.6300050">
    <ele>679.6</ele>
    <time>2026-05-23T10:28:42Z</time>
   </trkpt>
   <trkpt lat="49.6001780" lon="18.6299570">
    <ele>679.0</ele>
    <time>2026-05-23T10:28:43Z</time>
   </trkpt>
   <trkpt lat="49.6001690" lon="18.6299220">
    <ele>678.6</ele>
    <time>2026-05-23T10:28:44Z</time>
   </trkpt>
   <trkpt lat="49.6001590" lon="18.6298740">
    <ele>678.2</ele>
    <time>2026-05-23T10:28:45Z</time>
   </trkpt>
   <trkpt lat="49.6001580" lon="18.6298270">
    <ele>677.8</ele>
    <time>2026-05-23T10:28:46Z</time>
   </trkpt>
   <trkpt lat="49.6001710" lon="18.6297900">
    <ele>677.0</ele>
    <time>2026-05-23T10:28:47Z</time>
   </trkpt>
   <trkpt lat="49.6001800" lon="18.6297350">
    <ele>676.6</ele>
    <time>2026-05-23T10:28:48Z</time>
   </trkpt>
   <trkpt lat="49.6001850" lon="18.6296970">
    <ele>675.6</ele>
    <time>2026-05-23T10:28:49Z</time>
   </trkpt>
   <trkpt lat="49.6001860" lon="18.6296520">
    <ele>674.4</ele>
    <time>2026-05-23T10:28:50Z</time>
   </trkpt>
   <trkpt lat="49.6001830" lon="18.6296310">
    <ele>673.4</ele>
    <time>2026-05-23T10:28:51Z</time>
   </trkpt>
   <trkpt lat="49.6001810" lon="18.6296150">
    <ele>673.0</ele>
    <time>2026-05-23T10:28:52Z</time>
   </trkpt>
   <trkpt lat="49.6001810" lon="18.6296150">
    <ele>672.4</ele>
    <time>2026-05-23T10:28:53Z</time>
   </trkpt>
   <trkpt lat="49.6001810" lon="18.6296150">
    <ele>672.4</ele>
    <time>2026-05-23T10:28:55Z</time>
   </trkpt>
   <trkpt lat="49.6001810" lon="18.6296150">
    <ele>672.4</ele>
    <time>2026-05-23T10:29:00Z</time>
   </trkpt>
   <trkpt lat="49.6001700" lon="18.6295990">
    <ele>672.8</ele>
    <time>2026-05-23T10:29:16Z</time>
   </trkpt>
   <trkpt lat="49.6001730" lon="18.6295970">
    <ele>672.8</ele>
    <time>2026-05-23T10:29:18Z</time>
   </trkpt>
   <trkpt lat="49.6001580" lon="18.6295500">
    <ele>672.8</ele>
    <time>2026-05-23T10:29:20Z</time>
   </trkpt>
   <trkpt lat="49.6001570" lon="18.6295050">
    <ele>672.4</ele>
    <time>2026-05-23T10:29:22Z</time>
   </trkpt>
   <trkpt lat="49.6001580" lon="18.6294940">
    <ele>672.0</ele>
    <time>2026-05-23T10:29:23Z</time>
   </trkpt>
   <trkpt lat="49.6001610" lon="18.6294880">
    <ele>671.4</ele>
    <time>2026-05-23T10:29:24Z</time>
   </trkpt>
   <trkpt lat="49.6001810" lon="18.6294900">
    <ele>671.4</ele>
    <time>2026-05-23T10:29:25Z</time>
   </trkpt>
   <trkpt lat="49.6002050" lon="18.6295040">
    <ele>671.2</ele>
    <time>2026-05-23T10:29:26Z</time>
   </trkpt>
   <trkpt lat="49.6002960" lon="18.6295950">
    <ele>669.8</ele>
    <time>2026-05-23T10:29:29Z</time>
   </trkpt>
   <trkpt lat="49.6003770" lon="18.6296510">
    <ele>667.4</ele>
    <time>2026-05-23T10:29:31Z</time>
   </trkpt>
   <trkpt lat="49.6004080" lon="18.6296700">
    <ele>667.2</ele>
    <time>2026-05-23T10:29:32Z</time>
   </trkpt>
   <trkpt lat="49.6004340" lon="18.6296960">
    <ele>666.6</ele>
    <time>2026-05-23T10:29:33Z</time>
   </trkpt>
   <trkpt lat="49.6004640" lon="18.6297270">
    <ele>666.2</ele>
    <time>2026-05-23T10:29:34Z</time>
   </trkpt>
   <trkpt lat="49.6004940" lon="18.6297610">
    <ele>665.8</ele>
    <time>2026-05-23T10:29:35Z</time>
   </trkpt>
   <trkpt lat="49.6005190" lon="18.6297890">
    <ele>665.0</ele>
    <time>2026-05-23T10:29:36Z</time>
   </trkpt>
   <trkpt lat="49.6005840" lon="18.6298590">
    <ele>664.0</ele>
    <time>2026-05-23T10:29:38Z</time>
   </trkpt>
   <trkpt lat="49.6006300" lon="18.6299070">
    <ele>662.8</ele>
    <time>2026-05-23T10:29:39Z</time>
   </trkpt>
   <trkpt lat="49.6006720" lon="18.6299510">
    <ele>661.6</ele>
    <time>2026-05-23T10:29:40Z</time>
   </trkpt>
   <trkpt lat="49.6007090" lon="18.6300060">
    <ele>660.0</ele>
    <time>2026-05-23T10:29:41Z</time>
   </trkpt>
   <trkpt lat="49.6007370" lon="18.6300530">
    <ele>659.4</ele>
    <time>2026-05-23T10:29:42Z</time>
   </trkpt>
   <trkpt lat="49.6007630" lon="18.6301100">
    <ele>658.4</ele>
    <time>2026-05-23T10:29:43Z</time>
   </trkpt>
   <trkpt lat="49.6007780" lon="18.6301760">
    <ele>658.0</ele>
    <time>2026-05-23T10:29:44Z</time>
   </trkpt>
   <trkpt lat="49.6007830" lon="18.6302390">
    <ele>657.8</ele>
    <time>2026-05-23T10:29:45Z</time>
   </trkpt>
   <trkpt lat="49.6007940" lon="18.6303050">
    <ele>657.4</ele>
    <time>2026-05-23T10:29:46Z</time>
   </trkpt>
   <trkpt lat="49.6008010" lon="18.6303770">
    <ele>657.0</ele>
    <time>2026-05-23T10:29:47Z</time>
   </trkpt>
   <trkpt lat="49.6008050" lon="18.6304420">
    <ele>656.2</ele>
    <time>2026-05-23T10:29:48Z</time>
   </trkpt>
   <trkpt lat="49.6008030" lon="18.6304950">
    <ele>655.8</ele>
    <time>2026-05-23T10:29:49Z</time>
   </trkpt>
   <trkpt lat="49.6007960" lon="18.6305400">
    <ele>655.2</ele>
    <time>2026-05-23T10:29:50Z</time>
   </trkpt>
   <trkpt lat="49.6007790" lon="18.6305720">
    <ele>654.8</ele>
    <time>2026-05-23T10:29:51Z</time>
   </trkpt>
   <trkpt lat="49.6007720" lon="18.6306050">
    <ele>654.4</ele>
    <time>2026-05-23T10:29:52Z</time>
   </trkpt>
   <trkpt lat="49.6007780" lon="18.6307190">
    <ele>654.0</ele>
    <time>2026-05-23T10:29:54Z</time>
   </trkpt>
   <trkpt lat="49.6007740" lon="18.6307910">
    <ele>653.4</ele>
    <time>2026-05-23T10:29:55Z</time>
   </trkpt>
   <trkpt lat="49.6007740" lon="18.6308500">
    <ele>652.8</ele>
    <time>2026-05-23T10:29:56Z</time>
   </trkpt>
   <trkpt lat="49.6007720" lon="18.6309230">
    <ele>651.2</ele>
    <time>2026-05-23T10:29:57Z</time>
   </trkpt>
   <trkpt lat="49.6007720" lon="18.6309560">
    <ele>650.6</ele>
    <time>2026-05-23T10:29:58Z</time>
   </trkpt>
   <trkpt lat="49.6007750" lon="18.6310060">
    <ele>650.2</ele>
    <time>2026-05-23T10:29:59Z</time>
   </trkpt>
   <trkpt lat="49.6007860" lon="18.6311080">
    <ele>649.0</ele>
    <time>2026-05-23T10:30:01Z</time>
   </trkpt>
   <trkpt lat="49.6007770" lon="18.6311720">
    <ele>647.8</ele>
    <time>2026-05-23T10:30:02Z</time>
   </trkpt>
   <trkpt lat="49.6007660" lon="18.6313250">
    <ele>646.4</ele>
    <time>2026-05-23T10:30:04Z</time>
   </trkpt>
   <trkpt lat="49.6007620" lon="18.6314110">
    <ele>645.6</ele>
    <time>2026-05-23T10:30:05Z</time>
   </trkpt>
   <trkpt lat="49.6007450" lon="18.6314650">
    <ele>645.4</ele>
    <time>2026-05-23T10:30:06Z</time>
   </trkpt>
   <trkpt lat="49.6007260" lon="18.6315310">
    <ele>645.4</ele>
    <time>2026-05-23T10:30:07Z</time>
   </trkpt>
   <trkpt lat="49.6007180" lon="18.6315940">
    <ele>645.4</ele>
    <time>2026-05-23T10:30:08Z</time>
   </trkpt>
   <trkpt lat="49.6007070" lon="18.6316530">
    <ele>645.4</ele>
    <time>2026-05-23T10:30:09Z</time>
   </trkpt>
   <trkpt lat="49.6007000" lon="18.6316930">
    <ele>645.6</ele>
    <time>2026-05-23T10:30:10Z</time>
   </trkpt>
   <trkpt lat="49.6006900" lon="18.6317520">
    <ele>646.0</ele>
    <time>2026-05-23T10:30:11Z</time>
   </trkpt>
   <trkpt lat="49.6006820" lon="18.6317950">
    <ele>646.4</ele>
    <time>2026-05-23T10:30:12Z</time>
   </trkpt>
   <trkpt lat="49.6006700" lon="18.6318920">
    <ele>647.0</ele>
    <time>2026-05-23T10:30:14Z</time>
   </trkpt>
   <trkpt lat="49.6006800" lon="18.6319910">
    <ele>647.2</ele>
    <time>2026-05-23T10:30:16Z</time>
   </trkpt>
   <trkpt lat="49.6006850" lon="18.6320440">
    <ele>647.2</ele>
    <time>2026-05-23T10:30:17Z</time>
   </trkpt>
   <trkpt lat="49.6006900" lon="18.6320810">
    <ele>647.2</ele>
    <time>2026-05-23T10:30:18Z</time>
   </trkpt>
   <trkpt lat="49.6007100" lon="18.6321190">
    <ele>647.2</ele>
    <time>2026-05-23T10:30:19Z</time>
   </trkpt>
   <trkpt lat="49.6007260" lon="18.6321430">
    <ele>647.0</ele>
    <time>2026-05-23T10:30:20Z</time>
   </trkpt>
   <trkpt lat="49.6007480" lon="18.6321530">
    <ele>646.8</ele>
    <time>2026-05-23T10:30:21Z</time>
   </trkpt>
   <trkpt lat="49.6008040" lon="18.6321260">
    <ele>644.6</ele>
    <time>2026-05-23T10:30:24Z</time>
   </trkpt>
   <trkpt lat="49.6008190" lon="18.6321040">
    <ele>644.2</ele>
    <time>2026-05-23T10:30:25Z</time>
   </trkpt>
   <trkpt lat="49.6008350" lon="18.6320740">
    <ele>643.2</ele>
    <time>2026-05-23T10:30:26Z</time>
   </trkpt>
   <trkpt lat="49.6008580" lon="18.6320370">
    <ele>642.4</ele>
    <time>2026-05-23T10:30:27Z</time>
   </trkpt>
   <trkpt lat="49.6008780" lon="18.6319770">
    <ele>641.0</ele>
    <time>2026-05-23T10:30:28Z</time>
   </trkpt>
   <trkpt lat="49.6008950" lon="18.6319320">
    <ele>640.0</ele>
    <time>2026-05-23T10:30:29Z</time>
   </trkpt>
   <trkpt lat="49.6009120" lon="18.6319080">
    <ele>640.0</ele>
    <time>2026-05-23T10:30:30Z</time>
   </trkpt>
   <trkpt lat="49.6009660" lon="18.6318540">
    <ele>639.6</ele>
    <time>2026-05-23T10:30:32Z</time>
   </trkpt>
   <trkpt lat="49.6009990" lon="18.6318320">
    <ele>638.8</ele>
    <time>2026-05-23T10:30:33Z</time>
   </trkpt>
   <trkpt lat="49.6010310" lon="18.6318140">
    <ele>637.2</ele>
    <time>2026-05-23T10:30:34Z</time>
   </trkpt>
   <trkpt lat="49.6010730" lon="18.6317830">
    <ele>636.6</ele>
    <time>2026-05-23T10:30:35Z</time>
   </trkpt>
   <trkpt lat="49.6010980" lon="18.6317640">
    <ele>635.6</ele>
    <time>2026-05-23T10:30:36Z</time>
   </trkpt>
   <trkpt lat="49.6011910" lon="18.6317050">
    <ele>635.0</ele>
    <time>2026-05-23T10:30:39Z</time>
   </trkpt>
   <trkpt lat="49.6012320" lon="18.6316680">
    <ele>634.6</ele>
    <time>2026-05-23T10:30:40Z</time>
   </trkpt>
   <trkpt lat="49.6012840" lon="18.6316200">
    <ele>633.2</ele>
    <time>2026-05-23T10:30:41Z</time>
   </trkpt>
   <trkpt lat="49.6013330" lon="18.6315840">
    <ele>632.0</ele>
    <time>2026-05-23T10:30:42Z</time>
   </trkpt>
   <trkpt lat="49.6014140" lon="18.6315300">
    <ele>629.0</ele>
    <time>2026-05-23T10:30:43Z</time>
   </trkpt>
   <trkpt lat="49.6014790" lon="18.6314930">
    <ele>627.0</ele>
    <time>2026-05-23T10:30:44Z</time>
   </trkpt>
   <trkpt lat="49.6015780" lon="18.6314460">
    <ele>624.8</ele>
    <time>2026-05-23T10:30:45Z</time>
   </trkpt>
   <trkpt lat="49.6016520" lon="18.6314120">
    <ele>622.8</ele>
    <time>2026-05-23T10:30:46Z</time>
   </trkpt>
   <trkpt lat="49.6016970" lon="18.6313900">
    <ele>622.2</ele>
    <time>2026-05-23T10:30:47Z</time>
   </trkpt>
   <trkpt lat="49.6017450" lon="18.6313690">
    <ele>622.2</ele>
    <time>2026-05-23T10:30:48Z</time>
   </trkpt>
   <trkpt lat="49.6017980" lon="18.6313390">
    <ele>621.6</ele>
    <time>2026-05-23T10:30:49Z</time>
   </trkpt>
   <trkpt lat="49.6018410" lon="18.6313080">
    <ele>621.2</ele>
    <time>2026-05-23T10:30:50Z</time>
   </trkpt>
   <trkpt lat="49.6018880" lon="18.6312800">
    <ele>620.0</ele>
    <time>2026-05-23T10:30:51Z</time>
   </trkpt>
   <trkpt lat="49.6019350" lon="18.6312540">
    <ele>618.2</ele>
    <time>2026-05-23T10:30:52Z</time>
   </trkpt>
   <trkpt lat="49.6019770" lon="18.6312270">
    <ele>617.4</ele>
    <time>2026-05-23T10:30:53Z</time>
   </trkpt>
   <trkpt lat="49.6020160" lon="18.6312030">
    <ele>616.6</ele>
    <time>2026-05-23T10:30:54Z</time>
   </trkpt>
   <trkpt lat="49.6020470" lon="18.6311880">
    <ele>615.4</ele>
    <time>2026-05-23T10:30:55Z</time>
   </trkpt>
   <trkpt lat="49.6020860" lon="18.6311700">
    <ele>614.2</ele>
    <time>2026-05-23T10:30:56Z</time>
   </trkpt>
   <trkpt lat="49.6021190" lon="18.6311530">
    <ele>613.6</ele>
    <time>2026-05-23T10:30:57Z</time>
   </trkpt>
   <trkpt lat="49.6021570" lon="18.6311350">
    <ele>612.6</ele>
    <time>2026-05-23T10:30:58Z</time>
   </trkpt>
   <trkpt lat="49.6022260" lon="18.6311050">
    <ele>610.4</ele>
    <time>2026-05-23T10:31:00Z</time>
   </trkpt>
   <trkpt lat="49.6022630" lon="18.6310990">
    <ele>609.4</ele>
    <time>2026-05-23T10:31:01Z</time>
   </trkpt>
   <trkpt lat="49.6022980" lon="18.6310930">
    <ele>608.4</ele>
    <time>2026-05-23T10:31:02Z</time>
   </trkpt>
   <trkpt lat="49.6023360" lon="18.6310760">
    <ele>607.0</ele>
    <time>2026-05-23T10:31:03Z</time>
   </trkpt>
   <trkpt lat="49.6024260" lon="18.6310320">
    <ele>605.2</ele>
    <time>2026-05-23T10:31:05Z</time>
   </trkpt>
   <trkpt lat="49.6024750" lon="18.6310060">
    <ele>604.8</ele>
    <time>2026-05-23T10:31:06Z</time>
   </trkpt>
   <trkpt lat="49.6025480" lon="18.6309670">
    <ele>603.6</ele>
    <time>2026-05-23T10:31:07Z</time>
   </trkpt>
   <trkpt lat="49.6026030" lon="18.6309290">
    <ele>601.2</ele>
    <time>2026-05-23T10:31:08Z</time>
   </trkpt>
   <trkpt lat="49.6026680" lon="18.6308830">
    <ele>599.0</ele>
    <time>2026-05-23T10:31:09Z</time>
   </trkpt>
   <trkpt lat="49.6027300" lon="18.6308460">
    <ele>597.6</ele>
    <time>2026-05-23T10:31:10Z</time>
   </trkpt>
   <trkpt lat="49.6028060" lon="18.6308010">
    <ele>596.8</ele>
    <time>2026-05-23T10:31:11Z</time>
   </trkpt>
   <trkpt lat="49.6028650" lon="18.6307420">
    <ele>596.0</ele>
    <time>2026-05-23T10:31:12Z</time>
   </trkpt>
   <trkpt lat="49.6029020" lon="18.6306780">
    <ele>593.0</ele>
    <time>2026-05-23T10:31:13Z</time>
   </trkpt>
   <trkpt lat="49.6029300" lon="18.6305940">
    <ele>590.8</ele>
    <time>2026-05-23T10:31:14Z</time>
   </trkpt>
   <trkpt lat="49.6029680" lon="18.6305230">
    <ele>589.6</ele>
    <time>2026-05-23T10:31:15Z</time>
   </trkpt>
   <trkpt lat="49.6030050" lon="18.6304450">
    <ele>589.0</ele>
    <time>2026-05-23T10:31:16Z</time>
   </trkpt>
   <trkpt lat="49.6030510" lon="18.6303580">
    <ele>586.2</ele>
    <time>2026-05-23T10:31:17Z</time>
   </trkpt>
   <trkpt lat="49.6030910" lon="18.6302840">
    <ele>584.2</ele>
    <time>2026-05-23T10:31:18Z</time>
   </trkpt>
   <trkpt lat="49.6031250" lon="18.6302270">
    <ele>582.8</ele>
    <time>2026-05-23T10:31:19Z</time>
   </trkpt>
   <trkpt lat="49.6031470" lon="18.6301810">
    <ele>582.4</ele>
    <time>2026-05-23T10:31:20Z</time>
   </trkpt>
   <trkpt lat="49.6031610" lon="18.6301340">
    <ele>581.0</ele>
    <time>2026-05-23T10:31:21Z</time>
   </trkpt>
   <trkpt lat="49.6031760" lon="18.6301020">
    <ele>580.4</ele>
    <time>2026-05-23T10:31:22Z</time>
   </trkpt>
   <trkpt lat="49.6031870" lon="18.6300820">
    <ele>579.8</ele>
    <time>2026-05-23T10:31:23Z</time>
   </trkpt>
   <trkpt lat="49.6032150" lon="18.6300520">
    <ele>579.0</ele>
    <time>2026-05-23T10:31:24Z</time>
   </trkpt>
   <trkpt lat="49.6032330" lon="18.6300270">
    <ele>578.4</ele>
    <time>2026-05-23T10:31:25Z</time>
   </trkpt>
   <trkpt lat="49.6032480" lon="18.6300030">
    <ele>577.8</ele>
    <time>2026-05-23T10:31:26Z</time>
   </trkpt>
   <trkpt lat="49.6032650" lon="18.6299790">
    <ele>577.2</ele>
    <time>2026-05-23T10:31:27Z</time>
   </trkpt>
   <trkpt lat="49.6033000" lon="18.6299210">
    <ele>575.8</ele>
    <time>2026-05-23T10:31:29Z</time>
   </trkpt>
   <trkpt lat="49.6033310" lon="18.6298870">
    <ele>575.4</ele>
    <time>2026-05-23T10:31:30Z</time>
   </trkpt>
   <trkpt lat="49.6033740" lon="18.6298460">
    <ele>574.4</ele>
    <time>2026-05-23T10:31:31Z</time>
   </trkpt>
   <trkpt lat="49.6034300" lon="18.6298010">
    <ele>573.0</ele>
    <time>2026-05-23T10:31:32Z</time>
   </trkpt>
   <trkpt lat="49.6034980" lon="18.6297430">
    <ele>570.6</ele>
    <time>2026-05-23T10:31:33Z</time>
   </trkpt>
   <trkpt lat="49.6035660" lon="18.6296760">
    <ele>567.8</ele>
    <time>2026-05-23T10:31:34Z</time>
   </trkpt>
   <trkpt lat="49.6036360" lon="18.6295980">
    <ele>564.0</ele>
    <time>2026-05-23T10:31:35Z</time>
   </trkpt>
   <trkpt lat="49.6037010" lon="18.6295030">
    <ele>562.0</ele>
    <time>2026-05-23T10:31:36Z</time>
   </trkpt>
   <trkpt lat="49.6037570" lon="18.6294180">
    <ele>560.8</ele>
    <time>2026-05-23T10:31:37Z</time>
   </trkpt>
   <trkpt lat="49.6038440" lon="18.6292990">
    <ele>559.4</ele>
    <time>2026-05-23T10:31:38Z</time>
   </trkpt>
   <trkpt lat="49.6039290" lon="18.6292040">
    <ele>559.0</ele>
    <time>2026-05-23T10:31:39Z</time>
   </trkpt>
   <trkpt lat="49.6040080" lon="18.6291140">
    <ele>556.0</ele>
    <time>2026-05-23T10:31:40Z</time>
   </trkpt>
   <trkpt lat="49.6040920" lon="18.6290350">
    <ele>554.2</ele>
    <time>2026-05-23T10:31:41Z</time>
   </trkpt>
   <trkpt lat="49.6041720" lon="18.6289580">
    <ele>553.4</ele>
    <time>2026-05-23T10:31:42Z</time>
   </trkpt>
   <trkpt lat="49.6042280" lon="18.6288910">
    <ele>551.2</ele>
    <time>2026-05-23T10:31:43Z</time>
   </trkpt>
   <trkpt lat="49.6042970" lon="18.6288010">
    <ele>550.0</ele>
    <time>2026-05-23T10:31:44Z</time>
   </trkpt>
   <trkpt lat="49.6043660" lon="18.6287350">
    <ele>548.2</ele>
    <time>2026-05-23T10:31:45Z</time>
   </trkpt>
   <trkpt lat="49.6044490" lon="18.6286840">
    <ele>547.8</ele>
    <time>2026-05-23T10:31:46Z</time>
   </trkpt>
   <trkpt lat="49.6045160" lon="18.6286590">
    <ele>547.8</ele>
    <time>2026-05-23T10:31:47Z</time>
   </trkpt>
   <trkpt lat="49.6045960" lon="18.6286460">
    <ele>547.8</ele>
    <time>2026-05-23T10:31:48Z</time>
   </trkpt>
   <trkpt lat="49.6046590" lon="18.6286430">
    <ele>548.0</ele>
    <time>2026-05-23T10:31:49Z</time>
   </trkpt>
   <trkpt lat="49.6047200" lon="18.6286380">
    <ele>550.8</ele>
    <time>2026-05-23T10:31:50Z</time>
   </trkpt>
   <trkpt lat="49.6048490" lon="18.6286360">
    <ele>551.4</ele>
    <time>2026-05-23T10:31:52Z</time>
   </trkpt>
   <trkpt lat="49.6049250" lon="18.6286590">
    <ele>551.8</ele>
    <time>2026-05-23T10:31:53Z</time>
   </trkpt>
   <trkpt lat="49.6050610" lon="18.6287610">
    <ele>550.4</ele>
    <time>2026-05-23T10:31:55Z</time>
   </trkpt>
   <trkpt lat="49.6051290" lon="18.6288470">
    <ele>549.4</ele>
    <time>2026-05-23T10:31:56Z</time>
   </trkpt>
   <trkpt lat="49.6051710" lon="18.6289140">
    <ele>549.0</ele>
    <time>2026-05-23T10:31:57Z</time>
   </trkpt>
   <trkpt lat="49.6052290" lon="18.6290120">
    <ele>548.4</ele>
    <time>2026-05-23T10:31:58Z</time>
   </trkpt>
   <trkpt lat="49.6052780" lon="18.6290930">
    <ele>548.2</ele>
    <time>2026-05-23T10:31:59Z</time>
   </trkpt>
   <trkpt lat="49.6053290" lon="18.6291700">
    <ele>547.6</ele>
    <time>2026-05-23T10:32:00Z</time>
   </trkpt>
   <trkpt lat="49.6053680" lon="18.6292320">
    <ele>547.8</ele>
    <time>2026-05-23T10:32:01Z</time>
   </trkpt>
   <trkpt lat="49.6054160" lon="18.6293280">
    <ele>547.8</ele>
    <time>2026-05-23T10:32:02Z</time>
   </trkpt>
   <trkpt lat="49.6054500" lon="18.6294130">
    <ele>547.8</ele>
    <time>2026-05-23T10:32:03Z</time>
   </trkpt>
   <trkpt lat="49.6054830" lon="18.6295000">
    <ele>547.6</ele>
    <time>2026-05-23T10:32:04Z</time>
   </trkpt>
   <trkpt lat="49.6055980" lon="18.6297500">
    <ele>547.2</ele>
    <time>2026-05-23T10:32:07Z</time>
   </trkpt>
   <trkpt lat="49.6056930" lon="18.6299000">
    <ele>546.4</ele>
    <time>2026-05-23T10:32:09Z</time>
   </trkpt>
   <trkpt lat="49.6057430" lon="18.6299640">
    <ele>546.2</ele>
    <time>2026-05-23T10:32:10Z</time>
   </trkpt>
   <trkpt lat="49.6057930" lon="18.6300370">
    <ele>546.0</ele>
    <time>2026-05-23T10:32:11Z</time>
   </trkpt>
   <trkpt lat="49.6058450" lon="18.6301070">
    <ele>543.4</ele>
    <time>2026-05-23T10:32:12Z</time>
   </trkpt>
   <trkpt lat="49.6058950" lon="18.6301660">
    <ele>543.2</ele>
    <time>2026-05-23T10:32:13Z</time>
   </trkpt>
   <trkpt lat="49.6059790" lon="18.6302880">
    <ele>542.4</ele>
    <time>2026-05-23T10:32:15Z</time>
   </trkpt>
   <trkpt lat="49.6060190" lon="18.6303600">
    <ele>542.4</ele>
    <time>2026-05-23T10:32:16Z</time>
   </trkpt>
   <trkpt lat="49.6060540" lon="18.6304360">
    <ele>542.4</ele>
    <time>2026-05-23T10:32:17Z</time>
   </trkpt>
   <trkpt lat="49.6060770" lon="18.6305040">
    <ele>542.4</ele>
    <time>2026-05-23T10:32:18Z</time>
   </trkpt>
   <trkpt lat="49.6061050" lon="18.6305580">
    <ele>542.4</ele>
    <time>2026-05-23T10:32:19Z</time>
   </trkpt>
   <trkpt lat="49.6061160" lon="18.6306130">
    <ele>542.4</ele>
    <time>2026-05-23T10:32:20Z</time>
   </trkpt>
   <trkpt lat="49.6061240" lon="18.6306660">
    <ele>542.4</ele>
    <time>2026-05-23T10:32:21Z</time>
   </trkpt>
   <trkpt lat="49.6061350" lon="18.6307080">
    <ele>542.6</ele>
    <time>2026-05-23T10:32:22Z</time>
   </trkpt>
   <trkpt lat="49.6061440" lon="18.6307370">
    <ele>542.6</ele>
    <time>2026-05-23T10:32:23Z</time>
   </trkpt>
   <trkpt lat="49.6061460" lon="18.6307450">
    <ele>543.0</ele>
    <time>2026-05-23T10:32:24Z</time>
   </trkpt>
   <trkpt lat="49.6061460" lon="18.6307450">
    <ele>543.4</ele>
    <time>2026-05-23T10:32:26Z</time>
   </trkpt>
   <trkpt lat="49.6061460" lon="18.6307450">
    <ele>543.6</ele>
    <time>2026-05-23T10:32:29Z</time>
   </trkpt>
   <trkpt lat="49.6061460" lon="18.6307450">
    <ele>544.0</ele>
    <time>2026-05-23T10:32:43Z</time>
   </trkpt>
   <trkpt lat="49.6061460" lon="18.6307450">
    <ele>544.2</ele>
    <time>2026-05-23T10:32:46Z</time>
   </trkpt>
   <trkpt lat="49.6061430" lon="18.6307460">
    <ele>543.8</ele>
    <time>2026-05-23T10:32:53Z</time>
   </trkpt>
   <trkpt lat="49.6061440" lon="18.6307530">
    <ele>543.8</ele>
    <time>2026-05-23T10:33:01Z</time>
   </trkpt>
   <trkpt lat="49.6061440" lon="18.6307530">
    <ele>543.6</ele>
    <time>2026-05-23T10:33:03Z</time>
   </trkpt>
   <trkpt lat="49.6061590" lon="18.6307650">
    <ele>543.4</ele>
    <time>2026-05-23T10:33:35Z</time>
   </trkpt>
   <trkpt lat="49.6061620" lon="18.6307720">
    <ele>543.4</ele>
    <time>2026-05-23T10:33:38Z</time>
   </trkpt>
   <trkpt lat="49.6061830" lon="18.6308180">
    <ele>543.4</ele>
    <time>2026-05-23T10:33:40Z</time>
   </trkpt>
   <trkpt lat="49.6061970" lon="18.6308400">
    <ele>544.2</ele>
    <time>2026-05-23T10:33:41Z</time>
   </trkpt>
   <trkpt lat="49.6062570" lon="18.6308830">
    <ele>544.2</ele>
    <time>2026-05-23T10:33:43Z</time>
   </trkpt>
   <trkpt lat="49.6062960" lon="18.6309050">
    <ele>544.2</ele>
    <time>2026-05-23T10:33:44Z</time>
   </trkpt>
   <trkpt lat="49.6063340" lon="18.6309340">
    <ele>544.0</ele>
    <time>2026-05-23T10:33:45Z</time>
   </trkpt>
   <trkpt lat="49.6064480" lon="18.6310890">
    <ele>544.4</ele>
    <time>2026-05-23T10:33:48Z</time>
   </trkpt>
   <trkpt lat="49.6064880" lon="18.6311690">
    <ele>544.4</ele>
    <time>2026-05-23T10:33:49Z</time>
   </trkpt>
   <trkpt lat="49.6065080" lon="18.6312290">
    <ele>544.6</ele>
    <time>2026-05-23T10:33:50Z</time>
   </trkpt>
   <trkpt lat="49.6065710" lon="18.6313660">
    <ele>545.2</ele>
    <time>2026-05-23T10:33:52Z</time>
   </trkpt>
   <trkpt lat="49.6066150" lon="18.6314270">
    <ele>545.4</ele>
    <time>2026-05-23T10:33:53Z</time>
   </trkpt>
   <trkpt lat="49.6066590" lon="18.6314910">
    <ele>545.4</ele>
    <time>2026-05-23T10:33:54Z</time>
   </trkpt>
   <trkpt lat="49.6067320" lon="18.6316410">
    <ele>544.8</ele>
    <time>2026-05-23T10:33:56Z</time>
   </trkpt>
   <trkpt lat="49.6067770" lon="18.6317100">
    <ele>539.8</ele>
    <time>2026-05-23T10:33:57Z</time>
   </trkpt>
   <trkpt lat="49.6068140" lon="18.6317810">
    <ele>538.2</ele>
    <time>2026-05-23T10:33:58Z</time>
   </trkpt>
   <trkpt lat="49.6069320" lon="18.6320350">
    <ele>537.2</ele>
    <time>2026-05-23T10:34:01Z</time>
   </trkpt>
   <trkpt lat="49.6069640" lon="18.6321200">
    <ele>536.8</ele>
    <time>2026-05-23T10:34:02Z</time>
   </trkpt>
   <trkpt lat="49.6070430" lon="18.6323800">
    <ele>535.6</ele>
    <time>2026-05-23T10:34:05Z</time>
   </trkpt>
   <trkpt lat="49.6071230" lon="18.6326200">
    <ele>535.4</ele>
    <time>2026-05-23T10:34:08Z</time>
   </trkpt>
   <trkpt lat="49.6071640" lon="18.6327180">
    <ele>535.0</ele>
    <time>2026-05-23T10:34:09Z</time>
   </trkpt>
   <trkpt lat="49.6072410" lon="18.6328630">
    <ele>534.4</ele>
    <time>2026-05-23T10:34:11Z</time>
   </trkpt>
   <trkpt lat="49.6072770" lon="18.6329130">
    <ele>534.0</ele>
    <time>2026-05-23T10:34:12Z</time>
   </trkpt>
   <trkpt lat="49.6073380" lon="18.6329880">
    <ele>533.2</ele>
    <time>2026-05-23T10:34:13Z</time>
   </trkpt>
   <trkpt lat="49.6073810" lon="18.6330340">
    <ele>533.0</ele>
    <time>2026-05-23T10:34:14Z</time>
   </trkpt>
   <trkpt lat="49.6074970" lon="18.6331310">
    <ele>532.0</ele>
    <time>2026-05-23T10:34:16Z</time>
   </trkpt>
   <trkpt lat="49.6076250" lon="18.6332170">
    <ele>531.0</ele>
    <time>2026-05-23T10:34:18Z</time>
   </trkpt>
   <trkpt lat="49.6077050" lon="18.6332550">
    <ele>530.8</ele>
    <time>2026-05-23T10:34:19Z</time>
   </trkpt>
   <trkpt lat="49.6077750" lon="18.6332840">
    <ele>530.4</ele>
    <time>2026-05-23T10:34:20Z</time>
   </trkpt>
   <trkpt lat="49.6078450" lon="18.6333050">
    <ele>530.0</ele>
    <time>2026-05-23T10:34:21Z</time>
   </trkpt>
   <trkpt lat="49.6079250" lon="18.6333150">
    <ele>529.4</ele>
    <time>2026-05-23T10:34:22Z</time>
   </trkpt>
   <trkpt lat="49.6079830" lon="18.6333220">
    <ele>529.2</ele>
    <time>2026-05-23T10:34:23Z</time>
   </trkpt>
   <trkpt lat="49.6081940" lon="18.6333810">
    <ele>529.4</ele>
    <time>2026-05-23T10:34:26Z</time>
   </trkpt>
   <trkpt lat="49.6082570" lon="18.6334030">
    <ele>529.6</ele>
    <time>2026-05-23T10:34:27Z</time>
   </trkpt>
   <trkpt lat="49.6083050" lon="18.6334180">
    <ele>529.6</ele>
    <time>2026-05-23T10:34:28Z</time>
   </trkpt>
   <trkpt lat="49.6083610" lon="18.6334390">
    <ele>529.8</ele>
    <time>2026-05-23T10:34:29Z</time>
   </trkpt>
   <trkpt lat="49.6084300" lon="18.6334580">
    <ele>529.8</ele>
    <time>2026-05-23T10:34:30Z</time>
   </trkpt>
   <trkpt lat="49.6084880" lon="18.6334740">
    <ele>530.2</ele>
    <time>2026-05-23T10:34:31Z</time>
   </trkpt>
   <trkpt lat="49.6085310" lon="18.6334930">
    <ele>530.2</ele>
    <time>2026-05-23T10:34:32Z</time>
   </trkpt>
   <trkpt lat="49.6086420" lon="18.6335430">
    <ele>529.2</ele>
    <time>2026-05-23T10:34:34Z</time>
   </trkpt>
   <trkpt lat="49.6088770" lon="18.6336480">
    <ele>528.6</ele>
    <time>2026-05-23T10:34:38Z</time>
   </trkpt>
   <trkpt lat="49.6089320" lon="18.6336700">
    <ele>527.0</ele>
    <time>2026-05-23T10:34:39Z</time>
   </trkpt>
   <trkpt lat="49.6090520" lon="18.6337240">
    <ele>526.4</ele>
    <time>2026-05-23T10:34:41Z</time>
   </trkpt>
   <trkpt lat="49.6091090" lon="18.6337540">
    <ele>525.8</ele>
    <time>2026-05-23T10:34:42Z</time>
   </trkpt>
   <trkpt lat="49.6093150" lon="18.6338680">
    <ele>525.2</ele>
    <time>2026-05-23T10:34:46Z</time>
   </trkpt>
   <trkpt lat="49.6093690" lon="18.6339000">
    <ele>525.0</ele>
    <time>2026-05-23T10:34:47Z</time>
   </trkpt>
   <trkpt lat="49.6094200" lon="18.6339380">
    <ele>525.0</ele>
    <time>2026-05-23T10:34:48Z</time>
   </trkpt>
   <trkpt lat="49.6096910" lon="18.6341030">
    <ele>524.8</ele>
    <time>2026-05-23T10:34:53Z</time>
   </trkpt>
   <trkpt lat="49.6098120" lon="18.6341790">
    <ele>524.4</ele>
    <time>2026-05-23T10:34:55Z</time>
   </trkpt>
   <trkpt lat="49.6099240" lon="18.6342400">
    <ele>524.0</ele>
    <time>2026-05-23T10:34:57Z</time>
   </trkpt>
   <trkpt lat="49.6099820" lon="18.6342820">
    <ele>523.6</ele>
    <time>2026-05-23T10:34:58Z</time>
   </trkpt>
   <trkpt lat="49.6100420" lon="18.6343190">
    <ele>523.6</ele>
    <time>2026-05-23T10:34:59Z</time>
   </trkpt>
   <trkpt lat="49.6100850" lon="18.6343450">
    <ele>523.4</ele>
    <time>2026-05-23T10:35:00Z</time>
   </trkpt>
   <trkpt lat="49.6101460" lon="18.6343790">
    <ele>522.8</ele>
    <time>2026-05-23T10:35:01Z</time>
   </trkpt>
   <trkpt lat="49.6101950" lon="18.6344120">
    <ele>522.2</ele>
    <time>2026-05-23T10:35:02Z</time>
   </trkpt>
   <trkpt lat="49.6102400" lon="18.6344500">
    <ele>522.0</ele>
    <time>2026-05-23T10:35:03Z</time>
   </trkpt>
   <trkpt lat="49.6102850" lon="18.6344840">
    <ele>522.0</ele>
    <time>2026-05-23T10:35:04Z</time>
   </trkpt>
   <trkpt lat="49.6103220" lon="18.6345100">
    <ele>521.8</ele>
    <time>2026-05-23T10:35:05Z</time>
   </trkpt>
   <trkpt lat="49.6104250" lon="18.6345680">
    <ele>521.8</ele>
    <time>2026-05-23T10:35:07Z</time>
   </trkpt>
   <trkpt lat="49.6104600" lon="18.6345920">
    <ele>521.8</ele>
    <time>2026-05-23T10:35:08Z</time>
   </trkpt>
   <trkpt lat="49.6105050" lon="18.6346280">
    <ele>521.6</ele>
    <time>2026-05-23T10:35:09Z</time>
   </trkpt>
   <trkpt lat="49.6105640" lon="18.6346750">
    <ele>521.0</ele>
    <time>2026-05-23T10:35:10Z</time>
   </trkpt>
   <trkpt lat="49.6106680" lon="18.6347580">
    <ele>520.2</ele>
    <time>2026-05-23T10:35:12Z</time>
   </trkpt>
   <trkpt lat="49.6107020" lon="18.6348000">
    <ele>520.0</ele>
    <time>2026-05-23T10:35:13Z</time>
   </trkpt>
   <trkpt lat="49.6107960" lon="18.6349110">
    <ele>519.8</ele>
    <time>2026-05-23T10:35:15Z</time>
   </trkpt>
   <trkpt lat="49.6109080" lon="18.6351190">
    <ele>519.8</ele>
    <time>2026-05-23T10:35:18Z</time>
   </trkpt>
   <trkpt lat="49.6109890" lon="18.6352690">
    <ele>519.8</ele>
    <time>2026-05-23T10:35:20Z</time>
   </trkpt>
   <trkpt lat="49.6110950" lon="18.6354170">
    <ele>518.0</ele>
    <time>2026-05-23T10:35:22Z</time>
   </trkpt>
   <trkpt lat="49.6112500" lon="18.6356340">
    <ele>517.2</ele>
    <time>2026-05-23T10:35:25Z</time>
   </trkpt>
   <trkpt lat="49.6113630" lon="18.6357790">
    <ele>516.6</ele>
    <time>2026-05-23T10:35:27Z</time>
   </trkpt>
   <trkpt lat="49.6114710" lon="18.6359180">
    <ele>515.4</ele>
    <time>2026-05-23T10:35:29Z</time>
   </trkpt>
   <trkpt lat="49.6115220" lon="18.6359980">
    <ele>515.2</ele>
    <time>2026-05-23T10:35:30Z</time>
   </trkpt>
   <trkpt lat="49.6115700" lon="18.6360840">
    <ele>514.0</ele>
    <time>2026-05-23T10:35:31Z</time>
   </trkpt>
   <trkpt lat="49.6116210" lon="18.6361470">
    <ele>513.8</ele>
    <time>2026-05-23T10:35:32Z</time>
   </trkpt>
   <trkpt lat="49.6116650" lon="18.6362160">
    <ele>513.8</ele>
    <time>2026-05-23T10:35:33Z</time>
   </trkpt>
   <trkpt lat="49.6117930" lon="18.6364610">
    <ele>513.2</ele>
    <time>2026-05-23T10:35:36Z</time>
   </trkpt>
   <trkpt lat="49.6118810" lon="18.6366410">
    <ele>513.0</ele>
    <time>2026-05-23T10:35:38Z</time>
   </trkpt>
   <trkpt lat="49.6119640" lon="18.6368310">
    <ele>513.2</ele>
    <time>2026-05-23T10:35:40Z</time>
   </trkpt>
   <trkpt lat="49.6119960" lon="18.6369230">
    <ele>513.6</ele>
    <time>2026-05-23T10:35:41Z</time>
   </trkpt>
   <trkpt lat="49.6120280" lon="18.6370210">
    <ele>513.8</ele>
    <time>2026-05-23T10:35:42Z</time>
   </trkpt>
   <trkpt lat="49.6120530" lon="18.6371170">
    <ele>513.8</ele>
    <time>2026-05-23T10:35:43Z</time>
   </trkpt>
   <trkpt lat="49.6120790" lon="18.6372150">
    <ele>513.8</ele>
    <time>2026-05-23T10:35:44Z</time>
   </trkpt>
   <trkpt lat="49.6120970" lon="18.6373100">
    <ele>513.8</ele>
    <time>2026-05-23T10:35:45Z</time>
   </trkpt>
   <trkpt lat="49.6121220" lon="18.6374020">
    <ele>513.0</ele>
    <time>2026-05-23T10:35:46Z</time>
   </trkpt>
   <trkpt lat="49.6121480" lon="18.6374930">
    <ele>511.6</ele>
    <time>2026-05-23T10:35:47Z</time>
   </trkpt>
   <trkpt lat="49.6121790" lon="18.6375740">
    <ele>511.6</ele>
    <time>2026-05-23T10:35:48Z</time>
   </trkpt>
   <trkpt lat="49.6122110" lon="18.6376520">
    <ele>511.4</ele>
    <time>2026-05-23T10:35:49Z</time>
   </trkpt>
   <trkpt lat="49.6122430" lon="18.6377270">
    <ele>511.2</ele>
    <time>2026-05-23T10:35:50Z</time>
   </trkpt>
   <trkpt lat="49.6122750" lon="18.6377990">
    <ele>511.2</ele>
    <time>2026-05-23T10:35:51Z</time>
   </trkpt>
   <trkpt lat="49.6124750" lon="18.6382400">
    <ele>510.8</ele>
    <time>2026-05-23T10:35:57Z</time>
   </trkpt>
   <trkpt lat="49.6125830" lon="18.6384670">
    <ele>510.4</ele>
    <time>2026-05-23T10:36:00Z</time>
   </trkpt>
   <trkpt lat="49.6126540" lon="18.6386150">
    <ele>509.6</ele>
    <time>2026-05-23T10:36:02Z</time>
   </trkpt>
   <trkpt lat="49.6126910" lon="18.6386880">
    <ele>509.4</ele>
    <time>2026-05-23T10:36:03Z</time>
   </trkpt>
   <trkpt lat="49.6127680" lon="18.6388280">
    <ele>508.6</ele>
    <time>2026-05-23T10:36:05Z</time>
   </trkpt>
   <trkpt lat="49.6128450" lon="18.6389800">
    <ele>508.2</ele>
    <time>2026-05-23T10:36:07Z</time>
   </trkpt>
   <trkpt lat="49.6129470" lon="18.6392050">
    <ele>507.0</ele>
    <time>2026-05-23T10:36:10Z</time>
   </trkpt>
   <trkpt lat="49.6130950" lon="18.6395040">
    <ele>506.4</ele>
    <time>2026-05-23T10:36:14Z</time>
   </trkpt>
   <trkpt lat="49.6131570" lon="18.6396610">
    <ele>505.8</ele>
    <time>2026-05-23T10:36:16Z</time>
   </trkpt>
   <trkpt lat="49.6132110" lon="18.6398140">
    <ele>504.4</ele>
    <time>2026-05-23T10:36:18Z</time>
   </trkpt>
   <trkpt lat="49.6132470" lon="18.6398900">
    <ele>504.0</ele>
    <time>2026-05-23T10:36:19Z</time>
   </trkpt>
   <trkpt lat="49.6133360" lon="18.6400320">
    <ele>503.6</ele>
    <time>2026-05-23T10:36:21Z</time>
   </trkpt>
   <trkpt lat="49.6133740" lon="18.6400850">
    <ele>503.2</ele>
    <time>2026-05-23T10:36:22Z</time>
   </trkpt>
   <trkpt lat="49.6134850" lon="18.6402330">
    <ele>503.0</ele>
    <time>2026-05-23T10:36:24Z</time>
   </trkpt>
   <trkpt lat="49.6136440" lon="18.6403990">
    <ele>502.2</ele>
    <time>2026-05-23T10:36:27Z</time>
   </trkpt>
   <trkpt lat="49.6137720" lon="18.6404950">
    <ele>500.8</ele>
    <time>2026-05-23T10:36:29Z</time>
   </trkpt>
   <trkpt lat="49.6140410" lon="18.6406630">
    <ele>499.2</ele>
    <time>2026-05-23T10:36:33Z</time>
   </trkpt>
   <trkpt lat="49.6141860" lon="18.6407570">
    <ele>498.0</ele>
    <time>2026-05-23T10:36:35Z</time>
   </trkpt>
   <trkpt lat="49.6142530" lon="18.6407980">
    <ele>497.8</ele>
    <time>2026-05-23T10:36:36Z</time>
   </trkpt>
   <trkpt lat="49.6143190" lon="18.6408370">
    <ele>497.4</ele>
    <time>2026-05-23T10:36:37Z</time>
   </trkpt>
   <trkpt lat="49.6143840" lon="18.6408770">
    <ele>497.0</ele>
    <time>2026-05-23T10:36:38Z</time>
   </trkpt>
   <trkpt lat="49.6144510" lon="18.6409130">
    <ele>496.6</ele>
    <time>2026-05-23T10:36:39Z</time>
   </trkpt>
   <trkpt lat="49.6145070" lon="18.6409490">
    <ele>496.6</ele>
    <time>2026-05-23T10:36:40Z</time>
   </trkpt>
   <trkpt lat="49.6145660" lon="18.6409860">
    <ele>496.6</ele>
    <time>2026-05-23T10:36:41Z</time>
   </trkpt>
   <trkpt lat="49.6146220" lon="18.6410310">
    <ele>496.6</ele>
    <time>2026-05-23T10:36:42Z</time>
   </trkpt>
   <trkpt lat="49.6146780" lon="18.6410750">
    <ele>496.8</ele>
    <time>2026-05-23T10:36:43Z</time>
   </trkpt>
   <trkpt lat="49.6147330" lon="18.6411130">
    <ele>497.6</ele>
    <time>2026-05-23T10:36:44Z</time>
   </trkpt>
   <trkpt lat="49.6147880" lon="18.6411490">
    <ele>497.8</ele>
    <time>2026-05-23T10:36:45Z</time>
   </trkpt>
   <trkpt lat="49.6148450" lon="18.6411790">
    <ele>497.8</ele>
    <time>2026-05-23T10:36:46Z</time>
   </trkpt>
   <trkpt lat="49.6149010" lon="18.6412090">
    <ele>498.0</ele>
    <time>2026-05-23T10:36:47Z</time>
   </trkpt>
   <trkpt lat="49.6149500" lon="18.6412390">
    <ele>497.8</ele>
    <time>2026-05-23T10:36:48Z</time>
   </trkpt>
   <trkpt lat="49.6149970" lon="18.6412700">
    <ele>497.8</ele>
    <time>2026-05-23T10:36:49Z</time>
   </trkpt>
   <trkpt lat="49.6150470" lon="18.6413030">
    <ele>497.6</ele>
    <time>2026-05-23T10:36:50Z</time>
   </trkpt>
   <trkpt lat="49.6150970" lon="18.6413340">
    <ele>497.8</ele>
    <time>2026-05-23T10:36:51Z</time>
   </trkpt>
   <trkpt lat="49.6151950" lon="18.6413980">
    <ele>497.6</ele>
    <time>2026-05-23T10:36:53Z</time>
   </trkpt>
   <trkpt lat="49.6152970" lon="18.6414560">
    <ele>497.2</ele>
    <time>2026-05-23T10:36:55Z</time>
   </trkpt>
   <trkpt lat="49.6154490" lon="18.6415610">
    <ele>496.4</ele>
    <time>2026-05-23T10:36:58Z</time>
   </trkpt>
   <trkpt lat="49.6157520" lon="18.6417370">
    <ele>495.8</ele>
    <time>2026-05-23T10:37:03Z</time>
   </trkpt>
   <trkpt lat="49.6158160" lon="18.6417770">
    <ele>495.4</ele>
    <time>2026-05-23T10:37:04Z</time>
   </trkpt>
   <trkpt lat="49.6160090" lon="18.6419140">
    <ele>494.0</ele>
    <time>2026-05-23T10:37:07Z</time>
   </trkpt>
   <trkpt lat="49.6161290" lon="18.6420270">
    <ele>492.8</ele>
    <time>2026-05-23T10:37:09Z</time>
   </trkpt>
   <trkpt lat="49.6162470" lon="18.6421410">
    <ele>491.8</ele>
    <time>2026-05-23T10:37:11Z</time>
   </trkpt>
   <trkpt lat="49.6163640" lon="18.6422540">
    <ele>490.8</ele>
    <time>2026-05-23T10:37:13Z</time>
   </trkpt>
   <trkpt lat="49.6164150" lon="18.6423270">
    <ele>490.6</ele>
    <time>2026-05-23T10:37:14Z</time>
   </trkpt>
   <trkpt lat="49.6164680" lon="18.6423990">
    <ele>490.4</ele>
    <time>2026-05-23T10:37:15Z</time>
   </trkpt>
   <trkpt lat="49.6165760" lon="18.6425250">
    <ele>489.8</ele>
    <time>2026-05-23T10:37:17Z</time>
   </trkpt>
   <trkpt lat="49.6166280" lon="18.6425840">
    <ele>489.6</ele>
    <time>2026-05-23T10:37:18Z</time>
   </trkpt>
   <trkpt lat="49.6167360" lon="18.6427120">
    <ele>488.4</ele>
    <time>2026-05-23T10:37:20Z</time>
   </trkpt>
   <trkpt lat="49.6168460" lon="18.6428500">
    <ele>488.0</ele>
    <time>2026-05-23T10:37:22Z</time>
   </trkpt>
   <trkpt lat="49.6169560" lon="18.6429800">
    <ele>486.8</ele>
    <time>2026-05-23T10:37:24Z</time>
   </trkpt>
   <trkpt lat="49.6170130" lon="18.6430430">
    <ele>485.6</ele>
    <time>2026-05-23T10:37:25Z</time>
   </trkpt>
   <trkpt lat="49.6170740" lon="18.6431050">
    <ele>485.4</ele>
    <time>2026-05-23T10:37:26Z</time>
   </trkpt>
   <trkpt lat="49.6171290" lon="18.6431700">
    <ele>485.2</ele>
    <time>2026-05-23T10:37:27Z</time>
   </trkpt>
   <trkpt lat="49.6172950" lon="18.6433620">
    <ele>484.4</ele>
    <time>2026-05-23T10:37:30Z</time>
   </trkpt>
   <trkpt lat="49.6173500" lon="18.6434280">
    <ele>484.0</ele>
    <time>2026-05-23T10:37:31Z</time>
   </trkpt>
   <trkpt lat="49.6175110" lon="18.6436140">
    <ele>482.6</ele>
    <time>2026-05-23T10:37:34Z</time>
   </trkpt>
   <trkpt lat="49.6176930" lon="18.6438160">
    <ele>481.4</ele>
    <time>2026-05-23T10:37:37Z</time>
   </trkpt>
   <trkpt lat="49.6177570" lon="18.6438810">
    <ele>481.2</ele>
    <time>2026-05-23T10:37:38Z</time>
   </trkpt>
   <trkpt lat="49.6179670" lon="18.6440390">
    <ele>480.0</ele>
    <time>2026-05-23T10:37:41Z</time>
   </trkpt>
   <trkpt lat="49.6181920" lon="18.6441750">
    <ele>478.8</ele>
    <time>2026-05-23T10:37:44Z</time>
   </trkpt>
   <trkpt lat="49.6183450" lon="18.6442550">
    <ele>477.6</ele>
    <time>2026-05-23T10:37:46Z</time>
   </trkpt>
   <trkpt lat="49.6184220" lon="18.6442990">
    <ele>476.6</ele>
    <time>2026-05-23T10:37:47Z</time>
   </trkpt>
   <trkpt lat="49.6184990" lon="18.6443400">
    <ele>474.8</ele>
    <time>2026-05-23T10:37:48Z</time>
   </trkpt>
   <trkpt lat="49.6185740" lon="18.6443770">
    <ele>474.0</ele>
    <time>2026-05-23T10:37:49Z</time>
   </trkpt>
   <trkpt lat="49.6186430" lon="18.6444220">
    <ele>473.8</ele>
    <time>2026-05-23T10:37:50Z</time>
   </trkpt>
   <trkpt lat="49.6187060" lon="18.6444730">
    <ele>473.4</ele>
    <time>2026-05-23T10:37:51Z</time>
   </trkpt>
   <trkpt lat="49.6187660" lon="18.6445230">
    <ele>473.2</ele>
    <time>2026-05-23T10:37:52Z</time>
   </trkpt>
   <trkpt lat="49.6188280" lon="18.6445780">
    <ele>473.6</ele>
    <time>2026-05-23T10:37:53Z</time>
   </trkpt>
   <trkpt lat="49.6188800" lon="18.6446370">
    <ele>473.6</ele>
    <time>2026-05-23T10:37:54Z</time>
   </trkpt>
   <trkpt lat="49.6189250" lon="18.6446960">
    <ele>473.6</ele>
    <time>2026-05-23T10:37:55Z</time>
   </trkpt>
   <trkpt lat="49.6189760" lon="18.6447590">
    <ele>473.6</ele>
    <time>2026-05-23T10:37:56Z</time>
   </trkpt>
   <trkpt lat="49.6190250" lon="18.6448250">
    <ele>473.6</ele>
    <time>2026-05-23T10:37:57Z</time>
   </trkpt>
   <trkpt lat="49.6190750" lon="18.6448920">
    <ele>474.0</ele>
    <time>2026-05-23T10:37:58Z</time>
   </trkpt>
   <trkpt lat="49.6191200" lon="18.6449590">
    <ele>474.4</ele>
    <time>2026-05-23T10:37:59Z</time>
   </trkpt>
   <trkpt lat="49.6191610" lon="18.6450260">
    <ele>474.8</ele>
    <time>2026-05-23T10:38:00Z</time>
   </trkpt>
   <trkpt lat="49.6192570" lon="18.6451600">
    <ele>475.8</ele>
    <time>2026-05-23T10:38:02Z</time>
   </trkpt>
   <trkpt lat="49.6195410" lon="18.6455840">
    <ele>475.6</ele>
    <time>2026-05-23T10:38:08Z</time>
   </trkpt>
   <trkpt lat="49.6196370" lon="18.6457210">
    <ele>475.0</ele>
    <time>2026-05-23T10:38:10Z</time>
   </trkpt>
   <trkpt lat="49.6196850" lon="18.6457900">
    <ele>474.8</ele>
    <time>2026-05-23T10:38:11Z</time>
   </trkpt>
   <trkpt lat="49.6198730" lon="18.6460730">
    <ele>474.0</ele>
    <time>2026-05-23T10:38:15Z</time>
   </trkpt>
   <trkpt lat="49.6199210" lon="18.6461410">
    <ele>473.6</ele>
    <time>2026-05-23T10:38:16Z</time>
   </trkpt>
   <trkpt lat="49.6199700" lon="18.6462110">
    <ele>473.4</ele>
    <time>2026-05-23T10:38:17Z</time>
   </trkpt>
   <trkpt lat="49.6200620" lon="18.6463540">
    <ele>470.4</ele>
    <time>2026-05-23T10:38:19Z</time>
   </trkpt>
   <trkpt lat="49.6202040" lon="18.6465690">
    <ele>469.8</ele>
    <time>2026-05-23T10:38:22Z</time>
   </trkpt>
   <trkpt lat="49.6202960" lon="18.6467120">
    <ele>469.6</ele>
    <time>2026-05-23T10:38:24Z</time>
   </trkpt>
   <trkpt lat="49.6205010" lon="18.6470140">
    <ele>469.2</ele>
    <time>2026-05-23T10:38:28Z</time>
   </trkpt>
   <trkpt lat="49.6207390" lon="18.6473930">
    <ele>468.8</ele>
    <time>2026-05-23T10:38:33Z</time>
   </trkpt>
   <trkpt lat="49.6209290" lon="18.6476620">
    <ele>468.0</ele>
    <time>2026-05-23T10:38:37Z</time>
   </trkpt>
   <trkpt lat="49.6209810" lon="18.6477320">
    <ele>465.2</ele>
    <time>2026-05-23T10:38:38Z</time>
   </trkpt>
   <trkpt lat="49.6211510" lon="18.6479400">
    <ele>464.2</ele>
    <time>2026-05-23T10:38:41Z</time>
   </trkpt>
   <trkpt lat="49.6212040" lon="18.6480040">
    <ele>464.0</ele>
    <time>2026-05-23T10:38:42Z</time>
   </trkpt>
   <trkpt lat="49.6213000" lon="18.6481230">
    <ele>464.0</ele>
    <time>2026-05-23T10:38:44Z</time>
   </trkpt>
   <trkpt lat="49.6213510" lon="18.6481890">
    <ele>463.8</ele>
    <time>2026-05-23T10:38:45Z</time>
   </trkpt>
   <trkpt lat="49.6214020" lon="18.6482540">
    <ele>463.0</ele>
    <time>2026-05-23T10:38:46Z</time>
   </trkpt>
   <trkpt lat="49.6216160" lon="18.6485060">
    <ele>462.4</ele>
    <time>2026-05-23T10:38:50Z</time>
   </trkpt>
   <trkpt lat="49.6219570" lon="18.6489160">
    <ele>461.6</ele>
    <time>2026-05-23T10:38:56Z</time>
   </trkpt>
   <trkpt lat="49.6221280" lon="18.6490990">
    <ele>461.0</ele>
    <time>2026-05-23T10:38:59Z</time>
   </trkpt>
   <trkpt lat="49.6223310" lon="18.6492690">
    <ele>460.6</ele>
    <time>2026-05-23T10:39:02Z</time>
   </trkpt>
   <trkpt lat="49.6224770" lon="18.6493780">
    <ele>460.0</ele>
    <time>2026-05-23T10:39:04Z</time>
   </trkpt>
   <trkpt lat="49.6226170" lon="18.6494920">
    <ele>459.4</ele>
    <time>2026-05-23T10:39:06Z</time>
   </trkpt>
   <trkpt lat="49.6226880" lon="18.6495450">
    <ele>458.2</ele>
    <time>2026-05-23T10:39:07Z</time>
   </trkpt>
   <trkpt lat="49.6228230" lon="18.6496540">
    <ele>456.8</ele>
    <time>2026-05-23T10:39:09Z</time>
   </trkpt>
   <trkpt lat="49.6228930" lon="18.6497120">
    <ele>456.8</ele>
    <time>2026-05-23T10:39:10Z</time>
   </trkpt>
   <trkpt lat="49.6229660" lon="18.6497700">
    <ele>456.8</ele>
    <time>2026-05-23T10:39:11Z</time>
   </trkpt>
   <trkpt lat="49.6230330" lon="18.6498280">
    <ele>456.8</ele>
    <time>2026-05-23T10:39:12Z</time>
   </trkpt>
   <trkpt lat="49.6230990" lon="18.6498810">
    <ele>458.2</ele>
    <time>2026-05-23T10:39:13Z</time>
   </trkpt>
   <trkpt lat="49.6231670" lon="18.6499370">
    <ele>458.2</ele>
    <time>2026-05-23T10:39:14Z</time>
   </trkpt>
   <trkpt lat="49.6232330" lon="18.6499940">
    <ele>458.2</ele>
    <time>2026-05-23T10:39:15Z</time>
   </trkpt>
   <trkpt lat="49.6232990" lon="18.6500430">
    <ele>457.8</ele>
    <time>2026-05-23T10:39:16Z</time>
   </trkpt>
   <trkpt lat="49.6233580" lon="18.6500930">
    <ele>456.2</ele>
    <time>2026-05-23T10:39:17Z</time>
   </trkpt>
   <trkpt lat="49.6234200" lon="18.6501410">
    <ele>456.2</ele>
    <time>2026-05-23T10:39:18Z</time>
   </trkpt>
   <trkpt lat="49.6234800" lon="18.6501920">
    <ele>456.0</ele>
    <time>2026-05-23T10:39:19Z</time>
   </trkpt>
   <trkpt lat="49.6235390" lon="18.6502400">
    <ele>456.0</ele>
    <time>2026-05-23T10:39:20Z</time>
   </trkpt>
   <trkpt lat="49.6235980" lon="18.6502830">
    <ele>456.0</ele>
    <time>2026-05-23T10:39:21Z</time>
   </trkpt>
   <trkpt lat="49.6236590" lon="18.6503240">
    <ele>456.2</ele>
    <time>2026-05-23T10:39:22Z</time>
   </trkpt>
   <trkpt lat="49.6240310" lon="18.6505590">
    <ele>455.0</ele>
    <time>2026-05-23T10:39:28Z</time>
   </trkpt>
   <trkpt lat="49.6242270" lon="18.6506660">
    <ele>453.8</ele>
    <time>2026-05-23T10:39:31Z</time>
   </trkpt>
   <trkpt lat="49.6246210" lon="18.6509030">
    <ele>452.4</ele>
    <time>2026-05-23T10:39:37Z</time>
   </trkpt>
   <trkpt lat="49.6246850" lon="18.6509520">
    <ele>451.6</ele>
    <time>2026-05-23T10:39:38Z</time>
   </trkpt>
   <trkpt lat="49.6247480" lon="18.6510030">
    <ele>451.0</ele>
    <time>2026-05-23T10:39:39Z</time>
   </trkpt>
   <trkpt lat="49.6250540" lon="18.6513230">
    <ele>450.8</ele>
    <time>2026-05-23T10:39:44Z</time>
   </trkpt>
   <trkpt lat="49.6252650" lon="18.6516600">
    <ele>449.8</ele>
    <time>2026-05-23T10:39:48Z</time>
   </trkpt>
   <trkpt lat="49.6253660" lon="18.6518410">
    <ele>449.2</ele>
    <time>2026-05-23T10:39:50Z</time>
   </trkpt>
   <trkpt lat="49.6254110" lon="18.6519340">
    <ele>449.0</ele>
    <time>2026-05-23T10:39:51Z</time>
   </trkpt>
   <trkpt lat="49.6254530" lon="18.6520290">
    <ele>448.6</ele>
    <time>2026-05-23T10:39:52Z</time>
   </trkpt>
   <trkpt lat="49.6254960" lon="18.6521210">
    <ele>448.6</ele>
    <time>2026-05-23T10:39:53Z</time>
   </trkpt>
   <trkpt lat="49.6255410" lon="18.6522090">
    <ele>448.6</ele>
    <time>2026-05-23T10:39:54Z</time>
   </trkpt>
   <trkpt lat="49.6255880" lon="18.6522910">
    <ele>448.4</ele>
    <time>2026-05-23T10:39:55Z</time>
   </trkpt>
   <trkpt lat="49.6256330" lon="18.6523670">
    <ele>448.4</ele>
    <time>2026-05-23T10:39:56Z</time>
   </trkpt>
   <trkpt lat="49.6256750" lon="18.6524400">
    <ele>448.4</ele>
    <time>2026-05-23T10:39:57Z</time>
   </trkpt>
   <trkpt lat="49.6257210" lon="18.6525150">
    <ele>448.2</ele>
    <time>2026-05-23T10:39:58Z</time>
   </trkpt>
   <trkpt lat="49.6257700" lon="18.6525910">
    <ele>448.2</ele>
    <time>2026-05-23T10:39:59Z</time>
   </trkpt>
   <trkpt lat="49.6258190" lon="18.6526640">
    <ele>448.2</ele>
    <time>2026-05-23T10:40:00Z</time>
   </trkpt>
   <trkpt lat="49.6258680" lon="18.6527320">
    <ele>448.2</ele>
    <time>2026-05-23T10:40:01Z</time>
   </trkpt>
   <trkpt lat="49.6259130" lon="18.6527990">
    <ele>448.2</ele>
    <time>2026-05-23T10:40:02Z</time>
   </trkpt>
   <trkpt lat="49.6259620" lon="18.6528630">
    <ele>448.2</ele>
    <time>2026-05-23T10:40:03Z</time>
   </trkpt>
   <trkpt lat="49.6260070" lon="18.6529230">
    <ele>448.8</ele>
    <time>2026-05-23T10:40:04Z</time>
   </trkpt>
   <trkpt lat="49.6261570" lon="18.6530800">
    <ele>449.0</ele>
    <time>2026-05-23T10:40:07Z</time>
   </trkpt>
   <trkpt lat="49.6264580" lon="18.6533740">
    <ele>447.6</ele>
    <time>2026-05-23T10:40:13Z</time>
   </trkpt>
   <trkpt lat="49.6265130" lon="18.6534130">
    <ele>447.8</ele>
    <time>2026-05-23T10:40:14Z</time>
   </trkpt>
   <trkpt lat="49.6265640" lon="18.6534480">
    <ele>448.4</ele>
    <time>2026-05-23T10:40:15Z</time>
   </trkpt>
   <trkpt lat="49.6266690" lon="18.6535080">
    <ele>448.8</ele>
    <time>2026-05-23T10:40:17Z</time>
   </trkpt>
   <trkpt lat="49.6267340" lon="18.6535600">
    <ele>448.8</ele>
    <time>2026-05-23T10:40:18Z</time>
   </trkpt>
   <trkpt lat="49.6269000" lon="18.6536790">
    <ele>449.0</ele>
    <time>2026-05-23T10:40:21Z</time>
   </trkpt>
   <trkpt lat="49.6269510" lon="18.6537240">
    <ele>449.0</ele>
    <time>2026-05-23T10:40:22Z</time>
   </trkpt>
   <trkpt lat="49.6270040" lon="18.6537690">
    <ele>449.2</ele>
    <time>2026-05-23T10:40:23Z</time>
   </trkpt>
   <trkpt lat="49.6270600" lon="18.6538090">
    <ele>449.0</ele>
    <time>2026-05-23T10:40:24Z</time>
   </trkpt>
   <trkpt lat="49.6271730" lon="18.6538880">
    <ele>447.0</ele>
    <time>2026-05-23T10:40:26Z</time>
   </trkpt>
   <trkpt lat="49.6273370" lon="18.6540140">
    <ele>446.0</ele>
    <time>2026-05-23T10:40:29Z</time>
   </trkpt>
   <trkpt lat="49.6274550" lon="18.6540860">
    <ele>446.6</ele>
    <time>2026-05-23T10:40:31Z</time>
   </trkpt>
   <trkpt lat="49.6278220" lon="18.6543170">
    <ele>444.8</ele>
    <time>2026-05-23T10:40:37Z</time>
   </trkpt>
   <trkpt lat="49.6278830" lon="18.6543580">
    <ele>444.4</ele>
    <time>2026-05-23T10:40:38Z</time>
   </trkpt>
   <trkpt lat="49.6280770" lon="18.6544720">
    <ele>443.6</ele>
    <time>2026-05-23T10:40:41Z</time>
   </trkpt>
   <trkpt lat="49.6281270" lon="18.6545060">
    <ele>443.6</ele>
    <time>2026-05-23T10:40:42Z</time>
   </trkpt>
   <trkpt lat="49.6281870" lon="18.6545510">
    <ele>443.2</ele>
    <time>2026-05-23T10:40:43Z</time>
   </trkpt>
   <trkpt lat="49.6283090" lon="18.6546390">
    <ele>442.6</ele>
    <time>2026-05-23T10:40:45Z</time>
   </trkpt>
   <trkpt lat="49.6283560" lon="18.6546690">
    <ele>442.2</ele>
    <time>2026-05-23T10:40:46Z</time>
   </trkpt>
   <trkpt lat="49.6284170" lon="18.6547060">
    <ele>441.4</ele>
    <time>2026-05-23T10:40:47Z</time>
   </trkpt>
   <trkpt lat="49.6285390" lon="18.6547920">
    <ele>439.6</ele>
    <time>2026-05-23T10:40:49Z</time>
   </trkpt>
   <trkpt lat="49.6286450" lon="18.6548620">
    <ele>438.2</ele>
    <time>2026-05-23T10:40:51Z</time>
   </trkpt>
   <trkpt lat="49.6288210" lon="18.6549920">
    <ele>439.6</ele>
    <time>2026-05-23T10:40:54Z</time>
   </trkpt>
   <trkpt lat="49.6290050" lon="18.6551140">
    <ele>440.0</ele>
    <time>2026-05-23T10:40:57Z</time>
   </trkpt>
   <trkpt lat="49.6292520" lon="18.6552750">
    <ele>437.6</ele>
    <time>2026-05-23T10:41:01Z</time>
   </trkpt>
   <trkpt lat="49.6293890" lon="18.6553490">
    <ele>437.2</ele>
    <time>2026-05-23T10:41:03Z</time>
   </trkpt>
   <trkpt lat="49.6297350" lon="18.6555880">
    <ele>437.6</ele>
    <time>2026-05-23T10:41:09Z</time>
   </trkpt>
   <trkpt lat="49.6297940" lon="18.6556260">
    <ele>437.2</ele>
    <time>2026-05-23T10:41:10Z</time>
   </trkpt>
   <trkpt lat="49.6299120" lon="18.6557050">
    <ele>436.2</ele>
    <time>2026-05-23T10:41:12Z</time>
   </trkpt>
   <trkpt lat="49.6299720" lon="18.6557370">
    <ele>435.2</ele>
    <time>2026-05-23T10:41:13Z</time>
   </trkpt>
   <trkpt lat="49.6300350" lon="18.6557700">
    <ele>432.8</ele>
    <time>2026-05-23T10:41:14Z</time>
   </trkpt>
   <trkpt lat="49.6301580" lon="18.6558540">
    <ele>431.6</ele>
    <time>2026-05-23T10:41:16Z</time>
   </trkpt>
   <trkpt lat="49.6303310" lon="18.6559980">
    <ele>432.0</ele>
    <time>2026-05-23T10:41:19Z</time>
   </trkpt>
   <trkpt lat="49.6303870" lon="18.6560410">
    <ele>432.2</ele>
    <time>2026-05-23T10:41:20Z</time>
   </trkpt>
   <trkpt lat="49.6305010" lon="18.6561310">
    <ele>433.0</ele>
    <time>2026-05-23T10:41:22Z</time>
   </trkpt>
   <trkpt lat="49.6305530" lon="18.6561830">
    <ele>433.4</ele>
    <time>2026-05-23T10:41:23Z</time>
   </trkpt>
   <trkpt lat="49.6307150" lon="18.6563480">
    <ele>432.2</ele>
    <time>2026-05-23T10:41:26Z</time>
   </trkpt>
   <trkpt lat="49.6308830" lon="18.6565360">
    <ele>432.2</ele>
    <time>2026-05-23T10:41:29Z</time>
   </trkpt>
   <trkpt lat="49.6309350" lon="18.6565960">
    <ele>431.6</ele>
    <time>2026-05-23T10:41:30Z</time>
   </trkpt>
   <trkpt lat="49.6309870" lon="18.6566540">
    <ele>431.2</ele>
    <time>2026-05-23T10:41:31Z</time>
   </trkpt>
   <trkpt lat="49.6311590" lon="18.6568040">
    <ele>429.6</ele>
    <time>2026-05-23T10:41:34Z</time>
   </trkpt>
   <trkpt lat="49.6313330" lon="18.6569270">
    <ele>428.6</ele>
    <time>2026-05-23T10:41:37Z</time>
   </trkpt>
   <trkpt lat="49.6315310" lon="18.6570000">
    <ele>428.2</ele>
    <time>2026-05-23T10:41:40Z</time>
   </trkpt>
   <trkpt lat="49.6316650" lon="18.6570340">
    <ele>427.2</ele>
    <time>2026-05-23T10:41:42Z</time>
   </trkpt>
   <trkpt lat="49.6317990" lon="18.6570620">
    <ele>426.2</ele>
    <time>2026-05-23T10:41:44Z</time>
   </trkpt>
   <trkpt lat="49.6320080" lon="18.6571000">
    <ele>425.4</ele>
    <time>2026-05-23T10:41:47Z</time>
   </trkpt>
   <trkpt lat="49.6320760" lon="18.6571140">
    <ele>425.4</ele>
    <time>2026-05-23T10:41:48Z</time>
   </trkpt>
   <trkpt lat="49.6321460" lon="18.6571260">
    <ele>425.0</ele>
    <time>2026-05-23T10:41:49Z</time>
   </trkpt>
   <trkpt lat="49.6324820" lon="18.6571950">
    <ele>424.0</ele>
    <time>2026-05-23T10:41:54Z</time>
   </trkpt>
   <trkpt lat="49.6326840" lon="18.6572410">
    <ele>422.8</ele>
    <time>2026-05-23T10:41:57Z</time>
   </trkpt>
   <trkpt lat="49.6330170" lon="18.6573020">
    <ele>421.6</ele>
    <time>2026-05-23T10:42:02Z</time>
   </trkpt>
   <trkpt lat="49.6332850" lon="18.6573600">
    <ele>421.4</ele>
    <time>2026-05-23T10:42:06Z</time>
   </trkpt>
   <trkpt lat="49.6336210" lon="18.6574150">
    <ele>420.6</ele>
    <time>2026-05-23T10:42:11Z</time>
   </trkpt>
   <trkpt lat="49.6336880" lon="18.6574160">
    <ele>420.6</ele>
    <time>2026-05-23T10:42:12Z</time>
   </trkpt>
   <trkpt lat="49.6337560" lon="18.6574100">
    <ele>420.6</ele>
    <time>2026-05-23T10:42:13Z</time>
   </trkpt>
   <trkpt lat="49.6340750" lon="18.6572920">
    <ele>419.8</ele>
    <time>2026-05-23T10:42:18Z</time>
   </trkpt>
   <trkpt lat="49.6342040" lon="18.6572270">
    <ele>419.4</ele>
    <time>2026-05-23T10:42:20Z</time>
   </trkpt>
   <trkpt lat="49.6343840" lon="18.6571420">
    <ele>418.8</ele>
    <time>2026-05-23T10:42:23Z</time>
   </trkpt>
   <trkpt lat="49.6345730" lon="18.6570470">
    <ele>418.4</ele>
    <time>2026-05-23T10:42:26Z</time>
   </trkpt>
   <trkpt lat="49.6346470" lon="18.6570070">
    <ele>418.4</ele>
    <time>2026-05-23T10:42:27Z</time>
   </trkpt>
   <trkpt lat="49.6347100" lon="18.6569750">
    <ele>417.6</ele>
    <time>2026-05-23T10:42:28Z</time>
   </trkpt>
   <trkpt lat="49.6347730" lon="18.6569440">
    <ele>416.8</ele>
    <time>2026-05-23T10:42:29Z</time>
   </trkpt>
   <trkpt lat="49.6348230" lon="18.6569200">
    <ele>416.4</ele>
    <time>2026-05-23T10:42:30Z</time>
   </trkpt>
   <trkpt lat="49.6348840" lon="18.6568920">
    <ele>415.6</ele>
    <time>2026-05-23T10:42:31Z</time>
   </trkpt>
   <trkpt lat="49.6350640" lon="18.6568040">
    <ele>415.4</ele>
    <time>2026-05-23T10:42:34Z</time>
   </trkpt>
   <trkpt lat="49.6352410" lon="18.6567280">
    <ele>419.2</ele>
    <time>2026-05-23T10:42:37Z</time>
   </trkpt>
   <trkpt lat="49.6354840" lon="18.6566330">
    <ele>419.6</ele>
    <time>2026-05-23T10:42:41Z</time>
   </trkpt>
   <trkpt lat="49.6356130" lon="18.6566050">
    <ele>418.8</ele>
    <time>2026-05-23T10:42:43Z</time>
   </trkpt>
   <trkpt lat="49.6357350" lon="18.6565950">
    <ele>418.0</ele>
    <time>2026-05-23T10:42:45Z</time>
   </trkpt>
   <trkpt lat="49.6359250" lon="18.6565590">
    <ele>417.0</ele>
    <time>2026-05-23T10:42:48Z</time>
   </trkpt>
   <trkpt lat="49.6359920" lon="18.6565510">
    <ele>416.8</ele>
    <time>2026-05-23T10:42:49Z</time>
   </trkpt>
   <trkpt lat="49.6363840" lon="18.6564750">
    <ele>416.4</ele>
    <time>2026-05-23T10:42:55Z</time>
   </trkpt>
   <trkpt lat="49.6366570" lon="18.6564410">
    <ele>415.8</ele>
    <time>2026-05-23T10:42:59Z</time>
   </trkpt>
   <trkpt lat="49.6367220" lon="18.6564310">
    <ele>415.2</ele>
    <time>2026-05-23T10:43:00Z</time>
   </trkpt>
   <trkpt lat="49.6367860" lon="18.6564190">
    <ele>413.8</ele>
    <time>2026-05-23T10:43:01Z</time>
   </trkpt>
   <trkpt lat="49.6368520" lon="18.6564050">
    <ele>412.8</ele>
    <time>2026-05-23T10:43:02Z</time>
   </trkpt>
   <trkpt lat="49.6369180" lon="18.6563930">
    <ele>410.8</ele>
    <time>2026-05-23T10:43:03Z</time>
   </trkpt>
   <trkpt lat="49.6369860" lon="18.6563810">
    <ele>409.4</ele>
    <time>2026-05-23T10:43:04Z</time>
   </trkpt>
   <trkpt lat="49.6370490" lon="18.6563660">
    <ele>408.8</ele>
    <time>2026-05-23T10:43:05Z</time>
   </trkpt>
   <trkpt lat="49.6371810" lon="18.6563420">
    <ele>408.8</ele>
    <time>2026-05-23T10:43:07Z</time>
   </trkpt>
   <trkpt lat="49.6373880" lon="18.6563120">
    <ele>409.2</ele>
    <time>2026-05-23T10:43:10Z</time>
   </trkpt>
   <trkpt lat="49.6377510" lon="18.6563070">
    <ele>407.8</ele>
    <time>2026-05-23T10:43:15Z</time>
   </trkpt>
   <trkpt lat="49.6378920" lon="18.6563150">
    <ele>407.2</ele>
    <time>2026-05-23T10:43:17Z</time>
   </trkpt>
   <trkpt lat="49.6381010" lon="18.6563310">
    <ele>407.4</ele>
    <time>2026-05-23T10:43:20Z</time>
   </trkpt>
   <trkpt lat="49.6382440" lon="18.6563520">
    <ele>409.2</ele>
    <time>2026-05-23T10:43:22Z</time>
   </trkpt>
   <trkpt lat="49.6383120" lon="18.6563620">
    <ele>409.6</ele>
    <time>2026-05-23T10:43:23Z</time>
   </trkpt>
   <trkpt lat="49.6384480" lon="18.6563700">
    <ele>409.8</ele>
    <time>2026-05-23T10:43:25Z</time>
   </trkpt>
   <trkpt lat="49.6387310" lon="18.6563970">
    <ele>408.0</ele>
    <time>2026-05-23T10:43:29Z</time>
   </trkpt>
   <trkpt lat="49.6390010" lon="18.6564120">
    <ele>406.8</ele>
    <time>2026-05-23T10:43:33Z</time>
   </trkpt>
   <trkpt lat="49.6394770" lon="18.6563860">
    <ele>405.8</ele>
    <time>2026-05-23T10:43:40Z</time>
   </trkpt>
   <trkpt lat="49.6396120" lon="18.6563660">
    <ele>405.0</ele>
    <time>2026-05-23T10:43:42Z</time>
   </trkpt>
   <trkpt lat="49.6396690" lon="18.6563540">
    <ele>404.2</ele>
    <time>2026-05-23T10:43:43Z</time>
   </trkpt>
   <trkpt lat="49.6397520" lon="18.6563420">
    <ele>402.4</ele>
    <time>2026-05-23T10:43:44Z</time>
   </trkpt>
   <trkpt lat="49.6399640" lon="18.6563120">
    <ele>401.2</ele>
    <time>2026-05-23T10:43:47Z</time>
   </trkpt>
   <trkpt lat="49.6400340" lon="18.6563020">
    <ele>401.0</ele>
    <time>2026-05-23T10:43:48Z</time>
   </trkpt>
   <trkpt lat="49.6401810" lon="18.6562730">
    <ele>400.2</ele>
    <time>2026-05-23T10:43:50Z</time>
   </trkpt>
   <trkpt lat="49.6403960" lon="18.6562220">
    <ele>399.8</ele>
    <time>2026-05-23T10:43:53Z</time>
   </trkpt>
   <trkpt lat="49.6406800" lon="18.6561670">
    <ele>399.6</ele>
    <time>2026-05-23T10:43:57Z</time>
   </trkpt>
   <trkpt lat="49.6407490" lon="18.6561540">
    <ele>402.8</ele>
    <time>2026-05-23T10:43:58Z</time>
   </trkpt>
   <trkpt lat="49.6408910" lon="18.6561280">
    <ele>403.4</ele>
    <time>2026-05-23T10:44:00Z</time>
   </trkpt>
   <trkpt lat="49.6412400" lon="18.6560730">
    <ele>401.4</ele>
    <time>2026-05-23T10:44:05Z</time>
   </trkpt>
   <trkpt lat="49.6413780" lon="18.6560700">
    <ele>401.0</ele>
    <time>2026-05-23T10:44:07Z</time>
   </trkpt>
   <trkpt lat="49.6415920" lon="18.6560770">
    <ele>396.8</ele>
    <time>2026-05-23T10:44:10Z</time>
   </trkpt>
   <trkpt lat="49.6416590" lon="18.6560740">
    <ele>395.6</ele>
    <time>2026-05-23T10:44:11Z</time>
   </trkpt>
   <trkpt lat="49.6417270" lon="18.6560720">
    <ele>395.4</ele>
    <time>2026-05-23T10:44:12Z</time>
   </trkpt>
   <trkpt lat="49.6419290" lon="18.6560680">
    <ele>394.4</ele>
    <time>2026-05-23T10:44:15Z</time>
   </trkpt>
   <trkpt lat="49.6419970" lon="18.6560630">
    <ele>394.2</ele>
    <time>2026-05-23T10:44:16Z</time>
   </trkpt>
   <trkpt lat="49.6420630" lon="18.6560600">
    <ele>394.0</ele>
    <time>2026-05-23T10:44:17Z</time>
   </trkpt>
   <trkpt lat="49.6421290" lon="18.6560560">
    <ele>393.8</ele>
    <time>2026-05-23T10:44:18Z</time>
   </trkpt>
   <trkpt lat="49.6421950" lon="18.6560510">
    <ele>393.2</ele>
    <time>2026-05-23T10:44:19Z</time>
   </trkpt>
   <trkpt lat="49.6422590" lon="18.6560510">
    <ele>392.8</ele>
    <time>2026-05-23T10:44:20Z</time>
   </trkpt>
   <trkpt lat="49.6423250" lon="18.6560480">
    <ele>392.4</ele>
    <time>2026-05-23T10:44:21Z</time>
   </trkpt>
   <trkpt lat="49.6423880" lon="18.6560430">
    <ele>392.2</ele>
    <time>2026-05-23T10:44:22Z</time>
   </trkpt>
   <trkpt lat="49.6424520" lon="18.6560330">
    <ele>391.8</ele>
    <time>2026-05-23T10:44:23Z</time>
   </trkpt>
   <trkpt lat="49.6425830" lon="18.6560100">
    <ele>391.8</ele>
    <time>2026-05-23T10:44:25Z</time>
   </trkpt>
   <trkpt lat="49.6430460" lon="18.6558900">
    <ele>391.2</ele>
    <time>2026-05-23T10:44:32Z</time>
   </trkpt>
   <trkpt lat="49.6431760" lon="18.6558400">
    <ele>391.2</ele>
    <time>2026-05-23T10:44:34Z</time>
   </trkpt>
   <trkpt lat="49.6436130" lon="18.6555760">
    <ele>392.6</ele>
    <time>2026-05-23T10:44:41Z</time>
   </trkpt>
   <trkpt lat="49.6437740" lon="18.6554130">
    <ele>393.8</ele>
    <time>2026-05-23T10:44:44Z</time>
   </trkpt>
   <trkpt lat="49.6439360" lon="18.6552310">
    <ele>394.4</ele>
    <time>2026-05-23T10:44:47Z</time>
   </trkpt>
   <trkpt lat="49.6439910" lon="18.6551720">
    <ele>394.4</ele>
    <time>2026-05-23T10:44:48Z</time>
   </trkpt>
   <trkpt lat="49.6440450" lon="18.6551090">
    <ele>394.2</ele>
    <time>2026-05-23T10:44:49Z</time>
   </trkpt>
   <trkpt lat="49.6440960" lon="18.6550450">
    <ele>394.0</ele>
    <time>2026-05-23T10:44:50Z</time>
   </trkpt>
   <trkpt lat="49.6442790" lon="18.6547560">
    <ele>392.8</ele>
    <time>2026-05-23T10:44:54Z</time>
   </trkpt>
   <trkpt lat="49.6443570" lon="18.6545930">
    <ele>391.0</ele>
    <time>2026-05-23T10:44:56Z</time>
   </trkpt>
   <trkpt lat="49.6443870" lon="18.6545080">
    <ele>389.4</ele>
    <time>2026-05-23T10:44:57Z</time>
   </trkpt>
   <trkpt lat="49.6443990" lon="18.6544110">
    <ele>389.0</ele>
    <time>2026-05-23T10:44:58Z</time>
   </trkpt>
   <trkpt lat="49.6443940" lon="18.6543110">
    <ele>388.8</ele>
    <time>2026-05-23T10:44:59Z</time>
   </trkpt>
   <trkpt lat="49.6443410" lon="18.6541280">
    <ele>388.8</ele>
    <time>2026-05-23T10:45:01Z</time>
   </trkpt>
   <trkpt lat="49.6443050" lon="18.6540450">
    <ele>388.8</ele>
    <time>2026-05-23T10:45:02Z</time>
   </trkpt>
   <trkpt lat="49.6442660" lon="18.6539590">
    <ele>389.0</ele>
    <time>2026-05-23T10:45:03Z</time>
   </trkpt>
   <trkpt lat="49.6441790" lon="18.6537700">
    <ele>389.2</ele>
    <time>2026-05-23T10:45:05Z</time>
   </trkpt>
   <trkpt lat="49.6441380" lon="18.6536900">
    <ele>389.2</ele>
    <time>2026-05-23T10:45:06Z</time>
   </trkpt>
   <trkpt lat="49.6441060" lon="18.6536230">
    <ele>389.0</ele>
    <time>2026-05-23T10:45:07Z</time>
   </trkpt>
   <trkpt lat="49.6440620" lon="18.6535400">
    <ele>389.0</ele>
    <time>2026-05-23T10:45:08Z</time>
   </trkpt>
   <trkpt lat="49.6440100" lon="18.6534410">
    <ele>389.0</ele>
    <time>2026-05-23T10:45:09Z</time>
   </trkpt>
   <trkpt lat="49.6439750" lon="18.6533600">
    <ele>389.0</ele>
    <time>2026-05-23T10:45:10Z</time>
   </trkpt>
   <trkpt lat="49.6439460" lon="18.6532800">
    <ele>389.0</ele>
    <time>2026-05-23T10:45:11Z</time>
   </trkpt>
   <trkpt lat="49.6439200" lon="18.6531950">
    <ele>389.0</ele>
    <time>2026-05-23T10:45:12Z</time>
   </trkpt>
   <trkpt lat="49.6439060" lon="18.6531230">
    <ele>389.0</ele>
    <time>2026-05-23T10:45:13Z</time>
   </trkpt>
   <trkpt lat="49.6438790" lon="18.6525520">
    <ele>389.4</ele>
    <time>2026-05-23T10:45:19Z</time>
   </trkpt>
   <trkpt lat="49.6438860" lon="18.6524600">
    <ele>389.4</ele>
    <time>2026-05-23T10:45:20Z</time>
   </trkpt>
   <trkpt lat="49.6438910" lon="18.6523910">
    <ele>389.2</ele>
    <time>2026-05-23T10:45:21Z</time>
   </trkpt>
   <trkpt lat="49.6439040" lon="18.6522900">
    <ele>389.0</ele>
    <time>2026-05-23T10:45:22Z</time>
   </trkpt>
   <trkpt lat="49.6439130" lon="18.6522240">
    <ele>389.0</ele>
    <time>2026-05-23T10:45:23Z</time>
   </trkpt>
   <trkpt lat="49.6439250" lon="18.6521240">
    <ele>389.2</ele>
    <time>2026-05-23T10:45:24Z</time>
   </trkpt>
   <trkpt lat="49.6439420" lon="18.6520520">
    <ele>389.4</ele>
    <time>2026-05-23T10:45:25Z</time>
   </trkpt>
   <trkpt lat="49.6439580" lon="18.6519760">
    <ele>389.4</ele>
    <time>2026-05-23T10:45:26Z</time>
   </trkpt>
   <trkpt lat="49.6439670" lon="18.6519000">
    <ele>389.8</ele>
    <time>2026-05-23T10:45:27Z</time>
   </trkpt>
   <trkpt lat="49.6439740" lon="18.6518410">
    <ele>390.0</ele>
    <time>2026-05-23T10:45:28Z</time>
   </trkpt>
   <trkpt lat="49.6439820" lon="18.6517710">
    <ele>390.2</ele>
    <time>2026-05-23T10:45:29Z</time>
   </trkpt>
   <trkpt lat="49.6439930" lon="18.6516890">
    <ele>390.4</ele>
    <time>2026-05-23T10:45:30Z</time>
   </trkpt>
   <trkpt lat="49.6440020" lon="18.6516190">
    <ele>390.4</ele>
    <time>2026-05-23T10:45:31Z</time>
   </trkpt>
   <trkpt lat="49.6440090" lon="18.6515640">
    <ele>390.4</ele>
    <time>2026-05-23T10:45:32Z</time>
   </trkpt>
   <trkpt lat="49.6440160" lon="18.6514800">
    <ele>390.2</ele>
    <time>2026-05-23T10:45:33Z</time>
   </trkpt>
   <trkpt lat="49.6440200" lon="18.6514240">
    <ele>390.2</ele>
    <time>2026-05-23T10:45:34Z</time>
   </trkpt>
   <trkpt lat="49.6440250" lon="18.6513410">
    <ele>390.0</ele>
    <time>2026-05-23T10:45:35Z</time>
   </trkpt>
   <trkpt lat="49.6440280" lon="18.6512730">
    <ele>390.0</ele>
    <time>2026-05-23T10:45:36Z</time>
   </trkpt>
   <trkpt lat="49.6440320" lon="18.6512080">
    <ele>390.0</ele>
    <time>2026-05-23T10:45:37Z</time>
   </trkpt>
   <trkpt lat="49.6440350" lon="18.6511450">
    <ele>389.8</ele>
    <time>2026-05-23T10:45:38Z</time>
   </trkpt>
   <trkpt lat="49.6440280" lon="18.6508880">
    <ele>390.0</ele>
    <time>2026-05-23T10:45:42Z</time>
   </trkpt>
   <trkpt lat="49.6440290" lon="18.6508250">
    <ele>390.2</ele>
    <time>2026-05-23T10:45:43Z</time>
   </trkpt>
   <trkpt lat="49.6440270" lon="18.6507610">
    <ele>390.2</ele>
    <time>2026-05-23T10:45:44Z</time>
   </trkpt>
   <trkpt lat="49.6440220" lon="18.6506970">
    <ele>390.4</ele>
    <time>2026-05-23T10:45:45Z</time>
   </trkpt>
   <trkpt lat="49.6440180" lon="18.6506470">
    <ele>390.4</ele>
    <time>2026-05-23T10:45:46Z</time>
   </trkpt>
   <trkpt lat="49.6440110" lon="18.6505710">
    <ele>390.6</ele>
    <time>2026-05-23T10:45:47Z</time>
   </trkpt>
   <trkpt lat="49.6440050" lon="18.6505070">
    <ele>390.8</ele>
    <time>2026-05-23T10:45:48Z</time>
   </trkpt>
   <trkpt lat="49.6439980" lon="18.6504570">
    <ele>391.2</ele>
    <time>2026-05-23T10:45:49Z</time>
   </trkpt>
   <trkpt lat="49.6439920" lon="18.6504040">
    <ele>391.6</ele>
    <time>2026-05-23T10:45:50Z</time>
   </trkpt>
   <trkpt lat="49.6439860" lon="18.6503410">
    <ele>391.8</ele>
    <time>2026-05-23T10:45:51Z</time>
   </trkpt>
   <trkpt lat="49.6439780" lon="18.6502870">
    <ele>392.0</ele>
    <time>2026-05-23T10:45:52Z</time>
   </trkpt>
   <trkpt lat="49.6439710" lon="18.6502350">
    <ele>392.0</ele>
    <time>2026-05-23T10:45:53Z</time>
   </trkpt>
   <trkpt lat="49.6439640" lon="18.6501830">
    <ele>392.4</ele>
    <time>2026-05-23T10:45:54Z</time>
   </trkpt>
   <trkpt lat="49.6439570" lon="18.6501330">
    <ele>392.4</ele>
    <time>2026-05-23T10:45:55Z</time>
   </trkpt>
   <trkpt lat="49.6439490" lon="18.6500840">
    <ele>393.0</ele>
    <time>2026-05-23T10:45:56Z</time>
   </trkpt>
   <trkpt lat="49.6439390" lon="18.6500350">
    <ele>393.2</ele>
    <time>2026-05-23T10:45:57Z</time>
   </trkpt>
   <trkpt lat="49.6439310" lon="18.6499980">
    <ele>393.6</ele>
    <time>2026-05-23T10:45:58Z</time>
   </trkpt>
   <trkpt lat="49.6439240" lon="18.6499490">
    <ele>393.8</ele>
    <time>2026-05-23T10:45:59Z</time>
   </trkpt>
   <trkpt lat="49.6439190" lon="18.6499060">
    <ele>394.4</ele>
    <time>2026-05-23T10:46:00Z</time>
   </trkpt>
   <trkpt lat="49.6439100" lon="18.6498570">
    <ele>395.0</ele>
    <time>2026-05-23T10:46:01Z</time>
   </trkpt>
   <trkpt lat="49.6439000" lon="18.6498070">
    <ele>395.2</ele>
    <time>2026-05-23T10:46:02Z</time>
   </trkpt>
   <trkpt lat="49.6438870" lon="18.6497550">
    <ele>395.6</ele>
    <time>2026-05-23T10:46:03Z</time>
   </trkpt>
   <trkpt lat="49.6438760" lon="18.6497080">
    <ele>395.6</ele>
    <time>2026-05-23T10:46:04Z</time>
   </trkpt>
   <trkpt lat="49.6438650" lon="18.6496580">
    <ele>395.8</ele>
    <time>2026-05-23T10:46:05Z</time>
   </trkpt>
   <trkpt lat="49.6438570" lon="18.6496120">
    <ele>396.2</ele>
    <time>2026-05-23T10:46:06Z</time>
   </trkpt>
   <trkpt lat="49.6438540" lon="18.6495640">
    <ele>396.4</ele>
    <time>2026-05-23T10:46:07Z</time>
   </trkpt>
   <trkpt lat="49.6438500" lon="18.6495130">
    <ele>396.4</ele>
    <time>2026-05-23T10:46:08Z</time>
   </trkpt>
   <trkpt lat="49.6438430" lon="18.6494640">
    <ele>396.6</ele>
    <time>2026-05-23T10:46:09Z</time>
   </trkpt>
   <trkpt lat="49.6438350" lon="18.6494140">
    <ele>396.6</ele>
    <time>2026-05-23T10:46:10Z</time>
   </trkpt>
   <trkpt lat="49.6438350" lon="18.6493720">
    <ele>396.8</ele>
    <time>2026-05-23T10:46:11Z</time>
   </trkpt>
   <trkpt lat="49.6438290" lon="18.6493240">
    <ele>397.2</ele>
    <time>2026-05-23T10:46:12Z</time>
   </trkpt>
   <trkpt lat="49.6438220" lon="18.6492750">
    <ele>397.4</ele>
    <time>2026-05-23T10:46:13Z</time>
   </trkpt>
   <trkpt lat="49.6438180" lon="18.6492250">
    <ele>397.6</ele>
    <time>2026-05-23T10:46:14Z</time>
   </trkpt>
   <trkpt lat="49.6438150" lon="18.6491750">
    <ele>397.8</ele>
    <time>2026-05-23T10:46:15Z</time>
   </trkpt>
   <trkpt lat="49.6438140" lon="18.6491240">
    <ele>398.2</ele>
    <time>2026-05-23T10:46:16Z</time>
   </trkpt>
   <trkpt lat="49.6438140" lon="18.6490730">
    <ele>398.4</ele>
    <time>2026-05-23T10:46:17Z</time>
   </trkpt>
   <trkpt lat="49.6438160" lon="18.6490250">
    <ele>398.6</ele>
    <time>2026-05-23T10:46:18Z</time>
   </trkpt>
   <trkpt lat="49.6438190" lon="18.6489780">
    <ele>398.8</ele>
    <time>2026-05-23T10:46:19Z</time>
   </trkpt>
   <trkpt lat="49.6438240" lon="18.6489350">
    <ele>399.2</ele>
    <time>2026-05-23T10:46:20Z</time>
   </trkpt>
   <trkpt lat="49.6438290" lon="18.6488910">
    <ele>400.0</ele>
    <time>2026-05-23T10:46:21Z</time>
   </trkpt>
   <trkpt lat="49.6438340" lon="18.6488460">
    <ele>400.0</ele>
    <time>2026-05-23T10:46:22Z</time>
   </trkpt>
   <trkpt lat="49.6438400" lon="18.6488030">
    <ele>400.2</ele>
    <time>2026-05-23T10:46:23Z</time>
   </trkpt>
   <trkpt lat="49.6438450" lon="18.6487590">
    <ele>400.6</ele>
    <time>2026-05-23T10:46:24Z</time>
   </trkpt>
   <trkpt lat="49.6438530" lon="18.6487180">
    <ele>400.8</ele>
    <time>2026-05-23T10:46:25Z</time>
   </trkpt>
   <trkpt lat="49.6438570" lon="18.6486720">
    <ele>401.0</ele>
    <time>2026-05-23T10:46:26Z</time>
   </trkpt>
   <trkpt lat="49.6438580" lon="18.6486270">
    <ele>401.4</ele>
    <time>2026-05-23T10:46:27Z</time>
   </trkpt>
   <trkpt lat="49.6438630" lon="18.6485820">
    <ele>401.8</ele>
    <time>2026-05-23T10:46:28Z</time>
   </trkpt>
   <trkpt lat="49.6438690" lon="18.6485390">
    <ele>402.0</ele>
    <time>2026-05-23T10:46:29Z</time>
   </trkpt>
   <trkpt lat="49.6438750" lon="18.6484940">
    <ele>402.2</ele>
    <time>2026-05-23T10:46:30Z</time>
   </trkpt>
   <trkpt lat="49.6438810" lon="18.6484490">
    <ele>402.6</ele>
    <time>2026-05-23T10:46:31Z</time>
   </trkpt>
   <trkpt lat="49.6438880" lon="18.6484050">
    <ele>402.6</ele>
    <time>2026-05-23T10:46:32Z</time>
   </trkpt>
   <trkpt lat="49.6438920" lon="18.6483590">
    <ele>402.8</ele>
    <time>2026-05-23T10:46:33Z</time>
   </trkpt>
   <trkpt lat="49.6438950" lon="18.6483140">
    <ele>402.8</ele>
    <time>2026-05-23T10:46:34Z</time>
   </trkpt>
   <trkpt lat="49.6439000" lon="18.6482700">
    <ele>403.2</ele>
    <time>2026-05-23T10:46:35Z</time>
   </trkpt>
   <trkpt lat="49.6439040" lon="18.6482230">
    <ele>403.4</ele>
    <time>2026-05-23T10:46:36Z</time>
   </trkpt>
   <trkpt lat="49.6439090" lon="18.6481770">
    <ele>403.4</ele>
    <time>2026-05-23T10:46:37Z</time>
   </trkpt>
   <trkpt lat="49.6439120" lon="18.6481320">
    <ele>403.6</ele>
    <time>2026-05-23T10:46:38Z</time>
   </trkpt>
   <trkpt lat="49.6439130" lon="18.6480840">
    <ele>403.8</ele>
    <time>2026-05-23T10:46:39Z</time>
   </trkpt>
   <trkpt lat="49.6439130" lon="18.6480360">
    <ele>404.4</ele>
    <time>2026-05-23T10:46:40Z</time>
   </trkpt>
   <trkpt lat="49.6439130" lon="18.6479880">
    <ele>404.6</ele>
    <time>2026-05-23T10:46:41Z</time>
   </trkpt>
   <trkpt lat="49.6439150" lon="18.6479410">
    <ele>404.8</ele>
    <time>2026-05-23T10:46:42Z</time>
   </trkpt>
   <trkpt lat="49.6439180" lon="18.6478940">
    <ele>404.8</ele>
    <time>2026-05-23T10:46:43Z</time>
   </trkpt>
   <trkpt lat="49.6439220" lon="18.6478340">
    <ele>405.0</ele>
    <time>2026-05-23T10:46:44Z</time>
   </trkpt>
   <trkpt lat="49.6439270" lon="18.6477790">
    <ele>405.4</ele>
    <time>2026-05-23T10:46:45Z</time>
   </trkpt>
   <trkpt lat="49.6439310" lon="18.6477310">
    <ele>405.6</ele>
    <time>2026-05-23T10:46:46Z</time>
   </trkpt>
   <trkpt lat="49.6439340" lon="18.6476840">
    <ele>405.8</ele>
    <time>2026-05-23T10:46:47Z</time>
   </trkpt>
   <trkpt lat="49.6439400" lon="18.6476380">
    <ele>406.0</ele>
    <time>2026-05-23T10:46:48Z</time>
   </trkpt>
   <trkpt lat="49.6439420" lon="18.6475890">
    <ele>406.2</ele>
    <time>2026-05-23T10:46:49Z</time>
   </trkpt>
   <trkpt lat="49.6439410" lon="18.6475370">
    <ele>406.2</ele>
    <time>2026-05-23T10:46:50Z</time>
   </trkpt>
   <trkpt lat="49.6439410" lon="18.6474820">
    <ele>406.4</ele>
    <time>2026-05-23T10:46:51Z</time>
   </trkpt>
   <trkpt lat="49.6439430" lon="18.6474330">
    <ele>406.4</ele>
    <time>2026-05-23T10:46:52Z</time>
   </trkpt>
   <trkpt lat="49.6439480" lon="18.6473870">
    <ele>406.6</ele>
    <time>2026-05-23T10:46:53Z</time>
   </trkpt>
   <trkpt lat="49.6439530" lon="18.6473380">
    <ele>406.6</ele>
    <time>2026-05-23T10:46:54Z</time>
   </trkpt>
   <trkpt lat="49.6439600" lon="18.6472890">
    <ele>406.6</ele>
    <time>2026-05-23T10:46:55Z</time>
   </trkpt>
   <trkpt lat="49.6439660" lon="18.6472420">
    <ele>406.6</ele>
    <time>2026-05-23T10:46:56Z</time>
   </trkpt>
   <trkpt lat="49.6439740" lon="18.6471970">
    <ele>407.0</ele>
    <time>2026-05-23T10:46:57Z</time>
   </trkpt>
   <trkpt lat="49.6439820" lon="18.6471540">
    <ele>407.6</ele>
    <time>2026-05-23T10:46:58Z</time>
   </trkpt>
   <trkpt lat="49.6439860" lon="18.6471060">
    <ele>408.2</ele>
    <time>2026-05-23T10:46:59Z</time>
   </trkpt>
   <trkpt lat="49.6439890" lon="18.6470570">
    <ele>408.2</ele>
    <time>2026-05-23T10:47:00Z</time>
   </trkpt>
   <trkpt lat="49.6439900" lon="18.6470070">
    <ele>408.2</ele>
    <time>2026-05-23T10:47:01Z</time>
   </trkpt>
   <trkpt lat="49.6439920" lon="18.6469600">
    <ele>408.4</ele>
    <time>2026-05-23T10:47:02Z</time>
   </trkpt>
   <trkpt lat="49.6439930" lon="18.6469110">
    <ele>408.4</ele>
    <time>2026-05-23T10:47:03Z</time>
   </trkpt>
   <trkpt lat="49.6439970" lon="18.6468620">
    <ele>408.6</ele>
    <time>2026-05-23T10:47:04Z</time>
   </trkpt>
   <trkpt lat="49.6440050" lon="18.6468170">
    <ele>408.6</ele>
    <time>2026-05-23T10:47:05Z</time>
   </trkpt>
   <trkpt lat="49.6440100" lon="18.6467680">
    <ele>408.8</ele>
    <time>2026-05-23T10:47:06Z</time>
   </trkpt>
   <trkpt lat="49.6440140" lon="18.6467180">
    <ele>409.0</ele>
    <time>2026-05-23T10:47:07Z</time>
   </trkpt>
   <trkpt lat="49.6440190" lon="18.6466670">
    <ele>409.0</ele>
    <time>2026-05-23T10:47:08Z</time>
   </trkpt>
   <trkpt lat="49.6440250" lon="18.6466180">
    <ele>409.0</ele>
    <time>2026-05-23T10:47:09Z</time>
   </trkpt>
   <trkpt lat="49.6440290" lon="18.6465670">
    <ele>409.0</ele>
    <time>2026-05-23T10:47:10Z</time>
   </trkpt>
   <trkpt lat="49.6440360" lon="18.6465190">
    <ele>409.0</ele>
    <time>2026-05-23T10:47:11Z</time>
   </trkpt>
   <trkpt lat="49.6440390" lon="18.6464670">
    <ele>409.2</ele>
    <time>2026-05-23T10:47:12Z</time>
   </trkpt>
   <trkpt lat="49.6440450" lon="18.6464190">
    <ele>409.4</ele>
    <time>2026-05-23T10:47:13Z</time>
   </trkpt>
   <trkpt lat="49.6440510" lon="18.6463720">
    <ele>409.6</ele>
    <time>2026-05-23T10:47:14Z</time>
   </trkpt>
   <trkpt lat="49.6440540" lon="18.6463220">
    <ele>410.0</ele>
    <time>2026-05-23T10:47:15Z</time>
   </trkpt>
   <trkpt lat="49.6440560" lon="18.6462710">
    <ele>410.4</ele>
    <time>2026-05-23T10:47:16Z</time>
   </trkpt>
   <trkpt lat="49.6440610" lon="18.6462210">
    <ele>410.6</ele>
    <time>2026-05-23T10:47:17Z</time>
   </trkpt>
   <trkpt lat="49.6440710" lon="18.6461720">
    <ele>410.8</ele>
    <time>2026-05-23T10:47:18Z</time>
   </trkpt>
   <trkpt lat="49.6440830" lon="18.6461270">
    <ele>410.8</ele>
    <time>2026-05-23T10:47:19Z</time>
   </trkpt>
   <trkpt lat="49.6440920" lon="18.6460790">
    <ele>411.0</ele>
    <time>2026-05-23T10:47:20Z</time>
   </trkpt>
   <trkpt lat="49.6441000" lon="18.6460300">
    <ele>411.0</ele>
    <time>2026-05-23T10:47:21Z</time>
   </trkpt>
   <trkpt lat="49.6441070" lon="18.6459810">
    <ele>411.2</ele>
    <time>2026-05-23T10:47:22Z</time>
   </trkpt>
   <trkpt lat="49.6441140" lon="18.6459300">
    <ele>411.4</ele>
    <time>2026-05-23T10:47:23Z</time>
   </trkpt>
   <trkpt lat="49.6441230" lon="18.6458830">
    <ele>411.6</ele>
    <time>2026-05-23T10:47:24Z</time>
   </trkpt>
   <trkpt lat="49.6441320" lon="18.6458350">
    <ele>411.6</ele>
    <time>2026-05-23T10:47:25Z</time>
   </trkpt>
   <trkpt lat="49.6441400" lon="18.6457850">
    <ele>411.8</ele>
    <time>2026-05-23T10:47:26Z</time>
   </trkpt>
   <trkpt lat="49.6441490" lon="18.6457350">
    <ele>411.8</ele>
    <time>2026-05-23T10:47:27Z</time>
   </trkpt>
   <trkpt lat="49.6441580" lon="18.6456840">
    <ele>412.0</ele>
    <time>2026-05-23T10:47:28Z</time>
   </trkpt>
   <trkpt lat="49.6441660" lon="18.6456340">
    <ele>412.2</ele>
    <time>2026-05-23T10:47:29Z</time>
   </trkpt>
   <trkpt lat="49.6441720" lon="18.6455840">
    <ele>412.4</ele>
    <time>2026-05-23T10:47:30Z</time>
   </trkpt>
   <trkpt lat="49.6441820" lon="18.6455360">
    <ele>412.6</ele>
    <time>2026-05-23T10:47:31Z</time>
   </trkpt>
   <trkpt lat="49.6441910" lon="18.6454860">
    <ele>412.8</ele>
    <time>2026-05-23T10:47:32Z</time>
   </trkpt>
   <trkpt lat="49.6442000" lon="18.6454370">
    <ele>412.8</ele>
    <time>2026-05-23T10:47:33Z</time>
   </trkpt>
   <trkpt lat="49.6442070" lon="18.6453880">
    <ele>413.0</ele>
    <time>2026-05-23T10:47:34Z</time>
   </trkpt>
   <trkpt lat="49.6442150" lon="18.6453400">
    <ele>413.2</ele>
    <time>2026-05-23T10:47:35Z</time>
   </trkpt>
   <trkpt lat="49.6442240" lon="18.6452900">
    <ele>413.2</ele>
    <time>2026-05-23T10:47:36Z</time>
   </trkpt>
   <trkpt lat="49.6442370" lon="18.6452430">
    <ele>413.4</ele>
    <time>2026-05-23T10:47:37Z</time>
   </trkpt>
   <trkpt lat="49.6442460" lon="18.6451940">
    <ele>413.4</ele>
    <time>2026-05-23T10:47:38Z</time>
   </trkpt>
   <trkpt lat="49.6442560" lon="18.6451420">
    <ele>413.6</ele>
    <time>2026-05-23T10:47:39Z</time>
   </trkpt>
   <trkpt lat="49.6442660" lon="18.6450840">
    <ele>413.8</ele>
    <time>2026-05-23T10:47:40Z</time>
   </trkpt>
   <trkpt lat="49.6442750" lon="18.6450270">
    <ele>414.0</ele>
    <time>2026-05-23T10:47:41Z</time>
   </trkpt>
   <trkpt lat="49.6442850" lon="18.6449680">
    <ele>414.0</ele>
    <time>2026-05-23T10:47:42Z</time>
   </trkpt>
   <trkpt lat="49.6442950" lon="18.6449070">
    <ele>414.2</ele>
    <time>2026-05-23T10:47:43Z</time>
   </trkpt>
   <trkpt lat="49.6443050" lon="18.6448460">
    <ele>414.2</ele>
    <time>2026-05-23T10:47:44Z</time>
   </trkpt>
   <trkpt lat="49.6443150" lon="18.6447830">
    <ele>414.2</ele>
    <time>2026-05-23T10:47:45Z</time>
   </trkpt>
   <trkpt lat="49.6443290" lon="18.6447190">
    <ele>414.2</ele>
    <time>2026-05-23T10:47:46Z</time>
   </trkpt>
   <trkpt lat="49.6443440" lon="18.6446570">
    <ele>414.2</ele>
    <time>2026-05-23T10:47:47Z</time>
   </trkpt>
   <trkpt lat="49.6443560" lon="18.6445960">
    <ele>414.2</ele>
    <time>2026-05-23T10:47:48Z</time>
   </trkpt>
   <trkpt lat="49.6443620" lon="18.6445350">
    <ele>414.0</ele>
    <time>2026-05-23T10:47:49Z</time>
   </trkpt>
   <trkpt lat="49.6443700" lon="18.6444740">
    <ele>414.0</ele>
    <time>2026-05-23T10:47:50Z</time>
   </trkpt>
   <trkpt lat="49.6443800" lon="18.6444120">
    <ele>414.0</ele>
    <time>2026-05-23T10:47:51Z</time>
   </trkpt>
   <trkpt lat="49.6443930" lon="18.6443470">
    <ele>414.0</ele>
    <time>2026-05-23T10:47:52Z</time>
   </trkpt>
   <trkpt lat="49.6444040" lon="18.6442840">
    <ele>414.0</ele>
    <time>2026-05-23T10:47:53Z</time>
   </trkpt>
   <trkpt lat="49.6444150" lon="18.6442210">
    <ele>414.2</ele>
    <time>2026-05-23T10:47:54Z</time>
   </trkpt>
   <trkpt lat="49.6444270" lon="18.6441600">
    <ele>414.4</ele>
    <time>2026-05-23T10:47:55Z</time>
   </trkpt>
   <trkpt lat="49.6444440" lon="18.6440390">
    <ele>415.0</ele>
    <time>2026-05-23T10:47:57Z</time>
   </trkpt>
   <trkpt lat="49.6444610" lon="18.6439020">
    <ele>415.2</ele>
    <time>2026-05-23T10:47:59Z</time>
   </trkpt>
   <trkpt lat="49.6444720" lon="18.6438280">
    <ele>415.2</ele>
    <time>2026-05-23T10:48:00Z</time>
   </trkpt>
   <trkpt lat="49.6445170" lon="18.6434750">
    <ele>415.2</ele>
    <time>2026-05-23T10:48:04Z</time>
   </trkpt>
   <trkpt lat="49.6445810" lon="18.6429460">
    <ele>414.0</ele>
    <time>2026-05-23T10:48:09Z</time>
   </trkpt>
   <trkpt lat="49.6445920" lon="18.6428340">
    <ele>413.4</ele>
    <time>2026-05-23T10:48:10Z</time>
   </trkpt>
   <trkpt lat="49.6446040" lon="18.6427240">
    <ele>413.0</ele>
    <time>2026-05-23T10:48:11Z</time>
   </trkpt>
   <trkpt lat="49.6446110" lon="18.6426150">
    <ele>412.8</ele>
    <time>2026-05-23T10:48:12Z</time>
   </trkpt>
   <trkpt lat="49.6446170" lon="18.6425150">
    <ele>412.4</ele>
    <time>2026-05-23T10:48:13Z</time>
   </trkpt>
   <trkpt lat="49.6446190" lon="18.6424220">
    <ele>411.6</ele>
    <time>2026-05-23T10:48:14Z</time>
   </trkpt>
   <trkpt lat="49.6446190" lon="18.6423340">
    <ele>411.0</ele>
    <time>2026-05-23T10:48:15Z</time>
   </trkpt>
   <trkpt lat="49.6446110" lon="18.6422440">
    <ele>410.8</ele>
    <time>2026-05-23T10:48:16Z</time>
   </trkpt>
   <trkpt lat="49.6445900" lon="18.6421590">
    <ele>410.4</ele>
    <time>2026-05-23T10:48:17Z</time>
   </trkpt>
   <trkpt lat="49.6445580" lon="18.6420920">
    <ele>409.2</ele>
    <time>2026-05-23T10:48:18Z</time>
   </trkpt>
   <trkpt lat="49.6445180" lon="18.6420470">
    <ele>408.0</ele>
    <time>2026-05-23T10:48:19Z</time>
   </trkpt>
   <trkpt lat="49.6444750" lon="18.6420170">
    <ele>408.0</ele>
    <time>2026-05-23T10:48:20Z</time>
   </trkpt>
   <trkpt lat="49.6444330" lon="18.6420030">
    <ele>408.0</ele>
    <time>2026-05-23T10:48:21Z</time>
   </trkpt>
   <trkpt lat="49.6443920" lon="18.6419980">
    <ele>408.2</ele>
    <time>2026-05-23T10:48:22Z</time>
   </trkpt>
   <trkpt lat="49.6443540" lon="18.6420020">
    <ele>408.4</ele>
    <time>2026-05-23T10:48:23Z</time>
   </trkpt>
   <trkpt lat="49.6443200" lon="18.6420100">
    <ele>408.8</ele>
    <time>2026-05-23T10:48:24Z</time>
   </trkpt>
   <trkpt lat="49.6442870" lon="18.6420220">
    <ele>409.4</ele>
    <time>2026-05-23T10:48:25Z</time>
   </trkpt>
   <trkpt lat="49.6442550" lon="18.6420360">
    <ele>409.8</ele>
    <time>2026-05-23T10:48:26Z</time>
   </trkpt>
   <trkpt lat="49.6442270" lon="18.6420470">
    <ele>409.8</ele>
    <time>2026-05-23T10:48:27Z</time>
   </trkpt>
   <trkpt lat="49.6442000" lon="18.6420610">
    <ele>410.2</ele>
    <time>2026-05-23T10:48:28Z</time>
   </trkpt>
   <trkpt lat="49.6441780" lon="18.6420730">
    <ele>410.6</ele>
    <time>2026-05-23T10:48:29Z</time>
   </trkpt>
   <trkpt lat="49.6441590" lon="18.6420870">
    <ele>411.0</ele>
    <time>2026-05-23T10:48:30Z</time>
   </trkpt>
   <trkpt lat="49.6441200" lon="18.6421100">
    <ele>411.6</ele>
    <time>2026-05-23T10:48:32Z</time>
   </trkpt>
   <trkpt lat="49.6440980" lon="18.6421230">
    <ele>412.0</ele>
    <time>2026-05-23T10:48:33Z</time>
   </trkpt>
   <trkpt lat="49.6440520" lon="18.6421470">
    <ele>412.6</ele>
    <time>2026-05-23T10:48:35Z</time>
   </trkpt>
   <trkpt lat="49.6440280" lon="18.6421590">
    <ele>413.0</ele>
    <time>2026-05-23T10:48:36Z</time>
   </trkpt>
   <trkpt lat="49.6440020" lon="18.6421680">
    <ele>413.2</ele>
    <time>2026-05-23T10:48:37Z</time>
   </trkpt>
   <trkpt lat="49.6439760" lon="18.6421800">
    <ele>413.4</ele>
    <time>2026-05-23T10:48:38Z</time>
   </trkpt>
   <trkpt lat="49.6439510" lon="18.6421900">
    <ele>413.6</ele>
    <time>2026-05-23T10:48:39Z</time>
   </trkpt>
   <trkpt lat="49.6439280" lon="18.6421980">
    <ele>414.0</ele>
    <time>2026-05-23T10:48:40Z</time>
   </trkpt>
   <trkpt lat="49.6439060" lon="18.6422060">
    <ele>414.2</ele>
    <time>2026-05-23T10:48:41Z</time>
   </trkpt>
   <trkpt lat="49.6438830" lon="18.6422130">
    <ele>414.6</ele>
    <time>2026-05-23T10:48:42Z</time>
   </trkpt>
   <trkpt lat="49.6438600" lon="18.6422160">
    <ele>414.8</ele>
    <time>2026-05-23T10:48:43Z</time>
   </trkpt>
   <trkpt lat="49.6438370" lon="18.6422200">
    <ele>415.0</ele>
    <time>2026-05-23T10:48:44Z</time>
   </trkpt>
   <trkpt lat="49.6438120" lon="18.6422210">
    <ele>415.4</ele>
    <time>2026-05-23T10:48:45Z</time>
   </trkpt>
   <trkpt lat="49.6437880" lon="18.6422210">
    <ele>415.6</ele>
    <time>2026-05-23T10:48:46Z</time>
   </trkpt>
   <trkpt lat="49.6437640" lon="18.6422180">
    <ele>415.8</ele>
    <time>2026-05-23T10:48:47Z</time>
   </trkpt>
   <trkpt lat="49.6437400" lon="18.6422140">
    <ele>416.0</ele>
    <time>2026-05-23T10:48:48Z</time>
   </trkpt>
   <trkpt lat="49.6437180" lon="18.6422120">
    <ele>416.2</ele>
    <time>2026-05-23T10:48:49Z</time>
   </trkpt>
   <trkpt lat="49.6436930" lon="18.6422110">
    <ele>416.4</ele>
    <time>2026-05-23T10:48:50Z</time>
   </trkpt>
   <trkpt lat="49.6436680" lon="18.6422130">
    <ele>416.6</ele>
    <time>2026-05-23T10:48:51Z</time>
   </trkpt>
   <trkpt lat="49.6436440" lon="18.6422150">
    <ele>416.8</ele>
    <time>2026-05-23T10:48:52Z</time>
   </trkpt>
   <trkpt lat="49.6436170" lon="18.6422160">
    <ele>417.0</ele>
    <time>2026-05-23T10:48:53Z</time>
   </trkpt>
   <trkpt lat="49.6435930" lon="18.6422170">
    <ele>417.2</ele>
    <time>2026-05-23T10:48:54Z</time>
   </trkpt>
   <trkpt lat="49.6435680" lon="18.6422200">
    <ele>417.2</ele>
    <time>2026-05-23T10:48:55Z</time>
   </trkpt>
   <trkpt lat="49.6435440" lon="18.6422210">
    <ele>417.6</ele>
    <time>2026-05-23T10:48:56Z</time>
   </trkpt>
   <trkpt lat="49.6435200" lon="18.6422240">
    <ele>417.8</ele>
    <time>2026-05-23T10:48:57Z</time>
   </trkpt>
   <trkpt lat="49.6434970" lon="18.6422250">
    <ele>418.0</ele>
    <time>2026-05-23T10:48:58Z</time>
   </trkpt>
   <trkpt lat="49.6434730" lon="18.6422250">
    <ele>418.2</ele>
    <time>2026-05-23T10:48:59Z</time>
   </trkpt>
   <trkpt lat="49.6434490" lon="18.6422250">
    <ele>418.4</ele>
    <time>2026-05-23T10:49:00Z</time>
   </trkpt>
   <trkpt lat="49.6434270" lon="18.6422260">
    <ele>418.8</ele>
    <time>2026-05-23T10:49:01Z</time>
   </trkpt>
   <trkpt lat="49.6434030" lon="18.6422270">
    <ele>419.0</ele>
    <time>2026-05-23T10:49:02Z</time>
   </trkpt>
   <trkpt lat="49.6433800" lon="18.6422250">
    <ele>419.2</ele>
    <time>2026-05-23T10:49:03Z</time>
   </trkpt>
   <trkpt lat="49.6433580" lon="18.6422220">
    <ele>419.4</ele>
    <time>2026-05-23T10:49:04Z</time>
   </trkpt>
   <trkpt lat="49.6433350" lon="18.6422220">
    <ele>419.8</ele>
    <time>2026-05-23T10:49:05Z</time>
   </trkpt>
   <trkpt lat="49.6433110" lon="18.6422200">
    <ele>420.0</ele>
    <time>2026-05-23T10:49:06Z</time>
   </trkpt>
   <trkpt lat="49.6432880" lon="18.6422180">
    <ele>420.2</ele>
    <time>2026-05-23T10:49:07Z</time>
   </trkpt>
   <trkpt lat="49.6432650" lon="18.6422180">
    <ele>420.4</ele>
    <time>2026-05-23T10:49:08Z</time>
   </trkpt>
   <trkpt lat="49.6432420" lon="18.6422190">
    <ele>420.8</ele>
    <time>2026-05-23T10:49:09Z</time>
   </trkpt>
   <trkpt lat="49.6432190" lon="18.6422250">
    <ele>421.0</ele>
    <time>2026-05-23T10:49:10Z</time>
   </trkpt>
   <trkpt lat="49.6431970" lon="18.6422270">
    <ele>421.0</ele>
    <time>2026-05-23T10:49:11Z</time>
   </trkpt>
   <trkpt lat="49.6431730" lon="18.6422290">
    <ele>421.4</ele>
    <time>2026-05-23T10:49:12Z</time>
   </trkpt>
   <trkpt lat="49.6431480" lon="18.6422320">
    <ele>421.6</ele>
    <time>2026-05-23T10:49:13Z</time>
   </trkpt>
   <trkpt lat="49.6431250" lon="18.6422350">
    <ele>421.8</ele>
    <time>2026-05-23T10:49:14Z</time>
   </trkpt>
   <trkpt lat="49.6431010" lon="18.6422340">
    <ele>422.0</ele>
    <time>2026-05-23T10:49:15Z</time>
   </trkpt>
   <trkpt lat="49.6430780" lon="18.6422290">
    <ele>422.2</ele>
    <time>2026-05-23T10:49:16Z</time>
   </trkpt>
   <trkpt lat="49.6430550" lon="18.6422270">
    <ele>422.6</ele>
    <time>2026-05-23T10:49:17Z</time>
   </trkpt>
   <trkpt lat="49.6430350" lon="18.6422290">
    <ele>422.8</ele>
    <time>2026-05-23T10:49:18Z</time>
   </trkpt>
   <trkpt lat="49.6430140" lon="18.6422300">
    <ele>423.2</ele>
    <time>2026-05-23T10:49:19Z</time>
   </trkpt>
   <trkpt lat="49.6429910" lon="18.6422320">
    <ele>423.4</ele>
    <time>2026-05-23T10:49:20Z</time>
   </trkpt>
   <trkpt lat="49.6429690" lon="18.6422340">
    <ele>423.6</ele>
    <time>2026-05-23T10:49:21Z</time>
   </trkpt>
   <trkpt lat="49.6429470" lon="18.6422350">
    <ele>423.8</ele>
    <time>2026-05-23T10:49:22Z</time>
   </trkpt>
   <trkpt lat="49.6429260" lon="18.6422370">
    <ele>424.2</ele>
    <time>2026-05-23T10:49:23Z</time>
   </trkpt>
   <trkpt lat="49.6429040" lon="18.6422400">
    <ele>424.6</ele>
    <time>2026-05-23T10:49:24Z</time>
   </trkpt>
   <trkpt lat="49.6428820" lon="18.6422400">
    <ele>424.6</ele>
    <time>2026-05-23T10:49:25Z</time>
   </trkpt>
   <trkpt lat="49.6428590" lon="18.6422400">
    <ele>424.8</ele>
    <time>2026-05-23T10:49:26Z</time>
   </trkpt>
   <trkpt lat="49.6428360" lon="18.6422390">
    <ele>425.2</ele>
    <time>2026-05-23T10:49:27Z</time>
   </trkpt>
   <trkpt lat="49.6428140" lon="18.6422390">
    <ele>425.2</ele>
    <time>2026-05-23T10:49:28Z</time>
   </trkpt>
   <trkpt lat="49.6427950" lon="18.6422400">
    <ele>425.4</ele>
    <time>2026-05-23T10:49:29Z</time>
   </trkpt>
   <trkpt lat="49.6427690" lon="18.6422410">
    <ele>426.0</ele>
    <time>2026-05-23T10:49:30Z</time>
   </trkpt>
   <trkpt lat="49.6427540" lon="18.6422390">
    <ele>426.2</ele>
    <time>2026-05-23T10:49:31Z</time>
   </trkpt>
   <trkpt lat="49.6427320" lon="18.6422390">
    <ele>426.2</ele>
    <time>2026-05-23T10:49:32Z</time>
   </trkpt>
   <trkpt lat="49.6427060" lon="18.6422400">
    <ele>426.6</ele>
    <time>2026-05-23T10:49:33Z</time>
   </trkpt>
   <trkpt lat="49.6426900" lon="18.6422440">
    <ele>426.8</ele>
    <time>2026-05-23T10:49:34Z</time>
   </trkpt>
   <trkpt lat="49.6426660" lon="18.6422490">
    <ele>427.0</ele>
    <time>2026-05-23T10:49:35Z</time>
   </trkpt>
   <trkpt lat="49.6426420" lon="18.6422540">
    <ele>427.4</ele>
    <time>2026-05-23T10:49:36Z</time>
   </trkpt>
   <trkpt lat="49.6426200" lon="18.6422600">
    <ele>427.4</ele>
    <time>2026-05-23T10:49:37Z</time>
   </trkpt>
   <trkpt lat="49.6425970" lon="18.6422640">
    <ele>427.6</ele>
    <time>2026-05-23T10:49:38Z</time>
   </trkpt>
   <trkpt lat="49.6425710" lon="18.6422700">
    <ele>428.0</ele>
    <time>2026-05-23T10:49:39Z</time>
   </trkpt>
   <trkpt lat="49.6425490" lon="18.6422750">
    <ele>428.2</ele>
    <time>2026-05-23T10:49:40Z</time>
   </trkpt>
   <trkpt lat="49.6425280" lon="18.6422770">
    <ele>428.4</ele>
    <time>2026-05-23T10:49:41Z</time>
   </trkpt>
   <trkpt lat="49.6425070" lon="18.6422830">
    <ele>428.8</ele>
    <time>2026-05-23T10:49:42Z</time>
   </trkpt>
   <trkpt lat="49.6424860" lon="18.6422880">
    <ele>429.0</ele>
    <time>2026-05-23T10:49:43Z</time>
   </trkpt>
   <trkpt lat="49.6424630" lon="18.6422930">
    <ele>429.2</ele>
    <time>2026-05-23T10:49:44Z</time>
   </trkpt>
   <trkpt lat="49.6424400" lon="18.6422980">
    <ele>429.6</ele>
    <time>2026-05-23T10:49:45Z</time>
   </trkpt>
   <trkpt lat="49.6424170" lon="18.6422970">
    <ele>429.8</ele>
    <time>2026-05-23T10:49:46Z</time>
   </trkpt>
   <trkpt lat="49.6423950" lon="18.6422980">
    <ele>430.0</ele>
    <time>2026-05-23T10:49:47Z</time>
   </trkpt>
   <trkpt lat="49.6423720" lon="18.6422980">
    <ele>430.4</ele>
    <time>2026-05-23T10:49:48Z</time>
   </trkpt>
   <trkpt lat="49.6423510" lon="18.6422960">
    <ele>430.6</ele>
    <time>2026-05-23T10:49:49Z</time>
   </trkpt>
   <trkpt lat="49.6423270" lon="18.6422890">
    <ele>430.8</ele>
    <time>2026-05-23T10:49:50Z</time>
   </trkpt>
   <trkpt lat="49.6423040" lon="18.6422830">
    <ele>431.0</ele>
    <time>2026-05-23T10:49:51Z</time>
   </trkpt>
   <trkpt lat="49.6422810" lon="18.6422780">
    <ele>431.4</ele>
    <time>2026-05-23T10:49:52Z</time>
   </trkpt>
   <trkpt lat="49.6422600" lon="18.6422680">
    <ele>431.6</ele>
    <time>2026-05-23T10:49:53Z</time>
   </trkpt>
   <trkpt lat="49.6422410" lon="18.6422580">
    <ele>431.8</ele>
    <time>2026-05-23T10:49:54Z</time>
   </trkpt>
   <trkpt lat="49.6422220" lon="18.6422480">
    <ele>431.8</ele>
    <time>2026-05-23T10:49:55Z</time>
   </trkpt>
   <trkpt lat="49.6422020" lon="18.6422360">
    <ele>432.2</ele>
    <time>2026-05-23T10:49:56Z</time>
   </trkpt>
   <trkpt lat="49.6421790" lon="18.6422290">
    <ele>432.2</ele>
    <time>2026-05-23T10:49:57Z</time>
   </trkpt>
   <trkpt lat="49.6421570" lon="18.6422250">
    <ele>432.6</ele>
    <time>2026-05-23T10:49:58Z</time>
   </trkpt>
   <trkpt lat="49.6421330" lon="18.6422140">
    <ele>432.6</ele>
    <time>2026-05-23T10:49:59Z</time>
   </trkpt>
   <trkpt lat="49.6421120" lon="18.6422010">
    <ele>432.8</ele>
    <time>2026-05-23T10:50:00Z</time>
   </trkpt>
   <trkpt lat="49.6420900" lon="18.6421920">
    <ele>433.2</ele>
    <time>2026-05-23T10:50:01Z</time>
   </trkpt>
   <trkpt lat="49.6420670" lon="18.6421790">
    <ele>433.2</ele>
    <time>2026-05-23T10:50:02Z</time>
   </trkpt>
   <trkpt lat="49.6420450" lon="18.6421680">
    <ele>433.4</ele>
    <time>2026-05-23T10:50:03Z</time>
   </trkpt>
   <trkpt lat="49.6420230" lon="18.6421590">
    <ele>433.6</ele>
    <time>2026-05-23T10:50:04Z</time>
   </trkpt>
   <trkpt lat="49.6420020" lon="18.6421480">
    <ele>433.6</ele>
    <time>2026-05-23T10:50:05Z</time>
   </trkpt>
   <trkpt lat="49.6419810" lon="18.6421350">
    <ele>434.0</ele>
    <time>2026-05-23T10:50:06Z</time>
   </trkpt>
   <trkpt lat="49.6419600" lon="18.6421260">
    <ele>434.2</ele>
    <time>2026-05-23T10:50:07Z</time>
   </trkpt>
   <trkpt lat="49.6419400" lon="18.6421150">
    <ele>434.2</ele>
    <time>2026-05-23T10:50:08Z</time>
   </trkpt>
   <trkpt lat="49.6419190" lon="18.6421060">
    <ele>434.6</ele>
    <time>2026-05-23T10:50:09Z</time>
   </trkpt>
   <trkpt lat="49.6418990" lon="18.6420960">
    <ele>434.8</ele>
    <time>2026-05-23T10:50:10Z</time>
   </trkpt>
   <trkpt lat="49.6418810" lon="18.6420830">
    <ele>434.8</ele>
    <time>2026-05-23T10:50:11Z</time>
   </trkpt>
   <trkpt lat="49.6418620" lon="18.6420690">
    <ele>435.0</ele>
    <time>2026-05-23T10:50:12Z</time>
   </trkpt>
   <trkpt lat="49.6418450" lon="18.6420560">
    <ele>435.2</ele>
    <time>2026-05-23T10:50:13Z</time>
   </trkpt>
   <trkpt lat="49.6418260" lon="18.6420420">
    <ele>435.4</ele>
    <time>2026-05-23T10:50:14Z</time>
   </trkpt>
   <trkpt lat="49.6418070" lon="18.6420300">
    <ele>435.4</ele>
    <time>2026-05-23T10:50:15Z</time>
   </trkpt>
   <trkpt lat="49.6417860" lon="18.6420140">
    <ele>435.6</ele>
    <time>2026-05-23T10:50:16Z</time>
   </trkpt>
   <trkpt lat="49.6417670" lon="18.6419950">
    <ele>436.0</ele>
    <time>2026-05-23T10:50:17Z</time>
   </trkpt>
   <trkpt lat="49.6417490" lon="18.6419810">
    <ele>436.2</ele>
    <time>2026-05-23T10:50:18Z</time>
   </trkpt>
   <trkpt lat="49.6417260" lon="18.6419650">
    <ele>436.4</ele>
    <time>2026-05-23T10:50:19Z</time>
   </trkpt>
   <trkpt lat="49.6417070" lon="18.6419470">
    <ele>436.4</ele>
    <time>2026-05-23T10:50:20Z</time>
   </trkpt>
   <trkpt lat="49.6416900" lon="18.6419270">
    <ele>436.6</ele>
    <time>2026-05-23T10:50:21Z</time>
   </trkpt>
   <trkpt lat="49.6416750" lon="18.6419060">
    <ele>436.8</ele>
    <time>2026-05-23T10:50:22Z</time>
   </trkpt>
   <trkpt lat="49.6416590" lon="18.6418870">
    <ele>437.4</ele>
    <time>2026-05-23T10:50:23Z</time>
   </trkpt>
   <trkpt lat="49.6416430" lon="18.6418690">
    <ele>437.4</ele>
    <time>2026-05-23T10:50:24Z</time>
   </trkpt>
   <trkpt lat="49.6416270" lon="18.6418520">
    <ele>437.8</ele>
    <time>2026-05-23T10:50:25Z</time>
   </trkpt>
   <trkpt lat="49.6416150" lon="18.6418330">
    <ele>437.8</ele>
    <time>2026-05-23T10:50:26Z</time>
   </trkpt>
   <trkpt lat="49.6416010" lon="18.6418080">
    <ele>438.0</ele>
    <time>2026-05-23T10:50:27Z</time>
   </trkpt>
   <trkpt lat="49.6415870" lon="18.6417850">
    <ele>438.2</ele>
    <time>2026-05-23T10:50:28Z</time>
   </trkpt>
   <trkpt lat="49.6415720" lon="18.6417610">
    <ele>438.4</ele>
    <time>2026-05-23T10:50:29Z</time>
   </trkpt>
   <trkpt lat="49.6415570" lon="18.6417350">
    <ele>438.6</ele>
    <time>2026-05-23T10:50:30Z</time>
   </trkpt>
   <trkpt lat="49.6415410" lon="18.6417120">
    <ele>438.8</ele>
    <time>2026-05-23T10:50:31Z</time>
   </trkpt>
   <trkpt lat="49.6415250" lon="18.6416880">
    <ele>438.8</ele>
    <time>2026-05-23T10:50:32Z</time>
   </trkpt>
   <trkpt lat="49.6415140" lon="18.6416740">
    <ele>439.2</ele>
    <time>2026-05-23T10:50:33Z</time>
   </trkpt>
   <trkpt lat="49.6414990" lon="18.6416560">
    <ele>439.2</ele>
    <time>2026-05-23T10:50:34Z</time>
   </trkpt>
   <trkpt lat="49.6414810" lon="18.6416450">
    <ele>439.4</ele>
    <time>2026-05-23T10:50:35Z</time>
   </trkpt>
   <trkpt lat="49.6414640" lon="18.6416460">
    <ele>439.6</ele>
    <time>2026-05-23T10:50:36Z</time>
   </trkpt>
   <trkpt lat="49.6414450" lon="18.6416590">
    <ele>439.8</ele>
    <time>2026-05-23T10:50:37Z</time>
   </trkpt>
   <trkpt lat="49.6414260" lon="18.6416800">
    <ele>440.0</ele>
    <time>2026-05-23T10:50:38Z</time>
   </trkpt>
   <trkpt lat="49.6414090" lon="18.6417020">
    <ele>440.0</ele>
    <time>2026-05-23T10:50:39Z</time>
   </trkpt>
   <trkpt lat="49.6413900" lon="18.6417250">
    <ele>440.4</ele>
    <time>2026-05-23T10:50:40Z</time>
   </trkpt>
   <trkpt lat="49.6413680" lon="18.6417420">
    <ele>440.6</ele>
    <time>2026-05-23T10:50:41Z</time>
   </trkpt>
   <trkpt lat="49.6413440" lon="18.6417510">
    <ele>440.8</ele>
    <time>2026-05-23T10:50:42Z</time>
   </trkpt>
   <trkpt lat="49.6413200" lon="18.6417490">
    <ele>440.8</ele>
    <time>2026-05-23T10:50:43Z</time>
   </trkpt>
   <trkpt lat="49.6412990" lon="18.6417370">
    <ele>440.8</ele>
    <time>2026-05-23T10:50:44Z</time>
   </trkpt>
   <trkpt lat="49.6412810" lon="18.6417230">
    <ele>441.0</ele>
    <time>2026-05-23T10:50:45Z</time>
   </trkpt>
   <trkpt lat="49.6412630" lon="18.6417080">
    <ele>441.2</ele>
    <time>2026-05-23T10:50:46Z</time>
   </trkpt>
   <trkpt lat="49.6412460" lon="18.6416950">
    <ele>441.2</ele>
    <time>2026-05-23T10:50:47Z</time>
   </trkpt>
   <trkpt lat="49.6412280" lon="18.6416800">
    <ele>441.4</ele>
    <time>2026-05-23T10:50:48Z</time>
   </trkpt>
   <trkpt lat="49.6412090" lon="18.6416700">
    <ele>441.4</ele>
    <time>2026-05-23T10:50:49Z</time>
   </trkpt>
   <trkpt lat="49.6411900" lon="18.6416580">
    <ele>441.6</ele>
    <time>2026-05-23T10:50:50Z</time>
   </trkpt>
   <trkpt lat="49.6411730" lon="18.6416510">
    <ele>441.6</ele>
    <time>2026-05-23T10:50:51Z</time>
   </trkpt>
   <trkpt lat="49.6411590" lon="18.6416450">
    <ele>441.8</ele>
    <time>2026-05-23T10:50:52Z</time>
   </trkpt>
   <trkpt lat="49.6411540" lon="18.6416440">
    <ele>441.8</ele>
    <time>2026-05-23T10:50:53Z</time>
   </trkpt>
  </trkseg>
 </trk>
</gpx>
